{
  "type": "FeatureCollection",
  "name": "AtlasMaps",
  "crs": {
    "type": "name",
    "properties": {
      "name": "urn:ogc:def:crs:OGC:1.3:CRS84"
    }
  },
  "features": [
    {
      "type": "Feature",
      "geometry": null,
      "properties": {
        "Abbrev": null,
        "Alpha": null,
        "Area": null,
        "CS_ID": null,
        "CYCLE": null,
        "CycleDsolv": null,
        "DESCRIPT": null,
        "FEATUREKEY": null,
        "FEATUREK_1": null,
        "FEATURETYP": null,
        "FID_": null,
        "FID_Cross_": null,
        "FID_FanGeo": null,
        "FID_Fan_De": null,
        "FID_GIS_Re": null,
        "FID_Photo_": null,
        "FID_ftrip_": null,
        "FID_measur": null,
        "FID_patter": null,
        "FOURTH_ORD": null,
        "FOURTH_O_1": null,
        "FanID": null,
        "Fan_Del": null,
        "Fan_Del_sh": null,
        "FeatureT_1": null,
        "Geo_short": null,
        "Geography": null,
        "Gradient": null,
        "Hyperlink": null,
        "ID": 0,
        "Id": null,
        "Id_1": null,
        "LENGTH": null,
        "Location": null,
        "MAPSYMBOL": null,
        "MAP_SYMBOL": " ",
        "MS_ID": null,
        "MidptX": null,
        "MidptY": null,
        "Mod_names": null,
        "NAME": null,
        "NAME_1": null,
        "Name": "Absaroka subsidence rate map",
        "OBJECTID": 1,
        "OBJECTID_1": null,
        "ORDERBY": null,
        "ORIG_FID": null,
        "Offset": null,
        "PATTERNID": null,
        "PERSON": null,
        "PMLABEL": null,
        "PM_NAME": null,
        "PM_NAME_NE": null,
        "Pattern": null,
        "Profile": null,
        "REGION": null,
        "SECTIONARC": null,
        "SECTION_AB": null,
        "SOURCE": null,
        "STRAT_INTE": null,
        "SectionArc": null,
        "Shape_Ar_1": null,
        "Shape_Area": null,
        "Shape_Le_1": null,
        "Shape_Leng": null,
        "Shape_Length": 15949115.2316,
        "Stop": null,
        "Stop_Num": null,
        "Symbology": null
      }
    },
    {
      "type": "Feature",
      "geometry": null,
      "properties": {
        "Abbrev": null,
        "Alpha": null,
        "Area": null,
        "CS_ID": null,
        "CYCLE": null,
        "CycleDsolv": null,
        "DESCRIPT": null,
        "FEATUREKEY": null,
        "FEATUREK_1": null,
        "FEATURETYP": null,
        "FID_": null,
        "FID_Cross_": null,
        "FID_FanGeo": null,
        "FID_Fan_De": null,
        "FID_GIS_Re": null,
        "FID_Photo_": null,
        "FID_ftrip_": null,
        "FID_measur": null,
        "FID_patter": null,
        "FOURTH_ORD": null,
        "FOURTH_O_1": null,
        "FanID": null,
        "Fan_Del": null,
        "Fan_Del_sh": null,
        "FeatureT_1": null,
        "Geo_short": null,
        "Geography": null,
        "Gradient": null,
        "Hyperlink": null,
        "ID": 0,
        "Id": null,
        "Id_1": null,
        "LENGTH": null,
        "Location": null,
        "MAPSYMBOL": null,
        "MAP_SYMBOL": " ",
        "MS_ID": null,
        "MidptX": null,
        "MidptY": null,
        "Mod_names": null,
        "NAME": null,
        "NAME_1": null,
        "Name": "Regional Permian paleogeography",
        "OBJECTID": 2,
        "OBJECTID_1": null,
        "ORDERBY": null,
        "ORIG_FID": null,
        "Offset": null,
        "PATTERNID": null,
        "PERSON": null,
        "PMLABEL": null,
        "PM_NAME": null,
        "PM_NAME_NE": null,
        "Pattern": null,
        "Profile": null,
        "REGION": null,
        "SECTIONARC": null,
        "SECTION_AB": null,
        "SOURCE": null,
        "STRAT_INTE": null,
        "SectionArc": null,
        "Shape_Ar_1": null,
        "Shape_Area": null,
        "Shape_Le_1": null,
        "Shape_Leng": null,
        "Shape_Length": 11414717.41881,
        "Stop": null,
        "Stop_Num": null,
        "Symbology": null
      }
    },
    {
      "type": "Feature",
      "geometry": {
        "type": "LineString",
        "coordinates": [
          [
            -115.20822807088771,
            38.76911441434581
          ],
          [
            -113.99418119379146,
            27.82614144233485
          ],
          [
            -97.69798614007664,
            27.92690214994256
          ],
          [
            -96.70568594433225,
            38.92202197288689
          ],
          [
            -115.20822807088771,
            38.76911441434581
          ]
        ]
      },
      "properties": {
        "Abbrev": null,
        "Alpha": null,
        "Area": null,
        "CS_ID": null,
        "CYCLE": null,
        "CycleDsolv": null,
        "DESCRIPT": null,
        "FEATUREKEY": null,
        "FEATUREK_1": null,
        "FEATURETYP": null,
        "FID_": null,
        "FID_Cross_": null,
        "FID_FanGeo": null,
        "FID_Fan_De": null,
        "FID_GIS_Re": null,
        "FID_Photo_": null,
        "FID_ftrip_": null,
        "FID_measur": null,
        "FID_patter": null,
        "FOURTH_ORD": null,
        "FOURTH_O_1": null,
        "FanID": null,
        "Fan_Del": null,
        "Fan_Del_sh": null,
        "FeatureT_1": null,
        "Geo_short": null,
        "Geography": null,
        "Gradient": null,
        "Hyperlink": null,
        "ID": 0,
        "Id": null,
        "Id_1": null,
        "LENGTH": null,
        "Location": null,
        "MAPSYMBOL": null,
        "MAP_SYMBOL": " ",
        "MS_ID": null,
        "MidptX": null,
        "MidptY": null,
        "Mod_names": null,
        "NAME": null,
        "NAME_1": null,
        "Name": "Permian tectonic setting",
        "OBJECTID": 3,
        "OBJECTID_1": null,
        "ORDERBY": null,
        "ORIG_FID": null,
        "Offset": null,
        "PATTERNID": null,
        "PERSON": null,
        "PMLABEL": null,
        "PM_NAME": null,
        "PM_NAME_NE": null,
        "Pattern": null,
        "Profile": null,
        "REGION": null,
        "SECTIONARC": null,
        "SECTION_AB": null,
        "SOURCE": null,
        "STRAT_INTE": null,
        "SectionArc": null,
        "Shape_Ar_1": null,
        "Shape_Area": null,
        "Shape_Le_1": null,
        "Shape_Leng": null,
        "Shape_Length": 5675323.8506,
        "Stop": null,
        "Stop_Num": null,
        "Symbology": null
      }
    },
    {
      "type": "Feature",
      "geometry": {
        "type": "LineString",
        "coordinates": [
          [
            -108.1472646073731,
            36.63146683153684
          ],
          [
            -107.87473794691836,
            29.005727566866916
          ],
          [
            -100.5140631436949,
            28.97206597853428
          ],
          [
            -100.12889889940072,
            36.58380511680665
          ],
          [
            -108.1472646073731,
            36.63146683153684
          ]
        ]
      },
      "properties": {
        "Abbrev": null,
        "Alpha": null,
        "Area": null,
        "CS_ID": null,
        "CYCLE": null,
        "CycleDsolv": null,
        "DESCRIPT": null,
        "FEATUREKEY": null,
        "FEATUREK_1": null,
        "FEATURETYP": null,
        "FID_": null,
        "FID_Cross_": null,
        "FID_FanGeo": null,
        "FID_Fan_De": null,
        "FID_GIS_Re": null,
        "FID_Photo_": null,
        "FID_ftrip_": null,
        "FID_measur": null,
        "FID_patter": null,
        "FOURTH_ORD": null,
        "FOURTH_O_1": null,
        "FanID": null,
        "Fan_Del": null,
        "Fan_Del_sh": null,
        "FeatureT_1": null,
        "Geo_short": null,
        "Geography": null,
        "Gradient": null,
        "Hyperlink": null,
        "ID": 0,
        "Id": null,
        "Id_1": null,
        "LENGTH": null,
        "Location": null,
        "MAPSYMBOL": null,
        "MAP_SYMBOL": " ",
        "MS_ID": null,
        "MidptX": null,
        "MidptY": null,
        "Mod_names": null,
        "NAME": null,
        "NAME_1": null,
        "Name": "Original topography and Phanerozoic tectonics",
        "OBJECTID": 4,
        "OBJECTID_1": null,
        "ORDERBY": null,
        "ORIG_FID": null,
        "Offset": null,
        "PATTERNID": null,
        "PERSON": null,
        "PMLABEL": null,
        "PM_NAME": null,
        "PM_NAME_NE": null,
        "Pattern": null,
        "Profile": null,
        "REGION": null,
        "SECTIONARC": null,
        "SECTION_AB": null,
        "SOURCE": null,
        "STRAT_INTE": null,
        "SectionArc": null,
        "Shape_Ar_1": null,
        "Shape_Area": null,
        "Shape_Le_1": null,
        "Shape_Leng": null,
        "Shape_Length": 3127802.90117,
        "Stop": null,
        "Stop_Num": null,
        "Symbology": null
      }
    },
    {
      "type": "Feature",
      "geometry": {
        "type": "LineString",
        "coordinates": [
          [
            -108.48547877267751,
            36.203359693950986
          ],
          [
            -108.2409635226675,
            29.770462040097534
          ],
          [
            -103.46264880098975,
            29.801284407410567
          ],
          [
            -103.34648019508751,
            36.24272620511488
          ],
          [
            -108.48547877267751,
            36.203359693950986
          ]
        ]
      },
      "properties": {
        "Abbrev": null,
        "Alpha": null,
        "Area": null,
        "CS_ID": null,
        "CYCLE": null,
        "CycleDsolv": null,
        "DESCRIPT": null,
        "FEATUREKEY": null,
        "FEATUREK_1": null,
        "FEATURETYP": null,
        "FID_": null,
        "FID_Cross_": null,
        "FID_FanGeo": null,
        "FID_Fan_De": null,
        "FID_GIS_Re": null,
        "FID_Photo_": null,
        "FID_ftrip_": null,
        "FID_measur": null,
        "FID_patter": null,
        "FOURTH_ORD": null,
        "FOURTH_O_1": null,
        "FanID": null,
        "Fan_Del": null,
        "Fan_Del_sh": null,
        "FeatureT_1": null,
        "Geo_short": null,
        "Geography": null,
        "Gradient": null,
        "Hyperlink": null,
        "ID": 0,
        "Id": null,
        "Id_1": null,
        "LENGTH": null,
        "Location": null,
        "MAPSYMBOL": null,
        "MAP_SYMBOL": " ",
        "MS_ID": null,
        "MidptX": null,
        "MidptY": null,
        "Mod_names": null,
        "NAME": null,
        "NAME_1": null,
        "Name": "Structural map of Salt Flat Basin",
        "OBJECTID": 5,
        "OBJECTID_1": null,
        "ORDERBY": null,
        "ORIG_FID": null,
        "Offset": null,
        "PATTERNID": null,
        "PERSON": null,
        "PMLABEL": null,
        "PM_NAME": null,
        "PM_NAME_NE": null,
        "Pattern": null,
        "Profile": null,
        "REGION": null,
        "SECTIONARC": null,
        "SECTION_AB": null,
        "SOURCE": null,
        "STRAT_INTE": null,
        "SectionArc": null,
        "Shape_Ar_1": null,
        "Shape_Area": null,
        "Shape_Le_1": null,
        "Shape_Leng": null,
        "Shape_Length": 2352679.7052,
        "Stop": null,
        "Stop_Num": null,
        "Symbology": null
      }
    },
    {
      "type": "Feature",
      "geometry": {
        "type": "LineString",
        "coordinates": [
          [
            -106.16630752343825,
            32.85812750798162
          ],
          [
            -106.12429209165373,
            29.361316318212268
          ],
          [
            -100.50066413535457,
            29.290193699982783
          ],
          [
            -100.33331304761309,
            32.77648926417565
          ],
          [
            -106.16630752343825,
            32.85812750798162
          ]
        ]
      },
      "properties": {
        "Abbrev": null,
        "Alpha": null,
        "Area": null,
        "CS_ID": null,
        "CYCLE": null,
        "CycleDsolv": null,
        "DESCRIPT": null,
        "FEATUREKEY": null,
        "FEATUREK_1": null,
        "FEATURETYP": null,
        "FID_": null,
        "FID_Cross_": null,
        "FID_FanGeo": null,
        "FID_Fan_De": null,
        "FID_GIS_Re": null,
        "FID_Photo_": null,
        "FID_ftrip_": null,
        "FID_measur": null,
        "FID_patter": null,
        "FOURTH_ORD": null,
        "FOURTH_O_1": null,
        "FanID": null,
        "Fan_Del": null,
        "Fan_Del_sh": null,
        "FeatureT_1": null,
        "Geo_short": null,
        "Geography": null,
        "Gradient": null,
        "Hyperlink": null,
        "ID": 0,
        "Id": null,
        "Id_1": null,
        "LENGTH": null,
        "Location": null,
        "MAPSYMBOL": null,
        "MAP_SYMBOL": " ",
        "MS_ID": null,
        "MidptX": null,
        "MidptY": null,
        "Mod_names": null,
        "NAME": null,
        "NAME_1": null,
        "Name": "Paleogeography BCF fan complexes",
        "OBJECTID": 6,
        "OBJECTID_1": null,
        "ORDERBY": null,
        "ORIG_FID": null,
        "Offset": null,
        "PATTERNID": null,
        "PERSON": null,
        "PMLABEL": null,
        "PM_NAME": null,
        "PM_NAME_NE": null,
        "Pattern": null,
        "Profile": null,
        "REGION": null,
        "SECTIONARC": null,
        "SECTION_AB": null,
        "SOURCE": null,
        "STRAT_INTE": null,
        "SectionArc": null,
        "Shape_Ar_1": null,
        "Shape_Area": null,
        "Shape_Le_1": null,
        "Shape_Leng": null,
        "Shape_Length": 1867962.0692,
        "Stop": null,
        "Stop_Num": null,
        "Symbology": null
      }
    },
    {
      "type": "Feature",
      "geometry": {
        "type": "LineString",
        "coordinates": [
          [
            -105.31834440285436,
            32.15785215331813
          ],
          [
            -105.31454441720008,
            31.035881194871205
          ],
          [
            -104.37188612233022,
            31.034734655609867
          ],
          [
            -104.36433121533635,
            32.15665996486744
          ],
          [
            -105.31834440285436,
            32.15785215331813
          ]
        ]
      },
      "properties": {
        "Abbrev": null,
        "Alpha": null,
        "Area": null,
        "CS_ID": null,
        "CYCLE": null,
        "CycleDsolv": null,
        "DESCRIPT": null,
        "FEATUREKEY": null,
        "FEATUREK_1": null,
        "FEATURETYP": null,
        "FID_": null,
        "FID_Cross_": null,
        "FID_FanGeo": null,
        "FID_Fan_De": null,
        "FID_GIS_Re": null,
        "FID_Photo_": null,
        "FID_ftrip_": null,
        "FID_measur": null,
        "FID_patter": null,
        "FOURTH_ORD": null,
        "FOURTH_O_1": null,
        "FanID": null,
        "Fan_Del": null,
        "Fan_Del_sh": null,
        "FeatureT_1": null,
        "Geo_short": null,
        "Geography": null,
        "Gradient": null,
        "Hyperlink": null,
        "ID": 0,
        "Id": null,
        "Id_1": null,
        "LENGTH": null,
        "Location": null,
        "MAPSYMBOL": null,
        "MAP_SYMBOL": " ",
        "MS_ID": null,
        "MidptX": null,
        "MidptY": null,
        "Mod_names": null,
        "NAME": null,
        "NAME_1": null,
        "Name": "Sequential paleogeography of BCF",
        "OBJECTID": 7,
        "OBJECTID_1": null,
        "ORDERBY": null,
        "ORIG_FID": null,
        "Offset": null,
        "PATTERNID": null,
        "PERSON": null,
        "PMLABEL": null,
        "PM_NAME": null,
        "PM_NAME_NE": null,
        "Pattern": null,
        "Profile": null,
        "REGION": null,
        "SECTIONARC": null,
        "SECTION_AB": null,
        "SOURCE": null,
        "STRAT_INTE": null,
        "SectionArc": null,
        "Shape_Ar_1": null,
        "Shape_Area": null,
        "Shape_Le_1": null,
        "Shape_Leng": null,
        "Shape_Length": 428625.857,
        "Stop": null,
        "Stop_Num": null,
        "Symbology": null
      }
    },
    {
      "type": "Feature",
      "geometry": {
        "type": "LineString",
        "coordinates": [
          [
            -105.03624140140472,
            32.46575893397855
          ],
          [
            -105.03580791455691,
            31.408280421984017
          ],
          [
            -103.93085731387227,
            31.403830861326703
          ],
          [
            -103.91857226408096,
            32.461131166354825
          ],
          [
            -105.03624140140472,
            32.46575893397855
          ]
        ]
      },
      "properties": {
        "Abbrev": null,
        "Alpha": null,
        "Area": null,
        "CS_ID": null,
        "CYCLE": null,
        "CycleDsolv": null,
        "DESCRIPT": null,
        "FEATUREKEY": null,
        "FEATUREK_1": null,
        "FEATURETYP": null,
        "FID_": null,
        "FID_Cross_": null,
        "FID_FanGeo": null,
        "FID_Fan_De": null,
        "FID_GIS_Re": null,
        "FID_Photo_": null,
        "FID_ftrip_": null,
        "FID_measur": null,
        "FID_patter": null,
        "FOURTH_ORD": null,
        "FOURTH_O_1": null,
        "FanID": null,
        "Fan_Del": null,
        "Fan_Del_sh": null,
        "FeatureT_1": null,
        "Geo_short": null,
        "Geography": null,
        "Gradient": null,
        "Hyperlink": null,
        "ID": 0,
        "Id": null,
        "Id_1": null,
        "LENGTH": null,
        "Location": null,
        "MAPSYMBOL": null,
        "MAP_SYMBOL": " ",
        "MS_ID": null,
        "MidptX": null,
        "MidptY": null,
        "Mod_names": null,
        "NAME": null,
        "NAME_1": null,
        "Name": "Avalon Field location",
        "OBJECTID": 8,
        "OBJECTID_1": null,
        "ORDERBY": null,
        "ORIG_FID": null,
        "Offset": null,
        "PATTERNID": null,
        "PERSON": null,
        "PMLABEL": null,
        "PM_NAME": null,
        "PM_NAME_NE": null,
        "Pattern": null,
        "Profile": null,
        "REGION": null,
        "SECTIONARC": null,
        "SECTION_AB": null,
        "SOURCE": null,
        "STRAT_INTE": null,
        "SectionArc": null,
        "Shape_Ar_1": null,
        "Shape_Area": null,
        "Shape_Le_1": null,
        "Shape_Leng": null,
        "Shape_Length": 444500.889,
        "Stop": null,
        "Stop_Num": null,
        "Symbology": null
      }
    },
    {
      "type": "Feature",
      "geometry": {
        "type": "LineString",
        "coordinates": [
          [
            -104.94808177070287,
            31.925504462543483
          ],
          [
            -104.94838382033329,
            31.376451036164244
          ],
          [
            -104.58109786807665,
            31.375779104933205
          ],
          [
            -104.57864748134206,
            31.922431589277835
          ],
          [
            -104.94808177070287,
            31.925504462543483
          ]
        ]
      },
      "properties": {
        "Abbrev": null,
        "Alpha": null,
        "Area": null,
        "CS_ID": null,
        "CYCLE": null,
        "CycleDsolv": null,
        "DESCRIPT": null,
        "FEATUREKEY": null,
        "FEATUREK_1": null,
        "FEATURETYP": null,
        "FID_": null,
        "FID_Cross_": null,
        "FID_FanGeo": null,
        "FID_Fan_De": null,
        "FID_GIS_Re": null,
        "FID_Photo_": null,
        "FID_ftrip_": null,
        "FID_measur": null,
        "FID_patter": null,
        "FOURTH_ORD": null,
        "FOURTH_O_1": null,
        "FanID": null,
        "Fan_Del": null,
        "Fan_Del_sh": null,
        "FeatureT_1": null,
        "Geo_short": null,
        "Geography": null,
        "Gradient": null,
        "Hyperlink": null,
        "ID": 0,
        "Id": null,
        "Id_1": null,
        "LENGTH": null,
        "Location": null,
        "MAPSYMBOL": null,
        "MAP_SYMBOL": " ",
        "MS_ID": null,
        "MidptX": null,
        "MidptY": null,
        "Mod_names": null,
        "NAME": null,
        "NAME_1": null,
        "Name": "Landsat image of BCF with locations",
        "OBJECTID": 9,
        "OBJECTID_1": null,
        "ORDERBY": null,
        "ORIG_FID": null,
        "Offset": null,
        "PATTERNID": null,
        "PERSON": null,
        "PMLABEL": null,
        "PM_NAME": null,
        "PM_NAME_NE": null,
        "Pattern": null,
        "Profile": null,
        "REGION": null,
        "SECTIONARC": null,
        "SECTION_AB": null,
        "SOURCE": null,
        "STRAT_INTE": null,
        "SectionArc": null,
        "Shape_Ar_1": null,
        "Shape_Area": null,
        "Shape_Le_1": null,
        "Shape_Leng": null,
        "Shape_Length": 191295.134797,
        "Stop": null,
        "Stop_Num": null,
        "Symbology": null
      }
    },
    {
      "type": "Feature",
      "geometry": {
        "type": "LineString",
        "coordinates": [
          [
            -104.95451840183188,
            31.868622212562805
          ],
          [
            -104.95470029311815,
            31.49144748038978
          ],
          [
            -104.61412841452889,
            31.490876808691507
          ],
          [
            -104.61257119498897,
            31.86804228048829
          ],
          [
            -104.95451840183188,
            31.868622212562805
          ]
        ]
      },
      "properties": {
        "Abbrev": null,
        "Alpha": null,
        "Area": null,
        "CS_ID": null,
        "CYCLE": null,
        "CycleDsolv": null,
        "DESCRIPT": null,
        "FEATUREKEY": null,
        "FEATUREK_1": null,
        "FEATURETYP": null,
        "FID_": null,
        "FID_Cross_": null,
        "FID_FanGeo": null,
        "FID_Fan_De": null,
        "FID_GIS_Re": null,
        "FID_Photo_": null,
        "FID_ftrip_": null,
        "FID_measur": null,
        "FID_patter": null,
        "FOURTH_ORD": null,
        "FOURTH_O_1": null,
        "FanID": null,
        "Fan_Del": null,
        "Fan_Del_sh": null,
        "FeatureT_1": null,
        "Geo_short": null,
        "Geography": null,
        "Gradient": null,
        "Hyperlink": null,
        "ID": 0,
        "Id": null,
        "Id_1": null,
        "LENGTH": null,
        "Location": null,
        "MAPSYMBOL": null,
        "MAP_SYMBOL": " ",
        "MS_ID": null,
        "MidptX": null,
        "MidptY": null,
        "Mod_names": null,
        "NAME": null,
        "NAME_1": null,
        "Name": "Slope centered thickness above 40ft siltstone",
        "OBJECTID": 10,
        "OBJECTID_1": null,
        "ORDERBY": null,
        "ORIG_FID": null,
        "Offset": null,
        "PATTERNID": null,
        "PERSON": null,
        "PMLABEL": null,
        "PM_NAME": null,
        "PM_NAME_NE": null,
        "Pattern": null,
        "Profile": null,
        "REGION": null,
        "SECTIONARC": null,
        "SECTION_AB": null,
        "SOURCE": null,
        "STRAT_INTE": null,
        "SectionArc": null,
        "Shape_Ar_1": null,
        "Shape_Area": null,
        "Shape_Le_1": null,
        "Shape_Leng": null,
        "Shape_Length": 148299.2548,
        "Stop": null,
        "Stop_Num": null,
        "Symbology": null
      }
    },
    {
      "type": "Feature",
      "geometry": {
        "type": "LineString",
        "coordinates": [
          [
            -104.8947460303913,
            31.91614612885737
          ],
          [
            -104.89484141881023,
            31.831403749360547
          ],
          [
            -104.81431667055514,
            31.83131207666469
          ],
          [
            -104.81414728007793,
            31.916054158054035
          ],
          [
            -104.8947460303913,
            31.91614612885737
          ]
        ]
      },
      "properties": {
        "Abbrev": null,
        "Alpha": null,
        "Area": null,
        "CS_ID": null,
        "CYCLE": null,
        "CycleDsolv": null,
        "DESCRIPT": null,
        "FEATUREKEY": null,
        "FEATUREK_1": null,
        "FEATURETYP": null,
        "FID_": null,
        "FID_Cross_": null,
        "FID_FanGeo": null,
        "FID_Fan_De": null,
        "FID_GIS_Re": null,
        "FID_Photo_": null,
        "FID_ftrip_": null,
        "FID_measur": null,
        "FID_patter": null,
        "FOURTH_ORD": null,
        "FOURTH_O_1": null,
        "FanID": null,
        "Fan_Del": null,
        "Fan_Del_sh": null,
        "FeatureT_1": null,
        "Geo_short": null,
        "Geography": null,
        "Gradient": null,
        "Hyperlink": null,
        "ID": 0,
        "Id": null,
        "Id_1": null,
        "LENGTH": null,
        "Location": null,
        "MAPSYMBOL": null,
        "MAP_SYMBOL": " ",
        "MS_ID": null,
        "MidptX": null,
        "MidptY": null,
        "Mod_names": null,
        "NAME": null,
        "NAME_1": null,
        "Name": "Geologic and Paleogeography Bone Shumard",
        "OBJECTID": 11,
        "OBJECTID_1": null,
        "ORDERBY": null,
        "ORIG_FID": null,
        "Offset": null,
        "PATTERNID": null,
        "PERSON": null,
        "PMLABEL": null,
        "PM_NAME": null,
        "PM_NAME_NE": null,
        "Pattern": null,
        "Profile": null,
        "REGION": null,
        "SECTIONARC": null,
        "SECTION_AB": null,
        "SOURCE": null,
        "STRAT_INTE": null,
        "SectionArc": null,
        "Shape_Ar_1": null,
        "Shape_Area": null,
        "Shape_Le_1": null,
        "Shape_Leng": null,
        "Shape_Length": 34025.4848,
        "Stop": null,
        "Stop_Num": null,
        "Symbology": null
      }
    },
    {
      "type": "Feature",
      "geometry": {
        "type": "LineString",
        "coordinates": [
          [
            -104.891779538418,
            31.910116231126946
          ],
          [
            -104.89208064581662,
            31.874620885173005
          ],
          [
            -104.86174982419058,
            31.874429888177563
          ],
          [
            -104.8614370371866,
            31.909925133263915
          ],
          [
            -104.891779538418,
            31.910116231126946
          ]
        ]
      },
      "properties": {
        "Abbrev": null,
        "Alpha": null,
        "Area": null,
        "CS_ID": null,
        "CYCLE": null,
        "CycleDsolv": null,
        "DESCRIPT": null,
        "FEATUREKEY": null,
        "FEATUREK_1": null,
        "FEATURETYP": null,
        "FID_": null,
        "FID_Cross_": null,
        "FID_FanGeo": null,
        "FID_Fan_De": null,
        "FID_GIS_Re": null,
        "FID_Photo_": null,
        "FID_ftrip_": null,
        "FID_measur": null,
        "FID_patter": null,
        "FOURTH_ORD": null,
        "FOURTH_O_1": null,
        "FanID": null,
        "Fan_Del": null,
        "Fan_Del_sh": null,
        "FeatureT_1": null,
        "Geo_short": null,
        "Geography": null,
        "Gradient": null,
        "Hyperlink": null,
        "ID": 0,
        "Id": null,
        "Id_1": null,
        "LENGTH": null,
        "Location": null,
        "MAPSYMBOL": null,
        "MAP_SYMBOL": " ",
        "MS_ID": null,
        "MidptX": null,
        "MidptY": null,
        "Mod_names": null,
        "NAME": null,
        "NAME_1": null,
        "Name": "Shumard Bone Canyon Geologic map",
        "OBJECTID": 12,
        "OBJECTID_1": null,
        "ORDERBY": null,
        "ORIG_FID": null,
        "Offset": null,
        "PATTERNID": null,
        "PERSON": null,
        "PMLABEL": null,
        "PM_NAME": null,
        "PM_NAME_NE": null,
        "Pattern": null,
        "Profile": null,
        "REGION": null,
        "SECTIONARC": null,
        "SECTION_AB": null,
        "SOURCE": null,
        "STRAT_INTE": null,
        "SectionArc": null,
        "Shape_Ar_1": null,
        "Shape_Area": null,
        "Shape_Le_1": null,
        "Shape_Leng": null,
        "Shape_Length": 13606.579345,
        "Stop": null,
        "Stop_Num": null,
        "Symbology": null
      }
    },
    {
      "type": "Feature",
      "geometry": {
        "type": "LineString",
        "coordinates": [
          [
            -104.86746054768882,
            31.867202995742208
          ],
          [
            -104.86748436295332,
            31.85044281262124
          ],
          [
            -104.83880392925232,
            31.85040982767921
          ],
          [
            -104.83877490604236,
            31.86716998960605
          ],
          [
            -104.86746054768882,
            31.867202995742208
          ]
        ]
      },
      "properties": {
        "Abbrev": null,
        "Alpha": null,
        "Area": null,
        "CS_ID": null,
        "CYCLE": null,
        "CycleDsolv": null,
        "DESCRIPT": null,
        "FEATUREKEY": null,
        "FEATUREK_1": null,
        "FEATURETYP": null,
        "FID_": null,
        "FID_Cross_": null,
        "FID_FanGeo": null,
        "FID_Fan_De": null,
        "FID_GIS_Re": null,
        "FID_Photo_": null,
        "FID_ftrip_": null,
        "FID_measur": null,
        "FID_patter": null,
        "FOURTH_ORD": null,
        "FOURTH_O_1": null,
        "FanID": null,
        "Fan_Del": null,
        "Fan_Del_sh": null,
        "FeatureT_1": null,
        "Geo_short": null,
        "Geography": null,
        "Gradient": null,
        "Hyperlink": null,
        "ID": 0,
        "Id": null,
        "Id_1": null,
        "LENGTH": null,
        "Location": null,
        "MAPSYMBOL": null,
        "MAP_SYMBOL": " ",
        "MS_ID": null,
        "MidptX": null,
        "MidptY": null,
        "Mod_names": null,
        "NAME": null,
        "NAME_1": null,
        "Name": "BCF submarine canyon trends",
        "OBJECTID": 13,
        "OBJECTID_1": null,
        "ORDERBY": null,
        "ORIG_FID": null,
        "Offset": null,
        "PATTERNID": null,
        "PERSON": null,
        "PMLABEL": null,
        "PM_NAME": null,
        "PM_NAME_NE": null,
        "Pattern": null,
        "Profile": null,
        "REGION": null,
        "SECTIONARC": null,
        "SECTION_AB": null,
        "SOURCE": null,
        "STRAT_INTE": null,
        "SectionArc": null,
        "Shape_Ar_1": null,
        "Shape_Area": null,
        "Shape_Le_1": null,
        "Shape_Leng": null,
        "Shape_Length": 9142.2544,
        "Stop": null,
        "Stop_Num": null,
        "Symbology": null
      }
    },
    {
      "type": "Feature",
      "geometry": {
        "type": "LineString",
        "coordinates": [
          [
            -104.83140849504149,
            31.826744556154253
          ],
          [
            -104.8317026114285,
            31.663559336090636
          ],
          [
            -104.75783387532863,
            31.66443349895954
          ],
          [
            -104.7582543355643,
            31.825566457793194
          ],
          [
            -104.83206258372013,
            31.82640107893552
          ]
        ]
      },
      "properties": {
        "Abbrev": null,
        "Alpha": null,
        "Area": null,
        "CS_ID": null,
        "CYCLE": null,
        "CycleDsolv": null,
        "DESCRIPT": null,
        "FEATUREKEY": null,
        "FEATUREK_1": null,
        "FEATURETYP": null,
        "FID_": null,
        "FID_Cross_": null,
        "FID_FanGeo": null,
        "FID_Fan_De": null,
        "FID_GIS_Re": null,
        "FID_Photo_": null,
        "FID_ftrip_": null,
        "FID_measur": null,
        "FID_patter": null,
        "FOURTH_ORD": null,
        "FOURTH_O_1": null,
        "FanID": null,
        "Fan_Del": null,
        "Fan_Del_sh": null,
        "FeatureT_1": null,
        "Geo_short": null,
        "Geography": null,
        "Gradient": null,
        "Hyperlink": null,
        "ID": 0,
        "Id": null,
        "Id_1": null,
        "LENGTH": null,
        "Location": null,
        "MAPSYMBOL": null,
        "MAP_SYMBOL": " ",
        "MS_ID": null,
        "MidptX": null,
        "MidptY": null,
        "Mod_names": null,
        "NAME": null,
        "NAME_1": null,
        "Name": "Fault map of Delaware Mountains",
        "OBJECTID": 14,
        "OBJECTID_1": null,
        "ORDERBY": null,
        "ORIG_FID": null,
        "Offset": null,
        "PATTERNID": null,
        "PERSON": null,
        "PMLABEL": null,
        "PM_NAME": null,
        "PM_NAME_NE": null,
        "Pattern": null,
        "Profile": null,
        "REGION": null,
        "SECTIONARC": null,
        "SECTION_AB": null,
        "SOURCE": null,
        "STRAT_INTE": null,
        "SectionArc": null,
        "Shape_Ar_1": null,
        "Shape_Area": null,
        "Shape_Le_1": null,
        "Shape_Leng": null,
        "Shape_Length": 49935.417505,
        "Stop": null,
        "Stop_Num": null,
        "Symbology": null
      }
    },
    {
      "type": "Feature",
      "geometry": {
        "type": "LineString",
        "coordinates": [
          [
            -104.75168486889766,
            31.63373895247297
          ],
          [
            -104.7498520045756,
            31.779120572258364
          ],
          [
            -104.7995914600361,
            31.779685762378545
          ],
          [
            -104.80213613897561,
            31.633595644114838
          ],
          [
            -104.75191502514076,
            31.63350831608289
          ]
        ]
      },
      "properties": {
        "Abbrev": null,
        "Alpha": null,
        "Area": null,
        "CS_ID": null,
        "CYCLE": null,
        "CycleDsolv": null,
        "DESCRIPT": null,
        "FEATUREKEY": null,
        "FEATUREK_1": null,
        "FEATURETYP": null,
        "FID_": null,
        "FID_Cross_": null,
        "FID_FanGeo": null,
        "FID_Fan_De": null,
        "FID_GIS_Re": null,
        "FID_Photo_": null,
        "FID_ftrip_": null,
        "FID_measur": null,
        "FID_patter": null,
        "FOURTH_ORD": null,
        "FOURTH_O_1": null,
        "FanID": null,
        "Fan_Del": null,
        "Fan_Del_sh": null,
        "FeatureT_1": null,
        "Geo_short": null,
        "Geography": null,
        "Gradient": null,
        "Hyperlink": null,
        "ID": 0,
        "Id": null,
        "Id_1": null,
        "LENGTH": null,
        "Location": null,
        "MAPSYMBOL": null,
        "MAP_SYMBOL": " ",
        "MS_ID": null,
        "MidptX": null,
        "MidptY": null,
        "Mod_names": null,
        "NAME": null,
        "NAME_1": null,
        "Name": "Paleogeography and Base map of Popo BV CC",
        "OBJECTID": 15,
        "OBJECTID_1": null,
        "ORDERBY": null,
        "ORIG_FID": null,
        "Offset": null,
        "PATTERNID": null,
        "PERSON": null,
        "PMLABEL": null,
        "PM_NAME": null,
        "PM_NAME_NE": null,
        "Pattern": null,
        "Profile": null,
        "REGION": null,
        "SECTIONARC": null,
        "SECTION_AB": null,
        "SOURCE": null,
        "STRAT_INTE": null,
        "SectionArc": null,
        "Shape_Ar_1": null,
        "Shape_Area": null,
        "Shape_Le_1": null,
        "Shape_Leng": null,
        "Shape_Length": 41780.901183,
        "Stop": null,
        "Stop_Num": null,
        "Symbology": null
      }
    },
    {
      "type": "Feature",
      "geometry": {
        "type": "LineString",
        "coordinates": [
          [
            -104.82597238454018,
            31.815480757750578
          ],
          [
            -104.82602984284549,
            31.784686776156256
          ],
          [
            -104.79678558213716,
            31.784933039581873
          ],
          [
            -104.79727801134563,
            31.81548914570294
          ],
          [
            -104.82597238454018,
            31.815480757750578
          ]
        ]
      },
      "properties": {
        "Abbrev": null,
        "Alpha": null,
        "Area": null,
        "CS_ID": null,
        "CYCLE": null,
        "CycleDsolv": null,
        "DESCRIPT": null,
        "FEATUREKEY": null,
        "FEATUREK_1": null,
        "FEATURETYP": null,
        "FID_": null,
        "FID_Cross_": null,
        "FID_FanGeo": null,
        "FID_Fan_De": null,
        "FID_GIS_Re": null,
        "FID_Photo_": null,
        "FID_ftrip_": null,
        "FID_measur": null,
        "FID_patter": null,
        "FOURTH_ORD": null,
        "FOURTH_O_1": null,
        "FanID": null,
        "Fan_Del": null,
        "Fan_Del_sh": null,
        "FeatureT_1": null,
        "Geo_short": null,
        "Geography": null,
        "Gradient": null,
        "Hyperlink": null,
        "ID": 0,
        "Id": null,
        "Id_1": null,
        "LENGTH": null,
        "Location": null,
        "MAPSYMBOL": null,
        "MAP_SYMBOL": " ",
        "MS_ID": null,
        "MidptX": null,
        "MidptY": null,
        "Mod_names": null,
        "NAME": null,
        "NAME_1": null,
        "Name": "Brushy Mesa base map",
        "OBJECTID": 16,
        "OBJECTID_1": null,
        "ORDERBY": null,
        "ORIG_FID": null,
        "Offset": null,
        "PATTERNID": null,
        "PERSON": null,
        "PMLABEL": null,
        "PM_NAME": null,
        "PM_NAME_NE": null,
        "Pattern": null,
        "Profile": null,
        "REGION": null,
        "SECTIONARC": null,
        "SECTION_AB": null,
        "SOURCE": null,
        "STRAT_INTE": null,
        "SectionArc": null,
        "Shape_Ar_1": null,
        "Shape_Area": null,
        "Shape_Le_1": null,
        "Shape_Leng": null,
        "Shape_Length": 12284.919465,
        "Stop": null,
        "Stop_Num": null,
        "Symbology": null
      }
    },
    {
      "type": "Feature",
      "geometry": {
        "type": "LineString",
        "coordinates": [
          [
            -104.80433576216888,
            31.78075996878163
          ],
          [
            -104.8044436762502,
            31.72924949865703
          ],
          [
            -104.75911940695765,
            31.72917212913141
          ],
          [
            -104.7587366656234,
            31.780894801175897
          ],
          [
            -104.80426999851055,
            31.78070755338413
          ]
        ]
      },
      "properties": {
        "Abbrev": null,
        "Alpha": null,
        "Area": null,
        "CS_ID": null,
        "CYCLE": null,
        "CycleDsolv": null,
        "DESCRIPT": null,
        "FEATUREKEY": null,
        "FEATUREK_1": null,
        "FEATURETYP": null,
        "FID_": null,
        "FID_Cross_": null,
        "FID_FanGeo": null,
        "FID_Fan_De": null,
        "FID_GIS_Re": null,
        "FID_Photo_": null,
        "FID_ftrip_": null,
        "FID_measur": null,
        "FID_patter": null,
        "FOURTH_ORD": null,
        "FOURTH_O_1": null,
        "FanID": null,
        "Fan_Del": null,
        "Fan_Del_sh": null,
        "FeatureT_1": null,
        "Geo_short": null,
        "Geography": null,
        "Gradient": null,
        "Hyperlink": null,
        "ID": 0,
        "Id": null,
        "Id_1": null,
        "LENGTH": null,
        "Location": null,
        "MAPSYMBOL": null,
        "MAP_SYMBOL": " ",
        "MS_ID": null,
        "MidptX": null,
        "MidptY": null,
        "Mod_names": null,
        "NAME": null,
        "NAME_1": null,
        "Name": "Landsat and geologic base map of PCC",
        "OBJECTID": 17,
        "OBJECTID_1": null,
        "ORDERBY": null,
        "ORIG_FID": null,
        "Offset": null,
        "PATTERNID": null,
        "PERSON": null,
        "PMLABEL": null,
        "PM_NAME": null,
        "PM_NAME_NE": null,
        "Pattern": null,
        "Profile": null,
        "REGION": null,
        "SECTIONARC": null,
        "SECTION_AB": null,
        "SOURCE": null,
        "STRAT_INTE": null,
        "SectionArc": null,
        "Shape_Ar_1": null,
        "Shape_Area": null,
        "Shape_Le_1": null,
        "Shape_Leng": null,
        "Shape_Length": 20047.163625,
        "Stop": null,
        "Stop_Num": null,
        "Symbology": null
      }
    },
    {
      "type": "Feature",
      "geometry": {
        "type": "LineString",
        "coordinates": [
          [
            -104.75881876771172,
            31.749179749247276
          ],
          [
            -104.7587366656234,
            31.780894801175897
          ],
          [
            -104.80426937212809,
            31.781005945385846
          ],
          [
            -104.80415272741939,
            31.749257291646597
          ],
          [
            -104.75894040215606,
            31.749597133734365
          ]
        ]
      },
      "properties": {
        "Abbrev": null,
        "Alpha": null,
        "Area": null,
        "CS_ID": null,
        "CYCLE": null,
        "CycleDsolv": null,
        "DESCRIPT": null,
        "FEATUREKEY": null,
        "FEATUREK_1": null,
        "FEATURETYP": null,
        "FID_": null,
        "FID_Cross_": null,
        "FID_FanGeo": null,
        "FID_Fan_De": null,
        "FID_GIS_Re": null,
        "FID_Photo_": null,
        "FID_ftrip_": null,
        "FID_measur": null,
        "FID_patter": null,
        "FOURTH_ORD": null,
        "FOURTH_O_1": null,
        "FanID": null,
        "Fan_Del": null,
        "Fan_Del_sh": null,
        "FeatureT_1": null,
        "Geo_short": null,
        "Geography": null,
        "Gradient": null,
        "Hyperlink": null,
        "ID": 0,
        "Id": null,
        "Id_1": null,
        "LENGTH": null,
        "Location": null,
        "MAPSYMBOL": null,
        "MAP_SYMBOL": " ",
        "MS_ID": null,
        "MidptX": null,
        "MidptY": null,
        "Mod_names": null,
        "NAME": null,
        "NAME_1": null,
        "Name": "PCC study area base map",
        "OBJECTID": 18,
        "OBJECTID_1": null,
        "ORDERBY": null,
        "ORIG_FID": null,
        "Offset": null,
        "PATTERNID": null,
        "PERSON": null,
        "PMLABEL": null,
        "PM_NAME": null,
        "PM_NAME_NE": null,
        "Pattern": null,
        "Profile": null,
        "REGION": null,
        "SECTIONARC": null,
        "SECTION_AB": null,
        "SOURCE": null,
        "STRAT_INTE": null,
        "SectionArc": null,
        "Shape_Ar_1": null,
        "Shape_Area": null,
        "Shape_Le_1": null,
        "Shape_Leng": null,
        "Shape_Length": 15627.653481,
        "Stop": null,
        "Stop_Num": null,
        "Symbology": null
      }
    },
    {
      "type": "Feature",
      "geometry": {
        "type": "LineString",
        "coordinates": [
          [
            -104.80154106347426,
            31.75131695082282
          ],
          [
            -104.78268112536061,
            31.751430092109555
          ],
          [
            -104.7829678174684,
            31.77828598491026
          ],
          [
            -104.80182992059186,
            31.778316648312153
          ],
          [
            -104.80154106347426,
            31.75131695082282
          ]
        ]
      },
      "properties": {
        "Abbrev": null,
        "Alpha": null,
        "Area": null,
        "CS_ID": null,
        "CYCLE": null,
        "CycleDsolv": null,
        "DESCRIPT": null,
        "FEATUREKEY": null,
        "FEATUREK_1": null,
        "FEATURETYP": null,
        "FID_": null,
        "FID_Cross_": null,
        "FID_FanGeo": null,
        "FID_Fan_De": null,
        "FID_GIS_Re": null,
        "FID_Photo_": null,
        "FID_ftrip_": null,
        "FID_measur": null,
        "FID_patter": null,
        "FOURTH_ORD": null,
        "FOURTH_O_1": null,
        "FanID": null,
        "Fan_Del": null,
        "Fan_Del_sh": null,
        "FeatureT_1": null,
        "Geo_short": null,
        "Geography": null,
        "Gradient": null,
        "Hyperlink": null,
        "ID": 0,
        "Id": null,
        "Id_1": null,
        "LENGTH": null,
        "Location": null,
        "MAPSYMBOL": null,
        "MAP_SYMBOL": " ",
        "MS_ID": null,
        "MidptX": null,
        "MidptY": null,
        "Mod_names": null,
        "NAME": null,
        "NAME_1": null,
        "Name": "Popo study area base map",
        "OBJECTID": 19,
        "OBJECTID_1": null,
        "ORDERBY": null,
        "ORIG_FID": null,
        "Offset": null,
        "PATTERNID": null,
        "PERSON": null,
        "PMLABEL": null,
        "PM_NAME": null,
        "PM_NAME_NE": null,
        "Pattern": null,
        "Profile": null,
        "REGION": null,
        "SECTIONARC": null,
        "SECTION_AB": null,
        "SOURCE": null,
        "STRAT_INTE": null,
        "SectionArc": null,
        "Shape_Ar_1": null,
        "Shape_Area": null,
        "Shape_Le_1": null,
        "Shape_Leng": null,
        "Shape_Length": 9541.679101,
        "Stop": null,
        "Stop_Num": null,
        "Symbology": null
      }
    },
    {
      "type": "Feature",
      "geometry": {
        "type": "LineString",
        "coordinates": [
          [
            -104.77493565514173,
            31.749227068143366
          ],
          [
            -104.77504189574462,
            31.733513322637002
          ],
          [
            -104.76351987057203,
            31.733790914071726
          ],
          [
            -104.76348061833463,
            31.749307230302048
          ],
          [
            -104.77500383627253,
            31.749328047717665
          ]
        ]
      },
      "properties": {
        "Abbrev": null,
        "Alpha": null,
        "Area": null,
        "CS_ID": null,
        "CYCLE": null,
        "CycleDsolv": null,
        "DESCRIPT": null,
        "FEATUREKEY": null,
        "FEATUREK_1": null,
        "FEATURETYP": null,
        "FID_": null,
        "FID_Cross_": null,
        "FID_FanGeo": null,
        "FID_Fan_De": null,
        "FID_GIS_Re": null,
        "FID_Photo_": null,
        "FID_ftrip_": null,
        "FID_measur": null,
        "FID_patter": null,
        "FOURTH_ORD": null,
        "FOURTH_O_1": null,
        "FanID": null,
        "Fan_Del": null,
        "Fan_Del_sh": null,
        "FeatureT_1": null,
        "Geo_short": null,
        "Geography": null,
        "Gradient": null,
        "Hyperlink": null,
        "ID": 0,
        "Id": null,
        "Id_1": null,
        "LENGTH": null,
        "Location": null,
        "MAPSYMBOL": null,
        "MAP_SYMBOL": " ",
        "MS_ID": null,
        "MidptX": null,
        "MidptY": null,
        "Mod_names": null,
        "NAME": null,
        "NAME_1": null,
        "Name": "Delaware mountain base map",
        "OBJECTID": 20,
        "OBJECTID_1": null,
        "ORDERBY": null,
        "ORIG_FID": null,
        "Offset": null,
        "PATTERNID": null,
        "PERSON": null,
        "PMLABEL": null,
        "PM_NAME": null,
        "PM_NAME_NE": null,
        "Pattern": null,
        "Profile": null,
        "REGION": null,
        "SECTIONARC": null,
        "SECTION_AB": null,
        "SOURCE": null,
        "STRAT_INTE": null,
        "SectionArc": null,
        "Shape_Ar_1": null,
        "Shape_Area": null,
        "Shape_Le_1": null,
        "Shape_Leng": null,
        "Shape_Length": 5644.814048,
        "Stop": null,
        "Stop_Num": null,
        "Symbology": null
      }
    },
    {
      "type": "Feature",
      "geometry": {
        "type": "LineString",
        "coordinates": [
          [
            -104.77023176111265,
            31.701875071809287
          ],
          [
            -104.7699494394686,
            31.67472064368028
          ],
          [
            -104.73924512549235,
            31.67466180772238
          ],
          [
            -104.7395193776615,
            31.70151785549418
          ],
          [
            -104.77023249335156,
            31.701576678872232
          ]
        ]
      },
      "properties": {
        "Abbrev": null,
        "Alpha": null,
        "Area": null,
        "CS_ID": null,
        "CYCLE": null,
        "CycleDsolv": null,
        "DESCRIPT": null,
        "FEATUREKEY": null,
        "FEATUREK_1": null,
        "FEATURETYP": null,
        "FID_": null,
        "FID_Cross_": null,
        "FID_FanGeo": null,
        "FID_Fan_De": null,
        "FID_GIS_Re": null,
        "FID_Photo_": null,
        "FID_ftrip_": null,
        "FID_measur": null,
        "FID_patter": null,
        "FOURTH_ORD": null,
        "FOURTH_O_1": null,
        "FanID": null,
        "Fan_Del": null,
        "Fan_Del_sh": null,
        "FeatureT_1": null,
        "Geo_short": null,
        "Geography": null,
        "Gradient": null,
        "Hyperlink": null,
        "ID": 0,
        "Id": null,
        "Id_1": null,
        "LENGTH": null,
        "Location": null,
        "MAPSYMBOL": null,
        "MAP_SYMBOL": " ",
        "MS_ID": null,
        "MidptX": null,
        "MidptY": null,
        "Mod_names": null,
        "NAME": null,
        "NAME_1": null,
        "Name": "Rock Art Canyon base map",
        "OBJECTID": 21,
        "OBJECTID_1": null,
        "ORDERBY": null,
        "ORIG_FID": null,
        "Offset": null,
        "PATTERNID": null,
        "PERSON": null,
        "PMLABEL": null,
        "PM_NAME": null,
        "PM_NAME_NE": null,
        "Pattern": null,
        "Profile": null,
        "REGION": null,
        "SECTIONARC": null,
        "SECTION_AB": null,
        "SOURCE": null,
        "STRAT_INTE": null,
        "SectionArc": null,
        "Shape_Ar_1": null,
        "Shape_Area": null,
        "Shape_Le_1": null,
        "Shape_Leng": null,
        "Shape_Length": 11807.420347,
        "Stop": null,
        "Stop_Num": null,
        "Symbology": null
      }
    },
    {
      "type": "Feature",
      "geometry": {
        "type": "LineString",
        "coordinates": [
          [
            -104.77645897490639,
            31.68381311197137
          ],
          [
            -104.77672967711393,
            31.664264083512798
          ],
          [
            -104.74555478407176,
            31.663932263649876
          ],
          [
            -104.74480341912346,
            31.683624842223512
          ],
          [
            -104.77655810988685,
            31.68338580928184
          ]
        ]
      },
      "properties": {
        "Abbrev": null,
        "Alpha": null,
        "Area": null,
        "CS_ID": null,
        "CYCLE": null,
        "CycleDsolv": null,
        "DESCRIPT": null,
        "FEATUREKEY": null,
        "FEATUREK_1": null,
        "FEATURETYP": null,
        "FID_": null,
        "FID_Cross_": null,
        "FID_FanGeo": null,
        "FID_Fan_De": null,
        "FID_GIS_Re": null,
        "FID_Photo_": null,
        "FID_ftrip_": null,
        "FID_measur": null,
        "FID_patter": null,
        "FOURTH_ORD": null,
        "FOURTH_O_1": null,
        "FanID": null,
        "Fan_Del": null,
        "Fan_Del_sh": null,
        "FeatureT_1": null,
        "Geo_short": null,
        "Geography": null,
        "Gradient": null,
        "Hyperlink": null,
        "ID": 0,
        "Id": null,
        "Id_1": null,
        "LENGTH": null,
        "Location": null,
        "MAPSYMBOL": null,
        "MAP_SYMBOL": " ",
        "MS_ID": null,
        "MidptX": null,
        "MidptY": null,
        "Mod_names": null,
        "NAME": null,
        "NAME_1": null,
        "Name": "Area map of Colleen Canyon",
        "OBJECTID": 22,
        "OBJECTID_1": null,
        "ORDERBY": null,
        "ORIG_FID": null,
        "Offset": null,
        "PATTERNID": null,
        "PERSON": null,
        "PMLABEL": null,
        "PM_NAME": null,
        "PM_NAME_NE": null,
        "Pattern": null,
        "Profile": null,
        "REGION": null,
        "SECTIONARC": null,
        "SECTION_AB": null,
        "SOURCE": null,
        "STRAT_INTE": null,
        "SectionArc": null,
        "Shape_Ar_1": null,
        "Shape_Area": null,
        "Shape_Le_1": null,
        "Shape_Leng": null,
        "Shape_Length": 10316.130592,
        "Stop": null,
        "Stop_Num": null,
        "Symbology": null
      }
    },
    {
      "type": "Feature",
      "geometry": {
        "type": "LineString",
        "coordinates": [
          [
            -104.67633137269846,
            31.543586874927346
          ],
          [
            -104.752848663843,
            31.543691981273845
          ],
          [
            -104.75262747562074,
            31.62784014713045
          ],
          [
            -104.67555572026544,
            31.627668183460578
          ],
          [
            -104.67633137269846,
            31.543586874927346
          ]
        ]
      },
      "properties": {
        "Abbrev": null,
        "Alpha": null,
        "Area": null,
        "CS_ID": null,
        "CYCLE": null,
        "CycleDsolv": null,
        "DESCRIPT": null,
        "FEATUREKEY": null,
        "FEATUREK_1": null,
        "FEATURETYP": null,
        "FID_": null,
        "FID_Cross_": null,
        "FID_FanGeo": null,
        "FID_Fan_De": null,
        "FID_GIS_Re": null,
        "FID_Photo_": null,
        "FID_ftrip_": null,
        "FID_measur": null,
        "FID_patter": null,
        "FOURTH_ORD": null,
        "FOURTH_O_1": null,
        "FanID": null,
        "Fan_Del": null,
        "Fan_Del_sh": null,
        "FeatureT_1": null,
        "Geo_short": null,
        "Geography": null,
        "Gradient": null,
        "Hyperlink": null,
        "ID": 0,
        "Id": null,
        "Id_1": null,
        "LENGTH": null,
        "Location": null,
        "MAPSYMBOL": null,
        "MAP_SYMBOL": " ",
        "MS_ID": null,
        "MidptX": null,
        "MidptY": null,
        "Mod_names": null,
        "NAME": null,
        "NAME_1": null,
        "Name": "Codorniz Canyon map",
        "OBJECTID": 23,
        "OBJECTID_1": null,
        "ORDERBY": null,
        "ORIG_FID": null,
        "Offset": null,
        "PATTERNID": null,
        "PERSON": null,
        "PMLABEL": null,
        "PM_NAME": null,
        "PM_NAME_NE": null,
        "Pattern": null,
        "Profile": null,
        "REGION": null,
        "SECTIONARC": null,
        "SECTION_AB": null,
        "SOURCE": null,
        "STRAT_INTE": null,
        "SectionArc": null,
        "Shape_Ar_1": null,
        "Shape_Area": null,
        "Shape_Le_1": null,
        "Shape_Leng": null,
        "Shape_Length": 33218.221981,
        "Stop": null,
        "Stop_Num": null,
        "Symbology": null
      }
    },
    {
      "type": "Feature",
      "geometry": {
        "type": "LineString",
        "coordinates": [
          [
            -104.73527416673035,
            31.474128896905906
          ],
          [
            -104.62455738257724,
            31.473554317444886
          ],
          [
            -104.6241359400803,
            31.579187212776016
          ],
          [
            -104.73497800505517,
            31.579464350966035
          ],
          [
            -104.73492599456925,
            31.474128178476683
          ]
        ]
      },
      "properties": {
        "Abbrev": null,
        "Alpha": null,
        "Area": null,
        "CS_ID": null,
        "CYCLE": null,
        "CycleDsolv": null,
        "DESCRIPT": null,
        "FEATUREKEY": null,
        "FEATUREK_1": null,
        "FEATURETYP": null,
        "FID_": null,
        "FID_Cross_": null,
        "FID_FanGeo": null,
        "FID_Fan_De": null,
        "FID_GIS_Re": null,
        "FID_Photo_": null,
        "FID_ftrip_": null,
        "FID_measur": null,
        "FID_patter": null,
        "FOURTH_ORD": null,
        "FOURTH_O_1": null,
        "FanID": null,
        "Fan_Del": null,
        "Fan_Del_sh": null,
        "FeatureT_1": null,
        "Geo_short": null,
        "Geography": null,
        "Gradient": null,
        "Hyperlink": null,
        "ID": 0,
        "Id": null,
        "Id_1": null,
        "LENGTH": null,
        "Location": null,
        "MAPSYMBOL": null,
        "MAP_SYMBOL": " ",
        "MS_ID": null,
        "MidptX": null,
        "MidptY": null,
        "Mod_names": null,
        "NAME": null,
        "NAME_1": null,
        "Name": "Southern Delaware Mountains geologic map",
        "OBJECTID": 24,
        "OBJECTID_1": null,
        "ORDERBY": null,
        "ORIG_FID": null,
        "Offset": null,
        "PATTERNID": null,
        "PERSON": null,
        "PMLABEL": null,
        "PM_NAME": null,
        "PM_NAME_NE": null,
        "Pattern": null,
        "Profile": null,
        "REGION": null,
        "SECTIONARC": null,
        "SECTION_AB": null,
        "SOURCE": null,
        "STRAT_INTE": null,
        "SectionArc": null,
        "Shape_Ar_1": null,
        "Shape_Area": null,
        "Shape_Le_1": null,
        "Shape_Leng": null,
        "Shape_Length": 44417.114847,
        "Stop": null,
        "Stop_Num": null,
        "Symbology": null
      }
    },
    {
      "type": "Feature",
      "geometry": {
        "type": "LineString",
        "coordinates": [
          [
            -115.20822807088771,
            38.76911441434581
          ],
          [
            -113.99418119379146,
            27.82614144233485
          ],
          [
            -97.69798614007664,
            27.92690214994256
          ],
          [
            -96.70568594433225,
            38.92202197288689
          ],
          [
            -115.20822807088771,
            38.76911441434581
          ]
        ]
      },
      "properties": {
        "Abbrev": null,
        "Alpha": null,
        "Area": null,
        "CS_ID": null,
        "CYCLE": null,
        "CycleDsolv": null,
        "DESCRIPT": null,
        "FEATUREKEY": null,
        "FEATUREK_1": null,
        "FEATURETYP": null,
        "FID_": null,
        "FID_Cross_": null,
        "FID_FanGeo": null,
        "FID_Fan_De": null,
        "FID_GIS_Re": null,
        "FID_Photo_": null,
        "FID_ftrip_": null,
        "FID_measur": null,
        "FID_patter": null,
        "FOURTH_ORD": null,
        "FOURTH_O_1": null,
        "FanID": null,
        "Fan_Del": null,
        "Fan_Del_sh": null,
        "FeatureT_1": null,
        "Geo_short": null,
        "Geography": null,
        "Gradient": null,
        "Hyperlink": null,
        "ID": 0,
        "Id": null,
        "Id_1": null,
        "LENGTH": null,
        "Location": null,
        "MAPSYMBOL": null,
        "MAP_SYMBOL": " ",
        "MS_ID": null,
        "MidptX": null,
        "MidptY": null,
        "Mod_names": null,
        "NAME": null,
        "NAME_1": null,
        "Name": "Permian sediment distribution patterns",
        "OBJECTID": 25,
        "OBJECTID_1": null,
        "ORDERBY": null,
        "ORIG_FID": null,
        "Offset": null,
        "PATTERNID": null,
        "PERSON": null,
        "PMLABEL": null,
        "PM_NAME": null,
        "PM_NAME_NE": null,
        "Pattern": null,
        "Profile": null,
        "REGION": null,
        "SECTIONARC": null,
        "SECTION_AB": null,
        "SOURCE": null,
        "STRAT_INTE": null,
        "SectionArc": null,
        "Shape_Ar_1": null,
        "Shape_Area": null,
        "Shape_Le_1": null,
        "Shape_Leng": null,
        "Shape_Length": 5675323.8506,
        "Stop": null,
        "Stop_Num": null,
        "Symbology": null
      }
    },
    {
      "type": "Feature",
      "geometry": {
        "type": "LineString",
        "coordinates": [
          [
            -108.1472646073731,
            36.63146683153684
          ],
          [
            -107.87473794691836,
            29.005727566866916
          ],
          [
            -100.5140631436949,
            28.97206597853428
          ],
          [
            -100.12889889940072,
            36.58380511680665
          ],
          [
            -108.1472646073731,
            36.63146683153684
          ]
        ]
      },
      "properties": {
        "Abbrev": null,
        "Alpha": null,
        "Area": null,
        "CS_ID": null,
        "CYCLE": null,
        "CycleDsolv": null,
        "DESCRIPT": null,
        "FEATUREKEY": null,
        "FEATUREK_1": null,
        "FEATURETYP": null,
        "FID_": null,
        "FID_Cross_": null,
        "FID_FanGeo": null,
        "FID_Fan_De": null,
        "FID_GIS_Re": null,
        "FID_Photo_": null,
        "FID_ftrip_": null,
        "FID_measur": null,
        "FID_patter": null,
        "FOURTH_ORD": null,
        "FOURTH_O_1": null,
        "FanID": null,
        "Fan_Del": null,
        "Fan_Del_sh": null,
        "FeatureT_1": null,
        "Geo_short": null,
        "Geography": null,
        "Gradient": null,
        "Hyperlink": null,
        "ID": 0,
        "Id": null,
        "Id_1": null,
        "LENGTH": null,
        "Location": null,
        "MAPSYMBOL": null,
        "MAP_SYMBOL": " ",
        "MS_ID": null,
        "MidptX": null,
        "MidptY": null,
        "Mod_names": null,
        "NAME": null,
        "NAME_1": null,
        "Name": "Gravity map of the Delaware Basin",
        "OBJECTID": 26,
        "OBJECTID_1": null,
        "ORDERBY": null,
        "ORIG_FID": null,
        "Offset": null,
        "PATTERNID": null,
        "PERSON": null,
        "PMLABEL": null,
        "PM_NAME": null,
        "PM_NAME_NE": null,
        "Pattern": null,
        "Profile": null,
        "REGION": null,
        "SECTIONARC": null,
        "SECTION_AB": null,
        "SOURCE": null,
        "STRAT_INTE": null,
        "SectionArc": null,
        "Shape_Ar_1": null,
        "Shape_Area": null,
        "Shape_Le_1": null,
        "Shape_Leng": null,
        "Shape_Length": 3127802.90117,
        "Stop": null,
        "Stop_Num": null,
        "Symbology": null
      }
    },
    {
      "type": "Feature",
      "geometry": {
        "type": "LineString",
        "coordinates": [
          [
            -105.31834440285436,
            32.15785215331813
          ],
          [
            -105.31454441720008,
            31.035881194871205
          ],
          [
            -104.37188612233022,
            31.034734655609867
          ],
          [
            -104.36433121533635,
            32.15665996486744
          ],
          [
            -105.31834440285436,
            32.15785215331813
          ]
        ]
      },
      "properties": {
        "Abbrev": null,
        "Alpha": null,
        "Area": null,
        "CS_ID": null,
        "CYCLE": null,
        "CycleDsolv": null,
        "DESCRIPT": null,
        "FEATUREKEY": null,
        "FEATUREK_1": null,
        "FEATURETYP": null,
        "FID_": null,
        "FID_Cross_": null,
        "FID_FanGeo": null,
        "FID_Fan_De": null,
        "FID_GIS_Re": null,
        "FID_Photo_": null,
        "FID_ftrip_": null,
        "FID_measur": null,
        "FID_patter": null,
        "FOURTH_ORD": null,
        "FOURTH_O_1": null,
        "FanID": null,
        "Fan_Del": null,
        "Fan_Del_sh": null,
        "FeatureT_1": null,
        "Geo_short": null,
        "Geography": null,
        "Gradient": null,
        "Hyperlink": null,
        "ID": 0,
        "Id": null,
        "Id_1": null,
        "LENGTH": null,
        "Location": null,
        "MAPSYMBOL": null,
        "MAP_SYMBOL": " ",
        "MS_ID": null,
        "MidptX": null,
        "MidptY": null,
        "Mod_names": null,
        "NAME": null,
        "NAME_1": null,
        "Name": "Fan 4 Paleogeography Brushy Mesa",
        "OBJECTID": 27,
        "OBJECTID_1": null,
        "ORDERBY": null,
        "ORIG_FID": null,
        "Offset": null,
        "PATTERNID": null,
        "PERSON": null,
        "PMLABEL": null,
        "PM_NAME": null,
        "PM_NAME_NE": null,
        "Pattern": null,
        "Profile": null,
        "REGION": null,
        "SECTIONARC": null,
        "SECTION_AB": null,
        "SOURCE": null,
        "STRAT_INTE": null,
        "SectionArc": null,
        "Shape_Ar_1": null,
        "Shape_Area": null,
        "Shape_Le_1": null,
        "Shape_Leng": null,
        "Shape_Length": 428625.857,
        "Stop": null,
        "Stop_Num": null,
        "Symbology": null
      }
    },
    {
      "type": "Feature",
      "geometry": {
        "type": "LineString",
        "coordinates": [
          [
            -105.31834440285436,
            32.15785215331813
          ],
          [
            -105.31454441720008,
            31.035881194871205
          ],
          [
            -104.37188612233022,
            31.034734655609867
          ],
          [
            -104.36433121533635,
            32.15665996486744
          ],
          [
            -105.31834440285436,
            32.15785215331813
          ]
        ]
      },
      "properties": {
        "Abbrev": null,
        "Alpha": null,
        "Area": null,
        "CS_ID": null,
        "CYCLE": null,
        "CycleDsolv": null,
        "DESCRIPT": null,
        "FEATUREKEY": null,
        "FEATUREK_1": null,
        "FEATURETYP": null,
        "FID_": null,
        "FID_Cross_": null,
        "FID_FanGeo": null,
        "FID_Fan_De": null,
        "FID_GIS_Re": null,
        "FID_Photo_": null,
        "FID_ftrip_": null,
        "FID_measur": null,
        "FID_patter": null,
        "FOURTH_ORD": null,
        "FOURTH_O_1": null,
        "FanID": null,
        "Fan_Del": null,
        "Fan_Del_sh": null,
        "FeatureT_1": null,
        "Geo_short": null,
        "Geography": null,
        "Gradient": null,
        "Hyperlink": null,
        "ID": 0,
        "Id": null,
        "Id_1": null,
        "LENGTH": null,
        "Location": null,
        "MAPSYMBOL": null,
        "MAP_SYMBOL": " ",
        "MS_ID": null,
        "MidptX": null,
        "MidptY": null,
        "Mod_names": null,
        "NAME": null,
        "NAME_1": null,
        "Name": "Fan 4 Paleogeography Popo",
        "OBJECTID": 28,
        "OBJECTID_1": null,
        "ORDERBY": null,
        "ORIG_FID": null,
        "Offset": null,
        "PATTERNID": null,
        "PERSON": null,
        "PMLABEL": null,
        "PM_NAME": null,
        "PM_NAME_NE": null,
        "Pattern": null,
        "Profile": null,
        "REGION": null,
        "SECTIONARC": null,
        "SECTION_AB": null,
        "SOURCE": null,
        "STRAT_INTE": null,
        "SectionArc": null,
        "Shape_Ar_1": null,
        "Shape_Area": null,
        "Shape_Le_1": null,
        "Shape_Leng": null,
        "Shape_Length": 428625.857,
        "Stop": null,
        "Stop_Num": null,
        "Symbology": null
      }
    },
    {
      "type": "Feature",
      "geometry": {
        "type": "LineString",
        "coordinates": [
          [
            -105.31834440285436,
            32.15785215331813
          ],
          [
            -105.31454441720008,
            31.035881194871205
          ],
          [
            -104.37188612233022,
            31.034734655609867
          ],
          [
            -104.36433121533635,
            32.15665996486744
          ],
          [
            -105.31834440285436,
            32.15785215331813
          ]
        ]
      },
      "properties": {
        "Abbrev": null,
        "Alpha": null,
        "Area": null,
        "CS_ID": null,
        "CYCLE": null,
        "CycleDsolv": null,
        "DESCRIPT": null,
        "FEATUREKEY": null,
        "FEATUREK_1": null,
        "FEATURETYP": null,
        "FID_": null,
        "FID_Cross_": null,
        "FID_FanGeo": null,
        "FID_Fan_De": null,
        "FID_GIS_Re": null,
        "FID_Photo_": null,
        "FID_ftrip_": null,
        "FID_measur": null,
        "FID_patter": null,
        "FOURTH_ORD": null,
        "FOURTH_O_1": null,
        "FanID": null,
        "Fan_Del": null,
        "Fan_Del_sh": null,
        "FeatureT_1": null,
        "Geo_short": null,
        "Geography": null,
        "Gradient": null,
        "Hyperlink": null,
        "ID": 0,
        "Id": null,
        "Id_1": null,
        "LENGTH": null,
        "Location": null,
        "MAPSYMBOL": null,
        "MAP_SYMBOL": " ",
        "MS_ID": null,
        "MidptX": null,
        "MidptY": null,
        "Mod_names": null,
        "NAME": null,
        "NAME_1": null,
        "Name": "Permian paleogeographic map PCC",
        "OBJECTID": 29,
        "OBJECTID_1": null,
        "ORDERBY": null,
        "ORIG_FID": null,
        "Offset": null,
        "PATTERNID": null,
        "PERSON": null,
        "PMLABEL": null,
        "PM_NAME": null,
        "PM_NAME_NE": null,
        "Pattern": null,
        "Profile": null,
        "REGION": null,
        "SECTIONARC": null,
        "SECTION_AB": null,
        "SOURCE": null,
        "STRAT_INTE": null,
        "SectionArc": null,
        "Shape_Ar_1": null,
        "Shape_Area": null,
        "Shape_Le_1": null,
        "Shape_Leng": null,
        "Shape_Length": 428625.857,
        "Stop": null,
        "Stop_Num": null,
        "Symbology": null
      }
    },
    {
      "type": "Feature",
      "geometry": {
        "type": "LineString",
        "coordinates": [
          [
            -105.31834440285436,
            32.15785215331813
          ],
          [
            -105.31454441720008,
            31.035881194871205
          ],
          [
            -104.37188612233022,
            31.034734655609867
          ],
          [
            -104.36433121533635,
            32.15665996486744
          ],
          [
            -105.31834440285436,
            32.15785215331813
          ]
        ]
      },
      "properties": {
        "Abbrev": null,
        "Alpha": null,
        "Area": null,
        "CS_ID": null,
        "CYCLE": null,
        "CycleDsolv": null,
        "DESCRIPT": null,
        "FEATUREKEY": null,
        "FEATUREK_1": null,
        "FEATURETYP": null,
        "FID_": null,
        "FID_Cross_": null,
        "FID_FanGeo": null,
        "FID_Fan_De": null,
        "FID_GIS_Re": null,
        "FID_Photo_": null,
        "FID_ftrip_": null,
        "FID_measur": null,
        "FID_patter": null,
        "FOURTH_ORD": null,
        "FOURTH_O_1": null,
        "FanID": null,
        "Fan_Del": null,
        "Fan_Del_sh": null,
        "FeatureT_1": null,
        "Geo_short": null,
        "Geography": null,
        "Gradient": null,
        "Hyperlink": null,
        "ID": 0,
        "Id": null,
        "Id_1": null,
        "LENGTH": null,
        "Location": null,
        "MAPSYMBOL": null,
        "MAP_SYMBOL": " ",
        "MS_ID": null,
        "MidptX": null,
        "MidptY": null,
        "Mod_names": null,
        "NAME": null,
        "NAME_1": null,
        "Name": "Permian paleogeographic map DM",
        "OBJECTID": 30,
        "OBJECTID_1": null,
        "ORDERBY": null,
        "ORIG_FID": null,
        "Offset": null,
        "PATTERNID": null,
        "PERSON": null,
        "PMLABEL": null,
        "PM_NAME": null,
        "PM_NAME_NE": null,
        "Pattern": null,
        "Profile": null,
        "REGION": null,
        "SECTIONARC": null,
        "SECTION_AB": null,
        "SOURCE": null,
        "STRAT_INTE": null,
        "SectionArc": null,
        "Shape_Ar_1": null,
        "Shape_Area": null,
        "Shape_Le_1": null,
        "Shape_Leng": null,
        "Shape_Length": 428625.857,
        "Stop": null,
        "Stop_Num": null,
        "Symbology": null
      }
    },
    {
      "type": "Feature",
      "geometry": {
        "type": "LineString",
        "coordinates": [
          [
            -105.31834440285436,
            32.15785215331813
          ],
          [
            -105.31454441720008,
            31.035881194871205
          ],
          [
            -104.37188612233022,
            31.034734655609867
          ],
          [
            -104.36433121533635,
            32.15665996486744
          ],
          [
            -105.31834440285436,
            32.15785215331813
          ]
        ]
      },
      "properties": {
        "Abbrev": null,
        "Alpha": null,
        "Area": null,
        "CS_ID": null,
        "CYCLE": null,
        "CycleDsolv": null,
        "DESCRIPT": null,
        "FEATUREKEY": null,
        "FEATUREK_1": null,
        "FEATURETYP": null,
        "FID_": null,
        "FID_Cross_": null,
        "FID_FanGeo": null,
        "FID_Fan_De": null,
        "FID_GIS_Re": null,
        "FID_Photo_": null,
        "FID_ftrip_": null,
        "FID_measur": null,
        "FID_patter": null,
        "FOURTH_ORD": null,
        "FOURTH_O_1": null,
        "FanID": null,
        "Fan_Del": null,
        "Fan_Del_sh": null,
        "FeatureT_1": null,
        "Geo_short": null,
        "Geography": null,
        "Gradient": null,
        "Hyperlink": null,
        "ID": 0,
        "Id": null,
        "Id_1": null,
        "LENGTH": null,
        "Location": null,
        "MAPSYMBOL": null,
        "MAP_SYMBOL": " ",
        "MS_ID": null,
        "MidptX": null,
        "MidptY": null,
        "Mod_names": null,
        "NAME": null,
        "NAME_1": null,
        "Name": "Permian paleogeographic map Rock Art",
        "OBJECTID": 31,
        "OBJECTID_1": null,
        "ORDERBY": null,
        "ORIG_FID": null,
        "Offset": null,
        "PATTERNID": null,
        "PERSON": null,
        "PMLABEL": null,
        "PM_NAME": null,
        "PM_NAME_NE": null,
        "Pattern": null,
        "Profile": null,
        "REGION": null,
        "SECTIONARC": null,
        "SECTION_AB": null,
        "SOURCE": null,
        "STRAT_INTE": null,
        "SectionArc": null,
        "Shape_Ar_1": null,
        "Shape_Area": null,
        "Shape_Le_1": null,
        "Shape_Leng": null,
        "Shape_Length": 428625.857,
        "Stop": null,
        "Stop_Num": null,
        "Symbology": null
      }
    },
    {
      "type": "Feature",
      "geometry": {
        "type": "LineString",
        "coordinates": [
          [
            -105.31834440285436,
            32.15785215331813
          ],
          [
            -105.31454441720008,
            31.035881194871205
          ],
          [
            -104.37188612233022,
            31.034734655609867
          ],
          [
            -104.36433121533635,
            32.15665996486744
          ],
          [
            -105.31834440285436,
            32.15785215331813
          ]
        ]
      },
      "properties": {
        "Abbrev": null,
        "Alpha": null,
        "Area": null,
        "CS_ID": null,
        "CYCLE": null,
        "CycleDsolv": null,
        "DESCRIPT": null,
        "FEATUREKEY": null,
        "FEATUREK_1": null,
        "FEATURETYP": null,
        "FID_": null,
        "FID_Cross_": null,
        "FID_FanGeo": null,
        "FID_Fan_De": null,
        "FID_GIS_Re": null,
        "FID_Photo_": null,
        "FID_ftrip_": null,
        "FID_measur": null,
        "FID_patter": null,
        "FOURTH_ORD": null,
        "FOURTH_O_1": null,
        "FanID": null,
        "Fan_Del": null,
        "Fan_Del_sh": null,
        "FeatureT_1": null,
        "Geo_short": null,
        "Geography": null,
        "Gradient": null,
        "Hyperlink": null,
        "ID": 0,
        "Id": null,
        "Id_1": null,
        "LENGTH": null,
        "Location": null,
        "MAPSYMBOL": null,
        "MAP_SYMBOL": " ",
        "MS_ID": null,
        "MidptX": null,
        "MidptY": null,
        "Mod_names": null,
        "NAME": null,
        "NAME_1": null,
        "Name": "Permian paleogeographic map Fan 1 to 3",
        "OBJECTID": 32,
        "OBJECTID_1": null,
        "ORDERBY": null,
        "ORIG_FID": null,
        "Offset": null,
        "PATTERNID": null,
        "PERSON": null,
        "PMLABEL": null,
        "PM_NAME": null,
        "PM_NAME_NE": null,
        "Pattern": null,
        "Profile": null,
        "REGION": null,
        "SECTIONARC": null,
        "SECTION_AB": null,
        "SOURCE": null,
        "STRAT_INTE": null,
        "SectionArc": null,
        "Shape_Ar_1": null,
        "Shape_Area": null,
        "Shape_Le_1": null,
        "Shape_Leng": null,
        "Shape_Length": 428625.857,
        "Stop": null,
        "Stop_Num": null,
        "Symbology": null
      }
    },
    {
      "type": "Feature",
      "geometry": {
        "type": "LineString",
        "coordinates": [
          [
            -105.31834440285436,
            32.15785215331813
          ],
          [
            -105.31454441720008,
            31.035881194871205
          ],
          [
            -104.37188612233022,
            31.034734655609867
          ],
          [
            -104.36433121533635,
            32.15665996486744
          ],
          [
            -105.31834440285436,
            32.15785215331813
          ]
        ]
      },
      "properties": {
        "Abbrev": null,
        "Alpha": null,
        "Area": null,
        "CS_ID": null,
        "CYCLE": null,
        "CycleDsolv": null,
        "DESCRIPT": null,
        "FEATUREKEY": null,
        "FEATUREK_1": null,
        "FEATURETYP": null,
        "FID_": null,
        "FID_Cross_": null,
        "FID_FanGeo": null,
        "FID_Fan_De": null,
        "FID_GIS_Re": null,
        "FID_Photo_": null,
        "FID_ftrip_": null,
        "FID_measur": null,
        "FID_patter": null,
        "FOURTH_ORD": null,
        "FOURTH_O_1": null,
        "FanID": null,
        "Fan_Del": null,
        "Fan_Del_sh": null,
        "FeatureT_1": null,
        "Geo_short": null,
        "Geography": null,
        "Gradient": null,
        "Hyperlink": null,
        "ID": 0,
        "Id": null,
        "Id_1": null,
        "LENGTH": null,
        "Location": null,
        "MAPSYMBOL": null,
        "MAP_SYMBOL": " ",
        "MS_ID": null,
        "MidptX": null,
        "MidptY": null,
        "Mod_names": null,
        "NAME": null,
        "NAME_1": null,
        "Name": "Permian paleogeographic map Buck Canyon",
        "OBJECTID": 33,
        "OBJECTID_1": null,
        "ORDERBY": null,
        "ORIG_FID": null,
        "Offset": null,
        "PATTERNID": null,
        "PERSON": null,
        "PMLABEL": null,
        "PM_NAME": null,
        "PM_NAME_NE": null,
        "Pattern": null,
        "Profile": null,
        "REGION": null,
        "SECTIONARC": null,
        "SECTION_AB": null,
        "SOURCE": null,
        "STRAT_INTE": null,
        "SectionArc": null,
        "Shape_Ar_1": null,
        "Shape_Area": null,
        "Shape_Le_1": null,
        "Shape_Leng": null,
        "Shape_Length": 428625.857,
        "Stop": null,
        "Stop_Num": null,
        "Symbology": null
      }
    },
    {
      "type": "Feature",
      "geometry": {
        "type": "LineString",
        "coordinates": [
          [
            -105.03624140140472,
            32.46575893397855
          ],
          [
            -105.03580791455691,
            31.408280421984017
          ],
          [
            -103.93085731387227,
            31.403830861326703
          ],
          [
            -103.91857226408096,
            32.461131166354825
          ],
          [
            -105.03624140140472,
            32.46575893397855
          ]
        ]
      },
      "properties": {
        "Abbrev": null,
        "Alpha": null,
        "Area": null,
        "CS_ID": null,
        "CYCLE": null,
        "CycleDsolv": null,
        "DESCRIPT": null,
        "FEATUREKEY": null,
        "FEATUREK_1": null,
        "FEATURETYP": null,
        "FID_": null,
        "FID_Cross_": null,
        "FID_FanGeo": null,
        "FID_Fan_De": null,
        "FID_GIS_Re": null,
        "FID_Photo_": null,
        "FID_ftrip_": null,
        "FID_measur": null,
        "FID_patter": null,
        "FOURTH_ORD": null,
        "FOURTH_O_1": null,
        "FanID": null,
        "Fan_Del": null,
        "Fan_Del_sh": null,
        "FeatureT_1": null,
        "Geo_short": null,
        "Geography": null,
        "Gradient": null,
        "Hyperlink": null,
        "ID": 0,
        "Id": null,
        "Id_1": null,
        "LENGTH": null,
        "Location": null,
        "MAPSYMBOL": null,
        "MAP_SYMBOL": " ",
        "MS_ID": null,
        "MidptX": null,
        "MidptY": null,
        "Mod_names": null,
        "NAME": null,
        "NAME_1": null,
        "Name": "Livingston Ridge area location",
        "OBJECTID": 34,
        "OBJECTID_1": null,
        "ORDERBY": null,
        "ORIG_FID": null,
        "Offset": null,
        "PATTERNID": null,
        "PERSON": null,
        "PMLABEL": null,
        "PM_NAME": null,
        "PM_NAME_NE": null,
        "Pattern": null,
        "Profile": null,
        "REGION": null,
        "SECTIONARC": null,
        "SECTION_AB": null,
        "SOURCE": null,
        "STRAT_INTE": null,
        "SectionArc": null,
        "Shape_Ar_1": null,
        "Shape_Area": null,
        "Shape_Le_1": null,
        "Shape_Leng": null,
        "Shape_Length": 444500.889,
        "Stop": null,
        "Stop_Num": null,
        "Symbology": null
      }
    },
    {
      "type": "Feature",
      "geometry": {
        "type": "LineString",
        "coordinates": [
          [
            -105.03624140140472,
            32.46575893397855
          ],
          [
            -105.03580791455691,
            31.408280421984017
          ],
          [
            -103.93085731387227,
            31.403830861326703
          ],
          [
            -103.91857226408096,
            32.461131166354825
          ],
          [
            -105.03624140140472,
            32.46575893397855
          ]
        ]
      },
      "properties": {
        "Abbrev": null,
        "Alpha": null,
        "Area": null,
        "CS_ID": null,
        "CYCLE": null,
        "CycleDsolv": null,
        "DESCRIPT": null,
        "FEATUREKEY": null,
        "FEATUREK_1": null,
        "FEATURETYP": null,
        "FID_": null,
        "FID_Cross_": null,
        "FID_FanGeo": null,
        "FID_Fan_De": null,
        "FID_GIS_Re": null,
        "FID_Photo_": null,
        "FID_ftrip_": null,
        "FID_measur": null,
        "FID_patter": null,
        "FOURTH_ORD": null,
        "FOURTH_O_1": null,
        "FanID": null,
        "Fan_Del": null,
        "Fan_Del_sh": null,
        "FeatureT_1": null,
        "Geo_short": null,
        "Geography": null,
        "Gradient": null,
        "Hyperlink": null,
        "ID": 0,
        "Id": null,
        "Id_1": null,
        "LENGTH": null,
        "Location": null,
        "MAPSYMBOL": null,
        "MAP_SYMBOL": " ",
        "MS_ID": null,
        "MidptX": null,
        "MidptY": null,
        "Mod_names": null,
        "NAME": null,
        "NAME_1": null,
        "Name": "Paduca Field location",
        "OBJECTID": 35,
        "OBJECTID_1": null,
        "ORDERBY": null,
        "ORIG_FID": null,
        "Offset": null,
        "PATTERNID": null,
        "PERSON": null,
        "PMLABEL": null,
        "PM_NAME": null,
        "PM_NAME_NE": null,
        "Pattern": null,
        "Profile": null,
        "REGION": null,
        "SECTIONARC": null,
        "SECTION_AB": null,
        "SOURCE": null,
        "STRAT_INTE": null,
        "SectionArc": null,
        "Shape_Ar_1": null,
        "Shape_Area": null,
        "Shape_Le_1": null,
        "Shape_Leng": null,
        "Shape_Length": 444500.889,
        "Stop": null,
        "Stop_Num": null,
        "Symbology": null
      }
    },
    {
      "type": "Feature",
      "geometry": {
        "type": "LineString",
        "coordinates": [
          [
            -105.03624140140472,
            32.46575893397855
          ],
          [
            -105.03580791455691,
            31.408280421984017
          ],
          [
            -103.93085731387227,
            31.403830861326703
          ],
          [
            -103.91857226408096,
            32.461131166354825
          ],
          [
            -105.03624140140472,
            32.46575893397855
          ]
        ]
      },
      "properties": {
        "Abbrev": null,
        "Alpha": null,
        "Area": null,
        "CS_ID": null,
        "CYCLE": null,
        "CycleDsolv": null,
        "DESCRIPT": null,
        "FEATUREKEY": null,
        "FEATUREK_1": null,
        "FEATURETYP": null,
        "FID_": null,
        "FID_Cross_": null,
        "FID_FanGeo": null,
        "FID_Fan_De": null,
        "FID_GIS_Re": null,
        "FID_Photo_": null,
        "FID_ftrip_": null,
        "FID_measur": null,
        "FID_patter": null,
        "FOURTH_ORD": null,
        "FOURTH_O_1": null,
        "FanID": null,
        "Fan_Del": null,
        "Fan_Del_sh": null,
        "FeatureT_1": null,
        "Geo_short": null,
        "Geography": null,
        "Gradient": null,
        "Hyperlink": null,
        "ID": 0,
        "Id": null,
        "Id_1": null,
        "LENGTH": null,
        "Location": null,
        "MAPSYMBOL": null,
        "MAP_SYMBOL": " ",
        "MS_ID": null,
        "MidptX": null,
        "MidptY": null,
        "Mod_names": null,
        "NAME": null,
        "NAME_1": null,
        "Name": "Cabin Lake Field location",
        "OBJECTID": 36,
        "OBJECTID_1": null,
        "ORDERBY": null,
        "ORIG_FID": null,
        "Offset": null,
        "PATTERNID": null,
        "PERSON": null,
        "PMLABEL": null,
        "PM_NAME": null,
        "PM_NAME_NE": null,
        "Pattern": null,
        "Profile": null,
        "REGION": null,
        "SECTIONARC": null,
        "SECTION_AB": null,
        "SOURCE": null,
        "STRAT_INTE": null,
        "SectionArc": null,
        "Shape_Ar_1": null,
        "Shape_Area": null,
        "Shape_Le_1": null,
        "Shape_Leng": null,
        "Shape_Length": 444500.889,
        "Stop": null,
        "Stop_Num": null,
        "Symbology": null
      }
    },
    {
      "type": "Feature",
      "geometry": {
        "type": "LineString",
        "coordinates": [
          [
            -104.94808177070287,
            31.925504462543483
          ],
          [
            -104.94838382033329,
            31.376451036164244
          ],
          [
            -104.58109786807665,
            31.375779104933205
          ],
          [
            -104.57864748134206,
            31.922431589277835
          ],
          [
            -104.94808177070287,
            31.925504462543483
          ]
        ]
      },
      "properties": {
        "Abbrev": null,
        "Alpha": null,
        "Area": null,
        "CS_ID": null,
        "CYCLE": null,
        "CycleDsolv": null,
        "DESCRIPT": null,
        "FEATUREKEY": null,
        "FEATUREK_1": null,
        "FEATURETYP": null,
        "FID_": null,
        "FID_Cross_": null,
        "FID_FanGeo": null,
        "FID_Fan_De": null,
        "FID_GIS_Re": null,
        "FID_Photo_": null,
        "FID_ftrip_": null,
        "FID_measur": null,
        "FID_patter": null,
        "FOURTH_ORD": null,
        "FOURTH_O_1": null,
        "FanID": null,
        "Fan_Del": null,
        "Fan_Del_sh": null,
        "FeatureT_1": null,
        "Geo_short": null,
        "Geography": null,
        "Gradient": null,
        "Hyperlink": null,
        "ID": 0,
        "Id": null,
        "Id_1": null,
        "LENGTH": null,
        "Location": null,
        "MAPSYMBOL": null,
        "MAP_SYMBOL": " ",
        "MS_ID": null,
        "MidptX": null,
        "MidptY": null,
        "Mod_names": null,
        "NAME": null,
        "NAME_1": null,
        "Name": "BCF base map with fan conduits",
        "OBJECTID": 37,
        "OBJECTID_1": null,
        "ORDERBY": null,
        "ORIG_FID": null,
        "Offset": null,
        "PATTERNID": null,
        "PERSON": null,
        "PMLABEL": null,
        "PM_NAME": null,
        "PM_NAME_NE": null,
        "Pattern": null,
        "Profile": null,
        "REGION": null,
        "SECTIONARC": null,
        "SECTION_AB": null,
        "SOURCE": null,
        "STRAT_INTE": null,
        "SectionArc": null,
        "Shape_Ar_1": null,
        "Shape_Area": null,
        "Shape_Le_1": null,
        "Shape_Leng": null,
        "Shape_Length": 191295.134797,
        "Stop": null,
        "Stop_Num": null,
        "Symbology": null
      }
    },
    {
      "type": "Feature",
      "geometry": {
        "type": "LineString",
        "coordinates": [
          [
            -104.94808177070287,
            31.925504462543483
          ],
          [
            -104.94838382033329,
            31.376451036164244
          ],
          [
            -104.58109786807665,
            31.375779104933205
          ],
          [
            -104.57864748134206,
            31.922431589277835
          ],
          [
            -104.94808177070287,
            31.925504462543483
          ]
        ]
      },
      "properties": {
        "Abbrev": null,
        "Alpha": null,
        "Area": null,
        "CS_ID": null,
        "CYCLE": null,
        "CycleDsolv": null,
        "DESCRIPT": null,
        "FEATUREKEY": null,
        "FEATUREK_1": null,
        "FEATURETYP": null,
        "FID_": null,
        "FID_Cross_": null,
        "FID_FanGeo": null,
        "FID_Fan_De": null,
        "FID_GIS_Re": null,
        "FID_Photo_": null,
        "FID_ftrip_": null,
        "FID_measur": null,
        "FID_patter": null,
        "FOURTH_ORD": null,
        "FOURTH_O_1": null,
        "FanID": null,
        "Fan_Del": null,
        "Fan_Del_sh": null,
        "FeatureT_1": null,
        "Geo_short": null,
        "Geography": null,
        "Gradient": null,
        "Hyperlink": null,
        "ID": 0,
        "Id": null,
        "Id_1": null,
        "LENGTH": null,
        "Location": null,
        "MAPSYMBOL": null,
        "MAP_SYMBOL": " ",
        "MS_ID": null,
        "MidptX": null,
        "MidptY": null,
        "Mod_names": null,
        "NAME": null,
        "NAME_1": null,
        "Name": "BCF base map with Xsection line",
        "OBJECTID": 38,
        "OBJECTID_1": null,
        "ORDERBY": null,
        "ORIG_FID": null,
        "Offset": null,
        "PATTERNID": null,
        "PERSON": null,
        "PMLABEL": null,
        "PM_NAME": null,
        "PM_NAME_NE": null,
        "Pattern": null,
        "Profile": null,
        "REGION": null,
        "SECTIONARC": null,
        "SECTION_AB": null,
        "SOURCE": null,
        "STRAT_INTE": null,
        "SectionArc": null,
        "Shape_Ar_1": null,
        "Shape_Area": null,
        "Shape_Le_1": null,
        "Shape_Leng": null,
        "Shape_Length": 191295.134797,
        "Stop": null,
        "Stop_Num": null,
        "Symbology": null
      }
    },
    {
      "type": "Feature",
      "geometry": {
        "type": "LineString",
        "coordinates": [
          [
            -104.94808177070287,
            31.925504462543483
          ],
          [
            -104.94838382033329,
            31.376451036164244
          ],
          [
            -104.58109786807665,
            31.375779104933205
          ],
          [
            -104.57864748134206,
            31.922431589277835
          ],
          [
            -104.94808177070287,
            31.925504462543483
          ]
        ]
      },
      "properties": {
        "Abbrev": null,
        "Alpha": null,
        "Area": null,
        "CS_ID": null,
        "CYCLE": null,
        "CycleDsolv": null,
        "DESCRIPT": null,
        "FEATUREKEY": null,
        "FEATUREK_1": null,
        "FEATURETYP": null,
        "FID_": null,
        "FID_Cross_": null,
        "FID_FanGeo": null,
        "FID_Fan_De": null,
        "FID_GIS_Re": null,
        "FID_Photo_": null,
        "FID_ftrip_": null,
        "FID_measur": null,
        "FID_patter": null,
        "FOURTH_ORD": null,
        "FOURTH_O_1": null,
        "FanID": null,
        "Fan_Del": null,
        "Fan_Del_sh": null,
        "FeatureT_1": null,
        "Geo_short": null,
        "Geography": null,
        "Gradient": null,
        "Hyperlink": null,
        "ID": 0,
        "Id": null,
        "Id_1": null,
        "LENGTH": null,
        "Location": null,
        "MAPSYMBOL": null,
        "MAP_SYMBOL": " ",
        "MS_ID": null,
        "MidptX": null,
        "MidptY": null,
        "Mod_names": null,
        "NAME": null,
        "NAME_1": null,
        "Name": "Shumard and Bone Canyon Location",
        "OBJECTID": 39,
        "OBJECTID_1": null,
        "ORDERBY": null,
        "ORIG_FID": null,
        "Offset": null,
        "PATTERNID": null,
        "PERSON": null,
        "PMLABEL": null,
        "PM_NAME": null,
        "PM_NAME_NE": null,
        "Pattern": null,
        "Profile": null,
        "REGION": null,
        "SECTIONARC": null,
        "SECTION_AB": null,
        "SOURCE": null,
        "STRAT_INTE": null,
        "SectionArc": null,
        "Shape_Ar_1": null,
        "Shape_Area": null,
        "Shape_Le_1": null,
        "Shape_Leng": null,
        "Shape_Length": 191295.134797,
        "Stop": null,
        "Stop_Num": null,
        "Symbology": null
      }
    },
    {
      "type": "Feature",
      "geometry": {
        "type": "LineString",
        "coordinates": [
          [
            -104.94808177070287,
            31.925504462543483
          ],
          [
            -104.94838382033329,
            31.376451036164244
          ],
          [
            -104.58109786807665,
            31.375779104933205
          ],
          [
            -104.57864748134206,
            31.922431589277835
          ],
          [
            -104.94808177070287,
            31.925504462543483
          ]
        ]
      },
      "properties": {
        "Abbrev": null,
        "Alpha": null,
        "Area": null,
        "CS_ID": null,
        "CYCLE": null,
        "CycleDsolv": null,
        "DESCRIPT": null,
        "FEATUREKEY": null,
        "FEATUREK_1": null,
        "FEATURETYP": null,
        "FID_": null,
        "FID_Cross_": null,
        "FID_FanGeo": null,
        "FID_Fan_De": null,
        "FID_GIS_Re": null,
        "FID_Photo_": null,
        "FID_ftrip_": null,
        "FID_measur": null,
        "FID_patter": null,
        "FOURTH_ORD": null,
        "FOURTH_O_1": null,
        "FanID": null,
        "Fan_Del": null,
        "Fan_Del_sh": null,
        "FeatureT_1": null,
        "Geo_short": null,
        "Geography": null,
        "Gradient": null,
        "Hyperlink": null,
        "ID": 0,
        "Id": null,
        "Id_1": null,
        "LENGTH": null,
        "Location": null,
        "MAPSYMBOL": null,
        "MAP_SYMBOL": " ",
        "MS_ID": null,
        "MidptX": null,
        "MidptY": null,
        "Mod_names": null,
        "NAME": null,
        "NAME_1": null,
        "Name": "Salt Flat Bench location",
        "OBJECTID": 40,
        "OBJECTID_1": null,
        "ORDERBY": null,
        "ORIG_FID": null,
        "Offset": null,
        "PATTERNID": null,
        "PERSON": null,
        "PMLABEL": null,
        "PM_NAME": null,
        "PM_NAME_NE": null,
        "Pattern": null,
        "Profile": null,
        "REGION": null,
        "SECTIONARC": null,
        "SECTION_AB": null,
        "SOURCE": null,
        "STRAT_INTE": null,
        "SectionArc": null,
        "Shape_Ar_1": null,
        "Shape_Area": null,
        "Shape_Le_1": null,
        "Shape_Leng": null,
        "Shape_Length": 191295.134797,
        "Stop": null,
        "Stop_Num": null,
        "Symbology": null
      }
    },
    {
      "type": "Feature",
      "geometry": {
        "type": "LineString",
        "coordinates": [
          [
            -104.94808177070287,
            31.925504462543483
          ],
          [
            -104.94838382033329,
            31.376451036164244
          ],
          [
            -104.58109786807665,
            31.375779104933205
          ],
          [
            -104.57864748134206,
            31.922431589277835
          ],
          [
            -104.94808177070287,
            31.925504462543483
          ]
        ]
      },
      "properties": {
        "Abbrev": null,
        "Alpha": null,
        "Area": null,
        "CS_ID": null,
        "CYCLE": null,
        "CycleDsolv": null,
        "DESCRIPT": null,
        "FEATUREKEY": null,
        "FEATUREK_1": null,
        "FEATURETYP": null,
        "FID_": null,
        "FID_Cross_": null,
        "FID_FanGeo": null,
        "FID_Fan_De": null,
        "FID_GIS_Re": null,
        "FID_Photo_": null,
        "FID_ftrip_": null,
        "FID_measur": null,
        "FID_patter": null,
        "FOURTH_ORD": null,
        "FOURTH_O_1": null,
        "FanID": null,
        "Fan_Del": null,
        "Fan_Del_sh": null,
        "FeatureT_1": null,
        "Geo_short": null,
        "Geography": null,
        "Gradient": null,
        "Hyperlink": null,
        "ID": 0,
        "Id": null,
        "Id_1": null,
        "LENGTH": null,
        "Location": null,
        "MAPSYMBOL": null,
        "MAP_SYMBOL": " ",
        "MS_ID": null,
        "MidptX": null,
        "MidptY": null,
        "Mod_names": null,
        "NAME": null,
        "NAME_1": null,
        "Name": "Brushy Mesa study area location",
        "OBJECTID": 41,
        "OBJECTID_1": null,
        "ORDERBY": null,
        "ORIG_FID": null,
        "Offset": null,
        "PATTERNID": null,
        "PERSON": null,
        "PMLABEL": null,
        "PM_NAME": null,
        "PM_NAME_NE": null,
        "Pattern": null,
        "Profile": null,
        "REGION": null,
        "SECTIONARC": null,
        "SECTION_AB": null,
        "SOURCE": null,
        "STRAT_INTE": null,
        "SectionArc": null,
        "Shape_Ar_1": null,
        "Shape_Area": null,
        "Shape_Le_1": null,
        "Shape_Leng": null,
        "Shape_Length": 191295.134797,
        "Stop": null,
        "Stop_Num": null,
        "Symbology": null
      }
    },
    {
      "type": "Feature",
      "geometry": {
        "type": "LineString",
        "coordinates": [
          [
            -104.94808177070287,
            31.925504462543483
          ],
          [
            -104.94838382033329,
            31.376451036164244
          ],
          [
            -104.58109786807665,
            31.375779104933205
          ],
          [
            -104.57864748134206,
            31.922431589277835
          ],
          [
            -104.94808177070287,
            31.925504462543483
          ]
        ]
      },
      "properties": {
        "Abbrev": null,
        "Alpha": null,
        "Area": null,
        "CS_ID": null,
        "CYCLE": null,
        "CycleDsolv": null,
        "DESCRIPT": null,
        "FEATUREKEY": null,
        "FEATUREK_1": null,
        "FEATURETYP": null,
        "FID_": null,
        "FID_Cross_": null,
        "FID_FanGeo": null,
        "FID_Fan_De": null,
        "FID_GIS_Re": null,
        "FID_Photo_": null,
        "FID_ftrip_": null,
        "FID_measur": null,
        "FID_patter": null,
        "FOURTH_ORD": null,
        "FOURTH_O_1": null,
        "FanID": null,
        "Fan_Del": null,
        "Fan_Del_sh": null,
        "FeatureT_1": null,
        "Geo_short": null,
        "Geography": null,
        "Gradient": null,
        "Hyperlink": null,
        "ID": 0,
        "Id": null,
        "Id_1": null,
        "LENGTH": null,
        "Location": null,
        "MAPSYMBOL": null,
        "MAP_SYMBOL": " ",
        "MS_ID": null,
        "MidptX": null,
        "MidptY": null,
        "Mod_names": null,
        "NAME": null,
        "NAME_1": null,
        "Name": "Popo study area location",
        "OBJECTID": 42,
        "OBJECTID_1": null,
        "ORDERBY": null,
        "ORIG_FID": null,
        "Offset": null,
        "PATTERNID": null,
        "PERSON": null,
        "PMLABEL": null,
        "PM_NAME": null,
        "PM_NAME_NE": null,
        "Pattern": null,
        "Profile": null,
        "REGION": null,
        "SECTIONARC": null,
        "SECTION_AB": null,
        "SOURCE": null,
        "STRAT_INTE": null,
        "SectionArc": null,
        "Shape_Ar_1": null,
        "Shape_Area": null,
        "Shape_Le_1": null,
        "Shape_Leng": null,
        "Shape_Length": 191295.134797,
        "Stop": null,
        "Stop_Num": null,
        "Symbology": null
      }
    },
    {
      "type": "Feature",
      "geometry": {
        "type": "LineString",
        "coordinates": [
          [
            -104.94808177070287,
            31.925504462543483
          ],
          [
            -104.94838382033329,
            31.376451036164244
          ],
          [
            -104.58109786807665,
            31.375779104933205
          ],
          [
            -104.57864748134206,
            31.922431589277835
          ],
          [
            -104.94808177070287,
            31.925504462543483
          ]
        ]
      },
      "properties": {
        "Abbrev": null,
        "Alpha": null,
        "Area": null,
        "CS_ID": null,
        "CYCLE": null,
        "CycleDsolv": null,
        "DESCRIPT": null,
        "FEATUREKEY": null,
        "FEATUREK_1": null,
        "FEATURETYP": null,
        "FID_": null,
        "FID_Cross_": null,
        "FID_FanGeo": null,
        "FID_Fan_De": null,
        "FID_GIS_Re": null,
        "FID_Photo_": null,
        "FID_ftrip_": null,
        "FID_measur": null,
        "FID_patter": null,
        "FOURTH_ORD": null,
        "FOURTH_O_1": null,
        "FanID": null,
        "Fan_Del": null,
        "Fan_Del_sh": null,
        "FeatureT_1": null,
        "Geo_short": null,
        "Geography": null,
        "Gradient": null,
        "Hyperlink": null,
        "ID": 0,
        "Id": null,
        "Id_1": null,
        "LENGTH": null,
        "Location": null,
        "MAPSYMBOL": null,
        "MAP_SYMBOL": " ",
        "MS_ID": null,
        "MidptX": null,
        "MidptY": null,
        "Mod_names": null,
        "NAME": null,
        "NAME_1": null,
        "Name": "Rock Art study area location",
        "OBJECTID": 43,
        "OBJECTID_1": null,
        "ORDERBY": null,
        "ORIG_FID": null,
        "Offset": null,
        "PATTERNID": null,
        "PERSON": null,
        "PMLABEL": null,
        "PM_NAME": null,
        "PM_NAME_NE": null,
        "Pattern": null,
        "Profile": null,
        "REGION": null,
        "SECTIONARC": null,
        "SECTION_AB": null,
        "SOURCE": null,
        "STRAT_INTE": null,
        "SectionArc": null,
        "Shape_Ar_1": null,
        "Shape_Area": null,
        "Shape_Le_1": null,
        "Shape_Leng": null,
        "Shape_Length": 191295.134797,
        "Stop": null,
        "Stop_Num": null,
        "Symbology": null
      }
    },
    {
      "type": "Feature",
      "geometry": {
        "type": "LineString",
        "coordinates": [
          [
            -104.94808177070287,
            31.925504462543483
          ],
          [
            -104.94838382033329,
            31.376451036164244
          ],
          [
            -104.58109786807665,
            31.375779104933205
          ],
          [
            -104.57864748134206,
            31.922431589277835
          ],
          [
            -104.94808177070287,
            31.925504462543483
          ]
        ]
      },
      "properties": {
        "Abbrev": null,
        "Alpha": null,
        "Area": null,
        "CS_ID": null,
        "CYCLE": null,
        "CycleDsolv": null,
        "DESCRIPT": null,
        "FEATUREKEY": null,
        "FEATUREK_1": null,
        "FEATURETYP": null,
        "FID_": null,
        "FID_Cross_": null,
        "FID_FanGeo": null,
        "FID_Fan_De": null,
        "FID_GIS_Re": null,
        "FID_Photo_": null,
        "FID_ftrip_": null,
        "FID_measur": null,
        "FID_patter": null,
        "FOURTH_ORD": null,
        "FOURTH_O_1": null,
        "FanID": null,
        "Fan_Del": null,
        "Fan_Del_sh": null,
        "FeatureT_1": null,
        "Geo_short": null,
        "Geography": null,
        "Gradient": null,
        "Hyperlink": null,
        "ID": 0,
        "Id": null,
        "Id_1": null,
        "LENGTH": null,
        "Location": null,
        "MAPSYMBOL": null,
        "MAP_SYMBOL": " ",
        "MS_ID": null,
        "MidptX": null,
        "MidptY": null,
        "Mod_names": null,
        "NAME": null,
        "NAME_1": null,
        "Name": "Colleen Canyon study area location",
        "OBJECTID": 44,
        "OBJECTID_1": null,
        "ORDERBY": null,
        "ORIG_FID": null,
        "Offset": null,
        "PATTERNID": null,
        "PERSON": null,
        "PMLABEL": null,
        "PM_NAME": null,
        "PM_NAME_NE": null,
        "Pattern": null,
        "Profile": null,
        "REGION": null,
        "SECTIONARC": null,
        "SECTION_AB": null,
        "SOURCE": null,
        "STRAT_INTE": null,
        "SectionArc": null,
        "Shape_Ar_1": null,
        "Shape_Area": null,
        "Shape_Le_1": null,
        "Shape_Leng": null,
        "Shape_Length": 191295.134797,
        "Stop": null,
        "Stop_Num": null,
        "Symbology": null
      }
    },
    {
      "type": "Feature",
      "geometry": {
        "type": "LineString",
        "coordinates": [
          [
            -104.94808177070287,
            31.925504462543483
          ],
          [
            -104.94838382033329,
            31.376451036164244
          ],
          [
            -104.58109786807665,
            31.375779104933205
          ],
          [
            -104.57864748134206,
            31.922431589277835
          ],
          [
            -104.94808177070287,
            31.925504462543483
          ]
        ]
      },
      "properties": {
        "Abbrev": null,
        "Alpha": null,
        "Area": null,
        "CS_ID": null,
        "CYCLE": null,
        "CycleDsolv": null,
        "DESCRIPT": null,
        "FEATUREKEY": null,
        "FEATUREK_1": null,
        "FEATURETYP": null,
        "FID_": null,
        "FID_Cross_": null,
        "FID_FanGeo": null,
        "FID_Fan_De": null,
        "FID_GIS_Re": null,
        "FID_Photo_": null,
        "FID_ftrip_": null,
        "FID_measur": null,
        "FID_patter": null,
        "FOURTH_ORD": null,
        "FOURTH_O_1": null,
        "FanID": null,
        "Fan_Del": null,
        "Fan_Del_sh": null,
        "FeatureT_1": null,
        "Geo_short": null,
        "Geography": null,
        "Gradient": null,
        "Hyperlink": null,
        "ID": 0,
        "Id": null,
        "Id_1": null,
        "LENGTH": null,
        "Location": null,
        "MAPSYMBOL": null,
        "MAP_SYMBOL": " ",
        "MS_ID": null,
        "MidptX": null,
        "MidptY": null,
        "Mod_names": null,
        "NAME": null,
        "NAME_1": null,
        "Name": "Buck Canyon study area location",
        "OBJECTID": 45,
        "OBJECTID_1": null,
        "ORDERBY": null,
        "ORIG_FID": null,
        "Offset": null,
        "PATTERNID": null,
        "PERSON": null,
        "PMLABEL": null,
        "PM_NAME": null,
        "PM_NAME_NE": null,
        "Pattern": null,
        "Profile": null,
        "REGION": null,
        "SECTIONARC": null,
        "SECTION_AB": null,
        "SOURCE": null,
        "STRAT_INTE": null,
        "SectionArc": null,
        "Shape_Ar_1": null,
        "Shape_Area": null,
        "Shape_Le_1": null,
        "Shape_Leng": null,
        "Shape_Length": 191295.134797,
        "Stop": null,
        "Stop_Num": null,
        "Symbology": null
      }
    },
    {
      "type": "Feature",
      "geometry": {
        "type": "LineString",
        "coordinates": [
          [
            -104.94808177070287,
            31.925504462543483
          ],
          [
            -104.94838382033329,
            31.376451036164244
          ],
          [
            -104.58109786807665,
            31.375779104933205
          ],
          [
            -104.57864748134206,
            31.922431589277835
          ],
          [
            -104.94808177070287,
            31.925504462543483
          ]
        ]
      },
      "properties": {
        "Abbrev": null,
        "Alpha": null,
        "Area": null,
        "CS_ID": null,
        "CYCLE": null,
        "CycleDsolv": null,
        "DESCRIPT": null,
        "FEATUREKEY": null,
        "FEATUREK_1": null,
        "FEATURETYP": null,
        "FID_": null,
        "FID_Cross_": null,
        "FID_FanGeo": null,
        "FID_Fan_De": null,
        "FID_GIS_Re": null,
        "FID_Photo_": null,
        "FID_ftrip_": null,
        "FID_measur": null,
        "FID_patter": null,
        "FOURTH_ORD": null,
        "FOURTH_O_1": null,
        "FanID": null,
        "Fan_Del": null,
        "Fan_Del_sh": null,
        "FeatureT_1": null,
        "Geo_short": null,
        "Geography": null,
        "Gradient": null,
        "Hyperlink": null,
        "ID": 0,
        "Id": null,
        "Id_1": null,
        "LENGTH": null,
        "Location": null,
        "MAPSYMBOL": null,
        "MAP_SYMBOL": " ",
        "MS_ID": null,
        "MidptX": null,
        "MidptY": null,
        "Mod_names": null,
        "NAME": null,
        "NAME_1": null,
        "Name": "Landsat image of BCF with locations 2",
        "OBJECTID": 46,
        "OBJECTID_1": null,
        "ORDERBY": null,
        "ORIG_FID": null,
        "Offset": null,
        "PATTERNID": null,
        "PERSON": null,
        "PMLABEL": null,
        "PM_NAME": null,
        "PM_NAME_NE": null,
        "Pattern": null,
        "Profile": null,
        "REGION": null,
        "SECTIONARC": null,
        "SECTION_AB": null,
        "SOURCE": null,
        "STRAT_INTE": null,
        "SectionArc": null,
        "Shape_Ar_1": null,
        "Shape_Area": null,
        "Shape_Le_1": null,
        "Shape_Leng": null,
        "Shape_Length": 191295.134797,
        "Stop": null,
        "Stop_Num": null,
        "Symbology": null
      }
    },
    {
      "type": "Feature",
      "geometry": {
        "type": "LineString",
        "coordinates": [
          [
            -104.94808177070287,
            31.925504462543483
          ],
          [
            -104.94838382033329,
            31.376451036164244
          ],
          [
            -104.58109786807665,
            31.375779104933205
          ],
          [
            -104.57864748134206,
            31.922431589277835
          ],
          [
            -104.94808177070287,
            31.925504462543483
          ]
        ]
      },
      "properties": {
        "Abbrev": null,
        "Alpha": null,
        "Area": null,
        "CS_ID": null,
        "CYCLE": null,
        "CycleDsolv": null,
        "DESCRIPT": null,
        "FEATUREKEY": null,
        "FEATUREK_1": null,
        "FEATURETYP": null,
        "FID_": null,
        "FID_Cross_": null,
        "FID_FanGeo": null,
        "FID_Fan_De": null,
        "FID_GIS_Re": null,
        "FID_Photo_": null,
        "FID_ftrip_": null,
        "FID_measur": null,
        "FID_patter": null,
        "FOURTH_ORD": null,
        "FOURTH_O_1": null,
        "FanID": null,
        "Fan_Del": null,
        "Fan_Del_sh": null,
        "FeatureT_1": null,
        "Geo_short": null,
        "Geography": null,
        "Gradient": null,
        "Hyperlink": null,
        "ID": 0,
        "Id": null,
        "Id_1": null,
        "LENGTH": null,
        "Location": null,
        "MAPSYMBOL": null,
        "MAP_SYMBOL": " ",
        "MS_ID": null,
        "MidptX": null,
        "MidptY": null,
        "Mod_names": null,
        "NAME": null,
        "NAME_1": null,
        "Name": "BCF tectonic map",
        "OBJECTID": 47,
        "OBJECTID_1": null,
        "ORDERBY": null,
        "ORIG_FID": null,
        "Offset": null,
        "PATTERNID": null,
        "PERSON": null,
        "PMLABEL": null,
        "PM_NAME": null,
        "PM_NAME_NE": null,
        "Pattern": null,
        "Profile": null,
        "REGION": null,
        "SECTIONARC": null,
        "SECTION_AB": null,
        "SOURCE": null,
        "STRAT_INTE": null,
        "SectionArc": null,
        "Shape_Ar_1": null,
        "Shape_Area": null,
        "Shape_Le_1": null,
        "Shape_Leng": null,
        "Shape_Length": 191295.134797,
        "Stop": null,
        "Stop_Num": null,
        "Symbology": null
      }
    },
    {
      "type": "Feature",
      "geometry": {
        "type": "LineString",
        "coordinates": [
          [
            -104.95451840183188,
            31.868622212562805
          ],
          [
            -104.95470029311815,
            31.49144748038978
          ],
          [
            -104.61412841452889,
            31.490876808691507
          ],
          [
            -104.61257119498897,
            31.86804228048829
          ],
          [
            -104.95451840183188,
            31.868622212562805
          ]
        ]
      },
      "properties": {
        "Abbrev": null,
        "Alpha": null,
        "Area": null,
        "CS_ID": null,
        "CYCLE": null,
        "CycleDsolv": null,
        "DESCRIPT": null,
        "FEATUREKEY": null,
        "FEATUREK_1": null,
        "FEATURETYP": null,
        "FID_": null,
        "FID_Cross_": null,
        "FID_FanGeo": null,
        "FID_Fan_De": null,
        "FID_GIS_Re": null,
        "FID_Photo_": null,
        "FID_ftrip_": null,
        "FID_measur": null,
        "FID_patter": null,
        "FOURTH_ORD": null,
        "FOURTH_O_1": null,
        "FanID": null,
        "Fan_Del": null,
        "Fan_Del_sh": null,
        "FeatureT_1": null,
        "Geo_short": null,
        "Geography": null,
        "Gradient": null,
        "Hyperlink": null,
        "ID": 0,
        "Id": null,
        "Id_1": null,
        "LENGTH": null,
        "Location": null,
        "MAPSYMBOL": null,
        "MAP_SYMBOL": " ",
        "MS_ID": null,
        "MidptX": null,
        "MidptY": null,
        "Mod_names": null,
        "NAME": null,
        "NAME_1": null,
        "Name": "Basin centered thickness below 40ft siltstone",
        "OBJECTID": 48,
        "OBJECTID_1": null,
        "ORDERBY": null,
        "ORIG_FID": null,
        "Offset": null,
        "PATTERNID": null,
        "PERSON": null,
        "PMLABEL": null,
        "PM_NAME": null,
        "PM_NAME_NE": null,
        "Pattern": null,
        "Profile": null,
        "REGION": null,
        "SECTIONARC": null,
        "SECTION_AB": null,
        "SOURCE": null,
        "STRAT_INTE": null,
        "SectionArc": null,
        "Shape_Ar_1": null,
        "Shape_Area": null,
        "Shape_Le_1": null,
        "Shape_Leng": null,
        "Shape_Length": 148299.2548,
        "Stop": null,
        "Stop_Num": null,
        "Symbology": null
      }
    },
    {
      "type": "Feature",
      "geometry": {
        "type": "LineString",
        "coordinates": [
          [
            -104.86746054768882,
            31.867202995742208
          ],
          [
            -104.86748436295332,
            31.85044281262124
          ],
          [
            -104.83880392925232,
            31.85040982767921
          ],
          [
            -104.83877490604236,
            31.86716998960605
          ],
          [
            -104.86746054768882,
            31.867202995742208
          ]
        ]
      },
      "properties": {
        "Abbrev": null,
        "Alpha": null,
        "Area": null,
        "CS_ID": null,
        "CYCLE": null,
        "CycleDsolv": null,
        "DESCRIPT": null,
        "FEATUREKEY": null,
        "FEATUREK_1": null,
        "FEATURETYP": null,
        "FID_": null,
        "FID_Cross_": null,
        "FID_FanGeo": null,
        "FID_Fan_De": null,
        "FID_GIS_Re": null,
        "FID_Photo_": null,
        "FID_ftrip_": null,
        "FID_measur": null,
        "FID_patter": null,
        "FOURTH_ORD": null,
        "FOURTH_O_1": null,
        "FanID": null,
        "Fan_Del": null,
        "Fan_Del_sh": null,
        "FeatureT_1": null,
        "Geo_short": null,
        "Geography": null,
        "Gradient": null,
        "Hyperlink": null,
        "ID": 0,
        "Id": null,
        "Id_1": null,
        "LENGTH": null,
        "Location": null,
        "MAPSYMBOL": null,
        "MAP_SYMBOL": " ",
        "MS_ID": null,
        "MidptX": null,
        "MidptY": null,
        "Mod_names": null,
        "NAME": null,
        "NAME_1": null,
        "Name": "Architectural element map Salt Flat Bench",
        "OBJECTID": 49,
        "OBJECTID_1": null,
        "ORDERBY": null,
        "ORIG_FID": null,
        "Offset": null,
        "PATTERNID": null,
        "PERSON": null,
        "PMLABEL": null,
        "PM_NAME": null,
        "PM_NAME_NE": null,
        "Pattern": null,
        "Profile": null,
        "REGION": null,
        "SECTIONARC": null,
        "SECTION_AB": null,
        "SOURCE": null,
        "STRAT_INTE": null,
        "SectionArc": null,
        "Shape_Ar_1": null,
        "Shape_Area": null,
        "Shape_Le_1": null,
        "Shape_Leng": null,
        "Shape_Length": 9142.2544,
        "Stop": null,
        "Stop_Num": null,
        "Symbology": null
      }
    },
    {
      "type": "Feature",
      "geometry": {
        "type": "LineString",
        "coordinates": [
          [
            -104.86746054768882,
            31.867202995742208
          ],
          [
            -104.86748436295332,
            31.85044281262124
          ],
          [
            -104.83880392925232,
            31.85040982767921
          ],
          [
            -104.83877490604236,
            31.86716998960605
          ],
          [
            -104.86746054768882,
            31.867202995742208
          ]
        ]
      },
      "properties": {
        "Abbrev": null,
        "Alpha": null,
        "Area": null,
        "CS_ID": null,
        "CYCLE": null,
        "CycleDsolv": null,
        "DESCRIPT": null,
        "FEATUREKEY": null,
        "FEATUREK_1": null,
        "FEATURETYP": null,
        "FID_": null,
        "FID_Cross_": null,
        "FID_FanGeo": null,
        "FID_Fan_De": null,
        "FID_GIS_Re": null,
        "FID_Photo_": null,
        "FID_ftrip_": null,
        "FID_measur": null,
        "FID_patter": null,
        "FOURTH_ORD": null,
        "FOURTH_O_1": null,
        "FanID": null,
        "Fan_Del": null,
        "Fan_Del_sh": null,
        "FeatureT_1": null,
        "Geo_short": null,
        "Geography": null,
        "Gradient": null,
        "Hyperlink": null,
        "ID": 0,
        "Id": null,
        "Id_1": null,
        "LENGTH": null,
        "Location": null,
        "MAPSYMBOL": null,
        "MAP_SYMBOL": " ",
        "MS_ID": null,
        "MidptX": null,
        "MidptY": null,
        "Mod_names": null,
        "NAME": null,
        "NAME_1": null,
        "Name": "Salt Flat Bench conduit map Fan 6 and 7",
        "OBJECTID": 50,
        "OBJECTID_1": null,
        "ORDERBY": null,
        "ORIG_FID": null,
        "Offset": null,
        "PATTERNID": null,
        "PERSON": null,
        "PMLABEL": null,
        "PM_NAME": null,
        "PM_NAME_NE": null,
        "Pattern": null,
        "Profile": null,
        "REGION": null,
        "SECTIONARC": null,
        "SECTION_AB": null,
        "SOURCE": null,
        "STRAT_INTE": null,
        "SectionArc": null,
        "Shape_Ar_1": null,
        "Shape_Area": null,
        "Shape_Le_1": null,
        "Shape_Leng": null,
        "Shape_Length": 9142.2544,
        "Stop": null,
        "Stop_Num": null,
        "Symbology": null
      }
    },
    {
      "type": "Feature",
      "geometry": {
        "type": "LineString",
        "coordinates": [
          [
            -104.86746054768882,
            31.867202995742208
          ],
          [
            -104.86748436295332,
            31.85044281262124
          ],
          [
            -104.83880392925232,
            31.85040982767921
          ],
          [
            -104.83877490604236,
            31.86716998960605
          ],
          [
            -104.86746054768882,
            31.867202995742208
          ]
        ]
      },
      "properties": {
        "Abbrev": null,
        "Alpha": null,
        "Area": null,
        "CS_ID": null,
        "CYCLE": null,
        "CycleDsolv": null,
        "DESCRIPT": null,
        "FEATUREKEY": null,
        "FEATUREK_1": null,
        "FEATURETYP": null,
        "FID_": null,
        "FID_Cross_": null,
        "FID_FanGeo": null,
        "FID_Fan_De": null,
        "FID_GIS_Re": null,
        "FID_Photo_": null,
        "FID_ftrip_": null,
        "FID_measur": null,
        "FID_patter": null,
        "FOURTH_ORD": null,
        "FOURTH_O_1": null,
        "FanID": null,
        "Fan_Del": null,
        "Fan_Del_sh": null,
        "FeatureT_1": null,
        "Geo_short": null,
        "Geography": null,
        "Gradient": null,
        "Hyperlink": null,
        "ID": 0,
        "Id": null,
        "Id_1": null,
        "LENGTH": null,
        "Location": null,
        "MAPSYMBOL": null,
        "MAP_SYMBOL": " ",
        "MS_ID": null,
        "MidptX": null,
        "MidptY": null,
        "Mod_names": null,
        "NAME": null,
        "NAME_1": null,
        "Name": "Salt Flat Bench trends of sedimentary features",
        "OBJECTID": 51,
        "OBJECTID_1": null,
        "ORDERBY": null,
        "ORIG_FID": null,
        "Offset": null,
        "PATTERNID": null,
        "PERSON": null,
        "PMLABEL": null,
        "PM_NAME": null,
        "PM_NAME_NE": null,
        "Pattern": null,
        "Profile": null,
        "REGION": null,
        "SECTIONARC": null,
        "SECTION_AB": null,
        "SOURCE": null,
        "STRAT_INTE": null,
        "SectionArc": null,
        "Shape_Ar_1": null,
        "Shape_Area": null,
        "Shape_Le_1": null,
        "Shape_Leng": null,
        "Shape_Length": 9142.2544,
        "Stop": null,
        "Stop_Num": null,
        "Symbology": null
      }
    },
    {
      "type": "Feature",
      "geometry": {
        "type": "LineString",
        "coordinates": [
          [
            -104.82597238454018,
            31.815480757750578
          ],
          [
            -104.82602984284549,
            31.784686776156256
          ],
          [
            -104.79678558213716,
            31.784933039581873
          ],
          [
            -104.79727801134563,
            31.81548914570294
          ],
          [
            -104.82597238454018,
            31.815480757750578
          ]
        ]
      },
      "properties": {
        "Abbrev": null,
        "Alpha": null,
        "Area": null,
        "CS_ID": null,
        "CYCLE": null,
        "CycleDsolv": null,
        "DESCRIPT": null,
        "FEATUREKEY": null,
        "FEATUREK_1": null,
        "FEATURETYP": null,
        "FID_": null,
        "FID_Cross_": null,
        "FID_FanGeo": null,
        "FID_Fan_De": null,
        "FID_GIS_Re": null,
        "FID_Photo_": null,
        "FID_ftrip_": null,
        "FID_measur": null,
        "FID_patter": null,
        "FOURTH_ORD": null,
        "FOURTH_O_1": null,
        "FanID": null,
        "Fan_Del": null,
        "Fan_Del_sh": null,
        "FeatureT_1": null,
        "Geo_short": null,
        "Geography": null,
        "Gradient": null,
        "Hyperlink": null,
        "ID": 0,
        "Id": null,
        "Id_1": null,
        "LENGTH": null,
        "Location": null,
        "MAPSYMBOL": null,
        "MAP_SYMBOL": " ",
        "MS_ID": null,
        "MidptX": null,
        "MidptY": null,
        "Mod_names": null,
        "NAME": null,
        "NAME_1": null,
        "Name": "Brushy Mesa channel complexes map",
        "OBJECTID": 52,
        "OBJECTID_1": null,
        "ORDERBY": null,
        "ORIG_FID": null,
        "Offset": null,
        "PATTERNID": null,
        "PERSON": null,
        "PMLABEL": null,
        "PM_NAME": null,
        "PM_NAME_NE": null,
        "Pattern": null,
        "Profile": null,
        "REGION": null,
        "SECTIONARC": null,
        "SECTION_AB": null,
        "SOURCE": null,
        "STRAT_INTE": null,
        "SectionArc": null,
        "Shape_Ar_1": null,
        "Shape_Area": null,
        "Shape_Le_1": null,
        "Shape_Leng": null,
        "Shape_Length": 12284.919465,
        "Stop": null,
        "Stop_Num": null,
        "Symbology": null
      }
    },
    {
      "type": "Feature",
      "geometry": {
        "type": "LineString",
        "coordinates": [
          [
            -104.82597238454018,
            31.815480757750578
          ],
          [
            -104.82602984284549,
            31.784686776156256
          ],
          [
            -104.79678558213716,
            31.784933039581873
          ],
          [
            -104.79727801134563,
            31.81548914570294
          ],
          [
            -104.82597238454018,
            31.815480757750578
          ]
        ]
      },
      "properties": {
        "Abbrev": null,
        "Alpha": null,
        "Area": null,
        "CS_ID": null,
        "CYCLE": null,
        "CycleDsolv": null,
        "DESCRIPT": null,
        "FEATUREKEY": null,
        "FEATUREK_1": null,
        "FEATURETYP": null,
        "FID_": null,
        "FID_Cross_": null,
        "FID_FanGeo": null,
        "FID_Fan_De": null,
        "FID_GIS_Re": null,
        "FID_Photo_": null,
        "FID_ftrip_": null,
        "FID_measur": null,
        "FID_patter": null,
        "FOURTH_ORD": null,
        "FOURTH_O_1": null,
        "FanID": null,
        "Fan_Del": null,
        "Fan_Del_sh": null,
        "FeatureT_1": null,
        "Geo_short": null,
        "Geography": null,
        "Gradient": null,
        "Hyperlink": null,
        "ID": 0,
        "Id": null,
        "Id_1": null,
        "LENGTH": null,
        "Location": null,
        "MAPSYMBOL": null,
        "MAP_SYMBOL": " ",
        "MS_ID": null,
        "MidptX": null,
        "MidptY": null,
        "Mod_names": null,
        "NAME": null,
        "NAME_1": null,
        "Name": "Brushy Mesa channel complexes map 2",
        "OBJECTID": 53,
        "OBJECTID_1": null,
        "ORDERBY": null,
        "ORIG_FID": null,
        "Offset": null,
        "PATTERNID": null,
        "PERSON": null,
        "PMLABEL": null,
        "PM_NAME": null,
        "PM_NAME_NE": null,
        "Pattern": null,
        "Profile": null,
        "REGION": null,
        "SECTIONARC": null,
        "SECTION_AB": null,
        "SOURCE": null,
        "STRAT_INTE": null,
        "SectionArc": null,
        "Shape_Ar_1": null,
        "Shape_Area": null,
        "Shape_Le_1": null,
        "Shape_Leng": null,
        "Shape_Length": 12284.919465,
        "Stop": null,
        "Stop_Num": null,
        "Symbology": null
      }
    },
    {
      "type": "Feature",
      "geometry": {
        "type": "LineString",
        "coordinates": [
          [
            -104.82597238454018,
            31.815480757750578
          ],
          [
            -104.82602984284549,
            31.784686776156256
          ],
          [
            -104.79678558213716,
            31.784933039581873
          ],
          [
            -104.79727801134563,
            31.81548914570294
          ],
          [
            -104.82597238454018,
            31.815480757750578
          ]
        ]
      },
      "properties": {
        "Abbrev": null,
        "Alpha": null,
        "Area": null,
        "CS_ID": null,
        "CYCLE": null,
        "CycleDsolv": null,
        "DESCRIPT": null,
        "FEATUREKEY": null,
        "FEATUREK_1": null,
        "FEATURETYP": null,
        "FID_": null,
        "FID_Cross_": null,
        "FID_FanGeo": null,
        "FID_Fan_De": null,
        "FID_GIS_Re": null,
        "FID_Photo_": null,
        "FID_ftrip_": null,
        "FID_measur": null,
        "FID_patter": null,
        "FOURTH_ORD": null,
        "FOURTH_O_1": null,
        "FanID": null,
        "Fan_Del": null,
        "Fan_Del_sh": null,
        "FeatureT_1": null,
        "Geo_short": null,
        "Geography": null,
        "Gradient": null,
        "Hyperlink": null,
        "ID": 0,
        "Id": null,
        "Id_1": null,
        "LENGTH": null,
        "Location": null,
        "MAPSYMBOL": null,
        "MAP_SYMBOL": " ",
        "MS_ID": null,
        "MidptX": null,
        "MidptY": null,
        "Mod_names": null,
        "NAME": null,
        "NAME_1": null,
        "Name": "Brushy Mesa fan conduit evolution",
        "OBJECTID": 54,
        "OBJECTID_1": null,
        "ORDERBY": null,
        "ORIG_FID": null,
        "Offset": null,
        "PATTERNID": null,
        "PERSON": null,
        "PMLABEL": null,
        "PM_NAME": null,
        "PM_NAME_NE": null,
        "Pattern": null,
        "Profile": null,
        "REGION": null,
        "SECTIONARC": null,
        "SECTION_AB": null,
        "SOURCE": null,
        "STRAT_INTE": null,
        "SectionArc": null,
        "Shape_Ar_1": null,
        "Shape_Area": null,
        "Shape_Le_1": null,
        "Shape_Leng": null,
        "Shape_Length": 12284.919465,
        "Stop": null,
        "Stop_Num": null,
        "Symbology": null
      }
    },
    {
      "type": "Feature",
      "geometry": {
        "type": "LineString",
        "coordinates": [
          [
            -104.82597238454018,
            31.815480757750578
          ],
          [
            -104.82602984284549,
            31.784686776156256
          ],
          [
            -104.79678558213716,
            31.784933039581873
          ],
          [
            -104.79727801134563,
            31.81548914570294
          ],
          [
            -104.82597238454018,
            31.815480757750578
          ]
        ]
      },
      "properties": {
        "Abbrev": null,
        "Alpha": null,
        "Area": null,
        "CS_ID": null,
        "CYCLE": null,
        "CycleDsolv": null,
        "DESCRIPT": null,
        "FEATUREKEY": null,
        "FEATUREK_1": null,
        "FEATURETYP": null,
        "FID_": null,
        "FID_Cross_": null,
        "FID_FanGeo": null,
        "FID_Fan_De": null,
        "FID_GIS_Re": null,
        "FID_Photo_": null,
        "FID_ftrip_": null,
        "FID_measur": null,
        "FID_patter": null,
        "FOURTH_ORD": null,
        "FOURTH_O_1": null,
        "FanID": null,
        "Fan_Del": null,
        "Fan_Del_sh": null,
        "FeatureT_1": null,
        "Geo_short": null,
        "Geography": null,
        "Gradient": null,
        "Hyperlink": null,
        "ID": 0,
        "Id": null,
        "Id_1": null,
        "LENGTH": null,
        "Location": null,
        "MAPSYMBOL": null,
        "MAP_SYMBOL": " ",
        "MS_ID": null,
        "MidptX": null,
        "MidptY": null,
        "Mod_names": null,
        "NAME": null,
        "NAME_1": null,
        "Name": "Brushy Mesa channel complexes map 3",
        "OBJECTID": 55,
        "OBJECTID_1": null,
        "ORDERBY": null,
        "ORIG_FID": null,
        "Offset": null,
        "PATTERNID": null,
        "PERSON": null,
        "PMLABEL": null,
        "PM_NAME": null,
        "PM_NAME_NE": null,
        "Pattern": null,
        "Profile": null,
        "REGION": null,
        "SECTIONARC": null,
        "SECTION_AB": null,
        "SOURCE": null,
        "STRAT_INTE": null,
        "SectionArc": null,
        "Shape_Ar_1": null,
        "Shape_Area": null,
        "Shape_Le_1": null,
        "Shape_Leng": null,
        "Shape_Length": 12284.919465,
        "Stop": null,
        "Stop_Num": null,
        "Symbology": null
      }
    },
    {
      "type": "Feature",
      "geometry": {
        "type": "LineString",
        "coordinates": [
          [
            -104.80433576216888,
            31.78075996878163
          ],
          [
            -104.8044436762502,
            31.72924949865703
          ],
          [
            -104.75911940695765,
            31.72917212913141
          ],
          [
            -104.7587366656234,
            31.780894801175897
          ],
          [
            -104.80426999851055,
            31.78070755338413
          ]
        ]
      },
      "properties": {
        "Abbrev": null,
        "Alpha": null,
        "Area": null,
        "CS_ID": null,
        "CYCLE": null,
        "CycleDsolv": null,
        "DESCRIPT": null,
        "FEATUREKEY": null,
        "FEATUREK_1": null,
        "FEATURETYP": null,
        "FID_": null,
        "FID_Cross_": null,
        "FID_FanGeo": null,
        "FID_Fan_De": null,
        "FID_GIS_Re": null,
        "FID_Photo_": null,
        "FID_ftrip_": null,
        "FID_measur": null,
        "FID_patter": null,
        "FOURTH_ORD": null,
        "FOURTH_O_1": null,
        "FanID": null,
        "Fan_Del": null,
        "Fan_Del_sh": null,
        "FeatureT_1": null,
        "Geo_short": null,
        "Geography": null,
        "Gradient": null,
        "Hyperlink": null,
        "ID": 0,
        "Id": null,
        "Id_1": null,
        "LENGTH": null,
        "Location": null,
        "MAPSYMBOL": null,
        "MAP_SYMBOL": " ",
        "MS_ID": null,
        "MidptX": null,
        "MidptY": null,
        "Mod_names": null,
        "NAME": null,
        "NAME_1": null,
        "Name": "Delaware Mountain study area window",
        "OBJECTID": 56,
        "OBJECTID_1": null,
        "ORDERBY": null,
        "ORIG_FID": null,
        "Offset": null,
        "PATTERNID": null,
        "PERSON": null,
        "PMLABEL": null,
        "PM_NAME": null,
        "PM_NAME_NE": null,
        "Pattern": null,
        "Profile": null,
        "REGION": null,
        "SECTIONARC": null,
        "SECTION_AB": null,
        "SOURCE": null,
        "STRAT_INTE": null,
        "SectionArc": null,
        "Shape_Ar_1": null,
        "Shape_Area": null,
        "Shape_Le_1": null,
        "Shape_Leng": null,
        "Shape_Length": 20047.163625,
        "Stop": null,
        "Stop_Num": null,
        "Symbology": null
      }
    },
    {
      "type": "Feature",
      "geometry": {
        "type": "LineString",
        "coordinates": [
          [
            -104.80154106347426,
            31.75131695082282
          ],
          [
            -104.78268112536061,
            31.751430092109555
          ],
          [
            -104.7829678174684,
            31.77828598491026
          ],
          [
            -104.80182992059186,
            31.778316648312153
          ],
          [
            -104.80154106347426,
            31.75131695082282
          ]
        ]
      },
      "properties": {
        "Abbrev": null,
        "Alpha": null,
        "Area": null,
        "CS_ID": null,
        "CYCLE": null,
        "CycleDsolv": null,
        "DESCRIPT": null,
        "FEATUREKEY": null,
        "FEATUREK_1": null,
        "FEATURETYP": null,
        "FID_": null,
        "FID_Cross_": null,
        "FID_FanGeo": null,
        "FID_Fan_De": null,
        "FID_GIS_Re": null,
        "FID_Photo_": null,
        "FID_ftrip_": null,
        "FID_measur": null,
        "FID_patter": null,
        "FOURTH_ORD": null,
        "FOURTH_O_1": null,
        "FanID": null,
        "Fan_Del": null,
        "Fan_Del_sh": null,
        "FeatureT_1": null,
        "Geo_short": null,
        "Geography": null,
        "Gradient": null,
        "Hyperlink": null,
        "ID": 0,
        "Id": null,
        "Id_1": null,
        "LENGTH": null,
        "Location": null,
        "MAPSYMBOL": null,
        "MAP_SYMBOL": " ",
        "MS_ID": null,
        "MidptX": null,
        "MidptY": null,
        "Mod_names": null,
        "NAME": null,
        "NAME_1": null,
        "Name": "Popo Fault Block Base Map 2",
        "OBJECTID": 57,
        "OBJECTID_1": null,
        "ORDERBY": null,
        "ORIG_FID": null,
        "Offset": null,
        "PATTERNID": null,
        "PERSON": null,
        "PMLABEL": null,
        "PM_NAME": null,
        "PM_NAME_NE": null,
        "Pattern": null,
        "Profile": null,
        "REGION": null,
        "SECTIONARC": null,
        "SECTION_AB": null,
        "SOURCE": null,
        "STRAT_INTE": null,
        "SectionArc": null,
        "Shape_Ar_1": null,
        "Shape_Area": null,
        "Shape_Le_1": null,
        "Shape_Leng": null,
        "Shape_Length": 9541.679101,
        "Stop": null,
        "Stop_Num": null,
        "Symbology": null
      }
    },
    {
      "type": "Feature",
      "geometry": {
        "type": "LineString",
        "coordinates": [
          [
            -104.80154106347426,
            31.75131695082282
          ],
          [
            -104.78268112536061,
            31.751430092109555
          ],
          [
            -104.7829678174684,
            31.77828598491026
          ],
          [
            -104.80182992059186,
            31.778316648312153
          ],
          [
            -104.80154106347426,
            31.75131695082282
          ]
        ]
      },
      "properties": {
        "Abbrev": null,
        "Alpha": null,
        "Area": null,
        "CS_ID": null,
        "CYCLE": null,
        "CycleDsolv": null,
        "DESCRIPT": null,
        "FEATUREKEY": null,
        "FEATUREK_1": null,
        "FEATURETYP": null,
        "FID_": null,
        "FID_Cross_": null,
        "FID_FanGeo": null,
        "FID_Fan_De": null,
        "FID_GIS_Re": null,
        "FID_Photo_": null,
        "FID_ftrip_": null,
        "FID_measur": null,
        "FID_patter": null,
        "FOURTH_ORD": null,
        "FOURTH_O_1": null,
        "FanID": null,
        "Fan_Del": null,
        "Fan_Del_sh": null,
        "FeatureT_1": null,
        "Geo_short": null,
        "Geography": null,
        "Gradient": null,
        "Hyperlink": null,
        "ID": 0,
        "Id": null,
        "Id_1": null,
        "LENGTH": null,
        "Location": null,
        "MAPSYMBOL": null,
        "MAP_SYMBOL": " ",
        "MS_ID": null,
        "MidptX": null,
        "MidptY": null,
        "Mod_names": null,
        "NAME": null,
        "NAME_1": null,
        "Name": "Popo Fault Block Base Map",
        "OBJECTID": 58,
        "OBJECTID_1": null,
        "ORDERBY": null,
        "ORIG_FID": null,
        "Offset": null,
        "PATTERNID": null,
        "PERSON": null,
        "PMLABEL": null,
        "PM_NAME": null,
        "PM_NAME_NE": null,
        "Pattern": null,
        "Profile": null,
        "REGION": null,
        "SECTIONARC": null,
        "SECTION_AB": null,
        "SOURCE": null,
        "STRAT_INTE": null,
        "SectionArc": null,
        "Shape_Ar_1": null,
        "Shape_Area": null,
        "Shape_Le_1": null,
        "Shape_Leng": null,
        "Shape_Length": 9541.679101,
        "Stop": null,
        "Stop_Num": null,
        "Symbology": null
      }
    },
    {
      "type": "Feature",
      "geometry": {
        "type": "LineString",
        "coordinates": [
          [
            -104.77023176111265,
            31.701875071809287
          ],
          [
            -104.7699494394686,
            31.67472064368028
          ],
          [
            -104.73924512549235,
            31.67466180772238
          ],
          [
            -104.7395193776615,
            31.70151785549418
          ],
          [
            -104.77023249335156,
            31.701576678872232
          ]
        ]
      },
      "properties": {
        "Abbrev": null,
        "Alpha": null,
        "Area": null,
        "CS_ID": null,
        "CYCLE": null,
        "CycleDsolv": null,
        "DESCRIPT": null,
        "FEATUREKEY": null,
        "FEATUREK_1": null,
        "FEATURETYP": null,
        "FID_": null,
        "FID_Cross_": null,
        "FID_FanGeo": null,
        "FID_Fan_De": null,
        "FID_GIS_Re": null,
        "FID_Photo_": null,
        "FID_ftrip_": null,
        "FID_measur": null,
        "FID_patter": null,
        "FOURTH_ORD": null,
        "FOURTH_O_1": null,
        "FanID": null,
        "Fan_Del": null,
        "Fan_Del_sh": null,
        "FeatureT_1": null,
        "Geo_short": null,
        "Geography": null,
        "Gradient": null,
        "Hyperlink": null,
        "ID": 0,
        "Id": null,
        "Id_1": null,
        "LENGTH": null,
        "Location": null,
        "MAPSYMBOL": null,
        "MAP_SYMBOL": " ",
        "MS_ID": null,
        "MidptX": null,
        "MidptY": null,
        "Mod_names": null,
        "NAME": null,
        "NAME_1": null,
        "Name": "Rock Art Canyon conduit map",
        "OBJECTID": 59,
        "OBJECTID_1": null,
        "ORDERBY": null,
        "ORIG_FID": null,
        "Offset": null,
        "PATTERNID": null,
        "PERSON": null,
        "PMLABEL": null,
        "PM_NAME": null,
        "PM_NAME_NE": null,
        "Pattern": null,
        "Profile": null,
        "REGION": null,
        "SECTIONARC": null,
        "SECTION_AB": null,
        "SOURCE": null,
        "STRAT_INTE": null,
        "SectionArc": null,
        "Shape_Ar_1": null,
        "Shape_Area": null,
        "Shape_Le_1": null,
        "Shape_Leng": null,
        "Shape_Length": 11807.420347,
        "Stop": null,
        "Stop_Num": null,
        "Symbology": null
      }
    },
    {
      "type": "Feature",
      "geometry": {
        "type": "LineString",
        "coordinates": [
          [
            -104.77645897490639,
            31.68381311197137
          ],
          [
            -104.77672967711393,
            31.664264083512798
          ],
          [
            -104.74555478407176,
            31.663932263649876
          ],
          [
            -104.74480341912346,
            31.683624842223512
          ],
          [
            -104.77655810988685,
            31.68338580928184
          ]
        ]
      },
      "properties": {
        "Abbrev": null,
        "Alpha": null,
        "Area": null,
        "CS_ID": null,
        "CYCLE": null,
        "CycleDsolv": null,
        "DESCRIPT": null,
        "FEATUREKEY": null,
        "FEATUREK_1": null,
        "FEATURETYP": null,
        "FID_": null,
        "FID_Cross_": null,
        "FID_FanGeo": null,
        "FID_Fan_De": null,
        "FID_GIS_Re": null,
        "FID_Photo_": null,
        "FID_ftrip_": null,
        "FID_measur": null,
        "FID_patter": null,
        "FOURTH_ORD": null,
        "FOURTH_O_1": null,
        "FanID": null,
        "Fan_Del": null,
        "Fan_Del_sh": null,
        "FeatureT_1": null,
        "Geo_short": null,
        "Geography": null,
        "Gradient": null,
        "Hyperlink": null,
        "ID": 0,
        "Id": null,
        "Id_1": null,
        "LENGTH": null,
        "Location": null,
        "MAPSYMBOL": null,
        "MAP_SYMBOL": " ",
        "MS_ID": null,
        "MidptX": null,
        "MidptY": null,
        "Mod_names": null,
        "NAME": null,
        "NAME_1": null,
        "Name": "Colleen Canyon base map",
        "OBJECTID": 60,
        "OBJECTID_1": null,
        "ORDERBY": null,
        "ORIG_FID": null,
        "Offset": null,
        "PATTERNID": null,
        "PERSON": null,
        "PMLABEL": null,
        "PM_NAME": null,
        "PM_NAME_NE": null,
        "Pattern": null,
        "Profile": null,
        "REGION": null,
        "SECTIONARC": null,
        "SECTION_AB": null,
        "SOURCE": null,
        "STRAT_INTE": null,
        "SectionArc": null,
        "Shape_Ar_1": null,
        "Shape_Area": null,
        "Shape_Le_1": null,
        "Shape_Leng": null,
        "Shape_Length": 10316.130592,
        "Stop": null,
        "Stop_Num": null,
        "Symbology": null
      }
    },
    {
      "type": "Feature",
      "geometry": {
        "type": "LineString",
        "coordinates": [
          [
            -104.77645897490639,
            31.68381311197137
          ],
          [
            -104.77672967711393,
            31.664264083512798
          ],
          [
            -104.74555478407176,
            31.663932263649876
          ],
          [
            -104.74480341912346,
            31.683624842223512
          ],
          [
            -104.77655810988685,
            31.68338580928184
          ]
        ]
      },
      "properties": {
        "Abbrev": null,
        "Alpha": null,
        "Area": null,
        "CS_ID": null,
        "CYCLE": null,
        "CycleDsolv": null,
        "DESCRIPT": null,
        "FEATUREKEY": null,
        "FEATUREK_1": null,
        "FEATURETYP": null,
        "FID_": null,
        "FID_Cross_": null,
        "FID_FanGeo": null,
        "FID_Fan_De": null,
        "FID_GIS_Re": null,
        "FID_Photo_": null,
        "FID_ftrip_": null,
        "FID_measur": null,
        "FID_patter": null,
        "FOURTH_ORD": null,
        "FOURTH_O_1": null,
        "FanID": null,
        "Fan_Del": null,
        "Fan_Del_sh": null,
        "FeatureT_1": null,
        "Geo_short": null,
        "Geography": null,
        "Gradient": null,
        "Hyperlink": null,
        "ID": 0,
        "Id": null,
        "Id_1": null,
        "LENGTH": null,
        "Location": null,
        "MAPSYMBOL": null,
        "MAP_SYMBOL": " ",
        "MS_ID": null,
        "MidptX": null,
        "MidptY": null,
        "Mod_names": null,
        "NAME": null,
        "NAME_1": null,
        "Name": "Colleen Canyon Xsection locations",
        "OBJECTID": 61,
        "OBJECTID_1": null,
        "ORDERBY": null,
        "ORIG_FID": null,
        "Offset": null,
        "PATTERNID": null,
        "PERSON": null,
        "PMLABEL": null,
        "PM_NAME": null,
        "PM_NAME_NE": null,
        "Pattern": null,
        "Profile": null,
        "REGION": null,
        "SECTIONARC": null,
        "SECTION_AB": null,
        "SOURCE": null,
        "STRAT_INTE": null,
        "SectionArc": null,
        "Shape_Ar_1": null,
        "Shape_Area": null,
        "Shape_Le_1": null,
        "Shape_Leng": null,
        "Shape_Length": 10316.130592,
        "Stop": null,
        "Stop_Num": null,
        "Symbology": null
      }
    },
    {
      "type": "Feature",
      "geometry": {
        "type": "LineString",
        "coordinates": [
          [
            -104.77645897490639,
            31.68381311197137
          ],
          [
            -104.77672967711393,
            31.664264083512798
          ],
          [
            -104.74555478407176,
            31.663932263649876
          ],
          [
            -104.74480341912346,
            31.683624842223512
          ],
          [
            -104.77655810988685,
            31.68338580928184
          ]
        ]
      },
      "properties": {
        "Abbrev": null,
        "Alpha": null,
        "Area": null,
        "CS_ID": null,
        "CYCLE": null,
        "CycleDsolv": null,
        "DESCRIPT": null,
        "FEATUREKEY": null,
        "FEATUREK_1": null,
        "FEATURETYP": null,
        "FID_": null,
        "FID_Cross_": null,
        "FID_FanGeo": null,
        "FID_Fan_De": null,
        "FID_GIS_Re": null,
        "FID_Photo_": null,
        "FID_ftrip_": null,
        "FID_measur": null,
        "FID_patter": null,
        "FOURTH_ORD": null,
        "FOURTH_O_1": null,
        "FanID": null,
        "Fan_Del": null,
        "Fan_Del_sh": null,
        "FeatureT_1": null,
        "Geo_short": null,
        "Geography": null,
        "Gradient": null,
        "Hyperlink": null,
        "ID": 0,
        "Id": null,
        "Id_1": null,
        "LENGTH": null,
        "Location": null,
        "MAPSYMBOL": null,
        "MAP_SYMBOL": " ",
        "MS_ID": null,
        "MidptX": null,
        "MidptY": null,
        "Mod_names": null,
        "NAME": null,
        "NAME_1": null,
        "Name": "Colleen Canyon cycle 5 maps",
        "OBJECTID": 62,
        "OBJECTID_1": null,
        "ORDERBY": null,
        "ORIG_FID": null,
        "Offset": null,
        "PATTERNID": null,
        "PERSON": null,
        "PMLABEL": null,
        "PM_NAME": null,
        "PM_NAME_NE": null,
        "Pattern": null,
        "Profile": null,
        "REGION": null,
        "SECTIONARC": null,
        "SECTION_AB": null,
        "SOURCE": null,
        "STRAT_INTE": null,
        "SectionArc": null,
        "Shape_Ar_1": null,
        "Shape_Area": null,
        "Shape_Le_1": null,
        "Shape_Leng": null,
        "Shape_Length": 10316.130592,
        "Stop": null,
        "Stop_Num": null,
        "Symbology": null
      }
    },
    {
      "type": "Feature",
      "geometry": {
        "type": "LineString",
        "coordinates": [
          [
            -104.77645897490639,
            31.68381311197137
          ],
          [
            -104.77672967711393,
            31.664264083512798
          ],
          [
            -104.74555478407176,
            31.663932263649876
          ],
          [
            -104.74480341912346,
            31.683624842223512
          ],
          [
            -104.77655810988685,
            31.68338580928184
          ]
        ]
      },
      "properties": {
        "Abbrev": null,
        "Alpha": null,
        "Area": null,
        "CS_ID": null,
        "CYCLE": null,
        "CycleDsolv": null,
        "DESCRIPT": null,
        "FEATUREKEY": null,
        "FEATUREK_1": null,
        "FEATURETYP": null,
        "FID_": null,
        "FID_Cross_": null,
        "FID_FanGeo": null,
        "FID_Fan_De": null,
        "FID_GIS_Re": null,
        "FID_Photo_": null,
        "FID_ftrip_": null,
        "FID_measur": null,
        "FID_patter": null,
        "FOURTH_ORD": null,
        "FOURTH_O_1": null,
        "FanID": null,
        "Fan_Del": null,
        "Fan_Del_sh": null,
        "FeatureT_1": null,
        "Geo_short": null,
        "Geography": null,
        "Gradient": null,
        "Hyperlink": null,
        "ID": 0,
        "Id": null,
        "Id_1": null,
        "LENGTH": null,
        "Location": null,
        "MAPSYMBOL": null,
        "MAP_SYMBOL": " ",
        "MS_ID": null,
        "MidptX": null,
        "MidptY": null,
        "Mod_names": null,
        "NAME": null,
        "NAME_1": null,
        "Name": "Colleen Canyon Xsection locations 2",
        "OBJECTID": 63,
        "OBJECTID_1": null,
        "ORDERBY": null,
        "ORIG_FID": null,
        "Offset": null,
        "PATTERNID": null,
        "PERSON": null,
        "PMLABEL": null,
        "PM_NAME": null,
        "PM_NAME_NE": null,
        "Pattern": null,
        "Profile": null,
        "REGION": null,
        "SECTIONARC": null,
        "SECTION_AB": null,
        "SOURCE": null,
        "STRAT_INTE": null,
        "SectionArc": null,
        "Shape_Ar_1": null,
        "Shape_Area": null,
        "Shape_Le_1": null,
        "Shape_Leng": null,
        "Shape_Length": 10316.130592,
        "Stop": null,
        "Stop_Num": null,
        "Symbology": null
      }
    },
    {
      "type": "Feature",
      "geometry": {
        "type": "LineString",
        "coordinates": [
          [
            -104.77645897490639,
            31.68381311197137
          ],
          [
            -104.77672967711393,
            31.664264083512798
          ],
          [
            -104.74555478407176,
            31.663932263649876
          ],
          [
            -104.74480341912346,
            31.683624842223512
          ],
          [
            -104.77655810988685,
            31.68338580928184
          ]
        ]
      },
      "properties": {
        "Abbrev": null,
        "Alpha": null,
        "Area": null,
        "CS_ID": null,
        "CYCLE": null,
        "CycleDsolv": null,
        "DESCRIPT": null,
        "FEATUREKEY": null,
        "FEATUREK_1": null,
        "FEATURETYP": null,
        "FID_": null,
        "FID_Cross_": null,
        "FID_FanGeo": null,
        "FID_Fan_De": null,
        "FID_GIS_Re": null,
        "FID_Photo_": null,
        "FID_ftrip_": null,
        "FID_measur": null,
        "FID_patter": null,
        "FOURTH_ORD": null,
        "FOURTH_O_1": null,
        "FanID": null,
        "Fan_Del": null,
        "Fan_Del_sh": null,
        "FeatureT_1": null,
        "Geo_short": null,
        "Geography": null,
        "Gradient": null,
        "Hyperlink": null,
        "ID": 0,
        "Id": null,
        "Id_1": null,
        "LENGTH": null,
        "Location": null,
        "MAPSYMBOL": null,
        "MAP_SYMBOL": " ",
        "MS_ID": null,
        "MidptX": null,
        "MidptY": null,
        "Mod_names": null,
        "NAME": null,
        "NAME_1": null,
        "Name": "Colleen Canyon base map 2",
        "OBJECTID": 64,
        "OBJECTID_1": null,
        "ORDERBY": null,
        "ORIG_FID": null,
        "Offset": null,
        "PATTERNID": null,
        "PERSON": null,
        "PMLABEL": null,
        "PM_NAME": null,
        "PM_NAME_NE": null,
        "Pattern": null,
        "Profile": null,
        "REGION": null,
        "SECTIONARC": null,
        "SECTION_AB": null,
        "SOURCE": null,
        "STRAT_INTE": null,
        "SectionArc": null,
        "Shape_Ar_1": null,
        "Shape_Area": null,
        "Shape_Le_1": null,
        "Shape_Leng": null,
        "Shape_Length": 10316.130592,
        "Stop": null,
        "Stop_Num": null,
        "Symbology": null
      }
    },
    {
      "type": "Feature",
      "geometry": {
        "type": "LineString",
        "coordinates": [
          [
            -104.67633137269846,
            31.543586874927346
          ],
          [
            -104.752848663843,
            31.543691981273845
          ],
          [
            -104.75262747562074,
            31.62784014713045
          ],
          [
            -104.67555572026544,
            31.627668183460578
          ],
          [
            -104.67633137269846,
            31.543586874927346
          ]
        ]
      },
      "properties": {
        "Abbrev": null,
        "Alpha": null,
        "Area": null,
        "CS_ID": null,
        "CYCLE": null,
        "CycleDsolv": null,
        "DESCRIPT": null,
        "FEATUREKEY": null,
        "FEATUREK_1": null,
        "FEATURETYP": null,
        "FID_": null,
        "FID_Cross_": null,
        "FID_FanGeo": null,
        "FID_Fan_De": null,
        "FID_GIS_Re": null,
        "FID_Photo_": null,
        "FID_ftrip_": null,
        "FID_measur": null,
        "FID_patter": null,
        "FOURTH_ORD": null,
        "FOURTH_O_1": null,
        "FanID": null,
        "Fan_Del": null,
        "Fan_Del_sh": null,
        "FeatureT_1": null,
        "Geo_short": null,
        "Geography": null,
        "Gradient": null,
        "Hyperlink": null,
        "ID": 0,
        "Id": null,
        "Id_1": null,
        "LENGTH": null,
        "Location": null,
        "MAPSYMBOL": null,
        "MAP_SYMBOL": " ",
        "MS_ID": null,
        "MidptX": null,
        "MidptY": null,
        "Mod_names": null,
        "NAME": null,
        "NAME_1": null,
        "Name": "Codorniz Canyon map XS and Photopanel",
        "OBJECTID": 65,
        "OBJECTID_1": null,
        "ORDERBY": null,
        "ORIG_FID": null,
        "Offset": null,
        "PATTERNID": null,
        "PERSON": null,
        "PMLABEL": null,
        "PM_NAME": null,
        "PM_NAME_NE": null,
        "Pattern": null,
        "Profile": null,
        "REGION": null,
        "SECTIONARC": null,
        "SECTION_AB": null,
        "SOURCE": null,
        "STRAT_INTE": null,
        "SectionArc": null,
        "Shape_Ar_1": null,
        "Shape_Area": null,
        "Shape_Le_1": null,
        "Shape_Leng": null,
        "Shape_Length": 33218.221981,
        "Stop": null,
        "Stop_Num": null,
        "Symbology": null
      }
    },
    {
      "type": "Feature",
      "geometry": {
        "type": "LineString",
        "coordinates": [
          [
            -104.67633137269846,
            31.543586874927346
          ],
          [
            -104.752848663843,
            31.543691981273845
          ],
          [
            -104.75262747562074,
            31.62784014713045
          ],
          [
            -104.67555572026544,
            31.627668183460578
          ],
          [
            -104.67633137269846,
            31.543586874927346
          ]
        ]
      },
      "properties": {
        "Abbrev": null,
        "Alpha": null,
        "Area": null,
        "CS_ID": null,
        "CYCLE": null,
        "CycleDsolv": null,
        "DESCRIPT": null,
        "FEATUREKEY": null,
        "FEATUREK_1": null,
        "FEATURETYP": null,
        "FID_": null,
        "FID_Cross_": null,
        "FID_FanGeo": null,
        "FID_Fan_De": null,
        "FID_GIS_Re": null,
        "FID_Photo_": null,
        "FID_ftrip_": null,
        "FID_measur": null,
        "FID_patter": null,
        "FOURTH_ORD": null,
        "FOURTH_O_1": null,
        "FanID": null,
        "Fan_Del": null,
        "Fan_Del_sh": null,
        "FeatureT_1": null,
        "Geo_short": null,
        "Geography": null,
        "Gradient": null,
        "Hyperlink": null,
        "ID": 0,
        "Id": null,
        "Id_1": null,
        "LENGTH": null,
        "Location": null,
        "MAPSYMBOL": null,
        "MAP_SYMBOL": " ",
        "MS_ID": null,
        "MidptX": null,
        "MidptY": null,
        "Mod_names": null,
        "NAME": null,
        "NAME_1": null,
        "Name": "Codorniz Canyon fan conduit map",
        "OBJECTID": 66,
        "OBJECTID_1": null,
        "ORDERBY": null,
        "ORIG_FID": null,
        "Offset": null,
        "PATTERNID": null,
        "PERSON": null,
        "PMLABEL": null,
        "PM_NAME": null,
        "PM_NAME_NE": null,
        "Pattern": null,
        "Profile": null,
        "REGION": null,
        "SECTIONARC": null,
        "SECTION_AB": null,
        "SOURCE": null,
        "STRAT_INTE": null,
        "SectionArc": null,
        "Shape_Ar_1": null,
        "Shape_Area": null,
        "Shape_Le_1": null,
        "Shape_Leng": null,
        "Shape_Length": 33218.221981,
        "Stop": null,
        "Stop_Num": null,
        "Symbology": null
      }
    }
  ]
}