{
  "type": "FeatureCollection",
  "name": "Cross_Sections",
  "crs": {
    "type": "name",
    "properties": {
      "name": "urn:ogc:def:crs:OGC:1.3:CRS84"
    }
  },
  "features": [
    {
      "type": "Feature",
      "geometry": {
        "type": "MultiLineString",
        "coordinates": [
          [
            [
              -104.62739585469551,
              31.44287722881105
            ],
            [
              -104.62707054943155,
              31.476224971956228
            ]
          ],
          [
            [
              -104.6318602180317,
              31.490390657062377
            ],
            [
              -104.62693259860815,
              31.490355405919395
            ]
          ],
          [
            [
              -104.6317011420007,
              31.485416891787285
            ],
            [
              -104.62698114942769,
              31.485383123766905
            ]
          ],
          [
            [
              -104.63108023408066,
              31.481614003289884
            ],
            [
              -104.6270182297481,
              31.481584933505818
            ]
          ],
          [
            [
              -104.62915111752815,
              31.477733282449947
            ],
            [
              -104.62705597312555,
              31.477718273028042
            ]
          ],
          [
            [
              -104.6249520654926,
              31.476209760210395
            ],
            [
              -104.62707054943155,
              31.476224971956228
            ]
          ],
          [
            [
              -104.62707054943155,
              31.476224971956228
            ],
            [
              -104.62705597312555,
              31.477718273028042
            ]
          ],
          [
            [
              -104.62705597312555,
              31.477718273028042
            ],
            [
              -104.6270182297481,
              31.481584933505818
            ]
          ],
          [
            [
              -104.6270182297481,
              31.481584933505818
            ],
            [
              -104.62698114942769,
              31.485383123766905
            ]
          ],
          [
            [
              -104.62698114942769,
              31.485383123766905
            ],
            [
              -104.62693259860815,
              31.490355405919395
            ]
          ],
          [
            [
              -104.62693259860815,
              31.490355405919395
            ],
            [
              -104.62691366580886,
              31.492294227147628
            ]
          ],
          [
            [
              -104.62691366580886,
              31.492294227147628
            ],
            [
              -104.62680405768819,
              31.50351879939039
            ]
          ],
          [
            [
              -104.62691366580886,
              31.492294227147628
            ],
            [
              -104.6251136027959,
              31.492281302531023
            ]
          ]
        ]
      },
      "properties": {
        "Abbrev": null,
        "Alpha": null,
        "Area": null,
        "CS_ID": 119.0,
        "CYCLE": null,
        "CycleDsolv": null,
        "DESCRIPT": null,
        "FEATUREKEY": 41.0,
        "FEATUREK_1": null,
        "FEATURETYP": "Cross_Section",
        "FID_": null,
        "FID_Cross_": null,
        "FID_FanGeo": null,
        "FID_Fan_De": null,
        "FID_GIS_Re": null,
        "FID_Photo_": null,
        "FID_ftrip_": null,
        "FID_measur": null,
        "FID_patter": null,
        "FOURTH_ORD": null,
        "FOURTH_O_1": null,
        "FanID": null,
        "Fan_Del": null,
        "Fan_Del_sh": null,
        "FeatureT_1": null,
        "Geo_short": null,
        "Geography": null,
        "Gradient": null,
        "Hyperlink": null,
        "ID": null,
        "Id": null,
        "Id_1": null,
        "LENGTH": null,
        "Location": null,
        "MAPSYMBOL": "Present",
        "MAP_SYMBOL": null,
        "MS_ID": null,
        "MidptX": null,
        "MidptY": null,
        "Mod_names": null,
        "NAME": "BuckCanyon_to_Terminator",
        "NAME_1": null,
        "Name": null,
        "OBJECTID": null,
        "OBJECTID_1": null,
        "ORDERBY": null,
        "ORIG_FID": null,
        "Offset": null,
        "PATTERNID": null,
        "PERSON": null,
        "PMLABEL": null,
        "PM_NAME": null,
        "PM_NAME_NE": null,
        "Pattern": null,
        "Profile": null,
        "REGION": null,
        "SECTIONARC": null,
        "SECTION_AB": null,
        "SOURCE": "Kling",
        "STRAT_INTE": null,
        "SectionArc": null,
        "Shape_Ar_1": null,
        "Shape_Area": null,
        "Shape_Le_1": null,
        "Shape_Leng": 8594.73128609,
        "Shape_Length": null,
        "Stop": null,
        "Stop_Num": null,
        "Symbology": null
      }
    },
    {
      "type": "Feature",
      "geometry": {
        "type": "LineString",
        "coordinates": [
          [
            -104.64188003775774,
            31.465633390028028
          ],
          [
            -104.63678684383125,
            31.49013829473007
          ],
          [
            -104.63685726749515,
            31.490138494173028
          ]
        ]
      },
      "properties": {
        "Abbrev": null,
        "Alpha": null,
        "Area": null,
        "CS_ID": 0.0,
        "CYCLE": null,
        "CycleDsolv": null,
        "DESCRIPT": null,
        "FEATUREKEY": 1.0,
        "FEATUREK_1": null,
        "FEATURETYP": "Cross_Section",
        "FID_": null,
        "FID_Cross_": null,
        "FID_FanGeo": null,
        "FID_Fan_De": null,
        "FID_GIS_Re": null,
        "FID_Photo_": null,
        "FID_ftrip_": null,
        "FID_measur": null,
        "FID_patter": null,
        "FOURTH_ORD": null,
        "FOURTH_O_1": null,
        "FanID": null,
        "Fan_Del": null,
        "Fan_Del_sh": null,
        "FeatureT_1": null,
        "Geo_short": null,
        "Geography": null,
        "Gradient": null,
        "Hyperlink": null,
        "ID": null,
        "Id": null,
        "Id_1": null,
        "LENGTH": null,
        "Location": null,
        "MAPSYMBOL": "Present",
        "MAP_SYMBOL": null,
        "MS_ID": null,
        "MidptX": null,
        "MidptY": null,
        "Mod_names": null,
        "NAME": "Horst_Block",
        "NAME_1": null,
        "Name": null,
        "OBJECTID": null,
        "OBJECTID_1": null,
        "ORDERBY": null,
        "ORIG_FID": null,
        "Offset": null,
        "PATTERNID": null,
        "PERSON": null,
        "PMLABEL": null,
        "PM_NAME": null,
        "PM_NAME_NE": null,
        "Pattern": null,
        "Profile": null,
        "REGION": null,
        "SECTIONARC": null,
        "SECTION_AB": null,
        "SOURCE": "Kling",
        "STRAT_INTE": null,
        "SectionArc": null,
        "Shape_Ar_1": null,
        "Shape_Area": null,
        "Shape_Le_1": null,
        "Shape_Leng": 2765.40019277,
        "Shape_Length": null,
        "Stop": null,
        "Stop_Num": null,
        "Symbology": null
      }
    },
    {
      "type": "Feature",
      "geometry": {
        "type": "LineString",
        "coordinates": [
          [
            -104.64235580818176,
            31.470136655541236
          ],
          [
            -104.62613391889401,
            31.494893229996663
          ]
        ]
      },
      "properties": {
        "Abbrev": null,
        "Alpha": null,
        "Area": null,
        "CS_ID": 0.0,
        "CYCLE": null,
        "CycleDsolv": null,
        "DESCRIPT": null,
        "FEATUREKEY": 2.0,
        "FEATUREK_1": null,
        "FEATURETYP": "Cross_Section",
        "FID_": null,
        "FID_Cross_": null,
        "FID_FanGeo": null,
        "FID_Fan_De": null,
        "FID_GIS_Re": null,
        "FID_Photo_": null,
        "FID_ftrip_": null,
        "FID_measur": null,
        "FID_patter": null,
        "FOURTH_ORD": null,
        "FOURTH_O_1": null,
        "FanID": null,
        "Fan_Del": null,
        "Fan_Del_sh": null,
        "FeatureT_1": null,
        "Geo_short": null,
        "Geography": null,
        "Gradient": null,
        "Hyperlink": null,
        "ID": null,
        "Id": null,
        "Id_1": null,
        "LENGTH": null,
        "Location": null,
        "MAPSYMBOL": "Present",
        "MAP_SYMBOL": null,
        "MS_ID": null,
        "MidptX": null,
        "MidptY": null,
        "Mod_names": null,
        "NAME": "Complete_Brushy_Section",
        "NAME_1": null,
        "Name": null,
        "OBJECTID": null,
        "OBJECTID_1": null,
        "ORDERBY": null,
        "ORIG_FID": null,
        "Offset": null,
        "PATTERNID": null,
        "PERSON": null,
        "PMLABEL": null,
        "PM_NAME": null,
        "PM_NAME_NE": null,
        "Pattern": null,
        "Profile": null,
        "REGION": null,
        "SECTIONARC": null,
        "SECTION_AB": null,
        "SOURCE": "Kling",
        "STRAT_INTE": null,
        "SectionArc": null,
        "Shape_Ar_1": null,
        "Shape_Area": null,
        "Shape_Le_1": null,
        "Shape_Leng": 3146.87349,
        "Shape_Length": null,
        "Stop": null,
        "Stop_Num": null,
        "Symbology": null
      }
    },
    {
      "type": "Feature",
      "geometry": {
        "type": "LineString",
        "coordinates": [
          [
            -104.60714512774128,
            31.43776570639147
          ],
          [
            -104.62388031352253,
            31.477222931678536
          ],
          [
            -104.62781809648064,
            31.48757758748948
          ],
          [
            -104.68565756048942,
            31.616715030381727
          ]
        ]
      },
      "properties": {
        "Abbrev": null,
        "Alpha": null,
        "Area": null,
        "CS_ID": 135.0,
        "CYCLE": null,
        "CycleDsolv": null,
        "DESCRIPT": null,
        "FEATUREKEY": 52.0,
        "FEATUREK_1": null,
        "FEATURETYP": "Cross_Section",
        "FID_": null,
        "FID_Cross_": null,
        "FID_FanGeo": null,
        "FID_Fan_De": null,
        "FID_GIS_Re": null,
        "FID_Photo_": null,
        "FID_ftrip_": null,
        "FID_measur": null,
        "FID_patter": null,
        "FOURTH_ORD": null,
        "FOURTH_O_1": null,
        "FanID": null,
        "Fan_Del": null,
        "Fan_Del_sh": null,
        "FeatureT_1": null,
        "Geo_short": null,
        "Geography": null,
        "Gradient": null,
        "Hyperlink": null,
        "ID": null,
        "Id": null,
        "Id_1": null,
        "LENGTH": null,
        "Location": null,
        "MAPSYMBOL": "Present",
        "MAP_SYMBOL": null,
        "MS_ID": null,
        "MidptX": null,
        "MidptY": null,
        "Mod_names": null,
        "NAME": "NOC6_to_Terminator",
        "NAME_1": null,
        "Name": null,
        "OBJECTID": null,
        "OBJECTID_1": null,
        "ORDERBY": null,
        "ORIG_FID": null,
        "Offset": null,
        "PATTERNID": null,
        "PERSON": null,
        "PMLABEL": null,
        "PM_NAME": null,
        "PM_NAME_NE": null,
        "Pattern": null,
        "Profile": null,
        "REGION": null,
        "SECTIONARC": null,
        "SECTION_AB": null,
        "SOURCE": "Kling",
        "STRAT_INTE": null,
        "SectionArc": null,
        "Shape_Ar_1": null,
        "Shape_Area": null,
        "Shape_Le_1": null,
        "Shape_Leng": 21189.8548564,
        "Shape_Length": null,
        "Stop": null,
        "Stop_Num": null,
        "Symbology": null
      }
    },
    {
      "type": "Feature",
      "geometry": {
        "type": "MultiLineString",
        "coordinates": [
          [
            [
              -104.64912944290015,
              31.44734389479882
            ],
            [
              -104.63999949209203,
              31.467292941820446
            ]
          ],
          [
            [
              -104.64027368355396,
              31.48695525665114
            ],
            [
              -104.63223465241866,
              31.484251913721202
            ]
          ],
          [
            [
              -104.64269867322449,
              31.48511497958311
            ],
            [
              -104.63328849823588,
              31.481950630503214
            ]
          ],
          [
            [
              -104.63053580961468,
              31.48207516558962
            ],
            [
              -104.63287170505288,
              31.48286079571965
            ]
          ],
          [
            [
              -104.64108063659289,
              31.481512995441555
            ],
            [
              -104.63450193409133,
              31.479300697920532
            ]
          ],
          [
            [
              -104.63041762300593,
              31.47761839384692
            ],
            [
              -104.63462438301909,
              31.479033281105604
            ]
          ],
          [
            [
              -104.62568105187482,
              31.47481454309032
            ],
            [
              -104.63510469765907,
              31.477984305984435
            ]
          ],
          [
            [
              -104.63805506507836,
              31.478686467439374
            ],
            [
              -104.63521978414,
              31.477732962115937
            ]
          ],
          [
            [
              -104.64280600149335,
              31.477847250680014
            ],
            [
              -104.63618665152907,
              31.475621299167948
            ]
          ],
          [
            [
              -104.64381114259928,
              31.475098681036197
            ],
            [
              -104.63741127476541,
              31.472946539978356
            ]
          ],
          [
            [
              -104.63932036090277,
              31.46706454186555
            ],
            [
              -104.63999949209203,
              31.467292941820446
            ]
          ],
          [
            [
              -104.63999949209203,
              31.467292941820446
            ],
            [
              -104.63741127476541,
              31.472946539978356
            ]
          ],
          [
            [
              -104.63741127476541,
              31.472946539978356
            ],
            [
              -104.63618665152907,
              31.475621299167948
            ]
          ],
          [
            [
              -104.63618665152907,
              31.475621299167948
            ],
            [
              -104.63521978414,
              31.477732962115937
            ]
          ],
          [
            [
              -104.63521978414,
              31.477732962115937
            ],
            [
              -104.63510469765907,
              31.477984305984435
            ]
          ],
          [
            [
              -104.63510469765907,
              31.477984305984435
            ],
            [
              -104.63462438301909,
              31.479033281105604
            ]
          ],
          [
            [
              -104.63462438301909,
              31.479033281105604
            ],
            [
              -104.63450193409133,
              31.479300697920532
            ]
          ],
          [
            [
              -104.63450193409133,
              31.479300697920532
            ],
            [
              -104.63328849823588,
              31.481950630503214
            ]
          ],
          [
            [
              -104.63328849823588,
              31.481950630503214
            ],
            [
              -104.63287170505288,
              31.48286079571965
            ]
          ],
          [
            [
              -104.63287170505288,
              31.48286079571965
            ],
            [
              -104.63223465241866,
              31.484251913721202
            ]
          ],
          [
            [
              -104.63223465241866,
              31.484251913721202
            ],
            [
              -104.62299701268822,
              31.504418899802445
            ]
          ]
        ]
      },
      "properties": {
        "Abbrev": null,
        "Alpha": null,
        "Area": null,
        "CS_ID": 134.0,
        "CYCLE": null,
        "CycleDsolv": null,
        "DESCRIPT": null,
        "FEATUREKEY": 51.0,
        "FEATUREK_1": null,
        "FEATURETYP": "Cross_Section",
        "FID_": null,
        "FID_Cross_": null,
        "FID_FanGeo": null,
        "FID_Fan_De": null,
        "FID_GIS_Re": null,
        "FID_Photo_": null,
        "FID_ftrip_": null,
        "FID_measur": null,
        "FID_patter": null,
        "FOURTH_ORD": null,
        "FOURTH_O_1": null,
        "FanID": null,
        "Fan_Del": null,
        "Fan_Del_sh": null,
        "FeatureT_1": null,
        "Geo_short": null,
        "Geography": null,
        "Gradient": null,
        "Hyperlink": null,
        "ID": null,
        "Id": null,
        "Id_1": null,
        "LENGTH": null,
        "Location": null,
        "MAPSYMBOL": "Present",
        "MAP_SYMBOL": null,
        "MS_ID": null,
        "MidptX": null,
        "MidptY": null,
        "Mod_names": null,
        "NAME": "DelawareMountainRanch_Strike",
        "NAME_1": null,
        "Name": null,
        "OBJECTID": null,
        "OBJECTID_1": null,
        "ORDERBY": null,
        "ORIG_FID": null,
        "Offset": null,
        "PATTERNID": null,
        "PERSON": null,
        "PMLABEL": null,
        "PM_NAME": null,
        "PM_NAME_NE": null,
        "Pattern": null,
        "Profile": null,
        "REGION": null,
        "SECTIONARC": null,
        "SECTION_AB": null,
        "SOURCE": "Kling",
        "STRAT_INTE": null,
        "SectionArc": null,
        "Shape_Ar_1": null,
        "Shape_Area": null,
        "Shape_Le_1": null,
        "Shape_Leng": 12563.339738,
        "Shape_Length": null,
        "Stop": null,
        "Stop_Num": null,
        "Symbology": null
      }
    },
    {
      "type": "Feature",
      "geometry": {
        "type": "LineString",
        "coordinates": [
          [
            -104.77465307956439,
            31.637276567733313
          ],
          [
            -104.76837488015791,
            31.64231080641743
          ],
          [
            -104.75201445851555,
            31.64032508934684
          ]
        ]
      },
      "properties": {
        "Abbrev": null,
        "Alpha": null,
        "Area": null,
        "CS_ID": 126.0,
        "CYCLE": null,
        "CycleDsolv": null,
        "DESCRIPT": null,
        "FEATUREKEY": 44.0,
        "FEATUREK_1": null,
        "FEATURETYP": "Cross_Section",
        "FID_": null,
        "FID_Cross_": null,
        "FID_FanGeo": null,
        "FID_Fan_De": null,
        "FID_GIS_Re": null,
        "FID_Photo_": null,
        "FID_ftrip_": null,
        "FID_measur": null,
        "FID_patter": null,
        "FOURTH_ORD": null,
        "FOURTH_O_1": null,
        "FanID": null,
        "Fan_Del": null,
        "Fan_Del_sh": null,
        "FeatureT_1": null,
        "Geo_short": null,
        "Geography": null,
        "Gradient": null,
        "Hyperlink": null,
        "ID": null,
        "Id": null,
        "Id_1": null,
        "LENGTH": null,
        "Location": null,
        "MAPSYMBOL": "Present",
        "MAP_SYMBOL": null,
        "MS_ID": null,
        "MidptX": null,
        "MidptY": null,
        "Mod_names": null,
        "NAME": "CentralHogueCanyon",
        "NAME_1": null,
        "Name": null,
        "OBJECTID": null,
        "OBJECTID_1": null,
        "ORDERBY": null,
        "ORIG_FID": null,
        "Offset": null,
        "PATTERNID": null,
        "PERSON": null,
        "PMLABEL": null,
        "PM_NAME": null,
        "PM_NAME_NE": null,
        "Pattern": null,
        "Profile": null,
        "REGION": null,
        "SECTIONARC": null,
        "SECTION_AB": null,
        "SOURCE": null,
        "STRAT_INTE": null,
        "SectionArc": null,
        "Shape_Ar_1": null,
        "Shape_Area": null,
        "Shape_Le_1": null,
        "Shape_Leng": 2382.81189859,
        "Shape_Length": null,
        "Stop": null,
        "Stop_Num": null,
        "Symbology": null
      }
    },
    {
      "type": "Feature",
      "geometry": {
        "type": "LineString",
        "coordinates": [
          [
            -104.69083633131154,
            31.54445610803793
          ],
          [
            -104.74507643173921,
            31.578706756159935
          ],
          [
            -104.74450773292124,
            31.616116574866037
          ],
          [
            -104.75207792110886,
            31.640396445395176
          ],
          [
            -104.75157905070948,
            31.652261300199132
          ],
          [
            -104.7699234107197,
            31.67224552348869
          ],
          [
            -104.7792480658828,
            31.689542430565137
          ]
        ]
      },
      "properties": {
        "Abbrev": null,
        "Alpha": null,
        "Area": null,
        "CS_ID": 94.0,
        "CYCLE": null,
        "CycleDsolv": null,
        "DESCRIPT": null,
        "FEATUREKEY": 24.0,
        "FEATUREK_1": null,
        "FEATURETYP": "Cross_Section",
        "FID_": null,
        "FID_Cross_": null,
        "FID_FanGeo": null,
        "FID_Fan_De": null,
        "FID_GIS_Re": null,
        "FID_Photo_": null,
        "FID_ftrip_": null,
        "FID_measur": null,
        "FID_patter": null,
        "FOURTH_ORD": null,
        "FOURTH_O_1": null,
        "FanID": null,
        "Fan_Del": null,
        "Fan_Del_sh": null,
        "FeatureT_1": null,
        "Geo_short": null,
        "Geography": null,
        "Gradient": null,
        "Hyperlink": null,
        "ID": null,
        "Id": null,
        "Id_1": null,
        "LENGTH": null,
        "Location": null,
        "MAPSYMBOL": "Present",
        "MAP_SYMBOL": null,
        "MS_ID": null,
        "MidptX": null,
        "MidptY": null,
        "Mod_names": null,
        "NAME": "Regional_LBC_RockArt_Apache",
        "NAME_1": null,
        "Name": null,
        "OBJECTID": null,
        "OBJECTID_1": null,
        "ORDERBY": null,
        "ORIG_FID": null,
        "Offset": null,
        "PATTERNID": null,
        "PERSON": null,
        "PMLABEL": null,
        "PM_NAME": null,
        "PM_NAME_NE": null,
        "Pattern": null,
        "Profile": null,
        "REGION": null,
        "SECTIONARC": null,
        "SECTION_AB": null,
        "SOURCE": null,
        "STRAT_INTE": null,
        "SectionArc": null,
        "Shape_Ar_1": null,
        "Shape_Area": null,
        "Shape_Le_1": null,
        "Shape_Leng": 19570.8259655,
        "Shape_Length": null,
        "Stop": null,
        "Stop_Num": null,
        "Symbology": null
      }
    },
    {
      "type": "Feature",
      "geometry": {
        "type": "LineString",
        "coordinates": [
          [
            -104.7190662000107,
            31.61428574091711
          ],
          [
            -104.7444871875804,
            31.616123762649455
          ],
          [
            -104.77428278941815,
            31.607268134308345
          ]
        ]
      },
      "properties": {
        "Abbrev": null,
        "Alpha": null,
        "Area": null,
        "CS_ID": 127.0,
        "CYCLE": null,
        "CycleDsolv": null,
        "DESCRIPT": null,
        "FEATUREKEY": 45.0,
        "FEATUREK_1": null,
        "FEATURETYP": "Cross_Section",
        "FID_": null,
        "FID_Cross_": null,
        "FID_FanGeo": null,
        "FID_Fan_De": null,
        "FID_GIS_Re": null,
        "FID_Photo_": null,
        "FID_ftrip_": null,
        "FID_measur": null,
        "FID_patter": null,
        "FOURTH_ORD": null,
        "FOURTH_O_1": null,
        "FanID": null,
        "Fan_Del": null,
        "Fan_Del_sh": null,
        "FeatureT_1": null,
        "Geo_short": null,
        "Geography": null,
        "Gradient": null,
        "Hyperlink": null,
        "ID": null,
        "Id": null,
        "Id_1": null,
        "LENGTH": null,
        "Location": null,
        "MAPSYMBOL": "Present",
        "MAP_SYMBOL": null,
        "MS_ID": null,
        "MidptX": null,
        "MidptY": null,
        "Mod_names": null,
        "NAME": "Bitterwell_CookyPoint",
        "NAME_1": null,
        "Name": null,
        "OBJECTID": null,
        "OBJECTID_1": null,
        "ORDERBY": null,
        "ORIG_FID": null,
        "Offset": null,
        "PATTERNID": null,
        "PERSON": null,
        "PMLABEL": null,
        "PM_NAME": null,
        "PM_NAME_NE": null,
        "Pattern": null,
        "Profile": null,
        "REGION": null,
        "SECTIONARC": null,
        "SECTION_AB": null,
        "SOURCE": null,
        "STRAT_INTE": null,
        "SectionArc": null,
        "Shape_Ar_1": null,
        "Shape_Area": null,
        "Shape_Le_1": null,
        "Shape_Leng": 5411.48648142,
        "Shape_Length": null,
        "Stop": null,
        "Stop_Num": null,
        "Symbology": null
      }
    },
    {
      "type": "Feature",
      "geometry": {
        "type": "MultiLineString",
        "coordinates": [
          [
            [
              -104.7207190007786,
              31.57819605685408
            ],
            [
              -104.72707158176343,
              31.572344375538894
            ]
          ],
          [
            [
              -104.72122236848132,
              31.582359663263095
            ],
            [
              -104.72329150920504,
              31.5802198228161
            ],
            [
              -104.71729664091843,
              31.575641610383194
            ]
          ],
          [
            [
              -104.71512659650121,
              31.576039426364826
            ],
            [
              -104.7172641015805,
              31.575665748520954
            ],
            [
              -104.71729664091843,
              31.575641610383194
            ]
          ],
          [
            [
              -104.72184154899904,
              31.572270066956982
            ],
            [
              -104.71729664091843,
              31.575641610383194
            ]
          ],
          [
            [
              -104.71623560420855,
              31.57471744945342
            ],
            [
              -104.71978118077648,
              31.571508759027694
            ]
          ],
          [
            [
              -104.71729664091843,
              31.575641610383194
            ],
            [
              -104.71153154820898,
              31.571238188106864
            ]
          ]
        ]
      },
      "properties": {
        "Abbrev": null,
        "Alpha": null,
        "Area": null,
        "CS_ID": 168.0,
        "CYCLE": null,
        "CycleDsolv": null,
        "DESCRIPT": null,
        "FEATUREKEY": 59.0,
        "FEATUREK_1": null,
        "FEATURETYP": "Cross_Section",
        "FID_": null,
        "FID_Cross_": null,
        "FID_FanGeo": null,
        "FID_Fan_De": null,
        "FID_GIS_Re": null,
        "FID_Photo_": null,
        "FID_ftrip_": null,
        "FID_measur": null,
        "FID_patter": null,
        "FOURTH_ORD": null,
        "FOURTH_O_1": null,
        "FanID": null,
        "Fan_Del": null,
        "Fan_Del_sh": null,
        "FeatureT_1": null,
        "Geo_short": null,
        "Geography": null,
        "Gradient": null,
        "Hyperlink": null,
        "ID": null,
        "Id": null,
        "Id_1": null,
        "LENGTH": null,
        "Location": null,
        "MAPSYMBOL": "Present",
        "MAP_SYMBOL": null,
        "MS_ID": null,
        "MidptX": null,
        "MidptY": null,
        "Mod_names": null,
        "NAME": "Codorniz_Canyon_Fence",
        "NAME_1": null,
        "Name": null,
        "OBJECTID": null,
        "OBJECTID_1": null,
        "ORDERBY": null,
        "ORIG_FID": null,
        "Offset": null,
        "PATTERNID": null,
        "PERSON": null,
        "PMLABEL": null,
        "PM_NAME": null,
        "PM_NAME_NE": null,
        "Pattern": null,
        "Profile": null,
        "REGION": null,
        "SECTIONARC": null,
        "SECTION_AB": null,
        "SOURCE": "Atlas",
        "STRAT_INTE": null,
        "SectionArc": null,
        "Shape_Ar_1": null,
        "Shape_Area": null,
        "Shape_Le_1": null,
        "Shape_Leng": 3959.99444101,
        "Shape_Length": null,
        "Stop": null,
        "Stop_Num": null,
        "Symbology": null
      }
    },
    {
      "type": "Feature",
      "geometry": {
        "type": "LineString",
        "coordinates": [
          [
            -104.74532127704748,
            31.579508652243717
          ],
          [
            -104.747101416321,
            31.6024690279641
          ]
        ]
      },
      "properties": {
        "Abbrev": null,
        "Alpha": null,
        "Area": null,
        "CS_ID": 0.0,
        "CYCLE": null,
        "CycleDsolv": null,
        "DESCRIPT": null,
        "FEATUREKEY": 3.0,
        "FEATUREK_1": null,
        "FEATURETYP": "Cross_Section",
        "FID_": null,
        "FID_Cross_": null,
        "FID_FanGeo": null,
        "FID_Fan_De": null,
        "FID_GIS_Re": null,
        "FID_Photo_": null,
        "FID_ftrip_": null,
        "FID_measur": null,
        "FID_patter": null,
        "FOURTH_ORD": null,
        "FOURTH_O_1": null,
        "FanID": null,
        "Fan_Del": null,
        "Fan_Del_sh": null,
        "FeatureT_1": null,
        "Geo_short": null,
        "Geography": null,
        "Gradient": null,
        "Hyperlink": null,
        "ID": null,
        "Id": null,
        "Id_1": null,
        "LENGTH": null,
        "Location": null,
        "MAPSYMBOL": "Missing",
        "MAP_SYMBOL": null,
        "MS_ID": null,
        "MidptX": null,
        "MidptY": null,
        "Mod_names": null,
        "NAME": "Bitterwell_Canyon",
        "NAME_1": null,
        "Name": null,
        "OBJECTID": null,
        "OBJECTID_1": null,
        "ORDERBY": null,
        "ORIG_FID": null,
        "Offset": null,
        "PATTERNID": null,
        "PERSON": null,
        "PMLABEL": null,
        "PM_NAME": null,
        "PM_NAME_NE": null,
        "Pattern": null,
        "Profile": null,
        "REGION": null,
        "SECTIONARC": null,
        "SECTION_AB": null,
        "SOURCE": "P17 Pieces",
        "STRAT_INTE": null,
        "SectionArc": null,
        "Shape_Ar_1": null,
        "Shape_Area": null,
        "Shape_Le_1": null,
        "Shape_Leng": 2550.41782174,
        "Shape_Length": null,
        "Stop": null,
        "Stop_Num": null,
        "Symbology": null
      }
    },
    {
      "type": "Feature",
      "geometry": {
        "type": "LineString",
        "coordinates": [
          [
            -104.67279452158013,
            31.562891620160844
          ],
          [
            -104.6857660085329,
            31.616800316029394
          ]
        ]
      },
      "properties": {
        "Abbrev": null,
        "Alpha": null,
        "Area": null,
        "CS_ID": 116.0,
        "CYCLE": null,
        "CycleDsolv": null,
        "DESCRIPT": null,
        "FEATUREKEY": 40.0,
        "FEATUREK_1": null,
        "FEATURETYP": "Cross_Section",
        "FID_": null,
        "FID_Cross_": null,
        "FID_FanGeo": null,
        "FID_Fan_De": null,
        "FID_GIS_Re": null,
        "FID_Photo_": null,
        "FID_ftrip_": null,
        "FID_measur": null,
        "FID_patter": null,
        "FOURTH_ORD": null,
        "FOURTH_O_1": null,
        "FanID": null,
        "Fan_Del": null,
        "Fan_Del_sh": null,
        "FeatureT_1": null,
        "Geo_short": null,
        "Geography": null,
        "Gradient": null,
        "Hyperlink": null,
        "ID": null,
        "Id": null,
        "Id_1": null,
        "LENGTH": null,
        "Location": null,
        "MAPSYMBOL": "Present",
        "MAP_SYMBOL": null,
        "MS_ID": null,
        "MidptX": null,
        "MidptY": null,
        "Mod_names": null,
        "NAME": "NOC6_to_SibleyType",
        "NAME_1": null,
        "Name": null,
        "OBJECTID": null,
        "OBJECTID_1": null,
        "ORDERBY": null,
        "ORIG_FID": null,
        "Offset": null,
        "PATTERNID": null,
        "PERSON": null,
        "PMLABEL": null,
        "PM_NAME": null,
        "PM_NAME_NE": null,
        "Pattern": null,
        "Profile": null,
        "REGION": null,
        "SECTIONARC": null,
        "SECTION_AB": null,
        "SOURCE": null,
        "STRAT_INTE": null,
        "SectionArc": null,
        "Shape_Ar_1": null,
        "Shape_Area": null,
        "Shape_Le_1": null,
        "Shape_Leng": 6100.41763779,
        "Shape_Length": null,
        "Stop": null,
        "Stop_Num": null,
        "Symbology": null
      }
    },
    {
      "type": "Feature",
      "geometry": {
        "type": "LineString",
        "coordinates": [
          [
            -104.67734260538774,
            31.567740878441352
          ],
          [
            -104.66949097931996,
            31.5582640684159
          ]
        ]
      },
      "properties": {
        "Abbrev": null,
        "Alpha": null,
        "Area": null,
        "CS_ID": 122.0,
        "CYCLE": null,
        "CycleDsolv": null,
        "DESCRIPT": null,
        "FEATUREKEY": 43.0,
        "FEATUREK_1": null,
        "FEATURETYP": "Cross_Section",
        "FID_": null,
        "FID_Cross_": null,
        "FID_FanGeo": null,
        "FID_Fan_De": null,
        "FID_GIS_Re": null,
        "FID_Photo_": null,
        "FID_ftrip_": null,
        "FID_measur": null,
        "FID_patter": null,
        "FOURTH_ORD": null,
        "FOURTH_O_1": null,
        "FanID": null,
        "Fan_Del": null,
        "Fan_Del_sh": null,
        "FeatureT_1": null,
        "Geo_short": null,
        "Geography": null,
        "Gradient": null,
        "Hyperlink": null,
        "ID": null,
        "Id": null,
        "Id_1": null,
        "LENGTH": null,
        "Location": null,
        "MAPSYMBOL": "Present",
        "MAP_SYMBOL": null,
        "MS_ID": null,
        "MidptX": null,
        "MidptY": null,
        "Mod_names": null,
        "NAME": "SibleyAmp_MBC",
        "NAME_1": null,
        "Name": null,
        "OBJECTID": null,
        "OBJECTID_1": null,
        "ORDERBY": null,
        "ORIG_FID": null,
        "Offset": null,
        "PATTERNID": null,
        "PERSON": null,
        "PMLABEL": null,
        "PM_NAME": null,
        "PM_NAME_NE": null,
        "Pattern": null,
        "Profile": null,
        "REGION": null,
        "SECTIONARC": null,
        "SECTION_AB": null,
        "SOURCE": "Atlas",
        "STRAT_INTE": null,
        "SectionArc": null,
        "Shape_Ar_1": null,
        "Shape_Area": null,
        "Shape_Le_1": null,
        "Shape_Leng": 1287.8142793,
        "Shape_Length": null,
        "Stop": null,
        "Stop_Num": null,
        "Symbology": null
      }
    },
    {
      "type": "Feature",
      "geometry": {
        "type": "MultiLineString",
        "coordinates": [
          [
            [
              -104.73755796558522,
              31.621828576847108
            ],
            [
              -104.71739831864626,
              31.621030916189945
            ]
          ],
          [
            [
              -104.70220881195414,
              31.626234556577096
            ],
            [
              -104.69994279148568,
              31.62033766828011
            ]
          ],
          [
            [
              -104.72208521732067,
              31.621274650938133
            ],
            [
              -104.7234159960686,
              31.62450964173285
            ]
          ],
          [
            [
              -104.7126151619468,
              31.610202013187415
            ],
            [
              -104.71739831864626,
              31.621030916189945
            ]
          ],
          [
            [
              -104.71745545966095,
              31.621160264175995
            ],
            [
              -104.71739831864626,
              31.621030916189945
            ]
          ],
          [
            [
              -104.71739831864626,
              31.621030916189945
            ],
            [
              -104.69994279148568,
              31.62033766828011
            ]
          ],
          [
            [
              -104.69994279148568,
              31.62033766828011
            ],
            [
              -104.6985723623645,
              31.62028313936029
            ]
          ],
          [
            [
              -104.69994279148568,
              31.62033766828011
            ],
            [
              -104.67551948353659,
              31.556731180919634
            ]
          ]
        ]
      },
      "properties": {
        "Abbrev": null,
        "Alpha": null,
        "Area": null,
        "CS_ID": 64.0,
        "CYCLE": null,
        "CycleDsolv": null,
        "DESCRIPT": null,
        "FEATUREKEY": 10.0,
        "FEATUREK_1": null,
        "FEATURETYP": "Cross_Section",
        "FID_": null,
        "FID_Cross_": null,
        "FID_FanGeo": null,
        "FID_Fan_De": null,
        "FID_GIS_Re": null,
        "FID_Photo_": null,
        "FID_ftrip_": null,
        "FID_measur": null,
        "FID_patter": null,
        "FOURTH_ORD": null,
        "FOURTH_O_1": null,
        "FanID": null,
        "Fan_Del": null,
        "Fan_Del_sh": null,
        "FeatureT_1": null,
        "Geo_short": null,
        "Geography": null,
        "Gradient": null,
        "Hyperlink": null,
        "ID": null,
        "Id": null,
        "Id_1": null,
        "LENGTH": null,
        "Location": null,
        "MAPSYMBOL": "Present",
        "MAP_SYMBOL": null,
        "MS_ID": null,
        "MidptX": null,
        "MidptY": null,
        "Mod_names": null,
        "NAME": "MiddleBrushyCanyon_SibleyRanch",
        "NAME_1": null,
        "Name": null,
        "OBJECTID": null,
        "OBJECTID_1": null,
        "ORDERBY": null,
        "ORIG_FID": null,
        "Offset": null,
        "PATTERNID": null,
        "PERSON": null,
        "PMLABEL": null,
        "PM_NAME": null,
        "PM_NAME_NE": null,
        "Pattern": null,
        "Profile": null,
        "REGION": null,
        "SECTIONARC": null,
        "SECTION_AB": null,
        "SOURCE": null,
        "STRAT_INTE": null,
        "SectionArc": null,
        "Shape_Ar_1": null,
        "Shape_Area": null,
        "Shape_Le_1": null,
        "Shape_Leng": 13488.8799629,
        "Shape_Length": null,
        "Stop": null,
        "Stop_Num": null,
        "Symbology": null
      }
    },
    {
      "type": "Feature",
      "geometry": {
        "type": "MultiLineString",
        "coordinates": [
          [
            [
              -104.7676564345631,
              31.67704772780808
            ],
            [
              -104.77024198659197,
              31.67201636489329
            ],
            [
              -104.76065101339108,
              31.668613227902107
            ],
            [
              -104.75774118160886,
              31.66759449103838
            ]
          ],
          [
            [
              -104.76411136570312,
              31.669931557056007
            ],
            [
              -104.76028141952717,
              31.677711242401106
            ]
          ],
          [
            [
              -104.7532529268231,
              31.678290359491946
            ],
            [
              -104.75774118160886,
              31.66759449103838
            ]
          ],
          [
            [
              -104.75813251198622,
              31.666661794046583
            ],
            [
              -104.75774118160886,
              31.66759449103838
            ]
          ],
          [
            [
              -104.75774118160886,
              31.66759449103838
            ],
            [
              -104.75773427300821,
              31.66759207261811
            ]
          ]
        ]
      },
      "properties": {
        "Abbrev": null,
        "Alpha": null,
        "Area": null,
        "CS_ID": 145.0,
        "CYCLE": null,
        "CycleDsolv": null,
        "DESCRIPT": null,
        "FEATUREKEY": 53.0,
        "FEATUREK_1": null,
        "FEATURETYP": "Cross_Section",
        "FID_": null,
        "FID_Cross_": null,
        "FID_FanGeo": null,
        "FID_Fan_De": null,
        "FID_GIS_Re": null,
        "FID_Photo_": null,
        "FID_ftrip_": null,
        "FID_measur": null,
        "FID_patter": null,
        "FOURTH_ORD": null,
        "FOURTH_O_1": null,
        "FanID": null,
        "Fan_Del": null,
        "Fan_Del_sh": null,
        "FeatureT_1": null,
        "Geo_short": null,
        "Geography": null,
        "Gradient": null,
        "Hyperlink": null,
        "ID": null,
        "Id": null,
        "Id_1": null,
        "LENGTH": null,
        "Location": null,
        "MAPSYMBOL": "Present",
        "MAP_SYMBOL": null,
        "MS_ID": null,
        "MidptX": null,
        "MidptY": null,
        "Mod_names": null,
        "NAME": "ColleenCanyon_Fence",
        "NAME_1": null,
        "Name": null,
        "OBJECTID": null,
        "OBJECTID_1": null,
        "ORDERBY": null,
        "ORIG_FID": null,
        "Offset": null,
        "PATTERNID": null,
        "PERSON": null,
        "PMLABEL": null,
        "PM_NAME": null,
        "PM_NAME_NE": null,
        "Pattern": null,
        "Profile": null,
        "REGION": null,
        "SECTIONARC": null,
        "SECTION_AB": null,
        "SOURCE": null,
        "STRAT_INTE": null,
        "SectionArc": null,
        "Shape_Ar_1": null,
        "Shape_Area": null,
        "Shape_Le_1": null,
        "Shape_Leng": 4197.14617753,
        "Shape_Length": null,
        "Stop": null,
        "Stop_Num": null,
        "Symbology": null
      }
    },
    {
      "type": "Feature",
      "geometry": {
        "type": "LineString",
        "coordinates": [
          [
            -104.75068103456272,
            31.69333130102509
          ],
          [
            -104.74688791013244,
            31.6820632553921
          ]
        ]
      },
      "properties": {
        "Abbrev": null,
        "Alpha": null,
        "Area": null,
        "CS_ID": 76.0,
        "CYCLE": null,
        "CycleDsolv": null,
        "DESCRIPT": null,
        "FEATUREKEY": 16.0,
        "FEATUREK_1": null,
        "FEATURETYP": "Cross_Section",
        "FID_": null,
        "FID_Cross_": null,
        "FID_FanGeo": null,
        "FID_Fan_De": null,
        "FID_GIS_Re": null,
        "FID_Photo_": null,
        "FID_ftrip_": null,
        "FID_measur": null,
        "FID_patter": null,
        "FOURTH_ORD": null,
        "FOURTH_O_1": null,
        "FanID": null,
        "Fan_Del": null,
        "Fan_Del_sh": null,
        "FeatureT_1": null,
        "Geo_short": null,
        "Geography": null,
        "Gradient": null,
        "Hyperlink": null,
        "ID": null,
        "Id": null,
        "Id_1": null,
        "LENGTH": null,
        "Location": null,
        "MAPSYMBOL": "Present",
        "MAP_SYMBOL": null,
        "MS_ID": null,
        "MidptX": null,
        "MidptY": null,
        "Mod_names": null,
        "NAME": "ColleenCanyonAtoA'",
        "NAME_1": null,
        "Name": null,
        "OBJECTID": null,
        "OBJECTID_1": null,
        "ORDERBY": null,
        "ORIG_FID": null,
        "Offset": null,
        "PATTERNID": null,
        "PERSON": null,
        "PMLABEL": null,
        "PM_NAME": null,
        "PM_NAME_NE": null,
        "Pattern": null,
        "Profile": null,
        "REGION": null,
        "SECTIONARC": null,
        "SECTION_AB": null,
        "SOURCE": "Atlas",
        "STRAT_INTE": null,
        "SectionArc": null,
        "Shape_Ar_1": null,
        "Shape_Area": null,
        "Shape_Le_1": null,
        "Shape_Leng": 1299.62398982,
        "Shape_Length": null,
        "Stop": null,
        "Stop_Num": null,
        "Symbology": null
      }
    },
    {
      "type": "Feature",
      "geometry": {
        "type": "LineString",
        "coordinates": [
          [
            -104.76141531356798,
            31.685784154072056
          ],
          [
            -104.75940563030774,
            31.68723337477549
          ]
        ]
      },
      "properties": {
        "Abbrev": null,
        "Alpha": null,
        "Area": null,
        "CS_ID": 77.0,
        "CYCLE": null,
        "CycleDsolv": null,
        "DESCRIPT": null,
        "FEATUREKEY": 17.0,
        "FEATUREK_1": null,
        "FEATURETYP": "Cross_Section",
        "FID_": null,
        "FID_Cross_": null,
        "FID_FanGeo": null,
        "FID_Fan_De": null,
        "FID_GIS_Re": null,
        "FID_Photo_": null,
        "FID_ftrip_": null,
        "FID_measur": null,
        "FID_patter": null,
        "FOURTH_ORD": null,
        "FOURTH_O_1": null,
        "FanID": null,
        "Fan_Del": null,
        "Fan_Del_sh": null,
        "FeatureT_1": null,
        "Geo_short": null,
        "Geography": null,
        "Gradient": null,
        "Hyperlink": null,
        "ID": null,
        "Id": null,
        "Id_1": null,
        "LENGTH": null,
        "Location": null,
        "MAPSYMBOL": "Present",
        "MAP_SYMBOL": null,
        "MS_ID": null,
        "MidptX": null,
        "MidptY": null,
        "Mod_names": null,
        "NAME": "ColleenCanyonBtoB'",
        "NAME_1": null,
        "Name": null,
        "OBJECTID": null,
        "OBJECTID_1": null,
        "ORDERBY": null,
        "ORIG_FID": null,
        "Offset": null,
        "PATTERNID": null,
        "PERSON": null,
        "PMLABEL": null,
        "PM_NAME": null,
        "PM_NAME_NE": null,
        "Pattern": null,
        "Profile": null,
        "REGION": null,
        "SECTIONARC": null,
        "SECTION_AB": null,
        "SOURCE": "Atlas",
        "STRAT_INTE": null,
        "SectionArc": null,
        "Shape_Ar_1": null,
        "Shape_Area": null,
        "Shape_Le_1": null,
        "Shape_Leng": 249.160868083,
        "Shape_Length": null,
        "Stop": null,
        "Stop_Num": null,
        "Symbology": null
      }
    },
    {
      "type": "Feature",
      "geometry": {
        "type": "LineString",
        "coordinates": [
          [
            -104.7545220954582,
            31.686598509544773
          ],
          [
            -104.75583732499759,
            31.689042843576093
          ]
        ]
      },
      "properties": {
        "Abbrev": null,
        "Alpha": null,
        "Area": null,
        "CS_ID": 78.0,
        "CYCLE": null,
        "CycleDsolv": null,
        "DESCRIPT": null,
        "FEATUREKEY": 18.0,
        "FEATUREK_1": null,
        "FEATURETYP": "Cross_Section",
        "FID_": null,
        "FID_Cross_": null,
        "FID_FanGeo": null,
        "FID_Fan_De": null,
        "FID_GIS_Re": null,
        "FID_Photo_": null,
        "FID_ftrip_": null,
        "FID_measur": null,
        "FID_patter": null,
        "FOURTH_ORD": null,
        "FOURTH_O_1": null,
        "FanID": null,
        "Fan_Del": null,
        "Fan_Del_sh": null,
        "FeatureT_1": null,
        "Geo_short": null,
        "Geography": null,
        "Gradient": null,
        "Hyperlink": null,
        "ID": null,
        "Id": null,
        "Id_1": null,
        "LENGTH": null,
        "Location": null,
        "MAPSYMBOL": "Present",
        "MAP_SYMBOL": null,
        "MS_ID": null,
        "MidptX": null,
        "MidptY": null,
        "Mod_names": null,
        "NAME": "ColleenCanyonCtoC'",
        "NAME_1": null,
        "Name": null,
        "OBJECTID": null,
        "OBJECTID_1": null,
        "ORDERBY": null,
        "ORIG_FID": null,
        "Offset": null,
        "PATTERNID": null,
        "PERSON": null,
        "PMLABEL": null,
        "PM_NAME": null,
        "PM_NAME_NE": null,
        "Pattern": null,
        "Profile": null,
        "REGION": null,
        "SECTIONARC": null,
        "SECTION_AB": null,
        "SOURCE": "Atlas",
        "STRAT_INTE": null,
        "SectionArc": null,
        "Shape_Ar_1": null,
        "Shape_Area": null,
        "Shape_Le_1": null,
        "Shape_Leng": 298.222650191,
        "Shape_Length": null,
        "Stop": null,
        "Stop_Num": null,
        "Symbology": null
      }
    },
    {
      "type": "Feature",
      "geometry": {
        "type": "LineString",
        "coordinates": [
          [
            -104.75322204148883,
            31.687383040584503
          ],
          [
            -104.75211055384155,
            31.688248645065038
          ]
        ]
      },
      "properties": {
        "Abbrev": null,
        "Alpha": null,
        "Area": null,
        "CS_ID": 79.0,
        "CYCLE": null,
        "CycleDsolv": null,
        "DESCRIPT": null,
        "FEATUREKEY": 19.0,
        "FEATUREK_1": null,
        "FEATURETYP": "Cross_Section",
        "FID_": null,
        "FID_Cross_": null,
        "FID_FanGeo": null,
        "FID_Fan_De": null,
        "FID_GIS_Re": null,
        "FID_Photo_": null,
        "FID_ftrip_": null,
        "FID_measur": null,
        "FID_patter": null,
        "FOURTH_ORD": null,
        "FOURTH_O_1": null,
        "FanID": null,
        "Fan_Del": null,
        "Fan_Del_sh": null,
        "FeatureT_1": null,
        "Geo_short": null,
        "Geography": null,
        "Gradient": null,
        "Hyperlink": null,
        "ID": null,
        "Id": null,
        "Id_1": null,
        "LENGTH": null,
        "Location": null,
        "MAPSYMBOL": "Present",
        "MAP_SYMBOL": null,
        "MS_ID": null,
        "MidptX": null,
        "MidptY": null,
        "Mod_names": null,
        "NAME": "ColleenCanyonDtoD'",
        "NAME_1": null,
        "Name": null,
        "OBJECTID": null,
        "OBJECTID_1": null,
        "ORDERBY": null,
        "ORIG_FID": null,
        "Offset": null,
        "PATTERNID": null,
        "PERSON": null,
        "PMLABEL": null,
        "PM_NAME": null,
        "PM_NAME_NE": null,
        "Pattern": null,
        "Profile": null,
        "REGION": null,
        "SECTIONARC": null,
        "SECTION_AB": null,
        "SOURCE": "Atlas",
        "STRAT_INTE": null,
        "SectionArc": null,
        "Shape_Ar_1": null,
        "Shape_Area": null,
        "Shape_Le_1": null,
        "Shape_Leng": 142.484436451,
        "Shape_Length": null,
        "Stop": null,
        "Stop_Num": null,
        "Symbology": null
      }
    },
    {
      "type": "Feature",
      "geometry": {
        "type": "LineString",
        "coordinates": [
          [
            -104.7469576739231,
            31.682446819639047
          ],
          [
            -104.74506787892399,
            31.683129203867875
          ]
        ]
      },
      "properties": {
        "Abbrev": null,
        "Alpha": null,
        "Area": null,
        "CS_ID": 80.0,
        "CYCLE": null,
        "CycleDsolv": null,
        "DESCRIPT": null,
        "FEATUREKEY": 20.0,
        "FEATUREK_1": null,
        "FEATURETYP": "Cross_Section",
        "FID_": null,
        "FID_Cross_": null,
        "FID_FanGeo": null,
        "FID_Fan_De": null,
        "FID_GIS_Re": null,
        "FID_Photo_": null,
        "FID_ftrip_": null,
        "FID_measur": null,
        "FID_patter": null,
        "FOURTH_ORD": null,
        "FOURTH_O_1": null,
        "FanID": null,
        "Fan_Del": null,
        "Fan_Del_sh": null,
        "FeatureT_1": null,
        "Geo_short": null,
        "Geography": null,
        "Gradient": null,
        "Hyperlink": null,
        "ID": null,
        "Id": null,
        "Id_1": null,
        "LENGTH": null,
        "Location": null,
        "MAPSYMBOL": "Present",
        "MAP_SYMBOL": null,
        "MS_ID": null,
        "MidptX": null,
        "MidptY": null,
        "Mod_names": null,
        "NAME": "ColleenCanyonEtoE'",
        "NAME_1": null,
        "Name": null,
        "OBJECTID": null,
        "OBJECTID_1": null,
        "ORDERBY": null,
        "ORIG_FID": null,
        "Offset": null,
        "PATTERNID": null,
        "PERSON": null,
        "PMLABEL": null,
        "PM_NAME": null,
        "PM_NAME_NE": null,
        "Pattern": null,
        "Profile": null,
        "REGION": null,
        "SECTIONARC": null,
        "SECTION_AB": null,
        "SOURCE": "Atlas",
        "STRAT_INTE": null,
        "SectionArc": null,
        "Shape_Ar_1": null,
        "Shape_Area": null,
        "Shape_Le_1": null,
        "Shape_Leng": 194.427333595,
        "Shape_Length": null,
        "Stop": null,
        "Stop_Num": null,
        "Symbology": null
      }
    },
    {
      "type": "Feature",
      "geometry": {
        "type": "MultiLineString",
        "coordinates": [
          [
            [
              -104.76354567382039,
              31.685880812045
            ],
            [
              -104.76094227910028,
              31.689968751832254
            ]
          ],
          [
            [
              -104.75499250317868,
              31.699350832047116
            ],
            [
              -104.76022287198734,
              31.701914809269976
            ]
          ],
          [
            [
              -104.75608160559996,
              31.691816839260063
            ],
            [
              -104.75886361674938,
              31.693232440118553
            ]
          ],
          [
            [
              -104.75888058091394,
              31.69324107212536
            ],
            [
              -104.75886361674938,
              31.693232440118553
            ]
          ],
          [
            [
              -104.7598428577464,
              31.691887017737617
            ],
            [
              -104.76197938233263,
              31.692805429929777
            ]
          ],
          [
            [
              -104.76017676172009,
              31.69109935123493
            ],
            [
              -104.75627278719763,
              31.68920007054242
            ]
          ],
          [
            [
              -104.76154334927304,
              31.69025054848358
            ],
            [
              -104.76094227910028,
              31.689968751832254
            ]
          ],
          [
            [
              -104.76258353643874,
              31.687225435784363
            ],
            [
              -104.75934275819655,
              31.685579731273577
            ]
          ],
          [
            [
              -104.76094227910028,
              31.689968751832254
            ],
            [
              -104.75886361674938,
              31.693232440118553
            ]
          ],
          [
            [
              -104.76094227910028,
              31.689968751832254
            ],
            [
              -104.76032789148742,
              31.68968070654805
            ]
          ],
          [
            [
              -104.75886361674938,
              31.693232440118553
            ],
            [
              -104.75417790535488,
              31.700588463546122
            ],
            [
              -104.75421470304563,
              31.700620066173492
            ]
          ]
        ]
      },
      "properties": {
        "Abbrev": null,
        "Alpha": null,
        "Area": null,
        "CS_ID": 115.0,
        "CYCLE": null,
        "CycleDsolv": null,
        "DESCRIPT": null,
        "FEATUREKEY": 39.0,
        "FEATUREK_1": null,
        "FEATURETYP": "Cross_Section",
        "FID_": null,
        "FID_Cross_": null,
        "FID_FanGeo": null,
        "FID_Fan_De": null,
        "FID_GIS_Re": null,
        "FID_Photo_": null,
        "FID_ftrip_": null,
        "FID_measur": null,
        "FID_patter": null,
        "FOURTH_ORD": null,
        "FOURTH_O_1": null,
        "FanID": null,
        "Fan_Del": null,
        "Fan_Del_sh": null,
        "FeatureT_1": null,
        "Geo_short": null,
        "Geography": null,
        "Gradient": null,
        "Hyperlink": null,
        "ID": null,
        "Id": null,
        "Id_1": null,
        "LENGTH": null,
        "Location": null,
        "MAPSYMBOL": "Present",
        "MAP_SYMBOL": null,
        "MS_ID": null,
        "MidptX": null,
        "MidptY": null,
        "Mod_names": null,
        "NAME": "RockArt_Epiphany_UpperCulverts",
        "NAME_1": null,
        "Name": null,
        "OBJECTID": null,
        "OBJECTID_1": null,
        "ORDERBY": null,
        "ORIG_FID": null,
        "Offset": null,
        "PATTERNID": null,
        "PERSON": null,
        "PMLABEL": null,
        "PM_NAME": null,
        "PM_NAME_NE": null,
        "Pattern": null,
        "Profile": null,
        "REGION": null,
        "SECTIONARC": null,
        "SECTION_AB": null,
        "SOURCE": null,
        "STRAT_INTE": null,
        "SectionArc": null,
        "Shape_Ar_1": null,
        "Shape_Area": null,
        "Shape_Le_1": null,
        "Shape_Leng": 3882.10056154,
        "Shape_Length": null,
        "Stop": null,
        "Stop_Num": null,
        "Symbology": null
      }
    },
    {
      "type": "Feature",
      "geometry": {
        "type": "LineString",
        "coordinates": [
          [
            -104.78892142217735,
            31.763927254255783
          ],
          [
            -104.76550070804421,
            31.722787350830895
          ],
          [
            -104.77497900815588,
            31.68606356329636
          ]
        ]
      },
      "properties": {
        "Abbrev": null,
        "Alpha": null,
        "Area": null,
        "CS_ID": 98.0,
        "CYCLE": null,
        "CycleDsolv": null,
        "DESCRIPT": null,
        "FEATUREKEY": 25.0,
        "FEATUREK_1": null,
        "FEATURETYP": "Cross_Section",
        "FID_": null,
        "FID_Cross_": null,
        "FID_FanGeo": null,
        "FID_Fan_De": null,
        "FID_GIS_Re": null,
        "FID_Photo_": null,
        "FID_ftrip_": null,
        "FID_measur": null,
        "FID_patter": null,
        "FOURTH_ORD": null,
        "FOURTH_O_1": null,
        "FanID": null,
        "Fan_Del": null,
        "Fan_Del_sh": null,
        "FeatureT_1": null,
        "Geo_short": null,
        "Geography": null,
        "Gradient": null,
        "Hyperlink": null,
        "ID": null,
        "Id": null,
        "Id_1": null,
        "LENGTH": null,
        "Location": null,
        "MAPSYMBOL": "Present",
        "MAP_SYMBOL": null,
        "MS_ID": null,
        "MidptX": null,
        "MidptY": null,
        "Mod_names": null,
        "NAME": "Regional_F5_Atlas",
        "NAME_1": null,
        "Name": null,
        "OBJECTID": null,
        "OBJECTID_1": null,
        "ORDERBY": null,
        "ORIG_FID": null,
        "Offset": null,
        "PATTERNID": null,
        "PERSON": null,
        "PMLABEL": null,
        "PM_NAME": null,
        "PM_NAME_NE": null,
        "Pattern": null,
        "Profile": null,
        "REGION": null,
        "SECTIONARC": null,
        "SECTION_AB": null,
        "SOURCE": "Atlas",
        "STRAT_INTE": null,
        "SectionArc": null,
        "Shape_Ar_1": null,
        "Shape_Area": null,
        "Shape_Le_1": null,
        "Shape_Leng": 9239.11409014,
        "Shape_Length": null,
        "Stop": null,
        "Stop_Num": null,
        "Symbology": null
      }
    },
    {
      "type": "Feature",
      "geometry": {
        "type": "MultiLineString",
        "coordinates": [
          [
            [
              -104.69237577785297,
              31.54573512853922
            ],
            [
              -104.6955446542389,
              31.550884000403084
            ],
            [
              -104.6990970468358,
              31.551154699186874
            ],
            [
              -104.70771802254227,
              31.55668318252184
            ],
            [
              -104.70779344251211,
              31.556897810169378
            ]
          ],
          [
            [
              -104.69556040949368,
              31.54600504147023
            ],
            [
              -104.68821171518196,
              31.54525290805528
            ]
          ],
          [
            [
              -104.70913006403114,
              31.55574207241356
            ],
            [
              -104.70779344251211,
              31.556897810169378
            ]
          ],
          [
            [
              -104.71642972055282,
              31.573123417768947
            ],
            [
              -104.72183032396696,
              31.570354755177668
            ]
          ],
          [
            [
              -104.71507273652746,
              31.57605828806161
            ],
            [
              -104.71763673160261,
              31.57439328405534
            ]
          ],
          [
            [
              -104.72360684966634,
              31.570515983803148
            ],
            [
              -104.71763673160261,
              31.57439328405534
            ]
          ],
          [
            [
              -104.7207065282607,
              31.577382238819535
            ],
            [
              -104.72072016116138,
              31.57737062597211
            ]
          ],
          [
            [
              -104.72672688204987,
              31.5722539230801
            ],
            [
              -104.72072016116138,
              31.57737062597211
            ]
          ],
          [
            [
              -104.72265513067411,
              31.581583437231096
            ],
            [
              -104.72394529797687,
              31.580484517567896
            ]
          ],
          [
            [
              -104.72529686904974,
              31.5793332543913
            ],
            [
              -104.72394529797687,
              31.580484517567896
            ]
          ],
          [
            [
              -104.72394529797687,
              31.580484517567896
            ],
            [
              -104.72072016116138,
              31.57737062597211
            ]
          ],
          [
            [
              -104.72072016116138,
              31.57737062597211
            ],
            [
              -104.71763673160261,
              31.57439328405534
            ]
          ],
          [
            [
              -104.71763673160261,
              31.57439328405534
            ],
            [
              -104.71343559591281,
              31.57033626617341
            ],
            [
              -104.71669801662397,
              31.56541207135545
            ],
            [
              -104.70917562893003,
              31.56083101492145
            ],
            [
              -104.70779344251211,
              31.556897810169378
            ]
          ],
          [
            [
              -104.70779344251211,
              31.556897810169378
            ],
            [
              -104.70507552370681,
              31.559247781521172
            ]
          ]
        ]
      },
      "properties": {
        "Abbrev": null,
        "Alpha": null,
        "Area": null,
        "CS_ID": 53.0,
        "CYCLE": null,
        "CycleDsolv": null,
        "DESCRIPT": null,
        "FEATUREKEY": 8.0,
        "FEATUREK_1": null,
        "FEATURETYP": "Cross_Section",
        "FID_": null,
        "FID_Cross_": null,
        "FID_FanGeo": null,
        "FID_Fan_De": null,
        "FID_GIS_Re": null,
        "FID_Photo_": null,
        "FID_ftrip_": null,
        "FID_measur": null,
        "FID_patter": null,
        "FOURTH_ORD": null,
        "FOURTH_O_1": null,
        "FanID": null,
        "Fan_Del": null,
        "Fan_Del_sh": null,
        "FeatureT_1": null,
        "Geo_short": null,
        "Geography": null,
        "Gradient": null,
        "Hyperlink": null,
        "ID": null,
        "Id": null,
        "Id_1": null,
        "LENGTH": null,
        "Location": null,
        "MAPSYMBOL": "Present",
        "MAP_SYMBOL": null,
        "MS_ID": null,
        "MidptX": null,
        "MidptY": null,
        "Mod_names": null,
        "NAME": "LowerBrushyCanyon_Jane'sMesa",
        "NAME_1": null,
        "Name": null,
        "OBJECTID": null,
        "OBJECTID_1": null,
        "ORDERBY": null,
        "ORIG_FID": null,
        "Offset": null,
        "PATTERNID": null,
        "PERSON": null,
        "PMLABEL": null,
        "PM_NAME": null,
        "PM_NAME_NE": null,
        "Pattern": null,
        "Profile": null,
        "REGION": null,
        "SECTIONARC": null,
        "SECTION_AB": null,
        "SOURCE": "Atlas",
        "STRAT_INTE": null,
        "SectionArc": null,
        "Shape_Ar_1": null,
        "Shape_Area": null,
        "Shape_Le_1": null,
        "Shape_Leng": 9515.13922224,
        "Shape_Length": null,
        "Stop": null,
        "Stop_Num": null,
        "Symbology": null
      }
    },
    {
      "type": "Feature",
      "geometry": {
        "type": "MultiLineString",
        "coordinates": [
          [
            [
              -104.75943130212798,
              31.680530599472878
            ],
            [
              -104.75897062362516,
              31.679697398945223
            ]
          ],
          [
            [
              -104.75392437484608,
              31.670426732151444
            ],
            [
              -104.7548138566928,
              31.669972607448795
            ]
          ],
          [
            [
              -104.75010983626096,
              31.673262861353944
            ],
            [
              -104.75439908248102,
              31.67142823460126
            ]
          ],
          [
            [
              -104.75440397865388,
              31.67142613999284
            ],
            [
              -104.75439908248102,
              31.67142823460126
            ]
          ],
          [
            [
              -104.75236018007212,
              31.67650146194965
            ],
            [
              -104.75629142655629,
              31.674851370024584
            ]
          ],
          [
            [
              -104.75632401654192,
              31.67483768929784
            ],
            [
              -104.75629142655629,
              31.674851370024584
            ]
          ],
          [
            [
              -104.7564719673556,
              31.67650935108067
            ],
            [
              -104.7570816264116,
              31.67631515418844
            ]
          ],
          [
            [
              -104.75862743375673,
              31.677273151989084
            ],
            [
              -104.75786503323016,
              31.67764071864852
            ]
          ],
          [
            [
              -104.75827002304327,
              31.678075608239187
            ],
            [
              -104.75811762076184,
              31.67811873291906
            ]
          ],
          [
            [
              -104.75775678549775,
              31.680245260703142
            ],
            [
              -104.75897062362516,
              31.679697398945223
            ]
          ],
          [
            [
              -104.75900197328755,
              31.679683249665974
            ],
            [
              -104.75897062362516,
              31.679697398945223
            ]
          ],
          [
            [
              -104.76077923048142,
              31.679491227507462
            ],
            [
              -104.75917870252933,
              31.680052587889374
            ]
          ],
          [
            [
              -104.75897062362516,
              31.679697398945223
            ],
            [
              -104.75629142655629,
              31.674851370024584
            ]
          ],
          [
            [
              -104.75629142655629,
              31.674851370024584
            ],
            [
              -104.75439908248102,
              31.67142823460126
            ]
          ],
          [
            [
              -104.75439908248102,
              31.67142823460126
            ],
            [
              -104.7535451020744,
              31.66988334601335
            ],
            [
              -104.75354504510695,
              31.66990505176979
            ]
          ]
        ]
      },
      "properties": {
        "Abbrev": null,
        "Alpha": null,
        "Area": null,
        "CS_ID": 121.0,
        "CYCLE": null,
        "CycleDsolv": null,
        "DESCRIPT": null,
        "FEATUREKEY": 42.0,
        "FEATUREK_1": null,
        "FEATURETYP": "Cross_Section",
        "FID_": null,
        "FID_Cross_": null,
        "FID_FanGeo": null,
        "FID_Fan_De": null,
        "FID_GIS_Re": null,
        "FID_Photo_": null,
        "FID_ftrip_": null,
        "FID_measur": null,
        "FID_patter": null,
        "FOURTH_ORD": null,
        "FOURTH_O_1": null,
        "FanID": null,
        "Fan_Del": null,
        "Fan_Del_sh": null,
        "FeatureT_1": null,
        "Geo_short": null,
        "Geography": null,
        "Gradient": null,
        "Hyperlink": null,
        "ID": null,
        "Id": null,
        "Id_1": null,
        "LENGTH": null,
        "Location": null,
        "MAPSYMBOL": "Present",
        "MAP_SYMBOL": null,
        "MS_ID": null,
        "MidptX": null,
        "MidptY": null,
        "Mod_names": null,
        "NAME": "PinchOutGully_Large",
        "NAME_1": null,
        "Name": null,
        "OBJECTID": null,
        "OBJECTID_1": null,
        "ORDERBY": null,
        "ORIG_FID": null,
        "Offset": null,
        "PATTERNID": null,
        "PERSON": null,
        "PMLABEL": null,
        "PM_NAME": null,
        "PM_NAME_NE": null,
        "Pattern": null,
        "Profile": null,
        "REGION": null,
        "SECTIONARC": null,
        "SECTION_AB": null,
        "SOURCE": null,
        "STRAT_INTE": null,
        "SectionArc": null,
        "Shape_Ar_1": null,
        "Shape_Area": null,
        "Shape_Le_1": null,
        "Shape_Leng": 2736.8783388,
        "Shape_Length": null,
        "Stop": null,
        "Stop_Num": null,
        "Symbology": null
      }
    },
    {
      "type": "Feature",
      "geometry": {
        "type": "MultiLineString",
        "coordinates": [
          [
            [
              -104.6933026166875,
              31.683762754390045
            ],
            [
              -104.69429433641842,
              31.684024469721606
            ]
          ],
          [
            [
              -104.6954794446162,
              31.68416875422488
            ],
            [
              -104.69443280719048,
              31.683836186917194
            ]
          ],
          [
            [
              -104.69459953999016,
              31.683435780083993
            ],
            [
              -104.69460835852293,
              31.683438676518307
            ]
          ],
          [
            [
              -104.69517792173349,
              31.683625771800404
            ],
            [
              -104.69460835852293,
              31.683438676518307
            ]
          ],
          [
            [
              -104.70151285108555,
              31.68566829630946
            ],
            [
              -104.69473808706964,
              31.683223920097603
            ]
          ],
          [
            [
              -104.70377441232361,
              31.68546135808662
            ],
            [
              -104.69519859506009,
              31.68226438294651
            ]
          ],
          [
            [
              -104.69609793338591,
              31.680492252621402
            ],
            [
              -104.70397366626014,
              31.683481373333954
            ]
          ],
          [
            [
              -104.70658637783085,
              31.676768010940815
            ],
            [
              -104.69931656988649,
              31.674110549610912
            ]
          ],
          [
            [
              -104.71556501543785,
              31.679735363192435
            ],
            [
              -104.69942767364668,
              31.673851465621755
            ]
          ],
          [
            [
              -104.70337598622812,
              31.671950953461806
            ],
            [
              -104.70087039814068,
              31.670978476568227
            ],
            [
              -104.69519859506009,
              31.68226438294651
            ]
          ],
          [
            [
              -104.69519859506009,
              31.68226438294651
            ],
            [
              -104.69507542056985,
              31.682509444169497
            ]
          ],
          [
            [
              -104.69519859506009,
              31.68226438294651
            ],
            [
              -104.69518236649508,
              31.682258331865487
            ]
          ],
          [
            [
              -104.69507542056985,
              31.682509444169497
            ],
            [
              -104.69460835852293,
              31.683438676518307
            ]
          ],
          [
            [
              -104.69507542056985,
              31.682509444169497
            ],
            [
              -104.68279570668301,
              31.67780918325701
            ]
          ],
          [
            [
              -104.69460835852293,
              31.683438676518307
            ],
            [
              -104.69346164705566,
              31.685720003240124
            ],
            [
              -104.68919293740318,
              31.684224377123883
            ]
          ]
        ]
      },
      "properties": {
        "Abbrev": null,
        "Alpha": null,
        "Area": null,
        "CS_ID": 131.0,
        "CYCLE": null,
        "CycleDsolv": null,
        "DESCRIPT": null,
        "FEATUREKEY": 48.0,
        "FEATUREK_1": null,
        "FEATURETYP": "Cross_Section",
        "FID_": null,
        "FID_Cross_": null,
        "FID_FanGeo": null,
        "FID_Fan_De": null,
        "FID_GIS_Re": null,
        "FID_Photo_": null,
        "FID_ftrip_": null,
        "FID_measur": null,
        "FID_patter": null,
        "FOURTH_ORD": null,
        "FOURTH_O_1": null,
        "FanID": null,
        "Fan_Del": null,
        "Fan_Del_sh": null,
        "FeatureT_1": null,
        "Geo_short": null,
        "Geography": null,
        "Gradient": null,
        "Hyperlink": null,
        "ID": null,
        "Id": null,
        "Id_1": null,
        "LENGTH": null,
        "Location": null,
        "MAPSYMBOL": "Present",
        "MAP_SYMBOL": null,
        "MS_ID": null,
        "MidptX": null,
        "MidptY": null,
        "Mod_names": null,
        "NAME": "ChicoFairway",
        "NAME_1": null,
        "Name": null,
        "OBJECTID": null,
        "OBJECTID_1": null,
        "ORDERBY": null,
        "ORIG_FID": null,
        "Offset": null,
        "PATTERNID": null,
        "PERSON": null,
        "PMLABEL": null,
        "PM_NAME": null,
        "PM_NAME_NE": null,
        "Pattern": null,
        "Profile": null,
        "REGION": null,
        "SECTIONARC": null,
        "SECTION_AB": null,
        "SOURCE": null,
        "STRAT_INTE": null,
        "SectionArc": null,
        "Shape_Ar_1": null,
        "Shape_Area": null,
        "Shape_Le_1": null,
        "Shape_Leng": 8828.70004393,
        "Shape_Length": null,
        "Stop": null,
        "Stop_Num": null,
        "Symbology": null
      }
    },
    {
      "type": "Feature",
      "geometry": {
        "type": "LineString",
        "coordinates": [
          [
            -104.75931757322043,
            31.662772761978736
          ],
          [
            -104.75373278765959,
            31.681825645010566
          ]
        ]
      },
      "properties": {
        "Abbrev": null,
        "Alpha": null,
        "Area": null,
        "CS_ID": 85.0,
        "CYCLE": null,
        "CycleDsolv": null,
        "DESCRIPT": null,
        "FEATUREKEY": 21.0,
        "FEATUREK_1": null,
        "FEATURETYP": "Cross_Section",
        "FID_": null,
        "FID_Cross_": null,
        "FID_FanGeo": null,
        "FID_Fan_De": null,
        "FID_GIS_Re": null,
        "FID_Photo_": null,
        "FID_ftrip_": null,
        "FID_measur": null,
        "FID_patter": null,
        "FOURTH_ORD": null,
        "FOURTH_O_1": null,
        "FanID": null,
        "Fan_Del": null,
        "Fan_Del_sh": null,
        "FeatureT_1": null,
        "Geo_short": null,
        "Geography": null,
        "Gradient": null,
        "Hyperlink": null,
        "ID": null,
        "Id": null,
        "Id_1": null,
        "LENGTH": null,
        "Location": null,
        "MAPSYMBOL": "Present",
        "MAP_SYMBOL": null,
        "MS_ID": null,
        "MidptX": null,
        "MidptY": null,
        "Mod_names": null,
        "NAME": "ColleenCanyon_lineMS10_15",
        "NAME_1": null,
        "Name": null,
        "OBJECTID": null,
        "OBJECTID_1": null,
        "ORDERBY": null,
        "ORIG_FID": null,
        "Offset": null,
        "PATTERNID": null,
        "PERSON": null,
        "PMLABEL": null,
        "PM_NAME": null,
        "PM_NAME_NE": null,
        "Pattern": null,
        "Profile": null,
        "REGION": null,
        "SECTIONARC": null,
        "SECTION_AB": null,
        "SOURCE": "Atlas",
        "STRAT_INTE": null,
        "SectionArc": null,
        "Shape_Ar_1": null,
        "Shape_Area": null,
        "Shape_Le_1": null,
        "Shape_Leng": 2177.10645734,
        "Shape_Length": null,
        "Stop": null,
        "Stop_Num": null,
        "Symbology": null
      }
    },
    {
      "type": "Feature",
      "geometry": {
        "type": "LineString",
        "coordinates": [
          [
            -104.8169415274418,
            31.81111289527287
          ],
          [
            -104.80383221111157,
            31.756355588077735
          ]
        ]
      },
      "properties": {
        "Abbrev": null,
        "Alpha": null,
        "Area": null,
        "CS_ID": 170.0,
        "CYCLE": null,
        "CycleDsolv": null,
        "DESCRIPT": null,
        "FEATUREKEY": 61.0,
        "FEATUREK_1": null,
        "FEATURETYP": "Cross_Section",
        "FID_": null,
        "FID_Cross_": null,
        "FID_FanGeo": null,
        "FID_Fan_De": null,
        "FID_GIS_Re": null,
        "FID_Photo_": null,
        "FID_ftrip_": null,
        "FID_measur": null,
        "FID_patter": null,
        "FOURTH_ORD": null,
        "FOURTH_O_1": null,
        "FanID": null,
        "Fan_Del": null,
        "Fan_Del_sh": null,
        "FeatureT_1": null,
        "Geo_short": null,
        "Geography": null,
        "Gradient": null,
        "Hyperlink": null,
        "ID": null,
        "Id": null,
        "Id_1": null,
        "LENGTH": null,
        "Location": null,
        "MAPSYMBOL": "Present",
        "MAP_SYMBOL": null,
        "MS_ID": null,
        "MidptX": null,
        "MidptY": null,
        "Mod_names": null,
        "NAME": "LowerBrushyMesa",
        "NAME_1": null,
        "Name": null,
        "OBJECTID": null,
        "OBJECTID_1": null,
        "ORDERBY": null,
        "ORIG_FID": null,
        "Offset": null,
        "PATTERNID": null,
        "PERSON": null,
        "PMLABEL": null,
        "PM_NAME": null,
        "PM_NAME_NE": null,
        "Pattern": null,
        "Profile": null,
        "REGION": null,
        "SECTIONARC": null,
        "SECTION_AB": null,
        "SOURCE": null,
        "STRAT_INTE": null,
        "SectionArc": null,
        "Shape_Ar_1": null,
        "Shape_Area": null,
        "Shape_Le_1": null,
        "Shape_Leng": 6194.76636946,
        "Shape_Length": null,
        "Stop": null,
        "Stop_Num": null,
        "Symbology": null
      }
    },
    {
      "type": "Feature",
      "geometry": {
        "type": "MultiLineString",
        "coordinates": [
          [
            [
              -104.8169415274418,
              31.81111289527287
            ],
            [
              -104.8151488390295,
              31.803628761481704
            ]
          ],
          [
            [
              -104.8151488390295,
              31.803628761481704
            ],
            [
              -104.80662212372886,
              31.80412434091156
            ]
          ],
          [
            [
              -104.8151488390295,
              31.803628761481704
            ],
            [
              -104.81321846047969,
              31.79556842676425
            ],
            [
              -104.81034287111407,
              31.786665682342228
            ],
            [
              -104.80871670501952,
              31.779097014508793
            ]
          ],
          [
            [
              -104.80871670501952,
              31.779097014508793
            ],
            [
              -104.79959456884204,
              31.77905878870669
            ]
          ],
          [
            [
              -104.80871670501952,
              31.779097014508793
            ],
            [
              -104.80686717738453,
              31.77048723724765
            ]
          ],
          [
            [
              -104.80686717738453,
              31.77048723724765
            ],
            [
              -104.79925050054644,
              31.771097493195704
            ]
          ],
          [
            [
              -104.80686717738453,
              31.77048723724765
            ],
            [
              -104.80383221111157,
              31.756355588077735
            ],
            [
              -104.79509036074927,
              31.75769951780896
            ]
          ]
        ]
      },
      "properties": {
        "Abbrev": null,
        "Alpha": null,
        "Area": null,
        "CS_ID": 171.0,
        "CYCLE": null,
        "CycleDsolv": null,
        "DESCRIPT": null,
        "FEATUREKEY": 62.0,
        "FEATUREK_1": null,
        "FEATURETYP": "Cross_Section",
        "FID_": null,
        "FID_Cross_": null,
        "FID_FanGeo": null,
        "FID_Fan_De": null,
        "FID_GIS_Re": null,
        "FID_Photo_": null,
        "FID_ftrip_": null,
        "FID_measur": null,
        "FID_patter": null,
        "FOURTH_ORD": null,
        "FOURTH_O_1": null,
        "FanID": null,
        "Fan_Del": null,
        "Fan_Del_sh": null,
        "FeatureT_1": null,
        "Geo_short": null,
        "Geography": null,
        "Gradient": null,
        "Hyperlink": null,
        "ID": null,
        "Id": null,
        "Id_1": null,
        "LENGTH": null,
        "Location": null,
        "MAPSYMBOL": "Present",
        "MAP_SYMBOL": null,
        "MS_ID": null,
        "MidptX": null,
        "MidptY": null,
        "Mod_names": null,
        "NAME": "LowerBrushyMesa_Fence",
        "NAME_1": null,
        "Name": null,
        "OBJECTID": null,
        "OBJECTID_1": null,
        "ORDERBY": null,
        "ORIG_FID": null,
        "Offset": null,
        "PATTERNID": null,
        "PERSON": null,
        "PMLABEL": null,
        "PM_NAME": null,
        "PM_NAME_NE": null,
        "Pattern": null,
        "Profile": null,
        "REGION": null,
        "SECTIONARC": null,
        "SECTION_AB": null,
        "SOURCE": null,
        "STRAT_INTE": null,
        "SectionArc": null,
        "Shape_Ar_1": null,
        "Shape_Area": null,
        "Shape_Le_1": null,
        "Shape_Leng": 9436.09620971,
        "Shape_Length": null,
        "Stop": null,
        "Stop_Num": null,
        "Symbology": null
      }
    },
    {
      "type": "Feature",
      "geometry": {
        "type": "LineString",
        "coordinates": [
          [
            -104.79051812057823,
            31.773866740236944
          ],
          [
            -104.78469966417339,
            31.77229169799413
          ],
          [
            -104.78225459368404,
            31.76892958982361
          ],
          [
            -104.77728616909623,
            31.770461138434907
          ],
          [
            -104.77788179058945,
            31.768543340403944
          ],
          [
            -104.77670388417881,
            31.766799185174612
          ]
        ]
      },
      "properties": {
        "Abbrev": null,
        "Alpha": null,
        "Area": null,
        "CS_ID": 172.0,
        "CYCLE": null,
        "CycleDsolv": null,
        "DESCRIPT": null,
        "FEATUREKEY": 63.0,
        "FEATUREK_1": null,
        "FEATURETYP": "Cross_Section",
        "FID_": null,
        "FID_Cross_": null,
        "FID_FanGeo": null,
        "FID_Fan_De": null,
        "FID_GIS_Re": null,
        "FID_Photo_": null,
        "FID_ftrip_": null,
        "FID_measur": null,
        "FID_patter": null,
        "FOURTH_ORD": null,
        "FOURTH_O_1": null,
        "FanID": null,
        "Fan_Del": null,
        "Fan_Del_sh": null,
        "FeatureT_1": null,
        "Geo_short": null,
        "Geography": null,
        "Gradient": null,
        "Hyperlink": null,
        "ID": null,
        "Id": null,
        "Id_1": null,
        "LENGTH": null,
        "Location": null,
        "MAPSYMBOL": "Missing",
        "MAP_SYMBOL": null,
        "MS_ID": null,
        "MidptX": null,
        "MidptY": null,
        "Mod_names": null,
        "NAME": "PlaneCrash_Fence",
        "NAME_1": null,
        "Name": null,
        "OBJECTID": null,
        "OBJECTID_1": null,
        "ORDERBY": null,
        "ORIG_FID": null,
        "Offset": null,
        "PATTERNID": null,
        "PERSON": null,
        "PMLABEL": null,
        "PM_NAME": null,
        "PM_NAME_NE": null,
        "Pattern": null,
        "Profile": null,
        "REGION": null,
        "SECTIONARC": null,
        "SECTION_AB": null,
        "SOURCE": "Atlas",
        "STRAT_INTE": null,
        "SectionArc": null,
        "Shape_Ar_1": null,
        "Shape_Area": null,
        "Shape_Le_1": null,
        "Shape_Leng": 1959.92611521,
        "Shape_Length": null,
        "Stop": null,
        "Stop_Num": null,
        "Symbology": null
      }
    },
    {
      "type": "Feature",
      "geometry": {
        "type": "LineString",
        "coordinates": [
          [
            -104.7676564345631,
            31.67704772780808
          ],
          [
            -104.77024198659197,
            31.67201636489329
          ]
        ]
      },
      "properties": {
        "Abbrev": null,
        "Alpha": null,
        "Area": null,
        "CS_ID": 46.0,
        "CYCLE": null,
        "CycleDsolv": null,
        "DESCRIPT": null,
        "FEATUREKEY": 5.0,
        "FEATUREK_1": null,
        "FEATURETYP": "Cross_Section",
        "FID_": null,
        "FID_Cross_": null,
        "FID_FanGeo": null,
        "FID_Fan_De": null,
        "FID_GIS_Re": null,
        "FID_Photo_": null,
        "FID_ftrip_": null,
        "FID_measur": null,
        "FID_patter": null,
        "FOURTH_ORD": null,
        "FOURTH_O_1": null,
        "FanID": null,
        "Fan_Del": null,
        "Fan_Del_sh": null,
        "FeatureT_1": null,
        "Geo_short": null,
        "Geography": null,
        "Gradient": null,
        "Hyperlink": null,
        "ID": null,
        "Id": null,
        "Id_1": null,
        "LENGTH": null,
        "Location": null,
        "MAPSYMBOL": "Missing",
        "MAP_SYMBOL": null,
        "MS_ID": null,
        "MidptX": null,
        "MidptY": null,
        "Mod_names": null,
        "NAME": "ColleenCanyon_NorthFace",
        "NAME_1": null,
        "Name": null,
        "OBJECTID": null,
        "OBJECTID_1": null,
        "ORDERBY": null,
        "ORIG_FID": null,
        "Offset": null,
        "PATTERNID": null,
        "PERSON": null,
        "PMLABEL": null,
        "PM_NAME": null,
        "PM_NAME_NE": null,
        "Pattern": null,
        "Profile": null,
        "REGION": null,
        "SECTIONARC": null,
        "SECTION_AB": null,
        "SOURCE": "Atlas",
        "STRAT_INTE": null,
        "SectionArc": null,
        "Shape_Ar_1": null,
        "Shape_Area": null,
        "Shape_Le_1": null,
        "Shape_Leng": 609.139483425,
        "Shape_Length": null,
        "Stop": null,
        "Stop_Num": null,
        "Symbology": null
      }
    },
    {
      "type": "Feature",
      "geometry": {
        "type": "LineString",
        "coordinates": [
          [
            -104.76028141952717,
            31.677711242401106
          ],
          [
            -104.76411136570312,
            31.669931557056007
          ]
        ]
      },
      "properties": {
        "Abbrev": null,
        "Alpha": null,
        "Area": null,
        "CS_ID": 49.0,
        "CYCLE": null,
        "CycleDsolv": null,
        "DESCRIPT": null,
        "FEATUREKEY": 7.0,
        "FEATUREK_1": null,
        "FEATURETYP": "Cross_Section",
        "FID_": null,
        "FID_Cross_": null,
        "FID_FanGeo": null,
        "FID_Fan_De": null,
        "FID_GIS_Re": null,
        "FID_Photo_": null,
        "FID_ftrip_": null,
        "FID_measur": null,
        "FID_patter": null,
        "FOURTH_ORD": null,
        "FOURTH_O_1": null,
        "FanID": null,
        "Fan_Del": null,
        "Fan_Del_sh": null,
        "FeatureT_1": null,
        "Geo_short": null,
        "Geography": null,
        "Gradient": null,
        "Hyperlink": null,
        "ID": null,
        "Id": null,
        "Id_1": null,
        "LENGTH": null,
        "Location": null,
        "MAPSYMBOL": "Missing",
        "MAP_SYMBOL": null,
        "MS_ID": null,
        "MidptX": null,
        "MidptY": null,
        "Mod_names": null,
        "NAME": "ColleenCanyon_GrabenFace",
        "NAME_1": null,
        "Name": null,
        "OBJECTID": null,
        "OBJECTID_1": null,
        "ORDERBY": null,
        "ORIG_FID": null,
        "Offset": null,
        "PATTERNID": null,
        "PERSON": null,
        "PMLABEL": null,
        "PM_NAME": null,
        "PM_NAME_NE": null,
        "Pattern": null,
        "Profile": null,
        "REGION": null,
        "SECTIONARC": null,
        "SECTION_AB": null,
        "SOURCE": "Atlas",
        "STRAT_INTE": null,
        "SectionArc": null,
        "Shape_Ar_1": null,
        "Shape_Area": null,
        "Shape_Le_1": null,
        "Shape_Leng": 935.585097767,
        "Shape_Length": null,
        "Stop": null,
        "Stop_Num": null,
        "Symbology": null
      }
    },
    {
      "type": "Feature",
      "geometry": {
        "type": "LineString",
        "coordinates": [
          [
            -104.7532529268231,
            31.678290359491946
          ],
          [
            -104.75773427300821,
            31.66759207261811
          ]
        ]
      },
      "properties": {
        "Abbrev": null,
        "Alpha": null,
        "Area": null,
        "CS_ID": 48.0,
        "CYCLE": null,
        "CycleDsolv": null,
        "DESCRIPT": null,
        "FEATUREKEY": 6.0,
        "FEATUREK_1": null,
        "FEATURETYP": "Cross_Section",
        "FID_": null,
        "FID_Cross_": null,
        "FID_FanGeo": null,
        "FID_Fan_De": null,
        "FID_GIS_Re": null,
        "FID_Photo_": null,
        "FID_ftrip_": null,
        "FID_measur": null,
        "FID_patter": null,
        "FOURTH_ORD": null,
        "FOURTH_O_1": null,
        "FanID": null,
        "Fan_Del": null,
        "Fan_Del_sh": null,
        "FeatureT_1": null,
        "Geo_short": null,
        "Geography": null,
        "Gradient": null,
        "Hyperlink": null,
        "ID": null,
        "Id": null,
        "Id_1": null,
        "LENGTH": null,
        "Location": null,
        "MAPSYMBOL": "Missing",
        "MAP_SYMBOL": null,
        "MS_ID": null,
        "MidptX": null,
        "MidptY": null,
        "Mod_names": null,
        "NAME": "ColleenCanyon_SouthFace",
        "NAME_1": null,
        "Name": null,
        "OBJECTID": null,
        "OBJECTID_1": null,
        "ORDERBY": null,
        "ORIG_FID": null,
        "Offset": null,
        "PATTERNID": null,
        "PERSON": null,
        "PMLABEL": null,
        "PM_NAME": null,
        "PM_NAME_NE": null,
        "Pattern": null,
        "Profile": null,
        "REGION": null,
        "SECTIONARC": null,
        "SECTION_AB": null,
        "SOURCE": "Atlas",
        "STRAT_INTE": null,
        "SectionArc": null,
        "Shape_Ar_1": null,
        "Shape_Area": null,
        "Shape_Le_1": null,
        "Shape_Leng": 1259.55848223,
        "Shape_Length": null,
        "Stop": null,
        "Stop_Num": null,
        "Symbology": null
      }
    },
    {
      "type": "Feature",
      "geometry": {
        "type": "MultiLineString",
        "coordinates": [
          [
            [
              -104.70035190684645,
              31.718804012366952
            ],
            [
              -104.69947885240299,
              31.718195523892614
            ],
            [
              -104.69872281616531,
              31.717971384735577
            ],
            [
              -104.69730410563174,
              31.71790739272666
            ],
            [
              -104.69586194622582,
              31.717782686317634
            ],
            [
              -104.69444462585435,
              31.717294156487114
            ],
            [
              -104.69371351412578,
              31.716685967293383
            ],
            [
              -104.69246288574652,
              31.715854163834084
            ]
          ],
          [
            [
              -104.70066496012056,
              31.717046063664213
            ],
            [
              -104.70163543763613,
              31.71676532292666
            ],
            [
              -104.70234668128897,
              31.71620096651069
            ],
            [
              -104.70293941998011,
              31.71571718923778
            ],
            [
              -104.70365192579435,
              31.714748533978593
            ],
            [
              -104.70410359338048,
              31.714001632969254
            ],
            [
              -104.70464258457699,
              31.712977122703155
            ],
            [
              -104.704937366729,
              31.712062941429917
            ],
            [
              -104.70503070643623,
              31.71113185139276
            ],
            [
              -104.70499223555625,
              31.709657511682316
            ],
            [
              -104.70499217190421,
              31.709677726767566
            ]
          ]
        ]
      },
      "properties": {
        "Abbrev": null,
        "Alpha": null,
        "Area": null,
        "CS_ID": 133.0,
        "CYCLE": null,
        "CycleDsolv": null,
        "DESCRIPT": null,
        "FEATUREKEY": 50.0,
        "FEATUREK_1": null,
        "FEATURETYP": "Cross_Section",
        "FID_": null,
        "FID_Cross_": null,
        "FID_FanGeo": null,
        "FID_Fan_De": null,
        "FID_GIS_Re": null,
        "FID_Photo_": null,
        "FID_ftrip_": null,
        "FID_measur": null,
        "FID_patter": null,
        "FOURTH_ORD": null,
        "FOURTH_O_1": null,
        "FanID": null,
        "Fan_Del": null,
        "Fan_Del_sh": null,
        "FeatureT_1": null,
        "Geo_short": null,
        "Geography": null,
        "Gradient": null,
        "Hyperlink": null,
        "ID": null,
        "Id": null,
        "Id_1": null,
        "LENGTH": null,
        "Location": null,
        "MAPSYMBOL": "Missing",
        "MAP_SYMBOL": null,
        "MS_ID": null,
        "MidptX": null,
        "MidptY": null,
        "Mod_names": null,
        "NAME": "KunitzHollow_Fence",
        "NAME_1": null,
        "Name": null,
        "OBJECTID": null,
        "OBJECTID_1": null,
        "ORDERBY": null,
        "ORIG_FID": null,
        "Offset": null,
        "PATTERNID": null,
        "PERSON": null,
        "PMLABEL": null,
        "PM_NAME": null,
        "PM_NAME_NE": null,
        "Pattern": null,
        "Profile": null,
        "REGION": null,
        "SECTIONARC": null,
        "SECTION_AB": null,
        "SOURCE": "2004 GB",
        "STRAT_INTE": null,
        "SectionArc": null,
        "Shape_Ar_1": null,
        "Shape_Area": null,
        "Shape_Le_1": null,
        "Shape_Leng": 1831.61642199,
        "Shape_Length": null,
        "Stop": null,
        "Stop_Num": null,
        "Symbology": null
      }
    },
    {
      "type": "Feature",
      "geometry": {
        "type": "LineString",
        "coordinates": [
          [
            -104.70987058174083,
            31.70734396308631
          ],
          [
            -104.69692422696819,
            31.718371432558772
          ]
        ]
      },
      "properties": {
        "Abbrev": null,
        "Alpha": null,
        "Area": null,
        "CS_ID": 132.0,
        "CYCLE": null,
        "CycleDsolv": null,
        "DESCRIPT": null,
        "FEATUREKEY": 49.0,
        "FEATUREK_1": null,
        "FEATURETYP": "Cross_Section",
        "FID_": null,
        "FID_Cross_": null,
        "FID_FanGeo": null,
        "FID_Fan_De": null,
        "FID_GIS_Re": null,
        "FID_Photo_": null,
        "FID_ftrip_": null,
        "FID_measur": null,
        "FID_patter": null,
        "FOURTH_ORD": null,
        "FOURTH_O_1": null,
        "FanID": null,
        "Fan_Del": null,
        "Fan_Del_sh": null,
        "FeatureT_1": null,
        "Geo_short": null,
        "Geography": null,
        "Gradient": null,
        "Hyperlink": null,
        "ID": null,
        "Id": null,
        "Id_1": null,
        "LENGTH": null,
        "Location": null,
        "MAPSYMBOL": "Present",
        "MAP_SYMBOL": null,
        "MS_ID": null,
        "MidptX": null,
        "MidptY": null,
        "Mod_names": null,
        "NAME": "KunitzHollow",
        "NAME_1": null,
        "Name": null,
        "OBJECTID": null,
        "OBJECTID_1": null,
        "ORDERBY": null,
        "ORIG_FID": null,
        "Offset": null,
        "PATTERNID": null,
        "PERSON": null,
        "PMLABEL": null,
        "PM_NAME": null,
        "PM_NAME_NE": null,
        "Pattern": null,
        "Profile": null,
        "REGION": null,
        "SECTIONARC": null,
        "SECTION_AB": null,
        "SOURCE": "2004 GB",
        "STRAT_INTE": null,
        "SectionArc": null,
        "Shape_Ar_1": null,
        "Shape_Area": null,
        "Shape_Le_1": null,
        "Shape_Leng": 1731.64760264,
        "Shape_Length": null,
        "Stop": null,
        "Stop_Num": null,
        "Symbology": null
      }
    },
    {
      "type": "Feature",
      "geometry": {
        "type": "LineString",
        "coordinates": [
          [
            -104.79091653705825,
            31.767768648146163
          ],
          [
            -104.78896197321858,
            31.762493412793148
          ],
          [
            -104.78605793314432,
            31.757419326968172
          ],
          [
            -104.78612845685113,
            31.756231790978266
          ],
          [
            -104.78413541399674,
            31.753157916203374
          ]
        ]
      },
      "properties": {
        "Abbrev": null,
        "Alpha": null,
        "Area": null,
        "CS_ID": 86.0,
        "CYCLE": null,
        "CycleDsolv": null,
        "DESCRIPT": null,
        "FEATUREKEY": 22.0,
        "FEATUREK_1": null,
        "FEATURETYP": "Cross_Section",
        "FID_": null,
        "FID_Cross_": null,
        "FID_FanGeo": null,
        "FID_Fan_De": null,
        "FID_GIS_Re": null,
        "FID_Photo_": null,
        "FID_ftrip_": null,
        "FID_measur": null,
        "FID_patter": null,
        "FOURTH_ORD": null,
        "FOURTH_O_1": null,
        "FanID": null,
        "Fan_Del": null,
        "Fan_Del_sh": null,
        "FeatureT_1": null,
        "Geo_short": null,
        "Geography": null,
        "Gradient": null,
        "Hyperlink": null,
        "ID": null,
        "Id": null,
        "Id_1": null,
        "LENGTH": null,
        "Location": null,
        "MAPSYMBOL": "Present",
        "MAP_SYMBOL": null,
        "MS_ID": null,
        "MidptX": null,
        "MidptY": null,
        "Mod_names": null,
        "NAME": "Regional_F4_Atlas",
        "NAME_1": null,
        "Name": null,
        "OBJECTID": null,
        "OBJECTID_1": null,
        "ORDERBY": null,
        "ORIG_FID": null,
        "Offset": null,
        "PATTERNID": null,
        "PERSON": null,
        "PMLABEL": null,
        "PM_NAME": null,
        "PM_NAME_NE": null,
        "Pattern": null,
        "Profile": null,
        "REGION": null,
        "SECTIONARC": null,
        "SECTION_AB": null,
        "SOURCE": "Atlas",
        "STRAT_INTE": null,
        "SectionArc": null,
        "Shape_Ar_1": null,
        "Shape_Area": null,
        "Shape_Le_1": null,
        "Shape_Leng": 1760.6147341,
        "Shape_Length": null,
        "Stop": null,
        "Stop_Num": null,
        "Symbology": null
      }
    },
    {
      "type": "Feature",
      "geometry": {
        "type": "LineString",
        "coordinates": [
          [
            -104.61858370664709,
            31.464738696958676
          ],
          [
            -104.88950175549516,
            31.911803652434255
          ]
        ]
      },
      "properties": {
        "Abbrev": null,
        "Alpha": null,
        "Area": null,
        "CS_ID": 3.0,
        "CYCLE": null,
        "CycleDsolv": null,
        "DESCRIPT": null,
        "FEATUREKEY": 4.0,
        "FEATUREK_1": null,
        "FEATURETYP": "Cross_Section",
        "FID_": null,
        "FID_Cross_": null,
        "FID_FanGeo": null,
        "FID_Fan_De": null,
        "FID_GIS_Re": null,
        "FID_Photo_": null,
        "FID_ftrip_": null,
        "FID_measur": null,
        "FID_patter": null,
        "FOURTH_ORD": null,
        "FOURTH_O_1": null,
        "FanID": null,
        "Fan_Del": null,
        "Fan_Del_sh": null,
        "FeatureT_1": null,
        "Geo_short": null,
        "Geography": null,
        "Gradient": null,
        "Hyperlink": null,
        "ID": null,
        "Id": null,
        "Id_1": null,
        "LENGTH": null,
        "Location": null,
        "MAPSYMBOL": "Present",
        "MAP_SYMBOL": null,
        "MS_ID": null,
        "MidptX": null,
        "MidptY": null,
        "Mod_names": null,
        "NAME": "Regional_S.Guadalupe_and_DelawareMountains",
        "NAME_1": null,
        "Name": null,
        "OBJECTID": null,
        "OBJECTID_1": null,
        "ORDERBY": null,
        "ORIG_FID": null,
        "Offset": null,
        "PATTERNID": null,
        "PERSON": null,
        "PMLABEL": null,
        "PM_NAME": null,
        "PM_NAME_NE": null,
        "Pattern": null,
        "Profile": null,
        "REGION": null,
        "SECTIONARC": null,
        "SECTION_AB": null,
        "SOURCE": null,
        "STRAT_INTE": null,
        "SectionArc": null,
        "Shape_Ar_1": null,
        "Shape_Area": null,
        "Shape_Le_1": null,
        "Shape_Leng": 55808.2461363,
        "Shape_Length": null,
        "Stop": null,
        "Stop_Num": null,
        "Symbology": null
      }
    },
    {
      "type": "Feature",
      "geometry": {
        "type": "LineString",
        "coordinates": [
          [
            -104.79911627651664,
            31.776610221627887
          ],
          [
            -104.78932537374233,
            31.75203251039234
          ]
        ]
      },
      "properties": {
        "Abbrev": null,
        "Alpha": null,
        "Area": null,
        "CS_ID": 159.0,
        "CYCLE": null,
        "CycleDsolv": null,
        "DESCRIPT": null,
        "FEATUREKEY": 57.0,
        "FEATUREK_1": null,
        "FEATURETYP": "Cross_Section",
        "FID_": null,
        "FID_Cross_": null,
        "FID_FanGeo": null,
        "FID_Fan_De": null,
        "FID_GIS_Re": null,
        "FID_Photo_": null,
        "FID_ftrip_": null,
        "FID_measur": null,
        "FID_patter": null,
        "FOURTH_ORD": null,
        "FOURTH_O_1": null,
        "FanID": null,
        "Fan_Del": null,
        "Fan_Del_sh": null,
        "FeatureT_1": null,
        "Geo_short": null,
        "Geography": null,
        "Gradient": null,
        "Hyperlink": null,
        "ID": null,
        "Id": null,
        "Id_1": null,
        "LENGTH": null,
        "Location": null,
        "MAPSYMBOL": "Present",
        "MAP_SYMBOL": null,
        "MS_ID": null,
        "MidptX": null,
        "MidptY": null,
        "Mod_names": null,
        "NAME": "Pollo to China Margin",
        "NAME_1": null,
        "Name": null,
        "OBJECTID": null,
        "OBJECTID_1": null,
        "ORDERBY": null,
        "ORIG_FID": null,
        "Offset": null,
        "PATTERNID": null,
        "PERSON": null,
        "PMLABEL": null,
        "PM_NAME": null,
        "PM_NAME_NE": null,
        "Pattern": null,
        "Profile": null,
        "REGION": null,
        "SECTIONARC": null,
        "SECTION_AB": null,
        "SOURCE": null,
        "STRAT_INTE": null,
        "SectionArc": null,
        "Shape_Ar_1": null,
        "Shape_Area": null,
        "Shape_Le_1": null,
        "Shape_Leng": 2877.58605978,
        "Shape_Length": null,
        "Stop": null,
        "Stop_Num": null,
        "Symbology": null
      }
    },
    {
      "type": "Feature",
      "geometry": {
        "type": "LineString",
        "coordinates": [
          [
            -104.7907490532761,
            31.775783887352404
          ],
          [
            -104.79117437648047,
            31.774940539709245
          ],
          [
            -104.78910103992332,
            31.76388416110779
          ],
          [
            -104.78461574543152,
            31.756367013851786
          ],
          [
            -104.78532832712072,
            31.754997776913804
          ]
        ]
      },
      "properties": {
        "Abbrev": null,
        "Alpha": null,
        "Area": null,
        "CS_ID": 70.0,
        "CYCLE": null,
        "CycleDsolv": null,
        "DESCRIPT": null,
        "FEATUREKEY": 13.0,
        "FEATUREK_1": null,
        "FEATURETYP": "Cross_Section",
        "FID_": null,
        "FID_Cross_": null,
        "FID_FanGeo": null,
        "FID_Fan_De": null,
        "FID_GIS_Re": null,
        "FID_Photo_": null,
        "FID_ftrip_": null,
        "FID_measur": null,
        "FID_patter": null,
        "FOURTH_ORD": null,
        "FOURTH_O_1": null,
        "FanID": null,
        "Fan_Del": null,
        "Fan_Del_sh": null,
        "FeatureT_1": null,
        "Geo_short": null,
        "Geography": null,
        "Gradient": null,
        "Hyperlink": null,
        "ID": null,
        "Id": null,
        "Id_1": null,
        "LENGTH": null,
        "Location": null,
        "MAPSYMBOL": "Present",
        "MAP_SYMBOL": null,
        "MS_ID": null,
        "MidptX": null,
        "MidptY": null,
        "Mod_names": null,
        "NAME": "Popo_West_F5",
        "NAME_1": null,
        "Name": null,
        "OBJECTID": null,
        "OBJECTID_1": null,
        "ORDERBY": null,
        "ORIG_FID": null,
        "Offset": null,
        "PATTERNID": null,
        "PERSON": null,
        "PMLABEL": null,
        "PM_NAME": null,
        "PM_NAME_NE": null,
        "Pattern": null,
        "Profile": null,
        "REGION": null,
        "SECTIONARC": null,
        "SECTION_AB": null,
        "SOURCE": null,
        "STRAT_INTE": null,
        "SectionArc": null,
        "Shape_Ar_1": null,
        "Shape_Area": null,
        "Shape_Le_1": null,
        "Shape_Leng": 2444.16552766,
        "Shape_Length": null,
        "Stop": null,
        "Stop_Num": null,
        "Symbology": null
      }
    },
    {
      "type": "Feature",
      "geometry": {
        "type": "MultiLineString",
        "coordinates": [
          [
            [
              -104.64789152704998,
              31.48748364649834
            ],
            [
              -104.6438568811045,
              31.485643312827882
            ]
          ],
          [
            [
              -104.62162472775103,
              31.476373063219597
            ],
            [
              -104.62204788765244,
              31.47569206923155
            ]
          ],
          [
            [
              -104.63755672853324,
              31.465262447881088
            ],
            [
              -104.62908325856608,
              31.47890288062789
            ]
          ],
          [
            [
              -104.63763905498193,
              31.47831251649023
            ],
            [
              -104.63546371527968,
              31.481814277280304
            ]
          ],
          [
            [
              -104.63196781050573,
              31.490315214034663
            ],
            [
              -104.6368549528642,
              31.482449031286173
            ]
          ],
          [
            [
              -104.6441209001769,
              31.47661821470414
            ],
            [
              -104.63969447800528,
              31.483744495872465
            ]
          ],
          [
            [
              -104.64947712697649,
              31.470306441548676
            ],
            [
              -104.6408138932669,
              31.484255174333633
            ]
          ],
          [
            [
              -104.6402709088896,
              31.486787032457528
            ],
            [
              -104.64161629263978,
              31.484621221178823
            ]
          ],
          [
            [
              -104.6438568811045,
              31.485643312827882
            ],
            [
              -104.64361054265044,
              31.486039894524822
            ]
          ],
          [
            [
              -104.6438568811045,
              31.485643312827882
            ],
            [
              -104.64161629263978,
              31.484621221178823
            ]
          ],
          [
            [
              -104.64161629263978,
              31.484621221178823
            ],
            [
              -104.6408138932669,
              31.484255174333633
            ]
          ],
          [
            [
              -104.6408138932669,
              31.484255174333633
            ],
            [
              -104.63969447800528,
              31.483744495872465
            ]
          ],
          [
            [
              -104.63969447800528,
              31.483744495872465
            ],
            [
              -104.6368549528642,
              31.482449031286173
            ]
          ],
          [
            [
              -104.6368549528642,
              31.482449031286173
            ],
            [
              -104.63546371527968,
              31.481814277280304
            ]
          ],
          [
            [
              -104.63546371527968,
              31.481814277280304
            ],
            [
              -104.63124187820809,
              31.479887911812266
            ]
          ],
          [
            [
              -104.63124187820809,
              31.479887911812266
            ],
            [
              -104.62988189497756,
              31.482076839509276
            ]
          ],
          [
            [
              -104.63124187820809,
              31.479887911812266
            ],
            [
              -104.62908325856608,
              31.47890288062789
            ]
          ],
          [
            [
              -104.62908325856608,
              31.47890288062789
            ],
            [
              -104.62204788765244,
              31.47569206923155
            ]
          ],
          [
            [
              -104.62204788765244,
              31.47569206923155
            ],
            [
              -104.62201312503679,
              31.47567620248571
            ],
            [
              -104.6203355530291,
              31.474910500875865
            ]
          ]
        ]
      },
      "properties": {
        "Abbrev": null,
        "Alpha": null,
        "Area": null,
        "CS_ID": 146.0,
        "CYCLE": null,
        "CycleDsolv": null,
        "DESCRIPT": null,
        "FEATUREKEY": 54.0,
        "FEATUREK_1": null,
        "FEATURETYP": "Cross_Section",
        "FID_": null,
        "FID_Cross_": null,
        "FID_FanGeo": null,
        "FID_Fan_De": null,
        "FID_GIS_Re": null,
        "FID_Photo_": null,
        "FID_ftrip_": null,
        "FID_measur": null,
        "FID_patter": null,
        "FOURTH_ORD": null,
        "FOURTH_O_1": null,
        "FanID": null,
        "Fan_Del": null,
        "Fan_Del_sh": null,
        "FeatureT_1": null,
        "Geo_short": null,
        "Geography": null,
        "Gradient": null,
        "Hyperlink": null,
        "ID": null,
        "Id": null,
        "Id_1": null,
        "LENGTH": null,
        "Location": null,
        "MAPSYMBOL": "Missing",
        "MAP_SYMBOL": null,
        "MS_ID": null,
        "MidptX": null,
        "MidptY": null,
        "Mod_names": null,
        "NAME": "DelewareMountainRanch_Dip",
        "NAME_1": null,
        "Name": null,
        "OBJECTID": null,
        "OBJECTID_1": null,
        "ORDERBY": null,
        "ORIG_FID": null,
        "Offset": null,
        "PATTERNID": null,
        "PERSON": null,
        "PMLABEL": null,
        "PM_NAME": null,
        "PM_NAME_NE": null,
        "Pattern": null,
        "Profile": null,
        "REGION": null,
        "SECTIONARC": null,
        "SECTION_AB": null,
        "SOURCE": null,
        "STRAT_INTE": null,
        "SectionArc": null,
        "Shape_Ar_1": null,
        "Shape_Area": null,
        "Shape_Le_1": null,
        "Shape_Leng": 9433.56235134,
        "Shape_Length": null,
        "Stop": null,
        "Stop_Num": null,
        "Symbology": null
      }
    },
    {
      "type": "Feature",
      "geometry": {
        "type": "LineString",
        "coordinates": [
          [
            -104.63614355345666,
            31.506189371698003
          ],
          [
            -104.62781809648064,
            31.48757758748948
          ],
          [
            -104.62377778678349,
            31.47698130963933
          ]
        ]
      },
      "properties": {
        "Abbrev": null,
        "Alpha": null,
        "Area": null,
        "CS_ID": 129.0,
        "CYCLE": null,
        "CycleDsolv": null,
        "DESCRIPT": null,
        "FEATUREKEY": 46.0,
        "FEATUREK_1": null,
        "FEATURETYP": "Cross_Section",
        "FID_": null,
        "FID_Cross_": null,
        "FID_FanGeo": null,
        "FID_Fan_De": null,
        "FID_GIS_Re": null,
        "FID_Photo_": null,
        "FID_ftrip_": null,
        "FID_measur": null,
        "FID_patter": null,
        "FOURTH_ORD": null,
        "FOURTH_O_1": null,
        "FanID": null,
        "Fan_Del": null,
        "Fan_Del_sh": null,
        "FeatureT_1": null,
        "Geo_short": null,
        "Geography": null,
        "Gradient": null,
        "Hyperlink": null,
        "ID": null,
        "Id": null,
        "Id_1": null,
        "LENGTH": null,
        "Location": null,
        "MAPSYMBOL": "Present",
        "MAP_SYMBOL": null,
        "MS_ID": null,
        "MidptX": null,
        "MidptY": null,
        "Mod_names": null,
        "NAME": "BabbFlexure to Terminator",
        "NAME_1": null,
        "Name": null,
        "OBJECTID": null,
        "OBJECTID_1": null,
        "ORDERBY": null,
        "ORIG_FID": null,
        "Offset": null,
        "PATTERNID": null,
        "PERSON": null,
        "PMLABEL": null,
        "PM_NAME": null,
        "PM_NAME_NE": null,
        "Pattern": null,
        "Profile": null,
        "REGION": null,
        "SECTIONARC": null,
        "SECTION_AB": null,
        "SOURCE": "2004 GB",
        "STRAT_INTE": null,
        "SectionArc": null,
        "Shape_Ar_1": null,
        "Shape_Area": null,
        "Shape_Le_1": null,
        "Shape_Leng": 3444.6756471,
        "Shape_Length": null,
        "Stop": null,
        "Stop_Num": null,
        "Symbology": null
      }
    },
    {
      "type": "Feature",
      "geometry": {
        "type": "LineString",
        "coordinates": [
          [
            -104.87468842298857,
            31.884136976366417
          ],
          [
            -104.87342282099856,
            31.884574601316572
          ]
        ]
      },
      "properties": {
        "Abbrev": null,
        "Alpha": null,
        "Area": null,
        "CS_ID": 67.0,
        "CYCLE": null,
        "CycleDsolv": null,
        "DESCRIPT": null,
        "FEATUREKEY": 12.0,
        "FEATUREK_1": null,
        "FEATURETYP": "Cross_Section",
        "FID_": null,
        "FID_Cross_": null,
        "FID_FanGeo": null,
        "FID_Fan_De": null,
        "FID_GIS_Re": null,
        "FID_Photo_": null,
        "FID_ftrip_": null,
        "FID_measur": null,
        "FID_patter": null,
        "FOURTH_ORD": null,
        "FOURTH_O_1": null,
        "FanID": null,
        "Fan_Del": null,
        "Fan_Del_sh": null,
        "FeatureT_1": null,
        "Geo_short": null,
        "Geography": null,
        "Gradient": null,
        "Hyperlink": null,
        "ID": null,
        "Id": null,
        "Id_1": null,
        "LENGTH": null,
        "Location": null,
        "MAPSYMBOL": "Present",
        "MAP_SYMBOL": null,
        "MS_ID": null,
        "MidptX": null,
        "MidptY": null,
        "Mod_names": null,
        "NAME": "Bone Canyon_SouthWall",
        "NAME_1": null,
        "Name": null,
        "OBJECTID": null,
        "OBJECTID_1": null,
        "ORDERBY": null,
        "ORIG_FID": null,
        "Offset": null,
        "PATTERNID": null,
        "PERSON": null,
        "PMLABEL": null,
        "PM_NAME": null,
        "PM_NAME_NE": null,
        "Pattern": null,
        "Profile": null,
        "REGION": null,
        "SECTIONARC": null,
        "SECTION_AB": null,
        "SOURCE": "Atlas",
        "STRAT_INTE": null,
        "SectionArc": null,
        "Shape_Ar_1": null,
        "Shape_Area": null,
        "Shape_Le_1": null,
        "Shape_Leng": 129.149544901,
        "Shape_Length": null,
        "Stop": null,
        "Stop_Num": null,
        "Symbology": null
      }
    },
    {
      "type": "Feature",
      "geometry": {
        "type": "LineString",
        "coordinates": [
          [
            -104.88800480997068,
            31.909346739975643
          ],
          [
            -104.88238128132548,
            31.901385490321385
          ],
          [
            -104.87342282099856,
            31.884574601316572
          ],
          [
            -104.88128367535114,
            31.88473472067682
          ]
        ]
      },
      "properties": {
        "Abbrev": null,
        "Alpha": null,
        "Area": null,
        "CS_ID": 169.0,
        "CYCLE": null,
        "CycleDsolv": null,
        "DESCRIPT": null,
        "FEATUREKEY": 60.0,
        "FEATUREK_1": null,
        "FEATURETYP": "Cross_Section",
        "FID_": null,
        "FID_Cross_": null,
        "FID_FanGeo": null,
        "FID_Fan_De": null,
        "FID_GIS_Re": null,
        "FID_Photo_": null,
        "FID_ftrip_": null,
        "FID_measur": null,
        "FID_patter": null,
        "FOURTH_ORD": null,
        "FOURTH_O_1": null,
        "FanID": null,
        "Fan_Del": null,
        "Fan_Del_sh": null,
        "FeatureT_1": null,
        "Geo_short": null,
        "Geography": null,
        "Gradient": null,
        "Hyperlink": null,
        "ID": null,
        "Id": null,
        "Id_1": null,
        "LENGTH": null,
        "Location": null,
        "MAPSYMBOL": "Missing",
        "MAP_SYMBOL": null,
        "MS_ID": null,
        "MidptX": null,
        "MidptY": null,
        "Mod_names": null,
        "NAME": "Bone_Shumard_Fence",
        "NAME_1": null,
        "Name": null,
        "OBJECTID": null,
        "OBJECTID_1": null,
        "ORDERBY": null,
        "ORIG_FID": null,
        "Offset": null,
        "PATTERNID": null,
        "PERSON": null,
        "PMLABEL": null,
        "PM_NAME": null,
        "PM_NAME_NE": null,
        "Pattern": null,
        "Profile": null,
        "REGION": null,
        "SECTIONARC": null,
        "SECTION_AB": null,
        "SOURCE": "Atlas",
        "STRAT_INTE": null,
        "SectionArc": null,
        "Shape_Ar_1": null,
        "Shape_Area": null,
        "Shape_Le_1": null,
        "Shape_Leng": 3820.73326527,
        "Shape_Length": null,
        "Stop": null,
        "Stop_Num": null,
        "Symbology": null
      }
    },
    {
      "type": "Feature",
      "geometry": {
        "type": "LineString",
        "coordinates": [
          [
            -104.77109077961745,
            31.742365743715823
          ],
          [
            -104.76768416669262,
            31.73458012323212
          ]
        ]
      },
      "properties": {
        "Abbrev": null,
        "Alpha": null,
        "Area": null,
        "CS_ID": 150.0,
        "CYCLE": null,
        "CycleDsolv": null,
        "DESCRIPT": null,
        "FEATUREKEY": 55.0,
        "FEATUREK_1": null,
        "FEATURETYP": "Cross_Section",
        "FID_": null,
        "FID_Cross_": null,
        "FID_FanGeo": null,
        "FID_Fan_De": null,
        "FID_GIS_Re": null,
        "FID_Photo_": null,
        "FID_ftrip_": null,
        "FID_measur": null,
        "FID_patter": null,
        "FOURTH_ORD": null,
        "FOURTH_O_1": null,
        "FanID": null,
        "Fan_Del": null,
        "Fan_Del_sh": null,
        "FeatureT_1": null,
        "Geo_short": null,
        "Geography": null,
        "Gradient": null,
        "Hyperlink": null,
        "ID": null,
        "Id": null,
        "Id_1": null,
        "LENGTH": null,
        "Location": null,
        "MAPSYMBOL": "Present",
        "MAP_SYMBOL": null,
        "MS_ID": null,
        "MidptX": null,
        "MidptY": null,
        "Mod_names": null,
        "NAME": "BV Fan5",
        "NAME_1": null,
        "Name": null,
        "OBJECTID": null,
        "OBJECTID_1": null,
        "ORDERBY": null,
        "ORIG_FID": null,
        "Offset": null,
        "PATTERNID": null,
        "PERSON": null,
        "PMLABEL": null,
        "PM_NAME": null,
        "PM_NAME_NE": null,
        "Pattern": null,
        "Profile": null,
        "REGION": null,
        "SECTIONARC": null,
        "SECTION_AB": null,
        "SOURCE": null,
        "STRAT_INTE": null,
        "SectionArc": null,
        "Shape_Ar_1": null,
        "Shape_Area": null,
        "Shape_Le_1": null,
        "Shape_Leng": 921.298666872,
        "Shape_Length": null,
        "Stop": null,
        "Stop_Num": null,
        "Symbology": null
      }
    },
    {
      "type": "Feature",
      "geometry": {
        "type": "MultiLineString",
        "coordinates": [
          [
            [
              -104.76667928790162,
              31.707537655778697
            ],
            [
              -104.76614703298056,
              31.697920362835987
            ],
            [
              -104.76033140072597,
              31.70052502796333
            ],
            [
              -104.76610231778196,
              31.691069159741957
            ],
            [
              -104.7640503098566,
              31.683885641810523
            ],
            [
              -104.75891782774222,
              31.685461187888933
            ],
            [
              -104.75702778885527,
              31.687571095241253
            ],
            [
              -104.75331201994096,
              31.68537290862851
            ]
          ],
          [
            [
              -104.74819696552098,
              31.674073109562986
            ],
            [
              -104.747600570677,
              31.674074155698765
            ]
          ],
          [
            [
              -104.75401135745767,
              31.684508524209065
            ],
            [
              -104.75331201994096,
              31.68537290862851
            ]
          ],
          [
            [
              -104.75331201994096,
              31.68537290862851
            ],
            [
              -104.74761960327396,
              31.682005003661075
            ],
            [
              -104.747600570677,
              31.674074155698765
            ]
          ],
          [
            [
              -104.747600570677,
              31.674074155698765
            ],
            [
              -104.74759594226133,
              31.67214551261044
            ]
          ],
          [
            [
              -104.74759594226133,
              31.67214551261044
            ],
            [
              -104.74483493887872,
              31.67215031976294
            ]
          ],
          [
            [
              -104.74759594226133,
              31.67214551261044
            ],
            [
              -104.74759046427113,
              31.66986298089328
            ],
            [
              -104.75106656465171,
              31.663671979828077
            ]
          ]
        ]
      },
      "properties": {
        "Abbrev": null,
        "Alpha": null,
        "Area": null,
        "CS_ID": 176.0,
        "CYCLE": null,
        "CycleDsolv": null,
        "DESCRIPT": null,
        "FEATUREKEY": 64.0,
        "FEATUREK_1": null,
        "FEATURETYP": "Cross_Section",
        "FID_": null,
        "FID_Cross_": null,
        "FID_FanGeo": null,
        "FID_Fan_De": null,
        "FID_GIS_Re": null,
        "FID_Photo_": null,
        "FID_ftrip_": null,
        "FID_measur": null,
        "FID_patter": null,
        "FOURTH_ORD": null,
        "FOURTH_O_1": null,
        "FanID": null,
        "Fan_Del": null,
        "Fan_Del_sh": null,
        "FeatureT_1": null,
        "Geo_short": null,
        "Geography": null,
        "Gradient": null,
        "Hyperlink": null,
        "ID": null,
        "Id": null,
        "Id_1": null,
        "LENGTH": null,
        "Location": null,
        "MAPSYMBOL": "Present",
        "MAP_SYMBOL": null,
        "MS_ID": null,
        "MidptX": null,
        "MidptY": null,
        "Mod_names": null,
        "NAME": "Regional_Fan4_Fence",
        "NAME_1": null,
        "Name": null,
        "OBJECTID": null,
        "OBJECTID_1": null,
        "ORDERBY": null,
        "ORIG_FID": null,
        "Offset": null,
        "PATTERNID": null,
        "PERSON": null,
        "PMLABEL": null,
        "PM_NAME": null,
        "PM_NAME_NE": null,
        "Pattern": null,
        "Profile": null,
        "REGION": null,
        "SECTIONARC": null,
        "SECTION_AB": null,
        "SOURCE": "2000 GB",
        "STRAT_INTE": null,
        "SectionArc": null,
        "Shape_Ar_1": null,
        "Shape_Area": null,
        "Shape_Le_1": null,
        "Shape_Leng": 8128.5504297,
        "Shape_Length": null,
        "Stop": null,
        "Stop_Num": null,
        "Symbology": null
      }
    },
    {
      "type": "Feature",
      "geometry": {
        "type": "LineString",
        "coordinates": [
          [
            -104.71681264470585,
            31.57527195677052
          ],
          [
            -104.7191477270178,
            31.57486777636512
          ]
        ]
      },
      "properties": {
        "Abbrev": null,
        "Alpha": null,
        "Area": null,
        "CS_ID": 66.0,
        "CYCLE": null,
        "CycleDsolv": null,
        "DESCRIPT": null,
        "FEATUREKEY": 11.0,
        "FEATUREK_1": null,
        "FEATURETYP": "Cross_Section",
        "FID_": null,
        "FID_Cross_": null,
        "FID_FanGeo": null,
        "FID_Fan_De": null,
        "FID_GIS_Re": null,
        "FID_Photo_": null,
        "FID_ftrip_": null,
        "FID_measur": null,
        "FID_patter": null,
        "FOURTH_ORD": null,
        "FOURTH_O_1": null,
        "FanID": null,
        "Fan_Del": null,
        "Fan_Del_sh": null,
        "FeatureT_1": null,
        "Geo_short": null,
        "Geography": null,
        "Gradient": null,
        "Hyperlink": null,
        "ID": null,
        "Id": null,
        "Id_1": null,
        "LENGTH": null,
        "Location": null,
        "MAPSYMBOL": "Present",
        "MAP_SYMBOL": null,
        "MS_ID": null,
        "MidptX": null,
        "MidptY": null,
        "Mod_names": null,
        "NAME": "LowerBrushyCanyon_SouthSteamboatWall",
        "NAME_1": null,
        "Name": null,
        "OBJECTID": null,
        "OBJECTID_1": null,
        "ORDERBY": null,
        "ORIG_FID": null,
        "Offset": null,
        "PATTERNID": null,
        "PERSON": null,
        "PMLABEL": null,
        "PM_NAME": null,
        "PM_NAME_NE": null,
        "Pattern": null,
        "Profile": null,
        "REGION": null,
        "SECTIONARC": null,
        "SECTION_AB": null,
        "SOURCE": "2000 GB",
        "STRAT_INTE": null,
        "SectionArc": null,
        "Shape_Ar_1": null,
        "Shape_Area": null,
        "Shape_Le_1": null,
        "Shape_Leng": 226.055545802,
        "Shape_Length": null,
        "Stop": null,
        "Stop_Num": null,
        "Symbology": null
      }
    },
    {
      "type": "Feature",
      "geometry": {
        "type": "LineString",
        "coordinates": [
          [
            -104.67468552681439,
            31.56902631035436
          ],
          [
            -104.67242469586677,
            31.568336647328987
          ],
          [
            -104.67181814815287,
            31.567748892571302
          ],
          [
            -104.67113627524712,
            31.566949257231492
          ],
          [
            -104.67182682880386,
            31.56525755103781
          ],
          [
            -104.67279452158013,
            31.562891620160844
          ],
          [
            -104.67145998949243,
            31.561381154005485
          ],
          [
            -104.66990076459945,
            31.561328297309885
          ]
        ]
      },
      "properties": {
        "Abbrev": null,
        "Alpha": null,
        "Area": null,
        "CS_ID": 178.0,
        "CYCLE": null,
        "CycleDsolv": null,
        "DESCRIPT": null,
        "FEATUREKEY": 65.0,
        "FEATUREK_1": null,
        "FEATURETYP": "Cross_Section",
        "FID_": null,
        "FID_Cross_": null,
        "FID_FanGeo": null,
        "FID_Fan_De": null,
        "FID_GIS_Re": null,
        "FID_Photo_": null,
        "FID_ftrip_": null,
        "FID_measur": null,
        "FID_patter": null,
        "FOURTH_ORD": null,
        "FOURTH_O_1": null,
        "FanID": null,
        "Fan_Del": null,
        "Fan_Del_sh": null,
        "FeatureT_1": null,
        "Geo_short": null,
        "Geography": null,
        "Gradient": null,
        "Hyperlink": null,
        "ID": null,
        "Id": null,
        "Id_1": null,
        "LENGTH": null,
        "Location": null,
        "MAPSYMBOL": "Missing",
        "MAP_SYMBOL": null,
        "MS_ID": null,
        "MidptX": null,
        "MidptY": null,
        "Mod_names": null,
        "NAME": "SibleyAmp_Fence",
        "NAME_1": null,
        "Name": null,
        "OBJECTID": null,
        "OBJECTID_1": null,
        "ORDERBY": null,
        "ORIG_FID": null,
        "Offset": null,
        "PATTERNID": null,
        "PERSON": null,
        "PMLABEL": null,
        "PM_NAME": null,
        "PM_NAME_NE": null,
        "Pattern": null,
        "Profile": null,
        "REGION": null,
        "SECTIONARC": null,
        "SECTION_AB": null,
        "SOURCE": "2000 GB",
        "STRAT_INTE": null,
        "SectionArc": null,
        "Shape_Ar_1": null,
        "Shape_Area": null,
        "Shape_Le_1": null,
        "Shape_Leng": 1258.89509572,
        "Shape_Length": null,
        "Stop": null,
        "Stop_Num": null,
        "Symbology": null
      }
    },
    {
      "type": "Feature",
      "geometry": {
        "type": "LineString",
        "coordinates": [
          [
            -104.69339978391298,
            31.546542956141217
          ],
          [
            -104.6955038870901,
            31.54645936282004
          ]
        ]
      },
      "properties": {
        "Abbrev": null,
        "Alpha": null,
        "Area": null,
        "CS_ID": 55.0,
        "CYCLE": null,
        "CycleDsolv": null,
        "DESCRIPT": null,
        "FEATUREKEY": 9.0,
        "FEATUREK_1": null,
        "FEATURETYP": "Cross_Section",
        "FID_": null,
        "FID_Cross_": null,
        "FID_FanGeo": null,
        "FID_Fan_De": null,
        "FID_GIS_Re": null,
        "FID_Photo_": null,
        "FID_ftrip_": null,
        "FID_measur": null,
        "FID_patter": null,
        "FOURTH_ORD": null,
        "FOURTH_O_1": null,
        "FanID": null,
        "Fan_Del": null,
        "Fan_Del_sh": null,
        "FeatureT_1": null,
        "Geo_short": null,
        "Geography": null,
        "Gradient": null,
        "Hyperlink": null,
        "ID": null,
        "Id": null,
        "Id_1": null,
        "LENGTH": null,
        "Location": null,
        "MAPSYMBOL": "Missing",
        "MAP_SYMBOL": null,
        "MS_ID": null,
        "MidptX": null,
        "MidptY": null,
        "Mod_names": null,
        "NAME": "LowerBrushyCanyon_ApacheTank",
        "NAME_1": null,
        "Name": null,
        "OBJECTID": null,
        "OBJECTID_1": null,
        "ORDERBY": null,
        "ORIG_FID": null,
        "Offset": null,
        "PATTERNID": null,
        "PERSON": null,
        "PMLABEL": null,
        "PM_NAME": null,
        "PM_NAME_NE": null,
        "Pattern": null,
        "Profile": null,
        "REGION": null,
        "SECTIONARC": null,
        "SECTION_AB": null,
        "SOURCE": "2000 GB",
        "STRAT_INTE": null,
        "SectionArc": null,
        "Shape_Ar_1": null,
        "Shape_Area": null,
        "Shape_Le_1": null,
        "Shape_Leng": 199.930749473,
        "Shape_Length": null,
        "Stop": null,
        "Stop_Num": null,
        "Symbology": null
      }
    },
    {
      "type": "Feature",
      "geometry": {
        "type": "LineString",
        "coordinates": [
          [
            -104.8295247745729,
            31.809605970485407
          ],
          [
            -104.78741992779116,
            31.827360296420952
          ]
        ]
      },
      "properties": {
        "Abbrev": null,
        "Alpha": null,
        "Area": null,
        "CS_ID": 103.0,
        "CYCLE": null,
        "CycleDsolv": null,
        "DESCRIPT": null,
        "FEATUREKEY": 27.0,
        "FEATUREK_1": null,
        "FEATURETYP": "Cross_Section",
        "FID_": null,
        "FID_Cross_": null,
        "FID_FanGeo": null,
        "FID_Fan_De": null,
        "FID_GIS_Re": null,
        "FID_Photo_": null,
        "FID_ftrip_": null,
        "FID_measur": null,
        "FID_patter": null,
        "FOURTH_ORD": null,
        "FOURTH_O_1": null,
        "FanID": null,
        "Fan_Del": null,
        "Fan_Del_sh": null,
        "FeatureT_1": null,
        "Geo_short": null,
        "Geography": null,
        "Gradient": null,
        "Hyperlink": null,
        "ID": null,
        "Id": null,
        "Id_1": null,
        "LENGTH": null,
        "Location": null,
        "MAPSYMBOL": "Missing",
        "MAP_SYMBOL": null,
        "MS_ID": null,
        "MidptX": null,
        "MidptY": null,
        "Mod_names": null,
        "NAME": "KullmanAtoA'",
        "NAME_1": null,
        "Name": null,
        "OBJECTID": null,
        "OBJECTID_1": null,
        "ORDERBY": null,
        "ORIG_FID": null,
        "Offset": null,
        "PATTERNID": null,
        "PERSON": null,
        "PMLABEL": null,
        "PM_NAME": null,
        "PM_NAME_NE": null,
        "Pattern": null,
        "Profile": null,
        "REGION": null,
        "SECTIONARC": null,
        "SECTION_AB": null,
        "SOURCE": "Kullman Thesis",
        "STRAT_INTE": null,
        "SectionArc": null,
        "Shape_Ar_1": null,
        "Shape_Area": null,
        "Shape_Le_1": null,
        "Shape_Leng": 4444.32849057,
        "Shape_Length": null,
        "Stop": null,
        "Stop_Num": null,
        "Symbology": null
      }
    },
    {
      "type": "Feature",
      "geometry": {
        "type": "LineString",
        "coordinates": [
          [
            -104.82592607114704,
            31.796710598947396
          ],
          [
            -104.78121268759921,
            31.813256226211784
          ]
        ]
      },
      "properties": {
        "Abbrev": null,
        "Alpha": null,
        "Area": null,
        "CS_ID": 104.0,
        "CYCLE": null,
        "CycleDsolv": null,
        "DESCRIPT": null,
        "FEATUREKEY": 28.0,
        "FEATUREK_1": null,
        "FEATURETYP": "Cross_Section",
        "FID_": null,
        "FID_Cross_": null,
        "FID_FanGeo": null,
        "FID_Fan_De": null,
        "FID_GIS_Re": null,
        "FID_Photo_": null,
        "FID_ftrip_": null,
        "FID_measur": null,
        "FID_patter": null,
        "FOURTH_ORD": null,
        "FOURTH_O_1": null,
        "FanID": null,
        "Fan_Del": null,
        "Fan_Del_sh": null,
        "FeatureT_1": null,
        "Geo_short": null,
        "Geography": null,
        "Gradient": null,
        "Hyperlink": null,
        "ID": null,
        "Id": null,
        "Id_1": null,
        "LENGTH": null,
        "Location": null,
        "MAPSYMBOL": "Missing",
        "MAP_SYMBOL": null,
        "MS_ID": null,
        "MidptX": null,
        "MidptY": null,
        "Mod_names": null,
        "NAME": "KullmanBtoB'",
        "NAME_1": null,
        "Name": null,
        "OBJECTID": null,
        "OBJECTID_1": null,
        "ORDERBY": null,
        "ORIG_FID": null,
        "Offset": null,
        "PATTERNID": null,
        "PERSON": null,
        "PMLABEL": null,
        "PM_NAME": null,
        "PM_NAME_NE": null,
        "Pattern": null,
        "Profile": null,
        "REGION": null,
        "SECTIONARC": null,
        "SECTION_AB": null,
        "SOURCE": "Kullman Thesis",
        "STRAT_INTE": null,
        "SectionArc": null,
        "Shape_Ar_1": null,
        "Shape_Area": null,
        "Shape_Le_1": null,
        "Shape_Leng": 4612.64507435,
        "Shape_Length": null,
        "Stop": null,
        "Stop_Num": null,
        "Symbology": null
      }
    },
    {
      "type": "Feature",
      "geometry": {
        "type": "LineString",
        "coordinates": [
          [
            -104.8165549927513,
            31.78655692670898
          ],
          [
            -104.77702374790158,
            31.8011842722573
          ]
        ]
      },
      "properties": {
        "Abbrev": null,
        "Alpha": null,
        "Area": null,
        "CS_ID": 105.0,
        "CYCLE": null,
        "CycleDsolv": null,
        "DESCRIPT": null,
        "FEATUREKEY": 29.0,
        "FEATUREK_1": null,
        "FEATURETYP": "Cross_Section",
        "FID_": null,
        "FID_Cross_": null,
        "FID_FanGeo": null,
        "FID_Fan_De": null,
        "FID_GIS_Re": null,
        "FID_Photo_": null,
        "FID_ftrip_": null,
        "FID_measur": null,
        "FID_patter": null,
        "FOURTH_ORD": null,
        "FOURTH_O_1": null,
        "FanID": null,
        "Fan_Del": null,
        "Fan_Del_sh": null,
        "FeatureT_1": null,
        "Geo_short": null,
        "Geography": null,
        "Gradient": null,
        "Hyperlink": null,
        "ID": null,
        "Id": null,
        "Id_1": null,
        "LENGTH": null,
        "Location": null,
        "MAPSYMBOL": "Missing",
        "MAP_SYMBOL": null,
        "MS_ID": null,
        "MidptX": null,
        "MidptY": null,
        "Mod_names": null,
        "NAME": "KullmanCtoC'",
        "NAME_1": null,
        "Name": null,
        "OBJECTID": null,
        "OBJECTID_1": null,
        "ORDERBY": null,
        "ORIG_FID": null,
        "Offset": null,
        "PATTERNID": null,
        "PERSON": null,
        "PMLABEL": null,
        "PM_NAME": null,
        "PM_NAME_NE": null,
        "Pattern": null,
        "Profile": null,
        "REGION": null,
        "SECTIONARC": null,
        "SECTION_AB": null,
        "SOURCE": "Kullman Thesis",
        "STRAT_INTE": null,
        "SectionArc": null,
        "Shape_Ar_1": null,
        "Shape_Area": null,
        "Shape_Le_1": null,
        "Shape_Leng": 4078.43572908,
        "Shape_Length": null,
        "Stop": null,
        "Stop_Num": null,
        "Symbology": null
      }
    },
    {
      "type": "Feature",
      "geometry": {
        "type": "LineString",
        "coordinates": [
          [
            -104.81297316372648,
            31.76657994642465
          ],
          [
            -104.76733383414309,
            31.782832994357793
          ]
        ]
      },
      "properties": {
        "Abbrev": null,
        "Alpha": null,
        "Area": null,
        "CS_ID": 106.0,
        "CYCLE": null,
        "CycleDsolv": null,
        "DESCRIPT": null,
        "FEATUREKEY": 30.0,
        "FEATUREK_1": null,
        "FEATURETYP": "Cross_Section",
        "FID_": null,
        "FID_Cross_": null,
        "FID_FanGeo": null,
        "FID_Fan_De": null,
        "FID_GIS_Re": null,
        "FID_Photo_": null,
        "FID_ftrip_": null,
        "FID_measur": null,
        "FID_patter": null,
        "FOURTH_ORD": null,
        "FOURTH_O_1": null,
        "FanID": null,
        "Fan_Del": null,
        "Fan_Del_sh": null,
        "FeatureT_1": null,
        "Geo_short": null,
        "Geography": null,
        "Gradient": null,
        "Hyperlink": null,
        "ID": null,
        "Id": null,
        "Id_1": null,
        "LENGTH": null,
        "Location": null,
        "MAPSYMBOL": "Missing",
        "MAP_SYMBOL": null,
        "MS_ID": null,
        "MidptX": null,
        "MidptY": null,
        "Mod_names": null,
        "NAME": "KullmanDtoD'",
        "NAME_1": null,
        "Name": null,
        "OBJECTID": null,
        "OBJECTID_1": null,
        "ORDERBY": null,
        "ORIG_FID": null,
        "Offset": null,
        "PATTERNID": null,
        "PERSON": null,
        "PMLABEL": null,
        "PM_NAME": null,
        "PM_NAME_NE": null,
        "Pattern": null,
        "Profile": null,
        "REGION": null,
        "SECTIONARC": null,
        "SECTION_AB": null,
        "SOURCE": "Kullman Thesis",
        "STRAT_INTE": null,
        "SectionArc": null,
        "Shape_Ar_1": null,
        "Shape_Area": null,
        "Shape_Le_1": null,
        "Shape_Leng": 4681.92340009,
        "Shape_Length": null,
        "Stop": null,
        "Stop_Num": null,
        "Symbology": null
      }
    },
    {
      "type": "Feature",
      "geometry": {
        "type": "LineString",
        "coordinates": [
          [
            -104.80911642418312,
            31.750647187114982
          ],
          [
            -104.76148050326293,
            31.763801460465714
          ]
        ]
      },
      "properties": {
        "Abbrev": null,
        "Alpha": null,
        "Area": null,
        "CS_ID": 107.0,
        "CYCLE": null,
        "CycleDsolv": null,
        "DESCRIPT": null,
        "FEATUREKEY": 31.0,
        "FEATUREK_1": null,
        "FEATURETYP": "Cross_Section",
        "FID_": null,
        "FID_Cross_": null,
        "FID_FanGeo": null,
        "FID_Fan_De": null,
        "FID_GIS_Re": null,
        "FID_Photo_": null,
        "FID_ftrip_": null,
        "FID_measur": null,
        "FID_patter": null,
        "FOURTH_ORD": null,
        "FOURTH_O_1": null,
        "FanID": null,
        "Fan_Del": null,
        "Fan_Del_sh": null,
        "FeatureT_1": null,
        "Geo_short": null,
        "Geography": null,
        "Gradient": null,
        "Hyperlink": null,
        "ID": null,
        "Id": null,
        "Id_1": null,
        "LENGTH": null,
        "Location": null,
        "MAPSYMBOL": "Missing",
        "MAP_SYMBOL": null,
        "MS_ID": null,
        "MidptX": null,
        "MidptY": null,
        "Mod_names": null,
        "NAME": "KullmanEtoE'",
        "NAME_1": null,
        "Name": null,
        "OBJECTID": null,
        "OBJECTID_1": null,
        "ORDERBY": null,
        "ORIG_FID": null,
        "Offset": null,
        "PATTERNID": null,
        "PERSON": null,
        "PMLABEL": null,
        "PM_NAME": null,
        "PM_NAME_NE": null,
        "Pattern": null,
        "Profile": null,
        "REGION": null,
        "SECTIONARC": null,
        "SECTION_AB": null,
        "SOURCE": "Kullman Thesis",
        "STRAT_INTE": null,
        "SectionArc": null,
        "Shape_Ar_1": null,
        "Shape_Area": null,
        "Shape_Le_1": null,
        "Shape_Leng": 4741.12970012,
        "Shape_Length": null,
        "Stop": null,
        "Stop_Num": null,
        "Symbology": null
      }
    },
    {
      "type": "Feature",
      "geometry": {
        "type": "LineString",
        "coordinates": [
          [
            -104.80754148509878,
            31.734030349018003
          ],
          [
            -104.76073920423687,
            31.7469562775084
          ]
        ]
      },
      "properties": {
        "Abbrev": null,
        "Alpha": null,
        "Area": null,
        "CS_ID": 108.0,
        "CYCLE": null,
        "CycleDsolv": null,
        "DESCRIPT": null,
        "FEATUREKEY": 32.0,
        "FEATUREK_1": null,
        "FEATURETYP": "Cross_Section",
        "FID_": null,
        "FID_Cross_": null,
        "FID_FanGeo": null,
        "FID_Fan_De": null,
        "FID_GIS_Re": null,
        "FID_Photo_": null,
        "FID_ftrip_": null,
        "FID_measur": null,
        "FID_patter": null,
        "FOURTH_ORD": null,
        "FOURTH_O_1": null,
        "FanID": null,
        "Fan_Del": null,
        "Fan_Del_sh": null,
        "FeatureT_1": null,
        "Geo_short": null,
        "Geography": null,
        "Gradient": null,
        "Hyperlink": null,
        "ID": null,
        "Id": null,
        "Id_1": null,
        "LENGTH": null,
        "Location": null,
        "MAPSYMBOL": "Missing",
        "MAP_SYMBOL": null,
        "MS_ID": null,
        "MidptX": null,
        "MidptY": null,
        "Mod_names": null,
        "NAME": "KullmanFtoF'",
        "NAME_1": null,
        "Name": null,
        "OBJECTID": null,
        "OBJECTID_1": null,
        "ORDERBY": null,
        "ORIG_FID": null,
        "Offset": null,
        "PATTERNID": null,
        "PERSON": null,
        "PMLABEL": null,
        "PM_NAME": null,
        "PM_NAME_NE": null,
        "Pattern": null,
        "Profile": null,
        "REGION": null,
        "SECTIONARC": null,
        "SECTION_AB": null,
        "SOURCE": "Kullman Thesis",
        "STRAT_INTE": null,
        "SectionArc": null,
        "Shape_Ar_1": null,
        "Shape_Area": null,
        "Shape_Le_1": null,
        "Shape_Leng": 4658.98977981,
        "Shape_Length": null,
        "Stop": null,
        "Stop_Num": null,
        "Symbology": null
      }
    },
    {
      "type": "Feature",
      "geometry": {
        "type": "LineString",
        "coordinates": [
          [
            -104.79607332430962,
            31.70571343744675
          ],
          [
            -104.74980624747684,
            31.716172922660206
          ]
        ]
      },
      "properties": {
        "Abbrev": null,
        "Alpha": null,
        "Area": null,
        "CS_ID": 110.0,
        "CYCLE": null,
        "CycleDsolv": null,
        "DESCRIPT": null,
        "FEATUREKEY": 34.0,
        "FEATUREK_1": null,
        "FEATURETYP": "Cross_Section",
        "FID_": null,
        "FID_Cross_": null,
        "FID_FanGeo": null,
        "FID_Fan_De": null,
        "FID_GIS_Re": null,
        "FID_Photo_": null,
        "FID_ftrip_": null,
        "FID_measur": null,
        "FID_patter": null,
        "FOURTH_ORD": null,
        "FOURTH_O_1": null,
        "FanID": null,
        "Fan_Del": null,
        "Fan_Del_sh": null,
        "FeatureT_1": null,
        "Geo_short": null,
        "Geography": null,
        "Gradient": null,
        "Hyperlink": null,
        "ID": null,
        "Id": null,
        "Id_1": null,
        "LENGTH": null,
        "Location": null,
        "MAPSYMBOL": "Missing",
        "MAP_SYMBOL": null,
        "MS_ID": null,
        "MidptX": null,
        "MidptY": null,
        "Mod_names": null,
        "NAME": "KullmanHtoH'",
        "NAME_1": null,
        "Name": null,
        "OBJECTID": null,
        "OBJECTID_1": null,
        "ORDERBY": null,
        "ORIG_FID": null,
        "Offset": null,
        "PATTERNID": null,
        "PERSON": null,
        "PMLABEL": null,
        "PM_NAME": null,
        "PM_NAME_NE": null,
        "Pattern": null,
        "Profile": null,
        "REGION": null,
        "SECTIONARC": null,
        "SECTION_AB": null,
        "SOURCE": "Kullman Thesis",
        "STRAT_INTE": null,
        "SectionArc": null,
        "Shape_Ar_1": null,
        "Shape_Area": null,
        "Shape_Le_1": null,
        "Shape_Leng": 4534.62052427,
        "Shape_Length": null,
        "Stop": null,
        "Stop_Num": null,
        "Symbology": null
      }
    },
    {
      "type": "Feature",
      "geometry": {
        "type": "LineString",
        "coordinates": [
          [
            -104.80100530258812,
            31.718439923153984
          ],
          [
            -104.75700791953743,
            31.730280469088672
          ]
        ]
      },
      "properties": {
        "Abbrev": null,
        "Alpha": null,
        "Area": null,
        "CS_ID": 109.0,
        "CYCLE": null,
        "CycleDsolv": null,
        "DESCRIPT": null,
        "FEATUREKEY": 33.0,
        "FEATUREK_1": null,
        "FEATURETYP": "Cross_Section",
        "FID_": null,
        "FID_Cross_": null,
        "FID_FanGeo": null,
        "FID_Fan_De": null,
        "FID_GIS_Re": null,
        "FID_Photo_": null,
        "FID_ftrip_": null,
        "FID_measur": null,
        "FID_patter": null,
        "FOURTH_ORD": null,
        "FOURTH_O_1": null,
        "FanID": null,
        "Fan_Del": null,
        "Fan_Del_sh": null,
        "FeatureT_1": null,
        "Geo_short": null,
        "Geography": null,
        "Gradient": null,
        "Hyperlink": null,
        "ID": null,
        "Id": null,
        "Id_1": null,
        "LENGTH": null,
        "Location": null,
        "MAPSYMBOL": "Missing",
        "MAP_SYMBOL": null,
        "MS_ID": null,
        "MidptX": null,
        "MidptY": null,
        "Mod_names": null,
        "NAME": "KullmanGtoG'",
        "NAME_1": null,
        "Name": null,
        "OBJECTID": null,
        "OBJECTID_1": null,
        "ORDERBY": null,
        "ORIG_FID": null,
        "Offset": null,
        "PATTERNID": null,
        "PERSON": null,
        "PMLABEL": null,
        "PM_NAME": null,
        "PM_NAME_NE": null,
        "Pattern": null,
        "Profile": null,
        "REGION": null,
        "SECTIONARC": null,
        "SECTION_AB": null,
        "SOURCE": "Kullman Thesis",
        "STRAT_INTE": null,
        "SectionArc": null,
        "Shape_Ar_1": null,
        "Shape_Area": null,
        "Shape_Le_1": null,
        "Shape_Leng": 4369.99002863,
        "Shape_Length": null,
        "Stop": null,
        "Stop_Num": null,
        "Symbology": null
      }
    },
    {
      "type": "Feature",
      "geometry": {
        "type": "LineString",
        "coordinates": [
          [
            -104.79208504992714,
            31.69103963140988
          ],
          [
            -104.743344976437,
            31.701607396757993
          ]
        ]
      },
      "properties": {
        "Abbrev": null,
        "Alpha": null,
        "Area": null,
        "CS_ID": 111.0,
        "CYCLE": null,
        "CycleDsolv": null,
        "DESCRIPT": null,
        "FEATUREKEY": 35.0,
        "FEATUREK_1": null,
        "FEATURETYP": "Cross_Section",
        "FID_": null,
        "FID_Cross_": null,
        "FID_FanGeo": null,
        "FID_Fan_De": null,
        "FID_GIS_Re": null,
        "FID_Photo_": null,
        "FID_ftrip_": null,
        "FID_measur": null,
        "FID_patter": null,
        "FOURTH_ORD": null,
        "FOURTH_O_1": null,
        "FanID": null,
        "Fan_Del": null,
        "Fan_Del_sh": null,
        "FeatureT_1": null,
        "Geo_short": null,
        "Geography": null,
        "Gradient": null,
        "Hyperlink": null,
        "ID": null,
        "Id": null,
        "Id_1": null,
        "LENGTH": null,
        "Location": null,
        "MAPSYMBOL": "Missing",
        "MAP_SYMBOL": null,
        "MS_ID": null,
        "MidptX": null,
        "MidptY": null,
        "Mod_names": null,
        "NAME": "KullmanItoI'",
        "NAME_1": null,
        "Name": null,
        "OBJECTID": null,
        "OBJECTID_1": null,
        "ORDERBY": null,
        "ORIG_FID": null,
        "Offset": null,
        "PATTERNID": null,
        "PERSON": null,
        "PMLABEL": null,
        "PM_NAME": null,
        "PM_NAME_NE": null,
        "Pattern": null,
        "Profile": null,
        "REGION": null,
        "SECTIONARC": null,
        "SECTION_AB": null,
        "SOURCE": "Kullman Thesis",
        "STRAT_INTE": null,
        "SectionArc": null,
        "Shape_Ar_1": null,
        "Shape_Area": null,
        "Shape_Le_1": null,
        "Shape_Leng": 4765.15460657,
        "Shape_Length": null,
        "Stop": null,
        "Stop_Num": null,
        "Symbology": null
      }
    },
    {
      "type": "Feature",
      "geometry": {
        "type": "LineString",
        "coordinates": [
          [
            -104.78140000538987,
            31.675839519228713
          ],
          [
            -104.75110249791216,
            31.682315451396114
          ]
        ]
      },
      "properties": {
        "Abbrev": null,
        "Alpha": null,
        "Area": null,
        "CS_ID": 112.0,
        "CYCLE": null,
        "CycleDsolv": null,
        "DESCRIPT": null,
        "FEATUREKEY": 36.0,
        "FEATUREK_1": null,
        "FEATURETYP": "Cross_Section",
        "FID_": null,
        "FID_Cross_": null,
        "FID_FanGeo": null,
        "FID_Fan_De": null,
        "FID_GIS_Re": null,
        "FID_Photo_": null,
        "FID_ftrip_": null,
        "FID_measur": null,
        "FID_patter": null,
        "FOURTH_ORD": null,
        "FOURTH_O_1": null,
        "FanID": null,
        "Fan_Del": null,
        "Fan_Del_sh": null,
        "FeatureT_1": null,
        "Geo_short": null,
        "Geography": null,
        "Gradient": null,
        "Hyperlink": null,
        "ID": null,
        "Id": null,
        "Id_1": null,
        "LENGTH": null,
        "Location": null,
        "MAPSYMBOL": "Missing",
        "MAP_SYMBOL": null,
        "MS_ID": null,
        "MidptX": null,
        "MidptY": null,
        "Mod_names": null,
        "NAME": "KullmanJtoJ'",
        "NAME_1": null,
        "Name": null,
        "OBJECTID": null,
        "OBJECTID_1": null,
        "ORDERBY": null,
        "ORIG_FID": null,
        "Offset": null,
        "PATTERNID": null,
        "PERSON": null,
        "PMLABEL": null,
        "PM_NAME": null,
        "PM_NAME_NE": null,
        "Pattern": null,
        "Profile": null,
        "REGION": null,
        "SECTIONARC": null,
        "SECTION_AB": null,
        "SOURCE": "Kullman Thesis",
        "STRAT_INTE": null,
        "SectionArc": null,
        "Shape_Ar_1": null,
        "Shape_Area": null,
        "Shape_Le_1": null,
        "Shape_Leng": 2960.08684704,
        "Shape_Length": null,
        "Stop": null,
        "Stop_Num": null,
        "Symbology": null
      }
    },
    {
      "type": "Feature",
      "geometry": {
        "type": "LineString",
        "coordinates": [
          [
            -104.7778917221461,
            31.657958418122043
          ],
          [
            -104.74525523618712,
            31.66442894200817
          ]
        ]
      },
      "properties": {
        "Abbrev": null,
        "Alpha": null,
        "Area": null,
        "CS_ID": 113.0,
        "CYCLE": null,
        "CycleDsolv": null,
        "DESCRIPT": null,
        "FEATUREKEY": 37.0,
        "FEATUREK_1": null,
        "FEATURETYP": "Cross_Section",
        "FID_": null,
        "FID_Cross_": null,
        "FID_FanGeo": null,
        "FID_Fan_De": null,
        "FID_GIS_Re": null,
        "FID_Photo_": null,
        "FID_ftrip_": null,
        "FID_measur": null,
        "FID_patter": null,
        "FOURTH_ORD": null,
        "FOURTH_O_1": null,
        "FanID": null,
        "Fan_Del": null,
        "Fan_Del_sh": null,
        "FeatureT_1": null,
        "Geo_short": null,
        "Geography": null,
        "Gradient": null,
        "Hyperlink": null,
        "ID": null,
        "Id": null,
        "Id_1": null,
        "LENGTH": null,
        "Location": null,
        "MAPSYMBOL": "Missing",
        "MAP_SYMBOL": null,
        "MS_ID": null,
        "MidptX": null,
        "MidptY": null,
        "Mod_names": null,
        "NAME": "KullmanKtoK'",
        "NAME_1": null,
        "Name": null,
        "OBJECTID": null,
        "OBJECTID_1": null,
        "ORDERBY": null,
        "ORIG_FID": null,
        "Offset": null,
        "PATTERNID": null,
        "PERSON": null,
        "PMLABEL": null,
        "PM_NAME": null,
        "PM_NAME_NE": null,
        "Pattern": null,
        "Profile": null,
        "REGION": null,
        "SECTIONARC": null,
        "SECTION_AB": null,
        "SOURCE": "Kullman Thesis",
        "STRAT_INTE": null,
        "SectionArc": null,
        "Shape_Ar_1": null,
        "Shape_Area": null,
        "Shape_Le_1": null,
        "Shape_Leng": 3176.05383571,
        "Shape_Length": null,
        "Stop": null,
        "Stop_Num": null,
        "Symbology": null
      }
    },
    {
      "type": "Feature",
      "geometry": {
        "type": "LineString",
        "coordinates": [
          [
            -104.75285882246297,
            31.69002427596203
          ],
          [
            -104.74698192732598,
            31.683792190505464
          ],
          [
            -104.74761960327396,
            31.682005003661075
          ],
          [
            -104.75383843491824,
            31.68472225895126
          ],
          [
            -104.75799164786041,
            31.681073744086934
          ],
          [
            -104.76202102425924,
            31.67614889173568
          ],
          [
            -104.76779423775783,
            31.673856233998663
          ]
        ]
      },
      "properties": {
        "Abbrev": null,
        "Alpha": null,
        "Area": null,
        "CS_ID": 179.0,
        "CYCLE": null,
        "CycleDsolv": null,
        "DESCRIPT": null,
        "FEATUREKEY": 66.0,
        "FEATUREK_1": null,
        "FEATURETYP": "Cross_Section",
        "FID_": null,
        "FID_Cross_": null,
        "FID_FanGeo": null,
        "FID_Fan_De": null,
        "FID_GIS_Re": null,
        "FID_Photo_": null,
        "FID_ftrip_": null,
        "FID_measur": null,
        "FID_patter": null,
        "FOURTH_ORD": null,
        "FOURTH_O_1": null,
        "FanID": null,
        "Fan_Del": null,
        "Fan_Del_sh": null,
        "FeatureT_1": null,
        "Geo_short": null,
        "Geography": null,
        "Gradient": null,
        "Hyperlink": null,
        "ID": null,
        "Id": null,
        "Id_1": null,
        "LENGTH": null,
        "Location": null,
        "MAPSYMBOL": "Missing",
        "MAP_SYMBOL": null,
        "MS_ID": null,
        "MidptX": null,
        "MidptY": null,
        "Mod_names": null,
        "NAME": "CRAC_Model_F1_f5",
        "NAME_1": null,
        "Name": null,
        "OBJECTID": null,
        "OBJECTID_1": null,
        "ORDERBY": null,
        "ORIG_FID": null,
        "Offset": null,
        "PATTERNID": null,
        "PERSON": null,
        "PMLABEL": null,
        "PM_NAME": null,
        "PM_NAME_NE": null,
        "Pattern": null,
        "Profile": null,
        "REGION": null,
        "SECTIONARC": null,
        "SECTION_AB": null,
        "SOURCE": "2001 GB",
        "STRAT_INTE": null,
        "SectionArc": null,
        "Shape_Ar_1": null,
        "Shape_Area": null,
        "Shape_Le_1": null,
        "Shape_Leng": 3590.24911577,
        "Shape_Length": null,
        "Stop": null,
        "Stop_Num": null,
        "Symbology": null
      }
    },
    {
      "type": "Feature",
      "geometry": {
        "type": "LineString",
        "coordinates": [
          [
            -104.76022287198734,
            31.701914809269976
          ],
          [
            -104.76253714620907,
            31.699537182181672
          ],
          [
            -104.7661794460816,
            31.69850608129779
          ]
        ]
      },
      "properties": {
        "Abbrev": null,
        "Alpha": null,
        "Area": null,
        "CS_ID": 165.0,
        "CYCLE": null,
        "CycleDsolv": null,
        "DESCRIPT": null,
        "FEATUREKEY": 58.0,
        "FEATUREK_1": null,
        "FEATURETYP": "Cross_Section",
        "FID_": null,
        "FID_Cross_": null,
        "FID_FanGeo": null,
        "FID_Fan_De": null,
        "FID_GIS_Re": null,
        "FID_Photo_": null,
        "FID_ftrip_": null,
        "FID_measur": null,
        "FID_patter": null,
        "FOURTH_ORD": null,
        "FOURTH_O_1": null,
        "FanID": null,
        "Fan_Del": null,
        "Fan_Del_sh": null,
        "FeatureT_1": null,
        "Geo_short": null,
        "Geography": null,
        "Gradient": null,
        "Hyperlink": null,
        "ID": null,
        "Id": null,
        "Id_1": null,
        "LENGTH": null,
        "Location": null,
        "MAPSYMBOL": "Present",
        "MAP_SYMBOL": null,
        "MS_ID": null,
        "MidptX": null,
        "MidptY": null,
        "Mod_names": null,
        "NAME": "Rock Art North",
        "NAME_1": null,
        "Name": null,
        "OBJECTID": null,
        "OBJECTID_1": null,
        "ORDERBY": null,
        "ORIG_FID": null,
        "Offset": null,
        "PATTERNID": null,
        "PERSON": null,
        "PMLABEL": null,
        "PM_NAME": null,
        "PM_NAME_NE": null,
        "Pattern": null,
        "Profile": null,
        "REGION": null,
        "SECTIONARC": null,
        "SECTION_AB": null,
        "SOURCE": "2002 GB",
        "STRAT_INTE": null,
        "SectionArc": null,
        "Shape_Ar_1": null,
        "Shape_Area": null,
        "Shape_Le_1": null,
        "Shape_Leng": 706.436934067,
        "Shape_Length": null,
        "Stop": null,
        "Stop_Num": null,
        "Symbology": null
      }
    },
    {
      "type": "Feature",
      "geometry": {
        "type": "LineString",
        "coordinates": [
          [
            -104.7510908994874,
            31.65210527399736
          ],
          [
            -104.77403941952213,
            31.638340534296795
          ],
          [
            -104.77399386594064,
            31.63837934759487
          ]
        ]
      },
      "properties": {
        "Abbrev": null,
        "Alpha": null,
        "Area": null,
        "CS_ID": 180.0,
        "CYCLE": null,
        "CycleDsolv": null,
        "DESCRIPT": null,
        "FEATUREKEY": 67.0,
        "FEATUREK_1": null,
        "FEATURETYP": "Cross_Section",
        "FID_": null,
        "FID_Cross_": null,
        "FID_FanGeo": null,
        "FID_Fan_De": null,
        "FID_GIS_Re": null,
        "FID_Photo_": null,
        "FID_ftrip_": null,
        "FID_measur": null,
        "FID_patter": null,
        "FOURTH_ORD": null,
        "FOURTH_O_1": null,
        "FanID": null,
        "Fan_Del": null,
        "Fan_Del_sh": null,
        "FeatureT_1": null,
        "Geo_short": null,
        "Geography": null,
        "Gradient": null,
        "Hyperlink": null,
        "ID": null,
        "Id": null,
        "Id_1": null,
        "LENGTH": null,
        "Location": null,
        "MAPSYMBOL": "Missing",
        "MAP_SYMBOL": null,
        "MS_ID": null,
        "MidptX": null,
        "MidptY": null,
        "Mod_names": null,
        "NAME": "LBC_1_2_PinchoutAtoA'",
        "NAME_1": null,
        "Name": null,
        "OBJECTID": null,
        "OBJECTID_1": null,
        "ORDERBY": null,
        "ORIG_FID": null,
        "Offset": null,
        "PATTERNID": null,
        "PERSON": null,
        "PMLABEL": null,
        "PM_NAME": null,
        "PM_NAME_NE": null,
        "Pattern": null,
        "Profile": null,
        "REGION": null,
        "SECTIONARC": null,
        "SECTION_AB": null,
        "SOURCE": "2002 GB",
        "STRAT_INTE": null,
        "SectionArc": null,
        "Shape_Ar_1": null,
        "Shape_Area": null,
        "Shape_Le_1": null,
        "Shape_Leng": 2663.60637714,
        "Shape_Length": null,
        "Stop": null,
        "Stop_Num": null,
        "Symbology": null
      }
    },
    {
      "type": "Feature",
      "geometry": {
        "type": "LineString",
        "coordinates": [
          [
            -104.76565439989129,
            31.646481491851308
          ],
          [
            -104.76155833590006,
            31.64148372573523
          ]
        ]
      },
      "properties": {
        "Abbrev": null,
        "Alpha": null,
        "Area": null,
        "CS_ID": 181.0,
        "CYCLE": null,
        "CycleDsolv": null,
        "DESCRIPT": null,
        "FEATUREKEY": 68.0,
        "FEATUREK_1": null,
        "FEATURETYP": "Cross_Section",
        "FID_": null,
        "FID_Cross_": null,
        "FID_FanGeo": null,
        "FID_Fan_De": null,
        "FID_GIS_Re": null,
        "FID_Photo_": null,
        "FID_ftrip_": null,
        "FID_measur": null,
        "FID_patter": null,
        "FOURTH_ORD": null,
        "FOURTH_O_1": null,
        "FanID": null,
        "Fan_Del": null,
        "Fan_Del_sh": null,
        "FeatureT_1": null,
        "Geo_short": null,
        "Geography": null,
        "Gradient": null,
        "Hyperlink": null,
        "ID": null,
        "Id": null,
        "Id_1": null,
        "LENGTH": null,
        "Location": null,
        "MAPSYMBOL": "Missing",
        "MAP_SYMBOL": null,
        "MS_ID": null,
        "MidptX": null,
        "MidptY": null,
        "Mod_names": null,
        "NAME": "LBC_1_2_PinchoutBtoB'",
        "NAME_1": null,
        "Name": null,
        "OBJECTID": null,
        "OBJECTID_1": null,
        "ORDERBY": null,
        "ORIG_FID": null,
        "Offset": null,
        "PATTERNID": null,
        "PERSON": null,
        "PMLABEL": null,
        "PM_NAME": null,
        "PM_NAME_NE": null,
        "Pattern": null,
        "Profile": null,
        "REGION": null,
        "SECTIONARC": null,
        "SECTION_AB": null,
        "SOURCE": "2002 GB",
        "STRAT_INTE": null,
        "SectionArc": null,
        "Shape_Ar_1": null,
        "Shape_Area": null,
        "Shape_Le_1": null,
        "Shape_Leng": 676.525028983,
        "Shape_Length": null,
        "Stop": null,
        "Stop_Num": null,
        "Symbology": null
      }
    },
    {
      "type": "Feature",
      "geometry": {
        "type": "LineString",
        "coordinates": [
          [
            -104.772907045974,
            31.636627207438817
          ],
          [
            -104.7546363006406,
            31.65250104997897
          ]
        ]
      },
      "properties": {
        "Abbrev": null,
        "Alpha": null,
        "Area": null,
        "CS_ID": 183.0,
        "CYCLE": null,
        "CycleDsolv": null,
        "DESCRIPT": null,
        "FEATUREKEY": 70.0,
        "FEATUREK_1": null,
        "FEATURETYP": "Cross_Section",
        "FID_": null,
        "FID_Cross_": null,
        "FID_FanGeo": null,
        "FID_Fan_De": null,
        "FID_GIS_Re": null,
        "FID_Photo_": null,
        "FID_ftrip_": null,
        "FID_measur": null,
        "FID_patter": null,
        "FOURTH_ORD": null,
        "FOURTH_O_1": null,
        "FanID": null,
        "Fan_Del": null,
        "Fan_Del_sh": null,
        "FeatureT_1": null,
        "Geo_short": null,
        "Geography": null,
        "Gradient": null,
        "Hyperlink": null,
        "ID": null,
        "Id": null,
        "Id_1": null,
        "LENGTH": null,
        "Location": null,
        "MAPSYMBOL": "Missing",
        "MAP_SYMBOL": null,
        "MS_ID": null,
        "MidptX": null,
        "MidptY": null,
        "Mod_names": null,
        "NAME": "LBC_1_3_PinchoutBtoB'",
        "NAME_1": null,
        "Name": null,
        "OBJECTID": null,
        "OBJECTID_1": null,
        "ORDERBY": null,
        "ORIG_FID": null,
        "Offset": null,
        "PATTERNID": null,
        "PERSON": null,
        "PMLABEL": null,
        "PM_NAME": null,
        "PM_NAME_NE": null,
        "Pattern": null,
        "Profile": null,
        "REGION": null,
        "SECTIONARC": null,
        "SECTION_AB": null,
        "SOURCE": "2002 GB",
        "STRAT_INTE": null,
        "SectionArc": null,
        "Shape_Ar_1": null,
        "Shape_Area": null,
        "Shape_Le_1": null,
        "Shape_Leng": 2469.16936186,
        "Shape_Length": null,
        "Stop": null,
        "Stop_Num": null,
        "Symbology": null
      }
    },
    {
      "type": "Feature",
      "geometry": {
        "type": "LineString",
        "coordinates": [
          [
            -104.74687570149324,
            31.630277657249017
          ],
          [
            -104.77429503757152,
            31.653377087581216
          ]
        ]
      },
      "properties": {
        "Abbrev": null,
        "Alpha": null,
        "Area": null,
        "CS_ID": 182.0,
        "CYCLE": null,
        "CycleDsolv": null,
        "DESCRIPT": null,
        "FEATUREKEY": 69.0,
        "FEATUREK_1": null,
        "FEATURETYP": "Cross_Section",
        "FID_": null,
        "FID_Cross_": null,
        "FID_FanGeo": null,
        "FID_Fan_De": null,
        "FID_GIS_Re": null,
        "FID_Photo_": null,
        "FID_ftrip_": null,
        "FID_measur": null,
        "FID_patter": null,
        "FOURTH_ORD": null,
        "FOURTH_O_1": null,
        "FanID": null,
        "Fan_Del": null,
        "Fan_Del_sh": null,
        "FeatureT_1": null,
        "Geo_short": null,
        "Geography": null,
        "Gradient": null,
        "Hyperlink": null,
        "ID": null,
        "Id": null,
        "Id_1": null,
        "LENGTH": null,
        "Location": null,
        "MAPSYMBOL": "Missing",
        "MAP_SYMBOL": null,
        "MS_ID": null,
        "MidptX": null,
        "MidptY": null,
        "Mod_names": null,
        "NAME": "LBC_1_3_PinchoutAtoA'",
        "NAME_1": null,
        "Name": null,
        "OBJECTID": null,
        "OBJECTID_1": null,
        "ORDERBY": null,
        "ORIG_FID": null,
        "Offset": null,
        "PATTERNID": null,
        "PERSON": null,
        "PMLABEL": null,
        "PM_NAME": null,
        "PM_NAME_NE": null,
        "Pattern": null,
        "Profile": null,
        "REGION": null,
        "SECTIONARC": null,
        "SECTION_AB": null,
        "SOURCE": "2002 GB",
        "STRAT_INTE": null,
        "SectionArc": null,
        "Shape_Ar_1": null,
        "Shape_Area": null,
        "Shape_Le_1": null,
        "Shape_Leng": 3648.91909222,
        "Shape_Length": null,
        "Stop": null,
        "Stop_Num": null,
        "Symbology": null
      }
    },
    {
      "type": "Feature",
      "geometry": {
        "type": "LineString",
        "coordinates": [
          [
            -104.770777096985,
            31.725418004115465
          ],
          [
            -104.77022863677571,
            31.725124943445625
          ],
          [
            -104.76911831359605,
            31.72502906098729
          ],
          [
            -104.76809460906016,
            31.724453487425823
          ],
          [
            -104.76763202865615,
            31.723983238419642
          ],
          [
            -104.76686376416568,
            31.723752351713117
          ],
          [
            -104.76613238985682,
            31.723897461938407
          ],
          [
            -104.76531504273943,
            31.723290540257846
          ],
          [
            -104.76360708585388,
            31.72306833587238
          ],
          [
            -104.76159574606469,
            31.722177940992854
          ],
          [
            -104.76430473784967,
            31.722255983470188
          ],
          [
            -104.76602650013359,
            31.72183146348169
          ],
          [
            -104.76796703038171,
            31.721761980771937
          ],
          [
            -104.76939488509885,
            31.72174370231353
          ],
          [
            -104.77026296118983,
            31.721079748582877
          ],
          [
            -104.77003237762324,
            31.720557768969975
          ],
          [
            -104.7709492560535,
            31.71989181128656
          ],
          [
            -104.7709382253093,
            31.71941195153751
          ],
          [
            -104.77047560420458,
            31.71896257549993
          ],
          [
            -104.76973119088233,
            31.718971668447814
          ],
          [
            -104.76831305374517,
            31.72001223657959
          ],
          [
            -104.7670806850884,
            31.719947409952123
          ],
          [
            -104.7653963811387,
            31.720048642603878
          ],
          [
            -104.76528817162178,
            31.719401703504584
          ],
          [
            -104.76434929130416,
            31.71909746864602
          ],
          [
            -104.76612181157566,
            31.717869829653523
          ],
          [
            -104.7663060255611,
            31.717400758017714
          ],
          [
            -104.76562402141003,
            31.716857082241145
          ],
          [
            -104.76586979694102,
            31.716169066542225
          ],
          [
            -104.76573619206306,
            31.715918469783343
          ],
          [
            -104.7659684082373,
            31.715772857332464
          ],
          [
            -104.76664145066452,
            31.71501260156554
          ]
        ]
      },
      "properties": {
        "Abbrev": null,
        "Alpha": null,
        "Area": null,
        "CS_ID": 151.0,
        "CYCLE": null,
        "CycleDsolv": null,
        "DESCRIPT": null,
        "FEATUREKEY": 56.0,
        "FEATUREK_1": null,
        "FEATURETYP": "Cross_Section",
        "FID_": null,
        "FID_Cross_": null,
        "FID_FanGeo": null,
        "FID_Fan_De": null,
        "FID_GIS_Re": null,
        "FID_Photo_": null,
        "FID_ftrip_": null,
        "FID_measur": null,
        "FID_patter": null,
        "FOURTH_ORD": null,
        "FOURTH_O_1": null,
        "FanID": null,
        "Fan_Del": null,
        "Fan_Del_sh": null,
        "FeatureT_1": null,
        "Geo_short": null,
        "Geography": null,
        "Gradient": null,
        "Hyperlink": null,
        "ID": null,
        "Id": null,
        "Id_1": null,
        "LENGTH": null,
        "Location": null,
        "MAPSYMBOL": "Present",
        "MAP_SYMBOL": null,
        "MS_ID": null,
        "MidptX": null,
        "MidptY": null,
        "Mod_names": null,
        "NAME": "Channel Canyon",
        "NAME_1": null,
        "Name": null,
        "OBJECTID": null,
        "OBJECTID_1": null,
        "ORDERBY": null,
        "ORIG_FID": null,
        "Offset": null,
        "PATTERNID": null,
        "PERSON": null,
        "PMLABEL": null,
        "PM_NAME": null,
        "PM_NAME_NE": null,
        "Pattern": null,
        "Profile": null,
        "REGION": null,
        "SECTIONARC": null,
        "SECTION_AB": null,
        "SOURCE": null,
        "STRAT_INTE": null,
        "SectionArc": null,
        "Shape_Ar_1": null,
        "Shape_Area": null,
        "Shape_Le_1": null,
        "Shape_Leng": 3426.60975786,
        "Shape_Length": null,
        "Stop": null,
        "Stop_Num": null,
        "Symbology": null
      }
    },
    {
      "type": "Feature",
      "geometry": {
        "type": "LineString",
        "coordinates": [
          [
            -104.75477855425663,
            31.70051513416592
          ],
          [
            -104.75320700821725,
            31.686268090236354
          ]
        ]
      },
      "properties": {
        "Abbrev": null,
        "Alpha": null,
        "Area": null,
        "CS_ID": 102.0,
        "CYCLE": null,
        "CycleDsolv": null,
        "DESCRIPT": null,
        "FEATUREKEY": 26.0,
        "FEATUREK_1": null,
        "FEATURETYP": "Cross_Section",
        "FID_": null,
        "FID_Cross_": null,
        "FID_FanGeo": null,
        "FID_Fan_De": null,
        "FID_GIS_Re": null,
        "FID_Photo_": null,
        "FID_ftrip_": null,
        "FID_measur": null,
        "FID_patter": null,
        "FOURTH_ORD": null,
        "FOURTH_O_1": null,
        "FanID": null,
        "Fan_Del": null,
        "Fan_Del_sh": null,
        "FeatureT_1": null,
        "Geo_short": null,
        "Geography": null,
        "Gradient": null,
        "Hyperlink": null,
        "ID": null,
        "Id": null,
        "Id_1": null,
        "LENGTH": null,
        "Location": null,
        "MAPSYMBOL": "Present",
        "MAP_SYMBOL": null,
        "MS_ID": null,
        "MidptX": null,
        "MidptY": null,
        "Mod_names": null,
        "NAME": "Colleen_F5_Wall2",
        "NAME_1": null,
        "Name": null,
        "OBJECTID": null,
        "OBJECTID_1": null,
        "ORDERBY": null,
        "ORIG_FID": null,
        "Offset": null,
        "PATTERNID": null,
        "PERSON": null,
        "PMLABEL": null,
        "PM_NAME": null,
        "PM_NAME_NE": null,
        "Pattern": null,
        "Profile": null,
        "REGION": null,
        "SECTIONARC": null,
        "SECTION_AB": null,
        "SOURCE": "Wagerle Thesis",
        "STRAT_INTE": null,
        "SectionArc": null,
        "Shape_Ar_1": null,
        "Shape_Area": null,
        "Shape_Le_1": null,
        "Shape_Leng": 1586.10783602,
        "Shape_Length": null,
        "Stop": null,
        "Stop_Num": null,
        "Symbology": null
      }
    },
    {
      "type": "Feature",
      "geometry": {
        "type": "MultiLineString",
        "coordinates": [
          [
            [
              -104.7672443683172,
              31.676704051413637
            ],
            [
              -104.76729186444162,
              31.67661462657185
            ]
          ],
          [
            [
              -104.77081412197931,
              31.673898066764572
            ],
            [
              -104.76909030526448,
              31.673228460796153
            ]
          ],
          [
            [
              -104.76939041956689,
              31.672663367741805
            ],
            [
              -104.76909030526448,
              31.673228460796153
            ]
          ],
          [
            [
              -104.77033254348177,
              31.674329326468754
            ],
            [
              -104.76881807593179,
              31.673741039451205
            ]
          ],
          [
            [
              -104.76909030526448,
              31.673228460796153
            ],
            [
              -104.76881807593179,
              31.673741039451205
            ]
          ],
          [
            [
              -104.76881807593179,
              31.673741039451205
            ],
            [
              -104.76781644409319,
              31.67562695809372
            ]
          ],
          [
            [
              -104.76781644409319,
              31.67562695809372
            ],
            [
              -104.76729186444162,
              31.67661462657185
            ]
          ],
          [
            [
              -104.76781644409319,
              31.67562695809372
            ],
            [
              -104.76676539463826,
              31.675218665790993
            ]
          ],
          [
            [
              -104.76729186444162,
              31.67661462657185
            ],
            [
              -104.7657852230416,
              31.676029349388834
            ]
          ]
        ]
      },
      "properties": {
        "Abbrev": null,
        "Alpha": null,
        "Area": null,
        "CS_ID": 114.0,
        "CYCLE": null,
        "CycleDsolv": null,
        "DESCRIPT": null,
        "FEATUREKEY": 38.0,
        "FEATUREK_1": null,
        "FEATURETYP": "Cross_Section",
        "FID_": null,
        "FID_Cross_": null,
        "FID_FanGeo": null,
        "FID_Fan_De": null,
        "FID_GIS_Re": null,
        "FID_Photo_": null,
        "FID_ftrip_": null,
        "FID_measur": null,
        "FID_patter": null,
        "FOURTH_ORD": null,
        "FOURTH_O_1": null,
        "FanID": null,
        "Fan_Del": null,
        "Fan_Del_sh": null,
        "FeatureT_1": null,
        "Geo_short": null,
        "Geography": null,
        "Gradient": null,
        "Hyperlink": null,
        "ID": null,
        "Id": null,
        "Id_1": null,
        "LENGTH": null,
        "Location": null,
        "MAPSYMBOL": "Missing",
        "MAP_SYMBOL": null,
        "MS_ID": null,
        "MidptX": null,
        "MidptY": null,
        "Mod_names": null,
        "NAME": "ColleenCanyon_WesternStrike",
        "NAME_1": null,
        "Name": null,
        "OBJECTID": null,
        "OBJECTID_1": null,
        "ORDERBY": null,
        "ORIG_FID": null,
        "Offset": null,
        "PATTERNID": null,
        "PERSON": null,
        "PMLABEL": null,
        "PM_NAME": null,
        "PM_NAME_NE": null,
        "Pattern": null,
        "Profile": null,
        "REGION": null,
        "SECTIONARC": null,
        "SECTION_AB": null,
        "SOURCE": "1997 GB",
        "STRAT_INTE": null,
        "SectionArc": null,
        "Shape_Ar_1": null,
        "Shape_Area": null,
        "Shape_Le_1": null,
        "Shape_Leng": 1095.30267444,
        "Shape_Length": null,
        "Stop": null,
        "Stop_Num": null,
        "Symbology": null
      }
    },
    {
      "type": "Feature",
      "geometry": {
        "type": "LineString",
        "coordinates": [
          [
            -104.77070812365588,
            31.746522931040964
          ],
          [
            -104.77110884157585,
            31.744969042987826
          ],
          [
            -104.77048677393172,
            31.742367493928512
          ],
          [
            -104.76887461298959,
            31.73891618632109
          ],
          [
            -104.76653148717014,
            31.73686267040512
          ]
        ]
      },
      "properties": {
        "Abbrev": null,
        "Alpha": null,
        "Area": null,
        "CS_ID": 88.0,
        "CYCLE": null,
        "CycleDsolv": null,
        "DESCRIPT": null,
        "FEATUREKEY": 23.0,
        "FEATUREK_1": null,
        "FEATURETYP": "Cross_Section",
        "FID_": null,
        "FID_Cross_": null,
        "FID_FanGeo": null,
        "FID_Fan_De": null,
        "FID_GIS_Re": null,
        "FID_Photo_": null,
        "FID_ftrip_": null,
        "FID_measur": null,
        "FID_patter": null,
        "FOURTH_ORD": null,
        "FOURTH_O_1": null,
        "FanID": null,
        "Fan_Del": null,
        "Fan_Del_sh": null,
        "FeatureT_1": null,
        "Geo_short": null,
        "Geography": null,
        "Gradient": null,
        "Hyperlink": null,
        "ID": null,
        "Id": null,
        "Id_1": null,
        "LENGTH": null,
        "Location": null,
        "MAPSYMBOL": "Missing",
        "MAP_SYMBOL": null,
        "MS_ID": null,
        "MidptX": null,
        "MidptY": null,
        "Mod_names": null,
        "NAME": "Delaware Mountain Conduit",
        "NAME_1": null,
        "Name": null,
        "OBJECTID": null,
        "OBJECTID_1": null,
        "ORDERBY": null,
        "ORIG_FID": null,
        "Offset": null,
        "PATTERNID": null,
        "PERSON": null,
        "PMLABEL": null,
        "PM_NAME": null,
        "PM_NAME_NE": null,
        "Pattern": null,
        "Profile": null,
        "REGION": null,
        "SECTIONARC": null,
        "SECTION_AB": null,
        "SOURCE": "Atlas",
        "STRAT_INTE": null,
        "SectionArc": null,
        "Shape_Ar_1": null,
        "Shape_Area": null,
        "Shape_Le_1": null,
        "Shape_Leng": 1200.46995136,
        "Shape_Length": null,
        "Stop": null,
        "Stop_Num": null,
        "Symbology": null
      }
    },
    {
      "type": "Feature",
      "geometry": {
        "type": "LineString",
        "coordinates": [
          [
            -104.76723929720302,
            31.73797537538409
          ],
          [
            -104.76649760366908,
            31.737187662759958
          ]
        ]
      },
      "properties": {
        "Abbrev": null,
        "Alpha": null,
        "Area": null,
        "CS_ID": 74.0,
        "CYCLE": null,
        "CycleDsolv": null,
        "DESCRIPT": null,
        "FEATUREKEY": 14.0,
        "FEATUREK_1": null,
        "FEATURETYP": "Cross_Section",
        "FID_": null,
        "FID_Cross_": null,
        "FID_FanGeo": null,
        "FID_Fan_De": null,
        "FID_GIS_Re": null,
        "FID_Photo_": null,
        "FID_ftrip_": null,
        "FID_measur": null,
        "FID_patter": null,
        "FOURTH_ORD": null,
        "FOURTH_O_1": null,
        "FanID": null,
        "Fan_Del": null,
        "Fan_Del_sh": null,
        "FeatureT_1": null,
        "Geo_short": null,
        "Geography": null,
        "Gradient": null,
        "Hyperlink": null,
        "ID": null,
        "Id": null,
        "Id_1": null,
        "LENGTH": null,
        "Location": null,
        "MAPSYMBOL": "Missing",
        "MAP_SYMBOL": null,
        "MS_ID": null,
        "MidptX": null,
        "MidptY": null,
        "Mod_names": null,
        "NAME": "DelawareMountainPermeamerterChannel",
        "NAME_1": null,
        "Name": null,
        "OBJECTID": null,
        "OBJECTID_1": null,
        "ORDERBY": null,
        "ORIG_FID": null,
        "Offset": null,
        "PATTERNID": null,
        "PERSON": null,
        "PMLABEL": null,
        "PM_NAME": null,
        "PM_NAME_NE": null,
        "Pattern": null,
        "Profile": null,
        "REGION": null,
        "SECTIONARC": null,
        "SECTION_AB": null,
        "SOURCE": "Atlas",
        "STRAT_INTE": null,
        "SectionArc": null,
        "Shape_Ar_1": null,
        "Shape_Area": null,
        "Shape_Le_1": null,
        "Shape_Leng": 112.065768886,
        "Shape_Length": null,
        "Stop": null,
        "Stop_Num": null,
        "Symbology": null
      }
    },
    {
      "type": "Feature",
      "geometry": {
        "type": "LineString",
        "coordinates": [
          [
            -104.76651044130975,
            31.738671629736974
          ],
          [
            -104.76577027859314,
            31.737073268677936
          ]
        ]
      },
      "properties": {
        "Abbrev": null,
        "Alpha": null,
        "Area": null,
        "CS_ID": 75.0,
        "CYCLE": null,
        "CycleDsolv": null,
        "DESCRIPT": null,
        "FEATUREKEY": 15.0,
        "FEATUREK_1": null,
        "FEATURETYP": "Cross_Section",
        "FID_": null,
        "FID_Cross_": null,
        "FID_FanGeo": null,
        "FID_Fan_De": null,
        "FID_GIS_Re": null,
        "FID_Photo_": null,
        "FID_ftrip_": null,
        "FID_measur": null,
        "FID_patter": null,
        "FOURTH_ORD": null,
        "FOURTH_O_1": null,
        "FanID": null,
        "Fan_Del": null,
        "Fan_Del_sh": null,
        "FeatureT_1": null,
        "Geo_short": null,
        "Geography": null,
        "Gradient": null,
        "Hyperlink": null,
        "ID": null,
        "Id": null,
        "Id_1": null,
        "LENGTH": null,
        "Location": null,
        "MAPSYMBOL": "Missing",
        "MAP_SYMBOL": null,
        "MS_ID": null,
        "MidptX": null,
        "MidptY": null,
        "Mod_names": null,
        "NAME": "DelawareMountainDocumentChannel",
        "NAME_1": null,
        "Name": null,
        "OBJECTID": null,
        "OBJECTID_1": null,
        "ORDERBY": null,
        "ORIG_FID": null,
        "Offset": null,
        "PATTERNID": null,
        "PERSON": null,
        "PMLABEL": null,
        "PM_NAME": null,
        "PM_NAME_NE": null,
        "Pattern": null,
        "Profile": null,
        "REGION": null,
        "SECTIONARC": null,
        "SECTION_AB": null,
        "SOURCE": "Atlas",
        "STRAT_INTE": null,
        "SectionArc": null,
        "Shape_Ar_1": null,
        "Shape_Area": null,
        "Shape_Le_1": null,
        "Shape_Leng": 190.527538607,
        "Shape_Length": null,
        "Stop": null,
        "Stop_Num": null,
        "Symbology": null
      }
    },
    {
      "type": "Feature",
      "geometry": {
        "type": "LineString",
        "coordinates": [
          [
            -104.66505769950923,
            31.554698286981854
          ],
          [
            -104.62912175643898,
            31.498609210032814
          ]
        ]
      },
      "properties": {
        "Abbrev": null,
        "Alpha": null,
        "Area": null,
        "CS_ID": 130.0,
        "CYCLE": null,
        "CycleDsolv": null,
        "DESCRIPT": null,
        "FEATUREKEY": 47.0,
        "FEATUREK_1": null,
        "FEATURETYP": "Cross_Section",
        "FID_": null,
        "FID_Cross_": null,
        "FID_FanGeo": null,
        "FID_Fan_De": null,
        "FID_GIS_Re": null,
        "FID_Photo_": null,
        "FID_ftrip_": null,
        "FID_measur": null,
        "FID_patter": null,
        "FOURTH_ORD": null,
        "FOURTH_O_1": null,
        "FanID": null,
        "Fan_Del": null,
        "Fan_Del_sh": null,
        "FeatureT_1": null,
        "Geo_short": null,
        "Geography": null,
        "Gradient": null,
        "Hyperlink": null,
        "ID": null,
        "Id": null,
        "Id_1": null,
        "LENGTH": null,
        "Location": null,
        "MAPSYMBOL": "Present",
        "MAP_SYMBOL": null,
        "MS_ID": null,
        "MidptX": null,
        "MidptY": null,
        "Mod_names": null,
        "NAME": "GoatCanyontoBabbFlexure",
        "NAME_1": null,
        "Name": null,
        "OBJECTID": null,
        "OBJECTID_1": null,
        "ORDERBY": null,
        "ORIG_FID": null,
        "Offset": null,
        "PATTERNID": null,
        "PERSON": null,
        "PMLABEL": null,
        "PM_NAME": null,
        "PM_NAME_NE": null,
        "Pattern": null,
        "Profile": null,
        "REGION": null,
        "SECTIONARC": null,
        "SECTION_AB": null,
        "SOURCE": "2004 GB",
        "STRAT_INTE": null,
        "SectionArc": null,
        "Shape_Ar_1": null,
        "Shape_Area": null,
        "Shape_Le_1": null,
        "Shape_Leng": 7091.22764656,
        "Shape_Length": null,
        "Stop": null,
        "Stop_Num": null,
        "Symbology": null
      }
    }
  ]
}