{
  "type": "FeatureCollection",
  "name": "FieldtripStops",
  "crs": {
    "type": "name",
    "properties": {
      "name": "urn:ogc:def:crs:OGC:1.3:CRS84"
    }
  },
  "features": [
    {
      "type": "Feature",
      "geometry": {
        "type": "Point",
        "coordinates": [
          -104.88569100298922,
          31.882770484510104
        ]
      },
      "properties": {
        "Abbrev": null,
        "Alpha": null,
        "Area": "Western Escarpment",
        "CS_ID": null,
        "CYCLE": null,
        "CycleDsolv": null,
        "DESCRIPT": null,
        "FEATUREKEY": 1,
        "FEATUREK_1": null,
        "FEATURETYP": "Field_Trip_Stop",
        "FID_": null,
        "FID_Cross_": null,
        "FID_FanGeo": null,
        "FID_Fan_De": null,
        "FID_GIS_Re": null,
        "FID_Photo_": null,
        "FID_ftrip_": null,
        "FID_measur": null,
        "FID_patter": null,
        "FOURTH_ORD": null,
        "FOURTH_O_1": null,
        "FanID": null,
        "Fan_Del": null,
        "Fan_Del_sh": null,
        "FeatureT_1": null,
        "Geo_short": null,
        "Geography": null,
        "Gradient": null,
        "Hyperlink": null,
        "ID": null,
        "Id": 1,
        "Id_1": null,
        "LENGTH": null,
        "Location": null,
        "MAPSYMBOL": "BN_SHM",
        "MAP_SYMBOL": null,
        "MS_ID": null,
        "MidptX": null,
        "MidptY": null,
        "Mod_names": null,
        "NAME": "Bone_Shumard",
        "NAME_1": null,
        "Name": null,
        "OBJECTID": 1,
        "OBJECTID_1": null,
        "ORDERBY": null,
        "ORIG_FID": null,
        "Offset": null,
        "PATTERNID": null,
        "PERSON": null,
        "PMLABEL": null,
        "PM_NAME": null,
        "PM_NAME_NE": null,
        "Pattern": null,
        "Profile": "Canyon",
        "REGION": null,
        "SECTIONARC": null,
        "SECTION_AB": null,
        "SOURCE": null,
        "STRAT_INTE": null,
        "SectionArc": null,
        "Shape_Ar_1": null,
        "Shape_Area": null,
        "Shape_Le_1": null,
        "Shape_Leng": null,
        "Shape_Length": null,
        "Stop": "Bone_Shumard",
        "Stop_Num": 1,
        "Symbology": null
      }
    },
    {
      "type": "Feature",
      "geometry": {
        "type": "Point",
        "coordinates": [
          -104.82341272634271,
          31.8477547002841
        ]
      },
      "properties": {
        "Abbrev": null,
        "Alpha": null,
        "Area": "Guadalupe Canyon",
        "CS_ID": null,
        "CYCLE": null,
        "CycleDsolv": null,
        "DESCRIPT": null,
        "FEATUREKEY": 2,
        "FEATUREK_1": null,
        "FEATURETYP": "Field_Trip_Stop",
        "FID_": null,
        "FID_Cross_": null,
        "FID_FanGeo": null,
        "FID_Fan_De": null,
        "FID_GIS_Re": null,
        "FID_Photo_": null,
        "FID_ftrip_": null,
        "FID_measur": null,
        "FID_patter": null,
        "FOURTH_ORD": null,
        "FOURTH_O_1": null,
        "FanID": null,
        "Fan_Del": null,
        "Fan_Del_sh": null,
        "FeatureT_1": null,
        "Geo_short": null,
        "Geography": null,
        "Gradient": null,
        "Hyperlink": null,
        "ID": null,
        "Id": 2,
        "Id_1": null,
        "LENGTH": null,
        "Location": null,
        "MAPSYMBOL": "GC_WID",
        "MAP_SYMBOL": null,
        "MS_ID": null,
        "MidptX": null,
        "MidptY": null,
        "Mod_names": null,
        "NAME": "Widowmaker",
        "NAME_1": null,
        "Name": null,
        "OBJECTID": 2,
        "OBJECTID_1": null,
        "ORDERBY": null,
        "ORIG_FID": null,
        "Offset": null,
        "PATTERNID": null,
        "PERSON": null,
        "PMLABEL": null,
        "PM_NAME": null,
        "PM_NAME_NE": null,
        "Pattern": null,
        "Profile": "Upper Slope",
        "REGION": null,
        "SECTIONARC": null,
        "SECTION_AB": null,
        "SOURCE": null,
        "STRAT_INTE": null,
        "SectionArc": null,
        "Shape_Ar_1": null,
        "Shape_Area": null,
        "Shape_Le_1": null,
        "Shape_Leng": null,
        "Shape_Length": null,
        "Stop": "Widowmaker",
        "Stop_Num": 10,
        "Symbology": null
      }
    },
    {
      "type": "Feature",
      "geometry": {
        "type": "Point",
        "coordinates": [
          -104.83666921533228,
          31.863346127148947
        ]
      },
      "properties": {
        "Abbrev": null,
        "Alpha": null,
        "Area": "Salt Flat Bench",
        "CS_ID": null,
        "CYCLE": null,
        "CycleDsolv": null,
        "DESCRIPT": null,
        "FEATUREKEY": 3,
        "FEATUREK_1": null,
        "FEATURETYP": "Field_Trip_Stop",
        "FID_": null,
        "FID_Cross_": null,
        "FID_FanGeo": null,
        "FID_Fan_De": null,
        "FID_GIS_Re": null,
        "FID_Photo_": null,
        "FID_ftrip_": null,
        "FID_measur": null,
        "FID_patter": null,
        "FOURTH_ORD": null,
        "FOURTH_O_1": null,
        "FanID": null,
        "Fan_Del": null,
        "Fan_Del_sh": null,
        "FeatureT_1": null,
        "Geo_short": null,
        "Geography": null,
        "Gradient": null,
        "Hyperlink": null,
        "ID": null,
        "Id": 2,
        "Id_1": null,
        "LENGTH": null,
        "Location": null,
        "MAPSYMBOL": "SFB",
        "MAP_SYMBOL": null,
        "MS_ID": null,
        "MidptX": null,
        "MidptY": null,
        "Mod_names": null,
        "NAME": "Salt Flat Bench",
        "NAME_1": null,
        "Name": null,
        "OBJECTID": 3,
        "OBJECTID_1": null,
        "ORDERBY": null,
        "ORIG_FID": null,
        "Offset": null,
        "PATTERNID": null,
        "PERSON": null,
        "PMLABEL": null,
        "PM_NAME": null,
        "PM_NAME_NE": null,
        "Pattern": null,
        "Profile": "Upper Slope",
        "REGION": null,
        "SECTIONARC": null,
        "SECTION_AB": null,
        "SOURCE": null,
        "STRAT_INTE": null,
        "SectionArc": null,
        "Shape_Ar_1": null,
        "Shape_Area": null,
        "Shape_Le_1": null,
        "Shape_Leng": null,
        "Shape_Length": null,
        "Stop": "Salt Flat Bench",
        "Stop_Num": 3,
        "Symbology": null
      }
    },
    {
      "type": "Feature",
      "geometry": {
        "type": "Point",
        "coordinates": [
          -104.88546030323184,
          31.86388657351591
        ]
      },
      "properties": {
        "Abbrev": null,
        "Alpha": null,
        "Area": "Western Escarpment",
        "CS_ID": null,
        "CYCLE": null,
        "CycleDsolv": null,
        "DESCRIPT": null,
        "FEATUREKEY": 4,
        "FEATUREK_1": null,
        "FEATURETYP": "Field_Trip_Stop",
        "FID_": null,
        "FID_Cross_": null,
        "FID_FanGeo": null,
        "FID_Fan_De": null,
        "FID_GIS_Re": null,
        "FID_Photo_": null,
        "FID_ftrip_": null,
        "FID_measur": null,
        "FID_patter": null,
        "FOURTH_ORD": null,
        "FOURTH_O_1": null,
        "FanID": null,
        "Fan_Del": null,
        "Fan_Del_sh": null,
        "FeatureT_1": null,
        "Geo_short": null,
        "Geography": null,
        "Gradient": null,
        "Hyperlink": null,
        "ID": null,
        "Id": 1,
        "Id_1": null,
        "LENGTH": null,
        "Location": null,
        "MAPSYMBOL": "W_FACE",
        "MAP_SYMBOL": null,
        "MS_ID": null,
        "MidptX": null,
        "MidptY": null,
        "Mod_names": null,
        "NAME": "Westface Overview",
        "NAME_1": null,
        "Name": null,
        "OBJECTID": 4,
        "OBJECTID_1": null,
        "ORDERBY": null,
        "ORIG_FID": null,
        "Offset": null,
        "PATTERNID": null,
        "PERSON": null,
        "PMLABEL": null,
        "PM_NAME": null,
        "PM_NAME_NE": null,
        "Pattern": null,
        "Profile": "Canyon",
        "REGION": null,
        "SECTIONARC": null,
        "SECTION_AB": null,
        "SOURCE": null,
        "STRAT_INTE": null,
        "SectionArc": null,
        "Shape_Ar_1": null,
        "Shape_Area": null,
        "Shape_Le_1": null,
        "Shape_Leng": null,
        "Shape_Length": null,
        "Stop": "Westface Overview",
        "Stop_Num": 2,
        "Symbology": null
      }
    },
    {
      "type": "Feature",
      "geometry": {
        "type": "Point",
        "coordinates": [
          -104.83679781976322,
          31.862371577797642
        ]
      },
      "properties": {
        "Abbrev": null,
        "Alpha": null,
        "Area": "Guadalupe Canyon",
        "CS_ID": null,
        "CYCLE": null,
        "CycleDsolv": null,
        "DESCRIPT": null,
        "FEATUREKEY": 5,
        "FEATUREK_1": null,
        "FEATURETYP": "Field_Trip_Stop",
        "FID_": null,
        "FID_Cross_": null,
        "FID_FanGeo": null,
        "FID_Fan_De": null,
        "FID_GIS_Re": null,
        "FID_Photo_": null,
        "FID_ftrip_": null,
        "FID_measur": null,
        "FID_patter": null,
        "FOURTH_ORD": null,
        "FOURTH_O_1": null,
        "FanID": null,
        "Fan_Del": null,
        "Fan_Del_sh": null,
        "FeatureT_1": null,
        "Geo_short": null,
        "Geography": null,
        "Gradient": null,
        "Hyperlink": null,
        "ID": null,
        "Id": 2,
        "Id_1": null,
        "LENGTH": null,
        "Location": null,
        "MAPSYMBOL": "GC_OVER",
        "MAP_SYMBOL": null,
        "MS_ID": null,
        "MidptX": null,
        "MidptY": null,
        "Mod_names": null,
        "NAME": "Guadalupe Canyon Overview",
        "NAME_1": null,
        "Name": null,
        "OBJECTID": 5,
        "OBJECTID_1": null,
        "ORDERBY": null,
        "ORIG_FID": null,
        "Offset": null,
        "PATTERNID": null,
        "PERSON": null,
        "PMLABEL": null,
        "PM_NAME": null,
        "PM_NAME_NE": null,
        "Pattern": null,
        "Profile": "Upper Slope",
        "REGION": null,
        "SECTIONARC": null,
        "SECTION_AB": null,
        "SOURCE": null,
        "STRAT_INTE": null,
        "SectionArc": null,
        "Shape_Ar_1": null,
        "Shape_Area": null,
        "Shape_Le_1": null,
        "Shape_Leng": null,
        "Shape_Length": null,
        "Stop": "Guadalupe Canyon Overview",
        "Stop_Num": 4,
        "Symbology": null
      }
    },
    {
      "type": "Feature",
      "geometry": {
        "type": "Point",
        "coordinates": [
          -104.84441558683122,
          31.859944307942097
        ]
      },
      "properties": {
        "Abbrev": null,
        "Alpha": null,
        "Area": "Rest Area Gully",
        "CS_ID": null,
        "CYCLE": null,
        "CycleDsolv": null,
        "DESCRIPT": null,
        "FEATUREKEY": 6,
        "FEATUREK_1": null,
        "FEATURETYP": "Field_Trip_Stop",
        "FID_": null,
        "FID_Cross_": null,
        "FID_FanGeo": null,
        "FID_Fan_De": null,
        "FID_GIS_Re": null,
        "FID_Photo_": null,
        "FID_ftrip_": null,
        "FID_measur": null,
        "FID_patter": null,
        "FOURTH_ORD": null,
        "FOURTH_O_1": null,
        "FanID": null,
        "Fan_Del": null,
        "Fan_Del_sh": null,
        "FeatureT_1": null,
        "Geo_short": null,
        "Geography": null,
        "Gradient": null,
        "Hyperlink": null,
        "ID": null,
        "Id": 2,
        "Id_1": null,
        "LENGTH": null,
        "Location": null,
        "MAPSYMBOL": "RAG_U",
        "MAP_SYMBOL": null,
        "MS_ID": null,
        "MidptX": null,
        "MidptY": null,
        "Mod_names": null,
        "NAME": "Upper Rest Area Gully",
        "NAME_1": null,
        "Name": null,
        "OBJECTID": 6,
        "OBJECTID_1": null,
        "ORDERBY": null,
        "ORIG_FID": null,
        "Offset": null,
        "PATTERNID": null,
        "PERSON": null,
        "PMLABEL": null,
        "PM_NAME": null,
        "PM_NAME_NE": null,
        "Pattern": null,
        "Profile": "Upper Slope",
        "REGION": null,
        "SECTIONARC": null,
        "SECTION_AB": null,
        "SOURCE": null,
        "STRAT_INTE": null,
        "SectionArc": null,
        "Shape_Ar_1": null,
        "Shape_Area": null,
        "Shape_Le_1": null,
        "Shape_Leng": null,
        "Shape_Length": null,
        "Stop": "Upper Rest Area Gully",
        "Stop_Num": 6,
        "Symbology": null
      }
    },
    {
      "type": "Feature",
      "geometry": {
        "type": "Point",
        "coordinates": [
          -104.7927836812101,
          31.770556443074486
        ]
      },
      "properties": {
        "Abbrev": null,
        "Alpha": null,
        "Area": "Chinamans Hat",
        "CS_ID": null,
        "CYCLE": null,
        "CycleDsolv": null,
        "DESCRIPT": null,
        "FEATUREKEY": 7,
        "FEATUREK_1": null,
        "FEATURETYP": "Field_Trip_Stop",
        "FID_": null,
        "FID_Cross_": null,
        "FID_FanGeo": null,
        "FID_Fan_De": null,
        "FID_GIS_Re": null,
        "FID_Photo_": null,
        "FID_ftrip_": null,
        "FID_measur": null,
        "FID_patter": null,
        "FOURTH_ORD": null,
        "FOURTH_O_1": null,
        "FanID": null,
        "Fan_Del": null,
        "Fan_Del_sh": null,
        "FeatureT_1": null,
        "Geo_short": null,
        "Geography": null,
        "Gradient": null,
        "Hyperlink": null,
        "ID": null,
        "Id": 4,
        "Id_1": null,
        "LENGTH": null,
        "Location": null,
        "MAPSYMBOL": "CHINA_CV",
        "MAP_SYMBOL": null,
        "MS_ID": null,
        "MidptX": null,
        "MidptY": null,
        "Mod_names": null,
        "NAME": "Chinamans Hat Indian Cave",
        "NAME_1": null,
        "Name": null,
        "OBJECTID": 7,
        "OBJECTID_1": null,
        "ORDERBY": null,
        "ORIG_FID": null,
        "Offset": null,
        "PATTERNID": null,
        "PERSON": null,
        "PMLABEL": null,
        "PM_NAME": null,
        "PM_NAME_NE": null,
        "Pattern": null,
        "Profile": "Lower Slope",
        "REGION": null,
        "SECTIONARC": null,
        "SECTION_AB": null,
        "SOURCE": null,
        "STRAT_INTE": null,
        "SectionArc": null,
        "Shape_Ar_1": null,
        "Shape_Area": null,
        "Shape_Le_1": null,
        "Shape_Leng": null,
        "Shape_Length": null,
        "Stop": "Chinamans Hat Indian Cave",
        "Stop_Num": 16,
        "Symbology": null
      }
    },
    {
      "type": "Feature",
      "geometry": {
        "type": "Point",
        "coordinates": [
          -104.79681738458841,
          31.76916601770722
        ]
      },
      "properties": {
        "Abbrev": null,
        "Alpha": null,
        "Area": "Lower Chinamans Hat",
        "CS_ID": null,
        "CYCLE": null,
        "CycleDsolv": null,
        "DESCRIPT": null,
        "FEATUREKEY": 8,
        "FEATUREK_1": null,
        "FEATURETYP": "Field_Trip_Stop",
        "FID_": null,
        "FID_Cross_": null,
        "FID_FanGeo": null,
        "FID_Fan_De": null,
        "FID_GIS_Re": null,
        "FID_Photo_": null,
        "FID_ftrip_": null,
        "FID_measur": null,
        "FID_patter": null,
        "FOURTH_ORD": null,
        "FOURTH_O_1": null,
        "FanID": null,
        "Fan_Del": null,
        "Fan_Del_sh": null,
        "FeatureT_1": null,
        "Geo_short": null,
        "Geography": null,
        "Gradient": null,
        "Hyperlink": null,
        "ID": null,
        "Id": 4,
        "Id_1": null,
        "LENGTH": null,
        "Location": null,
        "MAPSYMBOL": "CHINA_L",
        "MAP_SYMBOL": null,
        "MS_ID": null,
        "MidptX": null,
        "MidptY": null,
        "Mod_names": null,
        "NAME": "Lower Chinamans Hat",
        "NAME_1": null,
        "Name": null,
        "OBJECTID": 8,
        "OBJECTID_1": null,
        "ORDERBY": null,
        "ORIG_FID": null,
        "Offset": null,
        "PATTERNID": null,
        "PERSON": null,
        "PMLABEL": null,
        "PM_NAME": null,
        "PM_NAME_NE": null,
        "Pattern": null,
        "Profile": "Lower Slope",
        "REGION": null,
        "SECTIONARC": null,
        "SECTION_AB": null,
        "SOURCE": null,
        "STRAT_INTE": null,
        "SectionArc": null,
        "Shape_Ar_1": null,
        "Shape_Area": null,
        "Shape_Le_1": null,
        "Shape_Leng": null,
        "Shape_Length": null,
        "Stop": "Lower Chinamans Hat",
        "Stop_Num": 18,
        "Symbology": null
      }
    },
    {
      "type": "Feature",
      "geometry": {
        "type": "Point",
        "coordinates": [
          -104.79682495317452,
          31.765690004656932
        ]
      },
      "properties": {
        "Abbrev": null,
        "Alpha": null,
        "Area": "Popo_Pollo",
        "CS_ID": null,
        "CYCLE": null,
        "CycleDsolv": null,
        "DESCRIPT": null,
        "FEATUREKEY": 9,
        "FEATUREK_1": null,
        "FEATURETYP": "Field_Trip_Stop",
        "FID_": null,
        "FID_Cross_": null,
        "FID_FanGeo": null,
        "FID_Fan_De": null,
        "FID_GIS_Re": null,
        "FID_Photo_": null,
        "FID_ftrip_": null,
        "FID_measur": null,
        "FID_patter": null,
        "FOURTH_ORD": null,
        "FOURTH_O_1": null,
        "FanID": null,
        "Fan_Del": null,
        "Fan_Del_sh": null,
        "FeatureT_1": null,
        "Geo_short": null,
        "Geography": null,
        "Gradient": null,
        "Hyperlink": null,
        "ID": null,
        "Id": 4,
        "Id_1": null,
        "LENGTH": null,
        "Location": null,
        "MAPSYMBOL": "POLLO_N",
        "MAP_SYMBOL": null,
        "MS_ID": null,
        "MidptX": null,
        "MidptY": null,
        "Mod_names": null,
        "NAME": "North Pollo",
        "NAME_1": null,
        "Name": null,
        "OBJECTID": 9,
        "OBJECTID_1": null,
        "ORDERBY": null,
        "ORIG_FID": null,
        "Offset": null,
        "PATTERNID": null,
        "PERSON": null,
        "PMLABEL": null,
        "PM_NAME": null,
        "PM_NAME_NE": null,
        "Pattern": null,
        "Profile": "Lower Slope",
        "REGION": null,
        "SECTIONARC": null,
        "SECTION_AB": null,
        "SOURCE": null,
        "STRAT_INTE": null,
        "SectionArc": null,
        "Shape_Ar_1": null,
        "Shape_Area": null,
        "Shape_Le_1": null,
        "Shape_Leng": null,
        "Shape_Length": null,
        "Stop": "North Pollo",
        "Stop_Num": 19,
        "Symbology": null
      }
    },
    {
      "type": "Feature",
      "geometry": {
        "type": "Point",
        "coordinates": [
          -104.79360829295666,
          31.758765278531246
        ]
      },
      "properties": {
        "Abbrev": null,
        "Alpha": null,
        "Area": "Popo_Pollo",
        "CS_ID": null,
        "CYCLE": null,
        "CycleDsolv": null,
        "DESCRIPT": null,
        "FEATUREKEY": 10,
        "FEATUREK_1": null,
        "FEATURETYP": "Field_Trip_Stop",
        "FID_": null,
        "FID_Cross_": null,
        "FID_FanGeo": null,
        "FID_Fan_De": null,
        "FID_GIS_Re": null,
        "FID_Photo_": null,
        "FID_ftrip_": null,
        "FID_measur": null,
        "FID_patter": null,
        "FOURTH_ORD": null,
        "FOURTH_O_1": null,
        "FanID": null,
        "Fan_Del": null,
        "Fan_Del_sh": null,
        "FeatureT_1": null,
        "Geo_short": null,
        "Geography": null,
        "Gradient": null,
        "Hyperlink": null,
        "ID": null,
        "Id": 4,
        "Id_1": null,
        "LENGTH": null,
        "Location": null,
        "MAPSYMBOL": "POLLO",
        "MAP_SYMBOL": null,
        "MS_ID": null,
        "MidptX": null,
        "MidptY": null,
        "Mod_names": null,
        "NAME": "Central Pollo",
        "NAME_1": null,
        "Name": null,
        "OBJECTID": 10,
        "OBJECTID_1": null,
        "ORDERBY": null,
        "ORIG_FID": null,
        "Offset": null,
        "PATTERNID": null,
        "PERSON": null,
        "PMLABEL": null,
        "PM_NAME": null,
        "PM_NAME_NE": null,
        "Pattern": null,
        "Profile": "Lower Slope",
        "REGION": null,
        "SECTIONARC": null,
        "SECTION_AB": null,
        "SOURCE": null,
        "STRAT_INTE": null,
        "SectionArc": null,
        "Shape_Ar_1": null,
        "Shape_Area": null,
        "Shape_Le_1": null,
        "Shape_Leng": null,
        "Shape_Length": null,
        "Stop": "Central Pollo",
        "Stop_Num": 20,
        "Symbology": null
      }
    },
    {
      "type": "Feature",
      "geometry": {
        "type": "Point",
        "coordinates": [
          -104.78899134411421,
          31.757750984504533
        ]
      },
      "properties": {
        "Abbrev": null,
        "Alpha": null,
        "Area": "Popo_Pollo",
        "CS_ID": null,
        "CYCLE": null,
        "CycleDsolv": null,
        "DESCRIPT": null,
        "FEATUREKEY": 11,
        "FEATUREK_1": null,
        "FEATURETYP": "Field_Trip_Stop",
        "FID_": null,
        "FID_Cross_": null,
        "FID_FanGeo": null,
        "FID_Fan_De": null,
        "FID_GIS_Re": null,
        "FID_Photo_": null,
        "FID_ftrip_": null,
        "FID_measur": null,
        "FID_patter": null,
        "FOURTH_ORD": null,
        "FOURTH_O_1": null,
        "FanID": null,
        "Fan_Del": null,
        "Fan_Del_sh": null,
        "FeatureT_1": null,
        "Geo_short": null,
        "Geography": null,
        "Gradient": null,
        "Hyperlink": null,
        "ID": null,
        "Id": 4,
        "Id_1": null,
        "LENGTH": null,
        "Location": null,
        "MAPSYMBOL": "POPO_F5",
        "MAP_SYMBOL": null,
        "MS_ID": null,
        "MidptX": null,
        "MidptY": null,
        "Mod_names": null,
        "NAME": "Fan 5 Popo",
        "NAME_1": null,
        "Name": null,
        "OBJECTID": 11,
        "OBJECTID_1": null,
        "ORDERBY": null,
        "ORIG_FID": null,
        "Offset": null,
        "PATTERNID": null,
        "PERSON": null,
        "PMLABEL": null,
        "PM_NAME": null,
        "PM_NAME_NE": null,
        "Pattern": null,
        "Profile": "Lower Slope",
        "REGION": null,
        "SECTIONARC": null,
        "SECTION_AB": null,
        "SOURCE": null,
        "STRAT_INTE": null,
        "SectionArc": null,
        "Shape_Ar_1": null,
        "Shape_Area": null,
        "Shape_Le_1": null,
        "Shape_Leng": null,
        "Shape_Length": null,
        "Stop": "Fan 5 Popo",
        "Stop_Num": 22,
        "Symbology": null
      }
    },
    {
      "type": "Feature",
      "geometry": {
        "type": "Point",
        "coordinates": [
          -104.78900982427423,
          31.757880636270247
        ]
      },
      "properties": {
        "Abbrev": null,
        "Alpha": null,
        "Area": "Popo_Pollo",
        "CS_ID": null,
        "CYCLE": null,
        "CycleDsolv": null,
        "DESCRIPT": null,
        "FEATUREKEY": 12,
        "FEATUREK_1": null,
        "FEATURETYP": "Field_Trip_Stop",
        "FID_": null,
        "FID_Cross_": null,
        "FID_FanGeo": null,
        "FID_Fan_De": null,
        "FID_GIS_Re": null,
        "FID_Photo_": null,
        "FID_ftrip_": null,
        "FID_measur": null,
        "FID_patter": null,
        "FOURTH_ORD": null,
        "FOURTH_O_1": null,
        "FanID": null,
        "Fan_Del": null,
        "Fan_Del_sh": null,
        "FeatureT_1": null,
        "Geo_short": null,
        "Geography": null,
        "Gradient": null,
        "Hyperlink": null,
        "ID": null,
        "Id": 4,
        "Id_1": null,
        "LENGTH": null,
        "Location": null,
        "MAPSYMBOL": "POPO_F4",
        "MAP_SYMBOL": null,
        "MS_ID": null,
        "MidptX": null,
        "MidptY": null,
        "Mod_names": null,
        "NAME": "Fan 4 Popo",
        "NAME_1": null,
        "Name": null,
        "OBJECTID": 12,
        "OBJECTID_1": null,
        "ORDERBY": null,
        "ORIG_FID": null,
        "Offset": null,
        "PATTERNID": null,
        "PERSON": null,
        "PMLABEL": null,
        "PM_NAME": null,
        "PM_NAME_NE": null,
        "Pattern": null,
        "Profile": "Lower Slope",
        "REGION": null,
        "SECTIONARC": null,
        "SECTION_AB": null,
        "SOURCE": null,
        "STRAT_INTE": null,
        "SectionArc": null,
        "Shape_Ar_1": null,
        "Shape_Area": null,
        "Shape_Le_1": null,
        "Shape_Leng": null,
        "Shape_Length": null,
        "Stop": "Fan 4 Popo",
        "Stop_Num": 21,
        "Symbology": null
      }
    },
    {
      "type": "Feature",
      "geometry": {
        "type": "Point",
        "coordinates": [
          -104.81595613060672,
          31.809995671179287
        ]
      },
      "properties": {
        "Abbrev": null,
        "Alpha": null,
        "Area": "Lower Brushy Mesa",
        "CS_ID": null,
        "CYCLE": null,
        "CycleDsolv": null,
        "DESCRIPT": null,
        "FEATUREKEY": 13,
        "FEATUREK_1": null,
        "FEATURETYP": "Field_Trip_Stop",
        "FID_": null,
        "FID_Cross_": null,
        "FID_FanGeo": null,
        "FID_Fan_De": null,
        "FID_GIS_Re": null,
        "FID_Photo_": null,
        "FID_ftrip_": null,
        "FID_measur": null,
        "FID_patter": null,
        "FOURTH_ORD": null,
        "FOURTH_O_1": null,
        "FanID": null,
        "Fan_Del": null,
        "Fan_Del_sh": null,
        "FeatureT_1": null,
        "Geo_short": null,
        "Geography": null,
        "Gradient": null,
        "Hyperlink": null,
        "ID": null,
        "Id": 3,
        "Id_1": null,
        "LENGTH": null,
        "Location": null,
        "MAPSYMBOL": "LBM_mts",
        "MAP_SYMBOL": null,
        "MS_ID": null,
        "MidptX": null,
        "MidptY": null,
        "Mod_names": null,
        "NAME": "Fan 2 mass transport complex",
        "NAME_1": null,
        "Name": null,
        "OBJECTID": 13,
        "OBJECTID_1": null,
        "ORDERBY": null,
        "ORIG_FID": null,
        "Offset": null,
        "PATTERNID": null,
        "PERSON": null,
        "PMLABEL": null,
        "PM_NAME": null,
        "PM_NAME_NE": null,
        "Pattern": null,
        "Profile": "Middle Slope",
        "REGION": null,
        "SECTIONARC": null,
        "SECTION_AB": null,
        "SOURCE": null,
        "STRAT_INTE": null,
        "SectionArc": null,
        "Shape_Ar_1": null,
        "Shape_Area": null,
        "Shape_Le_1": null,
        "Shape_Leng": null,
        "Shape_Length": null,
        "Stop": "Fan 2 mass transport complex",
        "Stop_Num": 11,
        "Symbology": null
      }
    },
    {
      "type": "Feature",
      "geometry": {
        "type": "Point",
        "coordinates": [
          -104.80672707570554,
          31.807768873702084
        ]
      },
      "properties": {
        "Abbrev": null,
        "Alpha": null,
        "Area": "Lower Brushy Mesa",
        "CS_ID": null,
        "CYCLE": null,
        "CycleDsolv": null,
        "DESCRIPT": null,
        "FEATUREKEY": 14,
        "FEATUREK_1": null,
        "FEATURETYP": "Field_Trip_Stop",
        "FID_": null,
        "FID_Cross_": null,
        "FID_FanGeo": null,
        "FID_Fan_De": null,
        "FID_GIS_Re": null,
        "FID_Photo_": null,
        "FID_ftrip_": null,
        "FID_measur": null,
        "FID_patter": null,
        "FOURTH_ORD": null,
        "FOURTH_O_1": null,
        "FanID": null,
        "Fan_Del": null,
        "Fan_Del_sh": null,
        "FeatureT_1": null,
        "Geo_short": null,
        "Geography": null,
        "Gradient": null,
        "Hyperlink": null,
        "ID": null,
        "Id": 3,
        "Id_1": null,
        "LENGTH": null,
        "Location": null,
        "MAPSYMBOL": "LBM_BULB",
        "MAP_SYMBOL": null,
        "MS_ID": null,
        "MidptX": null,
        "MidptY": null,
        "Mod_names": null,
        "NAME": "Bulbous Channel",
        "NAME_1": null,
        "Name": null,
        "OBJECTID": 14,
        "OBJECTID_1": null,
        "ORDERBY": null,
        "ORIG_FID": null,
        "Offset": null,
        "PATTERNID": null,
        "PERSON": null,
        "PMLABEL": null,
        "PM_NAME": null,
        "PM_NAME_NE": null,
        "Pattern": null,
        "Profile": "Middle Slope",
        "REGION": null,
        "SECTIONARC": null,
        "SECTION_AB": null,
        "SOURCE": null,
        "STRAT_INTE": null,
        "SectionArc": null,
        "Shape_Ar_1": null,
        "Shape_Area": null,
        "Shape_Le_1": null,
        "Shape_Leng": null,
        "Shape_Length": null,
        "Stop": "Bulbous Channel",
        "Stop_Num": 12,
        "Symbology": null
      }
    },
    {
      "type": "Feature",
      "geometry": {
        "type": "Point",
        "coordinates": [
          -104.81165626847054,
          31.79515539130876
        ]
      },
      "properties": {
        "Abbrev": null,
        "Alpha": null,
        "Area": "Upper Brushy Mesa",
        "CS_ID": null,
        "CYCLE": null,
        "CycleDsolv": null,
        "DESCRIPT": null,
        "FEATUREKEY": 15,
        "FEATUREK_1": null,
        "FEATURETYP": "Field_Trip_Stop",
        "FID_": null,
        "FID_Cross_": null,
        "FID_FanGeo": null,
        "FID_Fan_De": null,
        "FID_GIS_Re": null,
        "FID_Photo_": null,
        "FID_ftrip_": null,
        "FID_measur": null,
        "FID_patter": null,
        "FOURTH_ORD": null,
        "FOURTH_O_1": null,
        "FanID": null,
        "Fan_Del": null,
        "Fan_Del_sh": null,
        "FeatureT_1": null,
        "Geo_short": null,
        "Geography": null,
        "Gradient": null,
        "Hyperlink": null,
        "ID": null,
        "Id": 3,
        "Id_1": null,
        "LENGTH": null,
        "Location": null,
        "MAPSYMBOL": "UBM",
        "MAP_SYMBOL": null,
        "MS_ID": null,
        "MidptX": null,
        "MidptY": null,
        "Mod_names": null,
        "NAME": "Upper Brushy Mesa",
        "NAME_1": null,
        "Name": null,
        "OBJECTID": 15,
        "OBJECTID_1": null,
        "ORDERBY": null,
        "ORIG_FID": null,
        "Offset": null,
        "PATTERNID": null,
        "PERSON": null,
        "PMLABEL": null,
        "PM_NAME": null,
        "PM_NAME_NE": null,
        "Pattern": null,
        "Profile": "Middle Slope",
        "REGION": null,
        "SECTIONARC": null,
        "SECTION_AB": null,
        "SOURCE": null,
        "STRAT_INTE": null,
        "SectionArc": null,
        "Shape_Ar_1": null,
        "Shape_Area": null,
        "Shape_Le_1": null,
        "Shape_Leng": null,
        "Shape_Length": null,
        "Stop": "Upper Brushy Mesa",
        "Stop_Num": 14,
        "Symbology": null
      }
    },
    {
      "type": "Feature",
      "geometry": {
        "type": "Point",
        "coordinates": [
          -104.81173822420385,
          31.79545109473671
        ]
      },
      "properties": {
        "Abbrev": null,
        "Alpha": null,
        "Area": "Lower Brushy Mesa",
        "CS_ID": null,
        "CYCLE": null,
        "CycleDsolv": null,
        "DESCRIPT": null,
        "FEATUREKEY": 16,
        "FEATUREK_1": null,
        "FEATURETYP": "Field_Trip_Stop",
        "FID_": null,
        "FID_Cross_": null,
        "FID_FanGeo": null,
        "FID_Fan_De": null,
        "FID_GIS_Re": null,
        "FID_Photo_": null,
        "FID_ftrip_": null,
        "FID_measur": null,
        "FID_patter": null,
        "FOURTH_ORD": null,
        "FOURTH_O_1": null,
        "FanID": null,
        "Fan_Del": null,
        "Fan_Del_sh": null,
        "FeatureT_1": null,
        "Geo_short": null,
        "Geography": null,
        "Gradient": null,
        "Hyperlink": null,
        "ID": null,
        "Id": 3,
        "Id_1": null,
        "LENGTH": null,
        "Location": null,
        "MAPSYMBOL": "LBM",
        "MAP_SYMBOL": null,
        "MS_ID": null,
        "MidptX": null,
        "MidptY": null,
        "Mod_names": null,
        "NAME": "Lower Brushy Mesa",
        "NAME_1": null,
        "Name": null,
        "OBJECTID": 16,
        "OBJECTID_1": null,
        "ORDERBY": null,
        "ORIG_FID": null,
        "Offset": null,
        "PATTERNID": null,
        "PERSON": null,
        "PMLABEL": null,
        "PM_NAME": null,
        "PM_NAME_NE": null,
        "Pattern": null,
        "Profile": "Middle Slope",
        "REGION": null,
        "SECTIONARC": null,
        "SECTION_AB": null,
        "SOURCE": null,
        "STRAT_INTE": null,
        "SectionArc": null,
        "Shape_Ar_1": null,
        "Shape_Area": null,
        "Shape_Le_1": null,
        "Shape_Leng": null,
        "Shape_Length": null,
        "Stop": "Lower Brushy Mesa",
        "Stop_Num": 13,
        "Symbology": null
      }
    },
    {
      "type": "Feature",
      "geometry": {
        "type": "Point",
        "coordinates": [
          -104.82809289262131,
          31.775178654137118
        ]
      },
      "properties": {
        "Abbrev": null,
        "Alpha": null,
        "Area": "Lower Brushy Mesa",
        "CS_ID": null,
        "CYCLE": null,
        "CycleDsolv": null,
        "DESCRIPT": null,
        "FEATUREKEY": 17,
        "FEATUREK_1": null,
        "FEATURETYP": "Field_Trip_Stop",
        "FID_": null,
        "FID_Cross_": null,
        "FID_FanGeo": null,
        "FID_Fan_De": null,
        "FID_GIS_Re": null,
        "FID_Photo_": null,
        "FID_ftrip_": null,
        "FID_measur": null,
        "FID_patter": null,
        "FOURTH_ORD": null,
        "FOURTH_O_1": null,
        "FanID": null,
        "Fan_Del": null,
        "Fan_Del_sh": null,
        "FeatureT_1": null,
        "Geo_short": null,
        "Geography": null,
        "Gradient": null,
        "Hyperlink": null,
        "ID": null,
        "Id": 3,
        "Id_1": null,
        "LENGTH": null,
        "Location": null,
        "MAPSYMBOL": "LBM_OVER",
        "MAP_SYMBOL": null,
        "MS_ID": null,
        "MidptX": null,
        "MidptY": null,
        "Mod_names": null,
        "NAME": "L. Brushy Mesa Overview",
        "NAME_1": null,
        "Name": null,
        "OBJECTID": 17,
        "OBJECTID_1": null,
        "ORDERBY": null,
        "ORIG_FID": null,
        "Offset": null,
        "PATTERNID": null,
        "PERSON": null,
        "PMLABEL": null,
        "PM_NAME": null,
        "PM_NAME_NE": null,
        "Pattern": null,
        "Profile": "Middle Slope",
        "REGION": null,
        "SECTIONARC": null,
        "SECTION_AB": null,
        "SOURCE": null,
        "STRAT_INTE": null,
        "SectionArc": null,
        "Shape_Ar_1": null,
        "Shape_Area": null,
        "Shape_Le_1": null,
        "Shape_Leng": null,
        "Shape_Length": null,
        "Stop": "L. Brushy Mesa Overview",
        "Stop_Num": 15,
        "Symbology": null
      }
    },
    {
      "type": "Feature",
      "geometry": {
        "type": "Point",
        "coordinates": [
          -104.79499775470264,
          31.720931335367194
        ]
      },
      "properties": {
        "Abbrev": null,
        "Alpha": null,
        "Area": "Dance Hall Canyon",
        "CS_ID": null,
        "CYCLE": null,
        "CycleDsolv": null,
        "DESCRIPT": null,
        "FEATUREKEY": 18,
        "FEATUREK_1": null,
        "FEATURETYP": "Field_Trip_Stop",
        "FID_": null,
        "FID_Cross_": null,
        "FID_FanGeo": null,
        "FID_Fan_De": null,
        "FID_GIS_Re": null,
        "FID_Photo_": null,
        "FID_ftrip_": null,
        "FID_measur": null,
        "FID_patter": null,
        "FOURTH_ORD": null,
        "FOURTH_O_1": null,
        "FanID": null,
        "Fan_Del": null,
        "Fan_Del_sh": null,
        "FeatureT_1": null,
        "Geo_short": null,
        "Geography": null,
        "Gradient": null,
        "Hyperlink": null,
        "ID": null,
        "Id": 0,
        "Id_1": null,
        "LENGTH": null,
        "Location": null,
        "MAPSYMBOL": "DHJ",
        "MAP_SYMBOL": null,
        "MS_ID": null,
        "MidptX": null,
        "MidptY": null,
        "Mod_names": null,
        "NAME": "Cutoff mass transport complex",
        "NAME_1": null,
        "Name": null,
        "OBJECTID": 18,
        "OBJECTID_1": null,
        "ORDERBY": null,
        "ORIG_FID": null,
        "Offset": null,
        "PATTERNID": null,
        "PERSON": null,
        "PMLABEL": null,
        "PM_NAME": null,
        "PM_NAME_NE": null,
        "Pattern": null,
        "Profile": "Middle Slope",
        "REGION": null,
        "SECTIONARC": null,
        "SECTION_AB": null,
        "SOURCE": null,
        "STRAT_INTE": null,
        "SectionArc": null,
        "Shape_Ar_1": null,
        "Shape_Area": null,
        "Shape_Le_1": null,
        "Shape_Leng": null,
        "Shape_Length": null,
        "Stop": "Cutoff mass transport complex",
        "Stop_Num": 29,
        "Symbology": null
      }
    },
    {
      "type": "Feature",
      "geometry": {
        "type": "Point",
        "coordinates": [
          -104.78151831536273,
          31.746419340498854
        ]
      },
      "properties": {
        "Abbrev": null,
        "Alpha": null,
        "Area": "Popo_Pollo",
        "CS_ID": null,
        "CYCLE": null,
        "CycleDsolv": null,
        "DESCRIPT": null,
        "FEATUREKEY": 19,
        "FEATUREK_1": null,
        "FEATURETYP": "Field_Trip_Stop",
        "FID_": null,
        "FID_Cross_": null,
        "FID_FanGeo": null,
        "FID_Fan_De": null,
        "FID_GIS_Re": null,
        "FID_Photo_": null,
        "FID_ftrip_": null,
        "FID_measur": null,
        "FID_patter": null,
        "FOURTH_ORD": null,
        "FOURTH_O_1": null,
        "FanID": null,
        "Fan_Del": null,
        "Fan_Del_sh": null,
        "FeatureT_1": null,
        "Geo_short": null,
        "Geography": null,
        "Gradient": null,
        "Hyperlink": null,
        "ID": null,
        "Id": 0,
        "Id_1": null,
        "LENGTH": null,
        "Location": null,
        "MAPSYMBOL": "DUAL_F",
        "MAP_SYMBOL": null,
        "MS_ID": null,
        "MidptX": null,
        "MidptY": null,
        "Mod_names": null,
        "NAME": "Dual Falls",
        "NAME_1": null,
        "Name": null,
        "OBJECTID": 19,
        "OBJECTID_1": null,
        "ORDERBY": null,
        "ORIG_FID": null,
        "Offset": null,
        "PATTERNID": null,
        "PERSON": null,
        "PMLABEL": null,
        "PM_NAME": null,
        "PM_NAME_NE": null,
        "Pattern": null,
        "Profile": "Lower Slope",
        "REGION": null,
        "SECTIONARC": null,
        "SECTION_AB": null,
        "SOURCE": null,
        "STRAT_INTE": null,
        "SectionArc": null,
        "Shape_Ar_1": null,
        "Shape_Area": null,
        "Shape_Le_1": null,
        "Shape_Leng": null,
        "Shape_Length": null,
        "Stop": "Dual Falls",
        "Stop_Num": 23,
        "Symbology": null
      }
    },
    {
      "type": "Feature",
      "geometry": {
        "type": "Point",
        "coordinates": [
          -104.77448803604352,
          31.726895162399686
        ]
      },
      "properties": {
        "Abbrev": null,
        "Alpha": null,
        "Area": "BV_Molar",
        "CS_ID": null,
        "CYCLE": null,
        "CycleDsolv": null,
        "DESCRIPT": null,
        "FEATUREKEY": 20,
        "FEATUREK_1": null,
        "FEATURETYP": "Field_Trip_Stop",
        "FID_": null,
        "FID_Cross_": null,
        "FID_FanGeo": null,
        "FID_Fan_De": null,
        "FID_GIS_Re": null,
        "FID_Photo_": null,
        "FID_ftrip_": null,
        "FID_measur": null,
        "FID_patter": null,
        "FOURTH_ORD": null,
        "FOURTH_O_1": null,
        "FanID": null,
        "Fan_Del": null,
        "Fan_Del_sh": null,
        "FeatureT_1": null,
        "Geo_short": null,
        "Geography": null,
        "Gradient": null,
        "Hyperlink": null,
        "ID": null,
        "Id": 0,
        "Id_1": null,
        "LENGTH": null,
        "Location": null,
        "MAPSYMBOL": "MOLAR",
        "MAP_SYMBOL": null,
        "MS_ID": null,
        "MidptX": null,
        "MidptY": null,
        "Mod_names": null,
        "NAME": "Moalr Margin",
        "NAME_1": null,
        "Name": null,
        "OBJECTID": 20,
        "OBJECTID_1": null,
        "ORDERBY": null,
        "ORIG_FID": null,
        "Offset": null,
        "PATTERNID": null,
        "PERSON": null,
        "PMLABEL": null,
        "PM_NAME": null,
        "PM_NAME_NE": null,
        "Pattern": null,
        "Profile": "Lower Slope",
        "REGION": null,
        "SECTIONARC": null,
        "SECTION_AB": null,
        "SOURCE": null,
        "STRAT_INTE": null,
        "SectionArc": null,
        "Shape_Ar_1": null,
        "Shape_Area": null,
        "Shape_Le_1": null,
        "Shape_Leng": null,
        "Shape_Length": null,
        "Stop": "Moalr Margin",
        "Stop_Num": 27,
        "Symbology": null
      }
    },
    {
      "type": "Feature",
      "geometry": {
        "type": "Point",
        "coordinates": [
          -104.77197685866356,
          31.733979662438436
        ]
      },
      "properties": {
        "Abbrev": null,
        "Alpha": null,
        "Area": "BV_Molar",
        "CS_ID": null,
        "CYCLE": null,
        "CycleDsolv": null,
        "DESCRIPT": null,
        "FEATUREKEY": 21,
        "FEATUREK_1": null,
        "FEATURETYP": "Field_Trip_Stop",
        "FID_": null,
        "FID_Cross_": null,
        "FID_FanGeo": null,
        "FID_Fan_De": null,
        "FID_GIS_Re": null,
        "FID_Photo_": null,
        "FID_ftrip_": null,
        "FID_measur": null,
        "FID_patter": null,
        "FOURTH_ORD": null,
        "FOURTH_O_1": null,
        "FanID": null,
        "Fan_Del": null,
        "Fan_Del_sh": null,
        "FeatureT_1": null,
        "Geo_short": null,
        "Geography": null,
        "Gradient": null,
        "Hyperlink": null,
        "ID": null,
        "Id": 0,
        "Id_1": null,
        "LENGTH": null,
        "Location": null,
        "MAPSYMBOL": "BV",
        "MAP_SYMBOL": null,
        "MS_ID": null,
        "MidptX": null,
        "MidptY": null,
        "Mod_names": null,
        "NAME": "BV Axis",
        "NAME_1": null,
        "Name": null,
        "OBJECTID": 21,
        "OBJECTID_1": null,
        "ORDERBY": null,
        "ORIG_FID": null,
        "Offset": null,
        "PATTERNID": null,
        "PERSON": null,
        "PMLABEL": null,
        "PM_NAME": null,
        "PM_NAME_NE": null,
        "Pattern": null,
        "Profile": "Lower Slope",
        "REGION": null,
        "SECTIONARC": null,
        "SECTION_AB": null,
        "SOURCE": null,
        "STRAT_INTE": null,
        "SectionArc": null,
        "Shape_Ar_1": null,
        "Shape_Area": null,
        "Shape_Le_1": null,
        "Shape_Leng": null,
        "Shape_Length": null,
        "Stop": "BV Axis",
        "Stop_Num": 25,
        "Symbology": null
      }
    },
    {
      "type": "Feature",
      "geometry": {
        "type": "Point",
        "coordinates": [
          -104.76911672259243,
          31.717744280039152
        ]
      },
      "properties": {
        "Abbrev": null,
        "Alpha": null,
        "Area": "Channel Canyon",
        "CS_ID": null,
        "CYCLE": null,
        "CycleDsolv": null,
        "DESCRIPT": null,
        "FEATUREKEY": 22,
        "FEATUREK_1": null,
        "FEATURETYP": "Field_Trip_Stop",
        "FID_": null,
        "FID_Cross_": null,
        "FID_FanGeo": null,
        "FID_Fan_De": null,
        "FID_GIS_Re": null,
        "FID_Photo_": null,
        "FID_ftrip_": null,
        "FID_measur": null,
        "FID_patter": null,
        "FOURTH_ORD": null,
        "FOURTH_O_1": null,
        "FanID": null,
        "Fan_Del": null,
        "Fan_Del_sh": null,
        "FeatureT_1": null,
        "Geo_short": null,
        "Geography": null,
        "Gradient": null,
        "Hyperlink": null,
        "ID": null,
        "Id": 0,
        "Id_1": null,
        "LENGTH": null,
        "Location": null,
        "MAPSYMBOL": "CHAN_CAN",
        "MAP_SYMBOL": null,
        "MS_ID": null,
        "MidptX": null,
        "MidptY": null,
        "Mod_names": null,
        "NAME": "Channel Canyon",
        "NAME_1": null,
        "Name": null,
        "OBJECTID": 22,
        "OBJECTID_1": null,
        "ORDERBY": null,
        "ORIG_FID": null,
        "Offset": null,
        "PATTERNID": null,
        "PERSON": null,
        "PMLABEL": null,
        "PM_NAME": null,
        "PM_NAME_NE": null,
        "Pattern": null,
        "Profile": "Base of Slope",
        "REGION": null,
        "SECTIONARC": null,
        "SECTION_AB": null,
        "SOURCE": null,
        "STRAT_INTE": null,
        "SectionArc": null,
        "Shape_Ar_1": null,
        "Shape_Area": null,
        "Shape_Le_1": null,
        "Shape_Leng": null,
        "Shape_Length": null,
        "Stop": "Channel Canyon",
        "Stop_Num": 30,
        "Symbology": null
      }
    },
    {
      "type": "Feature",
      "geometry": {
        "type": "Point",
        "coordinates": [
          -104.76939253582032,
          31.72349526756452
        ]
      },
      "properties": {
        "Abbrev": null,
        "Alpha": null,
        "Area": "Channel Canyon",
        "CS_ID": null,
        "CYCLE": null,
        "CycleDsolv": null,
        "DESCRIPT": null,
        "FEATUREKEY": 23,
        "FEATUREK_1": null,
        "FEATURETYP": "Field_Trip_Stop",
        "FID_": null,
        "FID_Cross_": null,
        "FID_FanGeo": null,
        "FID_Fan_De": null,
        "FID_GIS_Re": null,
        "FID_Photo_": null,
        "FID_ftrip_": null,
        "FID_measur": null,
        "FID_patter": null,
        "FOURTH_ORD": null,
        "FOURTH_O_1": null,
        "FanID": null,
        "Fan_Del": null,
        "Fan_Del_sh": null,
        "FeatureT_1": null,
        "Geo_short": null,
        "Geography": null,
        "Gradient": null,
        "Hyperlink": null,
        "ID": null,
        "Id": 0,
        "Id_1": null,
        "LENGTH": null,
        "Location": null,
        "MAPSYMBOL": "R_AMP",
        "MAP_SYMBOL": null,
        "MS_ID": null,
        "MidptX": null,
        "MidptY": null,
        "Mod_names": null,
        "NAME": "Rogers Ampitheatre",
        "NAME_1": null,
        "Name": null,
        "OBJECTID": 23,
        "OBJECTID_1": null,
        "ORDERBY": null,
        "ORIG_FID": null,
        "Offset": null,
        "PATTERNID": null,
        "PERSON": null,
        "PMLABEL": null,
        "PM_NAME": null,
        "PM_NAME_NE": null,
        "Pattern": null,
        "Profile": "Base of Slope",
        "REGION": null,
        "SECTIONARC": null,
        "SECTION_AB": null,
        "SOURCE": null,
        "STRAT_INTE": null,
        "SectionArc": null,
        "Shape_Ar_1": null,
        "Shape_Area": null,
        "Shape_Le_1": null,
        "Shape_Leng": null,
        "Shape_Length": null,
        "Stop": "Rogers Ampitheatre",
        "Stop_Num": 28,
        "Symbology": null
      }
    },
    {
      "type": "Feature",
      "geometry": {
        "type": "Point",
        "coordinates": [
          -104.77558356465813,
          31.70536247600727
        ]
      },
      "properties": {
        "Abbrev": null,
        "Alpha": null,
        "Area": "Rock Art Canyon",
        "CS_ID": null,
        "CYCLE": null,
        "CycleDsolv": null,
        "DESCRIPT": null,
        "FEATUREKEY": 24,
        "FEATUREK_1": null,
        "FEATURETYP": "Field_Trip_Stop",
        "FID_": null,
        "FID_Cross_": null,
        "FID_FanGeo": null,
        "FID_Fan_De": null,
        "FID_GIS_Re": null,
        "FID_Photo_": null,
        "FID_ftrip_": null,
        "FID_measur": null,
        "FID_patter": null,
        "FOURTH_ORD": null,
        "FOURTH_O_1": null,
        "FanID": null,
        "Fan_Del": null,
        "Fan_Del_sh": null,
        "FeatureT_1": null,
        "Geo_short": null,
        "Geography": null,
        "Gradient": null,
        "Hyperlink": null,
        "ID": null,
        "Id": 0,
        "Id_1": null,
        "LENGTH": null,
        "Location": null,
        "MAPSYMBOL": "P_POINT",
        "MAP_SYMBOL": null,
        "MS_ID": null,
        "MidptX": null,
        "MidptY": null,
        "Mod_names": null,
        "NAME": "Panarama Point Overview",
        "NAME_1": null,
        "Name": null,
        "OBJECTID": 24,
        "OBJECTID_1": null,
        "ORDERBY": null,
        "ORIG_FID": null,
        "Offset": null,
        "PATTERNID": null,
        "PERSON": null,
        "PMLABEL": null,
        "PM_NAME": null,
        "PM_NAME_NE": null,
        "Pattern": null,
        "Profile": "Base of Slope",
        "REGION": null,
        "SECTIONARC": null,
        "SECTION_AB": null,
        "SOURCE": null,
        "STRAT_INTE": null,
        "SectionArc": null,
        "Shape_Ar_1": null,
        "Shape_Area": null,
        "Shape_Le_1": null,
        "Shape_Leng": null,
        "Shape_Length": null,
        "Stop": "Panarama Point Overview",
        "Stop_Num": 34,
        "Symbology": null
      }
    },
    {
      "type": "Feature",
      "geometry": {
        "type": "Point",
        "coordinates": [
          -104.7663248794831,
          31.69776117817241
        ]
      },
      "properties": {
        "Abbrev": null,
        "Alpha": null,
        "Area": "Rock Art Canyon",
        "CS_ID": null,
        "CYCLE": null,
        "CycleDsolv": null,
        "DESCRIPT": null,
        "FEATUREKEY": 25,
        "FEATUREK_1": null,
        "FEATURETYP": "Field_Trip_Stop",
        "FID_": null,
        "FID_Cross_": null,
        "FID_FanGeo": null,
        "FID_Fan_De": null,
        "FID_GIS_Re": null,
        "FID_Photo_": null,
        "FID_ftrip_": null,
        "FID_measur": null,
        "FID_patter": null,
        "FOURTH_ORD": null,
        "FOURTH_O_1": null,
        "FanID": null,
        "Fan_Del": null,
        "Fan_Del_sh": null,
        "FeatureT_1": null,
        "Geo_short": null,
        "Geography": null,
        "Gradient": null,
        "Hyperlink": null,
        "ID": null,
        "Id": 0,
        "Id_1": null,
        "LENGTH": null,
        "Location": null,
        "MAPSYMBOL": "RA_PET",
        "MAP_SYMBOL": null,
        "MS_ID": null,
        "MidptX": null,
        "MidptY": null,
        "Mod_names": null,
        "NAME": "Petroglyph",
        "NAME_1": null,
        "Name": null,
        "OBJECTID": 25,
        "OBJECTID_1": null,
        "ORDERBY": null,
        "ORIG_FID": null,
        "Offset": null,
        "PATTERNID": null,
        "PERSON": null,
        "PMLABEL": null,
        "PM_NAME": null,
        "PM_NAME_NE": null,
        "Pattern": null,
        "Profile": "Base of Slope",
        "REGION": null,
        "SECTIONARC": null,
        "SECTION_AB": null,
        "SOURCE": null,
        "STRAT_INTE": null,
        "SectionArc": null,
        "Shape_Ar_1": null,
        "Shape_Area": null,
        "Shape_Le_1": null,
        "Shape_Leng": null,
        "Shape_Length": null,
        "Stop": "Petroglyph",
        "Stop_Num": 36,
        "Symbology": null
      }
    },
    {
      "type": "Feature",
      "geometry": {
        "type": "Point",
        "coordinates": [
          -104.76348285137638,
          31.698152542043776
        ]
      },
      "properties": {
        "Abbrev": null,
        "Alpha": null,
        "Area": "Rock Art Canyon",
        "CS_ID": null,
        "CYCLE": null,
        "CycleDsolv": null,
        "DESCRIPT": null,
        "FEATUREKEY": 26,
        "FEATUREK_1": null,
        "FEATURETYP": "Field_Trip_Stop",
        "FID_": null,
        "FID_Cross_": null,
        "FID_FanGeo": null,
        "FID_Fan_De": null,
        "FID_GIS_Re": null,
        "FID_Photo_": null,
        "FID_ftrip_": null,
        "FID_measur": null,
        "FID_patter": null,
        "FOURTH_ORD": null,
        "FOURTH_O_1": null,
        "FanID": null,
        "Fan_Del": null,
        "Fan_Del_sh": null,
        "FeatureT_1": null,
        "Geo_short": null,
        "Geography": null,
        "Gradient": null,
        "Hyperlink": null,
        "ID": null,
        "Id": 0,
        "Id_1": null,
        "LENGTH": null,
        "Location": null,
        "MAPSYMBOL": "RA_LBC",
        "MAP_SYMBOL": null,
        "MS_ID": null,
        "MidptX": null,
        "MidptY": null,
        "Mod_names": null,
        "NAME": "Lower Brushy",
        "NAME_1": null,
        "Name": null,
        "OBJECTID": 26,
        "OBJECTID_1": null,
        "ORDERBY": null,
        "ORIG_FID": null,
        "Offset": null,
        "PATTERNID": null,
        "PERSON": null,
        "PMLABEL": null,
        "PM_NAME": null,
        "PM_NAME_NE": null,
        "Pattern": null,
        "Profile": "Base of Slope",
        "REGION": null,
        "SECTIONARC": null,
        "SECTION_AB": null,
        "SOURCE": null,
        "STRAT_INTE": null,
        "SectionArc": null,
        "Shape_Ar_1": null,
        "Shape_Area": null,
        "Shape_Le_1": null,
        "Shape_Leng": null,
        "Shape_Length": null,
        "Stop": "Lower Brushy",
        "Stop_Num": 37,
        "Symbology": null
      }
    },
    {
      "type": "Feature",
      "geometry": {
        "type": "Point",
        "coordinates": [
          -104.76724807244203,
          31.699572288197484
        ]
      },
      "properties": {
        "Abbrev": null,
        "Alpha": null,
        "Area": "Rock Art Canyon",
        "CS_ID": null,
        "CYCLE": null,
        "CycleDsolv": null,
        "DESCRIPT": null,
        "FEATUREKEY": 27,
        "FEATUREK_1": null,
        "FEATURETYP": "Field_Trip_Stop",
        "FID_": null,
        "FID_Cross_": null,
        "FID_FanGeo": null,
        "FID_Fan_De": null,
        "FID_GIS_Re": null,
        "FID_Photo_": null,
        "FID_ftrip_": null,
        "FID_measur": null,
        "FID_patter": null,
        "FOURTH_ORD": null,
        "FOURTH_O_1": null,
        "FanID": null,
        "Fan_Del": null,
        "Fan_Del_sh": null,
        "FeatureT_1": null,
        "Geo_short": null,
        "Geography": null,
        "Gradient": null,
        "Hyperlink": null,
        "ID": null,
        "Id": 0,
        "Id_1": null,
        "LENGTH": null,
        "Location": null,
        "MAPSYMBOL": "RA_31PO",
        "MAP_SYMBOL": null,
        "MS_ID": null,
        "MidptX": null,
        "MidptY": null,
        "Mod_names": null,
        "NAME": "3.1 pinchout",
        "NAME_1": null,
        "Name": null,
        "OBJECTID": 27,
        "OBJECTID_1": null,
        "ORDERBY": null,
        "ORIG_FID": null,
        "Offset": null,
        "PATTERNID": null,
        "PERSON": null,
        "PMLABEL": null,
        "PM_NAME": null,
        "PM_NAME_NE": null,
        "Pattern": null,
        "Profile": "Base of Slope",
        "REGION": null,
        "SECTIONARC": null,
        "SECTION_AB": null,
        "SOURCE": null,
        "STRAT_INTE": null,
        "SectionArc": null,
        "Shape_Ar_1": null,
        "Shape_Area": null,
        "Shape_Le_1": null,
        "Shape_Leng": null,
        "Shape_Length": null,
        "Stop": "3.1 pinchout",
        "Stop_Num": 35,
        "Symbology": null
      }
    },
    {
      "type": "Feature",
      "geometry": {
        "type": "Point",
        "coordinates": [
          -104.76381163869698,
          31.682706076542008
        ]
      },
      "properties": {
        "Abbrev": null,
        "Alpha": null,
        "Area": "Vertigo_DNA",
        "CS_ID": null,
        "CYCLE": null,
        "CycleDsolv": null,
        "DESCRIPT": null,
        "FEATUREKEY": 28,
        "FEATUREK_1": null,
        "FEATURETYP": "Field_Trip_Stop",
        "FID_": null,
        "FID_Cross_": null,
        "FID_FanGeo": null,
        "FID_Fan_De": null,
        "FID_GIS_Re": null,
        "FID_Photo_": null,
        "FID_ftrip_": null,
        "FID_measur": null,
        "FID_patter": null,
        "FOURTH_ORD": null,
        "FOURTH_O_1": null,
        "FanID": null,
        "Fan_Del": null,
        "Fan_Del_sh": null,
        "FeatureT_1": null,
        "Geo_short": null,
        "Geography": null,
        "Gradient": null,
        "Hyperlink": null,
        "ID": null,
        "Id": 0,
        "Id_1": null,
        "LENGTH": null,
        "Location": null,
        "MAPSYMBOL": "VERT_DNA",
        "MAP_SYMBOL": null,
        "MS_ID": null,
        "MidptX": null,
        "MidptY": null,
        "Mod_names": null,
        "NAME": "Vertigo_DNA",
        "NAME_1": null,
        "Name": null,
        "OBJECTID": 28,
        "OBJECTID_1": null,
        "ORDERBY": null,
        "ORIG_FID": null,
        "Offset": null,
        "PATTERNID": null,
        "PERSON": null,
        "PMLABEL": null,
        "PM_NAME": null,
        "PM_NAME_NE": null,
        "Pattern": null,
        "Profile": "Base of Slope",
        "REGION": null,
        "SECTIONARC": null,
        "SECTION_AB": null,
        "SOURCE": null,
        "STRAT_INTE": null,
        "SectionArc": null,
        "Shape_Ar_1": null,
        "Shape_Area": null,
        "Shape_Le_1": null,
        "Shape_Leng": null,
        "Shape_Length": null,
        "Stop": "Vertigo_DNA",
        "Stop_Num": 40,
        "Symbology": null
      }
    },
    {
      "type": "Feature",
      "geometry": {
        "type": "Point",
        "coordinates": [
          -104.76340559335961,
          31.68280447349291
        ]
      },
      "properties": {
        "Abbrev": null,
        "Alpha": null,
        "Area": "Rockleen_SRA",
        "CS_ID": null,
        "CYCLE": null,
        "CycleDsolv": null,
        "DESCRIPT": null,
        "FEATUREKEY": 29,
        "FEATUREK_1": null,
        "FEATURETYP": "Field_Trip_Stop",
        "FID_": null,
        "FID_Cross_": null,
        "FID_FanGeo": null,
        "FID_Fan_De": null,
        "FID_GIS_Re": null,
        "FID_Photo_": null,
        "FID_ftrip_": null,
        "FID_measur": null,
        "FID_patter": null,
        "FOURTH_ORD": null,
        "FOURTH_O_1": null,
        "FanID": null,
        "Fan_Del": null,
        "Fan_Del_sh": null,
        "FeatureT_1": null,
        "Geo_short": null,
        "Geography": null,
        "Gradient": null,
        "Hyperlink": null,
        "ID": null,
        "Id": 0,
        "Id_1": null,
        "LENGTH": null,
        "Location": null,
        "MAPSYMBOL": "RCKLN_SRA",
        "MAP_SYMBOL": null,
        "MS_ID": null,
        "MidptX": null,
        "MidptY": null,
        "Mod_names": null,
        "NAME": "Rockleen_SRA",
        "NAME_1": null,
        "Name": null,
        "OBJECTID": 29,
        "OBJECTID_1": null,
        "ORDERBY": null,
        "ORIG_FID": null,
        "Offset": null,
        "PATTERNID": null,
        "PERSON": null,
        "PMLABEL": null,
        "PM_NAME": null,
        "PM_NAME_NE": null,
        "Pattern": null,
        "Profile": "Base of Slope",
        "REGION": null,
        "SECTIONARC": null,
        "SECTION_AB": null,
        "SOURCE": null,
        "STRAT_INTE": null,
        "SectionArc": null,
        "Shape_Ar_1": null,
        "Shape_Area": null,
        "Shape_Le_1": null,
        "Shape_Leng": null,
        "Shape_Length": null,
        "Stop": "Rockleen_SRA",
        "Stop_Num": 41,
        "Symbology": null
      }
    },
    {
      "type": "Feature",
      "geometry": {
        "type": "Point",
        "coordinates": [
          -104.76226619943198,
          31.67489539053517
        ]
      },
      "properties": {
        "Abbrev": null,
        "Alpha": null,
        "Area": "Colleen Lower Brushy",
        "CS_ID": null,
        "CYCLE": null,
        "CycleDsolv": null,
        "DESCRIPT": null,
        "FEATUREKEY": 30,
        "FEATUREK_1": null,
        "FEATURETYP": "Field_Trip_Stop",
        "FID_": null,
        "FID_Cross_": null,
        "FID_FanGeo": null,
        "FID_Fan_De": null,
        "FID_GIS_Re": null,
        "FID_Photo_": null,
        "FID_ftrip_": null,
        "FID_measur": null,
        "FID_patter": null,
        "FOURTH_ORD": null,
        "FOURTH_O_1": null,
        "FanID": null,
        "Fan_Del": null,
        "Fan_Del_sh": null,
        "FeatureT_1": null,
        "Geo_short": null,
        "Geography": null,
        "Gradient": null,
        "Hyperlink": null,
        "ID": null,
        "Id": 0,
        "Id_1": null,
        "LENGTH": null,
        "Location": null,
        "MAPSYMBOL": "COL_LBC",
        "MAP_SYMBOL": null,
        "MS_ID": null,
        "MidptX": null,
        "MidptY": null,
        "Mod_names": null,
        "NAME": "Graben Knob",
        "NAME_1": null,
        "Name": null,
        "OBJECTID": 30,
        "OBJECTID_1": null,
        "ORDERBY": null,
        "ORIG_FID": null,
        "Offset": null,
        "PATTERNID": null,
        "PERSON": null,
        "PMLABEL": null,
        "PM_NAME": null,
        "PM_NAME_NE": null,
        "Pattern": null,
        "Profile": "Base of Slope",
        "REGION": null,
        "SECTIONARC": null,
        "SECTION_AB": null,
        "SOURCE": null,
        "STRAT_INTE": null,
        "SectionArc": null,
        "Shape_Ar_1": null,
        "Shape_Area": null,
        "Shape_Le_1": null,
        "Shape_Leng": null,
        "Shape_Length": null,
        "Stop": "Graben Knob",
        "Stop_Num": 42,
        "Symbology": null
      }
    },
    {
      "type": "Feature",
      "geometry": {
        "type": "Point",
        "coordinates": [
          -104.75735306730684,
          31.687418342229034
        ]
      },
      "properties": {
        "Abbrev": null,
        "Alpha": null,
        "Area": "Colleen Middle Brushy",
        "CS_ID": null,
        "CYCLE": null,
        "CycleDsolv": null,
        "DESCRIPT": null,
        "FEATUREKEY": 31,
        "FEATUREK_1": null,
        "FEATURETYP": "Field_Trip_Stop",
        "FID_": null,
        "FID_Cross_": null,
        "FID_FanGeo": null,
        "FID_Fan_De": null,
        "FID_GIS_Re": null,
        "FID_Photo_": null,
        "FID_ftrip_": null,
        "FID_measur": null,
        "FID_patter": null,
        "FOURTH_ORD": null,
        "FOURTH_O_1": null,
        "FanID": null,
        "Fan_Del": null,
        "Fan_Del_sh": null,
        "FeatureT_1": null,
        "Geo_short": null,
        "Geography": null,
        "Gradient": null,
        "Hyperlink": null,
        "ID": null,
        "Id": 0,
        "Id_1": null,
        "LENGTH": null,
        "Location": null,
        "MAPSYMBOL": "COL_F4",
        "MAP_SYMBOL": null,
        "MS_ID": null,
        "MidptX": null,
        "MidptY": null,
        "Mod_names": null,
        "NAME": "Culverts",
        "NAME_1": null,
        "Name": null,
        "OBJECTID": 31,
        "OBJECTID_1": null,
        "ORDERBY": null,
        "ORIG_FID": null,
        "Offset": null,
        "PATTERNID": null,
        "PERSON": null,
        "PMLABEL": null,
        "PM_NAME": null,
        "PM_NAME_NE": null,
        "Pattern": null,
        "Profile": "Base of Slope",
        "REGION": null,
        "SECTIONARC": null,
        "SECTION_AB": null,
        "SOURCE": null,
        "STRAT_INTE": null,
        "SectionArc": null,
        "Shape_Ar_1": null,
        "Shape_Area": null,
        "Shape_Le_1": null,
        "Shape_Leng": null,
        "Shape_Length": null,
        "Stop": "Culverts",
        "Stop_Num": 39,
        "Symbology": null
      }
    },
    {
      "type": "Feature",
      "geometry": {
        "type": "Point",
        "coordinates": [
          -104.7567108573952,
          31.68915219186588
        ]
      },
      "properties": {
        "Abbrev": null,
        "Alpha": null,
        "Area": "Colleen Middle Brushy",
        "CS_ID": null,
        "CYCLE": null,
        "CycleDsolv": null,
        "DESCRIPT": null,
        "FEATUREKEY": 32,
        "FEATUREK_1": null,
        "FEATURETYP": "Field_Trip_Stop",
        "FID_": null,
        "FID_Cross_": null,
        "FID_FanGeo": null,
        "FID_Fan_De": null,
        "FID_GIS_Re": null,
        "FID_Photo_": null,
        "FID_ftrip_": null,
        "FID_measur": null,
        "FID_patter": null,
        "FOURTH_ORD": null,
        "FOURTH_O_1": null,
        "FanID": null,
        "Fan_Del": null,
        "Fan_Del_sh": null,
        "FeatureT_1": null,
        "Geo_short": null,
        "Geography": null,
        "Gradient": null,
        "Hyperlink": null,
        "ID": null,
        "Id": 0,
        "Id_1": null,
        "LENGTH": null,
        "Location": null,
        "MAPSYMBOL": "COL_F5",
        "MAP_SYMBOL": null,
        "MS_ID": null,
        "MidptX": null,
        "MidptY": null,
        "Mod_names": null,
        "NAME": "Epiphany Point",
        "NAME_1": null,
        "Name": null,
        "OBJECTID": 32,
        "OBJECTID_1": null,
        "ORDERBY": null,
        "ORIG_FID": null,
        "Offset": null,
        "PATTERNID": null,
        "PERSON": null,
        "PMLABEL": null,
        "PM_NAME": null,
        "PM_NAME_NE": null,
        "Pattern": null,
        "Profile": "Base of Slope",
        "REGION": null,
        "SECTIONARC": null,
        "SECTION_AB": null,
        "SOURCE": null,
        "STRAT_INTE": null,
        "SectionArc": null,
        "Shape_Ar_1": null,
        "Shape_Area": null,
        "Shape_Le_1": null,
        "Shape_Leng": null,
        "Shape_Length": null,
        "Stop": "Epiphany Point",
        "Stop_Num": 38,
        "Symbology": null
      }
    },
    {
      "type": "Feature",
      "geometry": {
        "type": "Point",
        "coordinates": [
          -104.74395163382691,
          31.67807739747007
        ]
      },
      "properties": {
        "Abbrev": null,
        "Alpha": null,
        "Area": "Colleen Middle Brushy",
        "CS_ID": null,
        "CYCLE": null,
        "CycleDsolv": null,
        "DESCRIPT": null,
        "FEATUREKEY": 33,
        "FEATUREK_1": null,
        "FEATURETYP": "Field_Trip_Stop",
        "FID_": null,
        "FID_Cross_": null,
        "FID_FanGeo": null,
        "FID_Fan_De": null,
        "FID_GIS_Re": null,
        "FID_Photo_": null,
        "FID_ftrip_": null,
        "FID_measur": null,
        "FID_patter": null,
        "FOURTH_ORD": null,
        "FOURTH_O_1": null,
        "FanID": null,
        "Fan_Del": null,
        "Fan_Del_sh": null,
        "FeatureT_1": null,
        "Geo_short": null,
        "Geography": null,
        "Gradient": null,
        "Hyperlink": null,
        "ID": null,
        "Id": 0,
        "Id_1": null,
        "LENGTH": null,
        "Location": null,
        "MAPSYMBOL": "COL_OVER",
        "MAP_SYMBOL": null,
        "MS_ID": null,
        "MidptX": null,
        "MidptY": null,
        "Mod_names": null,
        "NAME": "Colleen Mid Brushy Overview",
        "NAME_1": null,
        "Name": null,
        "OBJECTID": 33,
        "OBJECTID_1": null,
        "ORDERBY": null,
        "ORIG_FID": null,
        "Offset": null,
        "PATTERNID": null,
        "PERSON": null,
        "PMLABEL": null,
        "PM_NAME": null,
        "PM_NAME_NE": null,
        "Pattern": null,
        "Profile": "Base of Slope",
        "REGION": null,
        "SECTIONARC": null,
        "SECTION_AB": null,
        "SOURCE": null,
        "STRAT_INTE": null,
        "SectionArc": null,
        "Shape_Ar_1": null,
        "Shape_Area": null,
        "Shape_Le_1": null,
        "Shape_Leng": null,
        "Shape_Length": null,
        "Stop": "Colleen Mid Brushy Overview",
        "Stop_Num": 44,
        "Symbology": null
      }
    },
    {
      "type": "Feature",
      "geometry": {
        "type": "Point",
        "coordinates": [
          -104.74155906455994,
          31.68382311227399
        ]
      },
      "properties": {
        "Abbrev": null,
        "Alpha": null,
        "Area": "Colleen Middle Brushy",
        "CS_ID": null,
        "CYCLE": null,
        "CycleDsolv": null,
        "DESCRIPT": null,
        "FEATUREKEY": 34,
        "FEATUREK_1": null,
        "FEATURETYP": "Field_Trip_Stop",
        "FID_": null,
        "FID_Cross_": null,
        "FID_FanGeo": null,
        "FID_Fan_De": null,
        "FID_GIS_Re": null,
        "FID_Photo_": null,
        "FID_ftrip_": null,
        "FID_measur": null,
        "FID_patter": null,
        "FOURTH_ORD": null,
        "FOURTH_O_1": null,
        "FanID": null,
        "Fan_Del": null,
        "Fan_Del_sh": null,
        "FeatureT_1": null,
        "Geo_short": null,
        "Geography": null,
        "Gradient": null,
        "Hyperlink": null,
        "ID": null,
        "Id": 0,
        "Id_1": null,
        "LENGTH": null,
        "Location": null,
        "MAPSYMBOL": "R_HOLE",
        "MAP_SYMBOL": null,
        "MS_ID": null,
        "MidptX": null,
        "MidptY": null,
        "Mod_names": null,
        "NAME": "Rogers Hole",
        "NAME_1": null,
        "Name": null,
        "OBJECTID": 34,
        "OBJECTID_1": null,
        "ORDERBY": null,
        "ORIG_FID": null,
        "Offset": null,
        "PATTERNID": null,
        "PERSON": null,
        "PMLABEL": null,
        "PM_NAME": null,
        "PM_NAME_NE": null,
        "Pattern": null,
        "Profile": "Base of Slope",
        "REGION": null,
        "SECTIONARC": null,
        "SECTION_AB": null,
        "SOURCE": null,
        "STRAT_INTE": null,
        "SectionArc": null,
        "Shape_Ar_1": null,
        "Shape_Area": null,
        "Shape_Le_1": null,
        "Shape_Leng": null,
        "Shape_Length": null,
        "Stop": "Rogers Hole",
        "Stop_Num": 43,
        "Symbology": null
      }
    },
    {
      "type": "Feature",
      "geometry": {
        "type": "Point",
        "coordinates": [
          -104.7667725921065,
          31.63890327526677
        ]
      },
      "properties": {
        "Abbrev": null,
        "Alpha": null,
        "Area": "Hogue",
        "CS_ID": null,
        "CYCLE": null,
        "CycleDsolv": null,
        "DESCRIPT": null,
        "FEATUREKEY": 35,
        "FEATUREK_1": null,
        "FEATURETYP": "Field_Trip_Stop",
        "FID_": null,
        "FID_Cross_": null,
        "FID_FanGeo": null,
        "FID_Fan_De": null,
        "FID_GIS_Re": null,
        "FID_Photo_": null,
        "FID_ftrip_": null,
        "FID_measur": null,
        "FID_patter": null,
        "FOURTH_ORD": null,
        "FOURTH_O_1": null,
        "FanID": null,
        "Fan_Del": null,
        "Fan_Del_sh": null,
        "FeatureT_1": null,
        "Geo_short": null,
        "Geography": null,
        "Gradient": null,
        "Hyperlink": null,
        "ID": null,
        "Id": 0,
        "Id_1": null,
        "LENGTH": null,
        "Location": null,
        "MAPSYMBOL": "HOGUE",
        "MAP_SYMBOL": null,
        "MS_ID": null,
        "MidptX": null,
        "MidptY": null,
        "Mod_names": null,
        "NAME": "Stairmaster",
        "NAME_1": null,
        "Name": null,
        "OBJECTID": 35,
        "OBJECTID_1": null,
        "ORDERBY": null,
        "ORIG_FID": null,
        "Offset": null,
        "PATTERNID": null,
        "PERSON": null,
        "PMLABEL": null,
        "PM_NAME": null,
        "PM_NAME_NE": null,
        "Pattern": null,
        "Profile": "Base of Slope",
        "REGION": null,
        "SECTIONARC": null,
        "SECTION_AB": null,
        "SOURCE": null,
        "STRAT_INTE": null,
        "SectionArc": null,
        "Shape_Ar_1": null,
        "Shape_Area": null,
        "Shape_Le_1": null,
        "Shape_Leng": null,
        "Shape_Length": null,
        "Stop": "Stairmaster",
        "Stop_Num": 53,
        "Symbology": null
      }
    },
    {
      "type": "Feature",
      "geometry": {
        "type": "Point",
        "coordinates": [
          -104.75478346760886,
          31.65908218052264
        ]
      },
      "properties": {
        "Abbrev": null,
        "Alpha": null,
        "Area": "Colleen Lower Brushy",
        "CS_ID": null,
        "CYCLE": null,
        "CycleDsolv": null,
        "DESCRIPT": null,
        "FEATUREKEY": 36,
        "FEATUREK_1": null,
        "FEATURETYP": "Field_Trip_Stop",
        "FID_": null,
        "FID_Cross_": null,
        "FID_FanGeo": null,
        "FID_Fan_De": null,
        "FID_GIS_Re": null,
        "FID_Photo_": null,
        "FID_ftrip_": null,
        "FID_measur": null,
        "FID_patter": null,
        "FOURTH_ORD": null,
        "FOURTH_O_1": null,
        "FanID": null,
        "Fan_Del": null,
        "Fan_Del_sh": null,
        "FeatureT_1": null,
        "Geo_short": null,
        "Geography": null,
        "Gradient": null,
        "Hyperlink": null,
        "ID": null,
        "Id": 0,
        "Id_1": null,
        "LENGTH": null,
        "Location": null,
        "MAPSYMBOL": "COL_SW",
        "MAP_SYMBOL": null,
        "MS_ID": null,
        "MidptX": null,
        "MidptY": null,
        "Mod_names": null,
        "NAME": "SW Colleen Hogue Overview",
        "NAME_1": null,
        "Name": null,
        "OBJECTID": 36,
        "OBJECTID_1": null,
        "ORDERBY": null,
        "ORIG_FID": null,
        "Offset": null,
        "PATTERNID": null,
        "PERSON": null,
        "PMLABEL": null,
        "PM_NAME": null,
        "PM_NAME_NE": null,
        "Pattern": null,
        "Profile": "Base of Slope",
        "REGION": null,
        "SECTIONARC": null,
        "SECTION_AB": null,
        "SOURCE": null,
        "STRAT_INTE": null,
        "SectionArc": null,
        "Shape_Ar_1": null,
        "Shape_Area": null,
        "Shape_Le_1": null,
        "Shape_Leng": null,
        "Shape_Length": null,
        "Stop": "SW Colleen Hogue Overview",
        "Stop_Num": 52,
        "Symbology": null
      }
    },
    {
      "type": "Feature",
      "geometry": {
        "type": "Point",
        "coordinates": [
          -104.74129620360122,
          31.674026868052554
        ]
      },
      "properties": {
        "Abbrev": null,
        "Alpha": null,
        "Area": "Colleen Lower Brushy",
        "CS_ID": null,
        "CYCLE": null,
        "CycleDsolv": null,
        "DESCRIPT": null,
        "FEATUREKEY": 37,
        "FEATUREK_1": null,
        "FEATURETYP": "Field_Trip_Stop",
        "FID_": null,
        "FID_Cross_": null,
        "FID_FanGeo": null,
        "FID_Fan_De": null,
        "FID_GIS_Re": null,
        "FID_Photo_": null,
        "FID_ftrip_": null,
        "FID_measur": null,
        "FID_patter": null,
        "FOURTH_ORD": null,
        "FOURTH_O_1": null,
        "FanID": null,
        "Fan_Del": null,
        "Fan_Del_sh": null,
        "FeatureT_1": null,
        "Geo_short": null,
        "Geography": null,
        "Gradient": null,
        "Hyperlink": null,
        "ID": null,
        "Id": 0,
        "Id_1": null,
        "LENGTH": null,
        "Location": null,
        "MAPSYMBOL": "COL_SE",
        "MAP_SYMBOL": null,
        "MS_ID": null,
        "MidptX": null,
        "MidptY": null,
        "Mod_names": null,
        "NAME": "Section 13",
        "NAME_1": null,
        "Name": null,
        "OBJECTID": 37,
        "OBJECTID_1": null,
        "ORDERBY": null,
        "ORIG_FID": null,
        "Offset": null,
        "PATTERNID": null,
        "PERSON": null,
        "PMLABEL": null,
        "PM_NAME": null,
        "PM_NAME_NE": null,
        "Pattern": null,
        "Profile": "Base of Slope",
        "REGION": null,
        "SECTIONARC": null,
        "SECTION_AB": null,
        "SOURCE": null,
        "STRAT_INTE": null,
        "SectionArc": null,
        "Shape_Ar_1": null,
        "Shape_Area": null,
        "Shape_Le_1": null,
        "Shape_Leng": null,
        "Shape_Length": null,
        "Stop": "Section 13",
        "Stop_Num": 45,
        "Symbology": null
      }
    },
    {
      "type": "Feature",
      "geometry": {
        "type": "Point",
        "coordinates": [
          -104.71002558675058,
          31.708188042019653
        ]
      },
      "properties": {
        "Abbrev": null,
        "Alpha": null,
        "Area": "Kunitz Hollow",
        "CS_ID": null,
        "CYCLE": null,
        "CycleDsolv": null,
        "DESCRIPT": null,
        "FEATUREKEY": 38,
        "FEATUREK_1": null,
        "FEATURETYP": "Field_Trip_Stop",
        "FID_": null,
        "FID_Cross_": null,
        "FID_FanGeo": null,
        "FID_Fan_De": null,
        "FID_GIS_Re": null,
        "FID_Photo_": null,
        "FID_ftrip_": null,
        "FID_measur": null,
        "FID_patter": null,
        "FOURTH_ORD": null,
        "FOURTH_O_1": null,
        "FanID": null,
        "Fan_Del": null,
        "Fan_Del_sh": null,
        "FeatureT_1": null,
        "Geo_short": null,
        "Geography": null,
        "Gradient": null,
        "Hyperlink": null,
        "ID": null,
        "Id": 0,
        "Id_1": null,
        "LENGTH": null,
        "Location": null,
        "MAPSYMBOL": "KIUN_HMM",
        "MAP_SYMBOL": null,
        "MS_ID": null,
        "MidptX": null,
        "MidptY": null,
        "Mod_names": null,
        "NAME": "Hot Marker Mesa",
        "NAME_1": null,
        "Name": null,
        "OBJECTID": 38,
        "OBJECTID_1": null,
        "ORDERBY": null,
        "ORIG_FID": null,
        "Offset": null,
        "PATTERNID": null,
        "PERSON": null,
        "PMLABEL": null,
        "PM_NAME": null,
        "PM_NAME_NE": null,
        "Pattern": null,
        "Profile": "Upper Basin Floor",
        "REGION": null,
        "SECTIONARC": null,
        "SECTION_AB": null,
        "SOURCE": null,
        "STRAT_INTE": null,
        "SectionArc": null,
        "Shape_Ar_1": null,
        "Shape_Area": null,
        "Shape_Le_1": null,
        "Shape_Leng": null,
        "Shape_Length": null,
        "Stop": "Hot Marker Mesa",
        "Stop_Num": 33,
        "Symbology": null
      }
    },
    {
      "type": "Feature",
      "geometry": {
        "type": "Point",
        "coordinates": [
          -104.70981110601306,
          31.71190100414425
        ]
      },
      "properties": {
        "Abbrev": null,
        "Alpha": null,
        "Area": "Kunitz Hollow",
        "CS_ID": null,
        "CYCLE": null,
        "CycleDsolv": null,
        "DESCRIPT": null,
        "FEATUREKEY": 39,
        "FEATUREK_1": null,
        "FEATURETYP": "Field_Trip_Stop",
        "FID_": null,
        "FID_Cross_": null,
        "FID_FanGeo": null,
        "FID_Fan_De": null,
        "FID_GIS_Re": null,
        "FID_Photo_": null,
        "FID_ftrip_": null,
        "FID_measur": null,
        "FID_patter": null,
        "FOURTH_ORD": null,
        "FOURTH_O_1": null,
        "FanID": null,
        "Fan_Del": null,
        "Fan_Del_sh": null,
        "FeatureT_1": null,
        "Geo_short": null,
        "Geography": null,
        "Gradient": null,
        "Hyperlink": null,
        "ID": null,
        "Id": 0,
        "Id_1": null,
        "LENGTH": null,
        "Location": null,
        "MAPSYMBOL": "KUN_DFL",
        "MAP_SYMBOL": null,
        "MS_ID": null,
        "MidptX": null,
        "MidptY": null,
        "Mod_names": null,
        "NAME": "Deer Feeder LAP",
        "NAME_1": null,
        "Name": null,
        "OBJECTID": 39,
        "OBJECTID_1": null,
        "ORDERBY": null,
        "ORIG_FID": null,
        "Offset": null,
        "PATTERNID": null,
        "PERSON": null,
        "PMLABEL": null,
        "PM_NAME": null,
        "PM_NAME_NE": null,
        "Pattern": null,
        "Profile": "Upper Basin Floor",
        "REGION": null,
        "SECTIONARC": null,
        "SECTION_AB": null,
        "SOURCE": null,
        "STRAT_INTE": null,
        "SectionArc": null,
        "Shape_Ar_1": null,
        "Shape_Area": null,
        "Shape_Le_1": null,
        "Shape_Leng": null,
        "Shape_Length": null,
        "Stop": "Deer Feeder LAP",
        "Stop_Num": 32,
        "Symbology": null
      }
    },
    {
      "type": "Feature",
      "geometry": {
        "type": "Point",
        "coordinates": [
          -104.7024974403869,
          31.715875231763633
        ]
      },
      "properties": {
        "Abbrev": null,
        "Alpha": null,
        "Area": "Kunitz Hollow",
        "CS_ID": null,
        "CYCLE": null,
        "CycleDsolv": null,
        "DESCRIPT": null,
        "FEATUREKEY": 40,
        "FEATUREK_1": null,
        "FEATURETYP": "Field_Trip_Stop",
        "FID_": null,
        "FID_Cross_": null,
        "FID_FanGeo": null,
        "FID_Fan_De": null,
        "FID_GIS_Re": null,
        "FID_Photo_": null,
        "FID_ftrip_": null,
        "FID_measur": null,
        "FID_patter": null,
        "FOURTH_ORD": null,
        "FOURTH_O_1": null,
        "FanID": null,
        "Fan_Del": null,
        "Fan_Del_sh": null,
        "FeatureT_1": null,
        "Geo_short": null,
        "Geography": null,
        "Gradient": null,
        "Hyperlink": null,
        "ID": null,
        "Id": 0,
        "Id_1": null,
        "LENGTH": null,
        "Location": null,
        "MAPSYMBOL": "KUN_FCHAN",
        "MAP_SYMBOL": null,
        "MS_ID": null,
        "MidptX": null,
        "MidptY": null,
        "Mod_names": null,
        "NAME": "Fualt Channel",
        "NAME_1": null,
        "Name": null,
        "OBJECTID": 40,
        "OBJECTID_1": null,
        "ORDERBY": null,
        "ORIG_FID": null,
        "Offset": null,
        "PATTERNID": null,
        "PERSON": null,
        "PMLABEL": null,
        "PM_NAME": null,
        "PM_NAME_NE": null,
        "Pattern": null,
        "Profile": "Upper Basin Floor",
        "REGION": null,
        "SECTIONARC": null,
        "SECTION_AB": null,
        "SOURCE": null,
        "STRAT_INTE": null,
        "SectionArc": null,
        "Shape_Ar_1": null,
        "Shape_Area": null,
        "Shape_Le_1": null,
        "Shape_Leng": null,
        "Shape_Length": null,
        "Stop": "Fualt Channel",
        "Stop_Num": 31,
        "Symbology": null
      }
    },
    {
      "type": "Feature",
      "geometry": {
        "type": "Point",
        "coordinates": [
          -104.70494416938374,
          31.682694301476808
        ]
      },
      "properties": {
        "Abbrev": null,
        "Alpha": null,
        "Area": "Chico Basin",
        "CS_ID": null,
        "CYCLE": null,
        "CycleDsolv": null,
        "DESCRIPT": null,
        "FEATUREKEY": 41,
        "FEATUREK_1": null,
        "FEATURETYP": "Field_Trip_Stop",
        "FID_": null,
        "FID_Cross_": null,
        "FID_FanGeo": null,
        "FID_Fan_De": null,
        "FID_GIS_Re": null,
        "FID_Photo_": null,
        "FID_ftrip_": null,
        "FID_measur": null,
        "FID_patter": null,
        "FOURTH_ORD": null,
        "FOURTH_O_1": null,
        "FanID": null,
        "Fan_Del": null,
        "Fan_Del_sh": null,
        "FeatureT_1": null,
        "Geo_short": null,
        "Geography": null,
        "Gradient": null,
        "Hyperlink": null,
        "ID": null,
        "Id": 0,
        "Id_1": null,
        "LENGTH": null,
        "Location": null,
        "MAPSYMBOL": "CHIC_TT",
        "MAP_SYMBOL": null,
        "MS_ID": null,
        "MidptX": null,
        "MidptY": null,
        "Mod_names": null,
        "NAME": "Two Trees",
        "NAME_1": null,
        "Name": null,
        "OBJECTID": 41,
        "OBJECTID_1": null,
        "ORDERBY": null,
        "ORIG_FID": null,
        "Offset": null,
        "PATTERNID": null,
        "PERSON": null,
        "PMLABEL": null,
        "PM_NAME": null,
        "PM_NAME_NE": null,
        "Pattern": null,
        "Profile": "Upper Basin Floor",
        "REGION": null,
        "SECTIONARC": null,
        "SECTION_AB": null,
        "SOURCE": null,
        "STRAT_INTE": null,
        "SectionArc": null,
        "Shape_Ar_1": null,
        "Shape_Area": null,
        "Shape_Le_1": null,
        "Shape_Leng": null,
        "Shape_Length": null,
        "Stop": "Two Trees",
        "Stop_Num": 47,
        "Symbology": null
      }
    },
    {
      "type": "Feature",
      "geometry": {
        "type": "Point",
        "coordinates": [
          -104.68568931607263,
          31.676158657924848
        ]
      },
      "properties": {
        "Abbrev": null,
        "Alpha": null,
        "Area": "Chico Basin",
        "CS_ID": null,
        "CYCLE": null,
        "CycleDsolv": null,
        "DESCRIPT": null,
        "FEATUREKEY": 42,
        "FEATUREK_1": null,
        "FEATURETYP": "Field_Trip_Stop",
        "FID_": null,
        "FID_Cross_": null,
        "FID_FanGeo": null,
        "FID_Fan_De": null,
        "FID_GIS_Re": null,
        "FID_Photo_": null,
        "FID_ftrip_": null,
        "FID_measur": null,
        "FID_patter": null,
        "FOURTH_ORD": null,
        "FOURTH_O_1": null,
        "FanID": null,
        "Fan_Del": null,
        "Fan_Del_sh": null,
        "FeatureT_1": null,
        "Geo_short": null,
        "Geography": null,
        "Gradient": null,
        "Hyperlink": null,
        "ID": null,
        "Id": 0,
        "Id_1": null,
        "LENGTH": null,
        "Location": null,
        "MAPSYMBOL": "CHIC_GP",
        "MAP_SYMBOL": null,
        "MS_ID": null,
        "MidptX": null,
        "MidptY": null,
        "Mod_names": null,
        "NAME": "Goat Pens",
        "NAME_1": null,
        "Name": null,
        "OBJECTID": 42,
        "OBJECTID_1": null,
        "ORDERBY": null,
        "ORIG_FID": null,
        "Offset": null,
        "PATTERNID": null,
        "PERSON": null,
        "PMLABEL": null,
        "PM_NAME": null,
        "PM_NAME_NE": null,
        "Pattern": null,
        "Profile": "Upper Basin Floor",
        "REGION": null,
        "SECTIONARC": null,
        "SECTION_AB": null,
        "SOURCE": null,
        "STRAT_INTE": null,
        "SectionArc": null,
        "Shape_Ar_1": null,
        "Shape_Area": null,
        "Shape_Le_1": null,
        "Shape_Leng": null,
        "Shape_Length": null,
        "Stop": "Goat Pens",
        "Stop_Num": 50,
        "Symbology": null
      }
    },
    {
      "type": "Feature",
      "geometry": {
        "type": "Point",
        "coordinates": [
          -104.69432013349348,
          31.682296832643562
        ]
      },
      "properties": {
        "Abbrev": null,
        "Alpha": null,
        "Area": "Chico Basin",
        "CS_ID": null,
        "CYCLE": null,
        "CycleDsolv": null,
        "DESCRIPT": null,
        "FEATUREKEY": 43,
        "FEATUREK_1": null,
        "FEATURETYP": "Field_Trip_Stop",
        "FID_": null,
        "FID_Cross_": null,
        "FID_FanGeo": null,
        "FID_Fan_De": null,
        "FID_GIS_Re": null,
        "FID_Photo_": null,
        "FID_ftrip_": null,
        "FID_measur": null,
        "FID_patter": null,
        "FOURTH_ORD": null,
        "FOURTH_O_1": null,
        "FanID": null,
        "Fan_Del": null,
        "Fan_Del_sh": null,
        "FeatureT_1": null,
        "Geo_short": null,
        "Geography": null,
        "Gradient": null,
        "Hyperlink": null,
        "ID": null,
        "Id": 0,
        "Id_1": null,
        "LENGTH": null,
        "Location": null,
        "MAPSYMBOL": "CHIC_PT",
        "MAP_SYMBOL": null,
        "MS_ID": null,
        "MidptX": null,
        "MidptY": null,
        "Mod_names": null,
        "NAME": "Power Tank",
        "NAME_1": null,
        "Name": null,
        "OBJECTID": 43,
        "OBJECTID_1": null,
        "ORDERBY": null,
        "ORIG_FID": null,
        "Offset": null,
        "PATTERNID": null,
        "PERSON": null,
        "PMLABEL": null,
        "PM_NAME": null,
        "PM_NAME_NE": null,
        "Pattern": null,
        "Profile": "Upper Basin Floor",
        "REGION": null,
        "SECTIONARC": null,
        "SECTION_AB": null,
        "SOURCE": null,
        "STRAT_INTE": null,
        "SectionArc": null,
        "Shape_Ar_1": null,
        "Shape_Area": null,
        "Shape_Le_1": null,
        "Shape_Leng": null,
        "Shape_Length": null,
        "Stop": "Power Tank",
        "Stop_Num": 48,
        "Symbology": null
      }
    },
    {
      "type": "Feature",
      "geometry": {
        "type": "Point",
        "coordinates": [
          -104.67058401173604,
          31.66779353570556
        ]
      },
      "properties": {
        "Abbrev": null,
        "Alpha": null,
        "Area": "Chico Basin",
        "CS_ID": null,
        "CYCLE": null,
        "CycleDsolv": null,
        "DESCRIPT": null,
        "FEATUREKEY": 44,
        "FEATUREK_1": null,
        "FEATURETYP": "Field_Trip_Stop",
        "FID_": null,
        "FID_Cross_": null,
        "FID_FanGeo": null,
        "FID_Fan_De": null,
        "FID_GIS_Re": null,
        "FID_Photo_": null,
        "FID_ftrip_": null,
        "FID_measur": null,
        "FID_patter": null,
        "FOURTH_ORD": null,
        "FOURTH_O_1": null,
        "FanID": null,
        "Fan_Del": null,
        "Fan_Del_sh": null,
        "FeatureT_1": null,
        "Geo_short": null,
        "Geography": null,
        "Gradient": null,
        "Hyperlink": null,
        "ID": null,
        "Id": 0,
        "Id_1": null,
        "LENGTH": null,
        "Location": null,
        "MAPSYMBOL": "CHIC_HC",
        "MAP_SYMBOL": null,
        "MS_ID": null,
        "MidptX": null,
        "MidptY": null,
        "Mod_names": null,
        "NAME": "Hidden Channel",
        "NAME_1": null,
        "Name": null,
        "OBJECTID": 44,
        "OBJECTID_1": null,
        "ORDERBY": null,
        "ORIG_FID": null,
        "Offset": null,
        "PATTERNID": null,
        "PERSON": null,
        "PMLABEL": null,
        "PM_NAME": null,
        "PM_NAME_NE": null,
        "Pattern": null,
        "Profile": "Upper Basin Floor",
        "REGION": null,
        "SECTIONARC": null,
        "SECTION_AB": null,
        "SOURCE": null,
        "STRAT_INTE": null,
        "SectionArc": null,
        "Shape_Ar_1": null,
        "Shape_Area": null,
        "Shape_Le_1": null,
        "Shape_Leng": null,
        "Shape_Length": null,
        "Stop": "Hidden Channel",
        "Stop_Num": 51,
        "Symbology": null
      }
    },
    {
      "type": "Feature",
      "geometry": {
        "type": "Point",
        "coordinates": [
          -104.70485609377086,
          31.676244912347208
        ]
      },
      "properties": {
        "Abbrev": null,
        "Alpha": null,
        "Area": "Chico Basin",
        "CS_ID": null,
        "CYCLE": null,
        "CycleDsolv": null,
        "DESCRIPT": null,
        "FEATUREKEY": 45,
        "FEATUREK_1": null,
        "FEATURETYP": "Field_Trip_Stop",
        "FID_": null,
        "FID_Cross_": null,
        "FID_FanGeo": null,
        "FID_Fan_De": null,
        "FID_GIS_Re": null,
        "FID_Photo_": null,
        "FID_ftrip_": null,
        "FID_measur": null,
        "FID_patter": null,
        "FOURTH_ORD": null,
        "FOURTH_O_1": null,
        "FanID": null,
        "Fan_Del": null,
        "Fan_Del_sh": null,
        "FeatureT_1": null,
        "Geo_short": null,
        "Geography": null,
        "Gradient": null,
        "Hyperlink": null,
        "ID": null,
        "Id": 0,
        "Id_1": null,
        "LENGTH": null,
        "Location": null,
        "MAPSYMBOL": "CHIC_ES",
        "MAP_SYMBOL": null,
        "MS_ID": null,
        "MidptX": null,
        "MidptY": null,
        "Mod_names": null,
        "NAME": "East Seep Spring",
        "NAME_1": null,
        "Name": null,
        "OBJECTID": 45,
        "OBJECTID_1": null,
        "ORDERBY": null,
        "ORIG_FID": null,
        "Offset": null,
        "PATTERNID": null,
        "PERSON": null,
        "PMLABEL": null,
        "PM_NAME": null,
        "PM_NAME_NE": null,
        "Pattern": null,
        "Profile": "Upper Basin Floor",
        "REGION": null,
        "SECTIONARC": null,
        "SECTION_AB": null,
        "SOURCE": null,
        "STRAT_INTE": null,
        "SectionArc": null,
        "Shape_Ar_1": null,
        "Shape_Area": null,
        "Shape_Le_1": null,
        "Shape_Leng": null,
        "Shape_Length": null,
        "Stop": "East Seep Spring",
        "Stop_Num": 49,
        "Symbology": null
      }
    },
    {
      "type": "Feature",
      "geometry": {
        "type": "Point",
        "coordinates": [
          -104.7795096808777,
          31.611361468496316
        ]
      },
      "properties": {
        "Abbrev": null,
        "Alpha": null,
        "Area": "Bitterwell Mountain",
        "CS_ID": null,
        "CYCLE": null,
        "CycleDsolv": null,
        "DESCRIPT": null,
        "FEATUREKEY": 46,
        "FEATUREK_1": null,
        "FEATURETYP": "Field_Trip_Stop",
        "FID_": null,
        "FID_Cross_": null,
        "FID_FanGeo": null,
        "FID_Fan_De": null,
        "FID_GIS_Re": null,
        "FID_Photo_": null,
        "FID_ftrip_": null,
        "FID_measur": null,
        "FID_patter": null,
        "FOURTH_ORD": null,
        "FOURTH_O_1": null,
        "FanID": null,
        "Fan_Del": null,
        "Fan_Del_sh": null,
        "FeatureT_1": null,
        "Geo_short": null,
        "Geography": null,
        "Gradient": null,
        "Hyperlink": null,
        "ID": null,
        "Id": 0,
        "Id_1": null,
        "LENGTH": null,
        "Location": null,
        "MAPSYMBOL": "BWM_SF",
        "MAP_SYMBOL": null,
        "MS_ID": null,
        "MidptX": null,
        "MidptY": null,
        "Mod_names": null,
        "NAME": "Sharks Fin",
        "NAME_1": null,
        "Name": null,
        "OBJECTID": 46,
        "OBJECTID_1": null,
        "ORDERBY": null,
        "ORIG_FID": null,
        "Offset": null,
        "PATTERNID": null,
        "PERSON": null,
        "PMLABEL": null,
        "PM_NAME": null,
        "PM_NAME_NE": null,
        "Pattern": null,
        "Profile": "Base of Slope",
        "REGION": null,
        "SECTIONARC": null,
        "SECTION_AB": null,
        "SOURCE": null,
        "STRAT_INTE": null,
        "SectionArc": null,
        "Shape_Ar_1": null,
        "Shape_Area": null,
        "Shape_Le_1": null,
        "Shape_Leng": null,
        "Shape_Length": null,
        "Stop": "Sharks Fin",
        "Stop_Num": 54,
        "Symbology": null
      }
    },
    {
      "type": "Feature",
      "geometry": {
        "type": "Point",
        "coordinates": [
          -104.76973544045387,
          31.609011755647224
        ]
      },
      "properties": {
        "Abbrev": null,
        "Alpha": null,
        "Area": "Bitterwell Mountain",
        "CS_ID": null,
        "CYCLE": null,
        "CycleDsolv": null,
        "DESCRIPT": null,
        "FEATUREKEY": 47,
        "FEATUREK_1": null,
        "FEATURETYP": "Field_Trip_Stop",
        "FID_": null,
        "FID_Cross_": null,
        "FID_FanGeo": null,
        "FID_Fan_De": null,
        "FID_GIS_Re": null,
        "FID_Photo_": null,
        "FID_ftrip_": null,
        "FID_measur": null,
        "FID_patter": null,
        "FOURTH_ORD": null,
        "FOURTH_O_1": null,
        "FanID": null,
        "Fan_Del": null,
        "Fan_Del_sh": null,
        "FeatureT_1": null,
        "Geo_short": null,
        "Geography": null,
        "Gradient": null,
        "Hyperlink": null,
        "ID": null,
        "Id": 0,
        "Id_1": null,
        "LENGTH": null,
        "Location": null,
        "MAPSYMBOL": "BWM_WC",
        "MAP_SYMBOL": null,
        "MS_ID": null,
        "MidptX": null,
        "MidptY": null,
        "Mod_names": null,
        "NAME": "Wildcat Canyon",
        "NAME_1": null,
        "Name": null,
        "OBJECTID": 47,
        "OBJECTID_1": null,
        "ORDERBY": null,
        "ORIG_FID": null,
        "Offset": null,
        "PATTERNID": null,
        "PERSON": null,
        "PMLABEL": null,
        "PM_NAME": null,
        "PM_NAME_NE": null,
        "Pattern": null,
        "Profile": "Base of Slope",
        "REGION": null,
        "SECTIONARC": null,
        "SECTION_AB": null,
        "SOURCE": null,
        "STRAT_INTE": null,
        "SectionArc": null,
        "Shape_Ar_1": null,
        "Shape_Area": null,
        "Shape_Le_1": null,
        "Shape_Leng": null,
        "Shape_Length": null,
        "Stop": "Wildcat Canyon",
        "Stop_Num": 55,
        "Symbology": null
      }
    },
    {
      "type": "Feature",
      "geometry": {
        "type": "Point",
        "coordinates": [
          -104.77164616911448,
          31.596808448554572
        ]
      },
      "properties": {
        "Abbrev": null,
        "Alpha": null,
        "Area": "Bitterwell Mountain",
        "CS_ID": null,
        "CYCLE": null,
        "CycleDsolv": null,
        "DESCRIPT": null,
        "FEATUREKEY": 48,
        "FEATUREK_1": null,
        "FEATURETYP": "Field_Trip_Stop",
        "FID_": null,
        "FID_Cross_": null,
        "FID_FanGeo": null,
        "FID_Fan_De": null,
        "FID_GIS_Re": null,
        "FID_Photo_": null,
        "FID_ftrip_": null,
        "FID_measur": null,
        "FID_patter": null,
        "FOURTH_ORD": null,
        "FOURTH_O_1": null,
        "FanID": null,
        "Fan_Del": null,
        "Fan_Del_sh": null,
        "FeatureT_1": null,
        "Geo_short": null,
        "Geography": null,
        "Gradient": null,
        "Hyperlink": null,
        "ID": null,
        "Id": 0,
        "Id_1": null,
        "LENGTH": null,
        "Location": null,
        "MAPSYMBOL": "BWM_NB",
        "MAP_SYMBOL": null,
        "MS_ID": null,
        "MidptX": null,
        "MidptY": null,
        "Mod_names": null,
        "NAME": "North Bowl",
        "NAME_1": null,
        "Name": null,
        "OBJECTID": 48,
        "OBJECTID_1": null,
        "ORDERBY": null,
        "ORIG_FID": null,
        "Offset": null,
        "PATTERNID": null,
        "PERSON": null,
        "PMLABEL": null,
        "PM_NAME": null,
        "PM_NAME_NE": null,
        "Pattern": null,
        "Profile": "Base of Slope",
        "REGION": null,
        "SECTIONARC": null,
        "SECTION_AB": null,
        "SOURCE": null,
        "STRAT_INTE": null,
        "SectionArc": null,
        "Shape_Ar_1": null,
        "Shape_Area": null,
        "Shape_Le_1": null,
        "Shape_Leng": null,
        "Shape_Length": null,
        "Stop": "North Bowl",
        "Stop_Num": 60,
        "Symbology": null
      }
    },
    {
      "type": "Feature",
      "geometry": {
        "type": "Point",
        "coordinates": [
          -104.75336263295159,
          31.600250564938705
        ]
      },
      "properties": {
        "Abbrev": null,
        "Alpha": null,
        "Area": "Bitterwell Canyon",
        "CS_ID": null,
        "CYCLE": null,
        "CycleDsolv": null,
        "DESCRIPT": null,
        "FEATUREKEY": 49,
        "FEATUREK_1": null,
        "FEATURETYP": "Field_Trip_Stop",
        "FID_": null,
        "FID_Cross_": null,
        "FID_FanGeo": null,
        "FID_Fan_De": null,
        "FID_GIS_Re": null,
        "FID_Photo_": null,
        "FID_ftrip_": null,
        "FID_measur": null,
        "FID_patter": null,
        "FOURTH_ORD": null,
        "FOURTH_O_1": null,
        "FanID": null,
        "Fan_Del": null,
        "Fan_Del_sh": null,
        "FeatureT_1": null,
        "Geo_short": null,
        "Geography": null,
        "Gradient": null,
        "Hyperlink": null,
        "ID": null,
        "Id": 0,
        "Id_1": null,
        "LENGTH": null,
        "Location": null,
        "MAPSYMBOL": "BWC_OVER",
        "MAP_SYMBOL": null,
        "MS_ID": null,
        "MidptX": null,
        "MidptY": null,
        "Mod_names": null,
        "NAME": "Bitterwell Canyon Overview",
        "NAME_1": null,
        "Name": null,
        "OBJECTID": 49,
        "OBJECTID_1": null,
        "ORDERBY": null,
        "ORIG_FID": null,
        "Offset": null,
        "PATTERNID": null,
        "PERSON": null,
        "PMLABEL": null,
        "PM_NAME": null,
        "PM_NAME_NE": null,
        "Pattern": null,
        "Profile": "Base of Slope",
        "REGION": null,
        "SECTIONARC": null,
        "SECTION_AB": null,
        "SOURCE": null,
        "STRAT_INTE": null,
        "SectionArc": null,
        "Shape_Ar_1": null,
        "Shape_Area": null,
        "Shape_Le_1": null,
        "Shape_Leng": null,
        "Shape_Length": null,
        "Stop": "Bitterwell Canyon Overview",
        "Stop_Num": 58,
        "Symbology": null
      }
    },
    {
      "type": "Feature",
      "geometry": {
        "type": "Point",
        "coordinates": [
          -104.77111386990572,
          31.604761030855936
        ]
      },
      "properties": {
        "Abbrev": null,
        "Alpha": null,
        "Area": "Bitterwell Mountain",
        "CS_ID": null,
        "CYCLE": null,
        "CycleDsolv": null,
        "DESCRIPT": null,
        "FEATUREKEY": 50,
        "FEATUREK_1": null,
        "FEATURETYP": "Field_Trip_Stop",
        "FID_": null,
        "FID_Cross_": null,
        "FID_FanGeo": null,
        "FID_Fan_De": null,
        "FID_GIS_Re": null,
        "FID_Photo_": null,
        "FID_ftrip_": null,
        "FID_measur": null,
        "FID_patter": null,
        "FOURTH_ORD": null,
        "FOURTH_O_1": null,
        "FanID": null,
        "Fan_Del": null,
        "Fan_Del_sh": null,
        "FeatureT_1": null,
        "Geo_short": null,
        "Geography": null,
        "Gradient": null,
        "Hyperlink": null,
        "ID": null,
        "Id": 0,
        "Id_1": null,
        "LENGTH": null,
        "Location": null,
        "MAPSYMBOL": "BWM_GG",
        "MAP_SYMBOL": null,
        "MS_ID": null,
        "MidptX": null,
        "MidptY": null,
        "Mod_names": null,
        "NAME": "GG",
        "NAME_1": null,
        "Name": null,
        "OBJECTID": 50,
        "OBJECTID_1": null,
        "ORDERBY": null,
        "ORIG_FID": null,
        "Offset": null,
        "PATTERNID": null,
        "PERSON": null,
        "PMLABEL": null,
        "PM_NAME": null,
        "PM_NAME_NE": null,
        "Pattern": null,
        "Profile": "Base of Slope",
        "REGION": null,
        "SECTIONARC": null,
        "SECTION_AB": null,
        "SOURCE": null,
        "STRAT_INTE": null,
        "SectionArc": null,
        "Shape_Ar_1": null,
        "Shape_Area": null,
        "Shape_Le_1": null,
        "Shape_Leng": null,
        "Shape_Length": null,
        "Stop": "GG",
        "Stop_Num": 57,
        "Symbology": null
      }
    },
    {
      "type": "Feature",
      "geometry": {
        "type": "Point",
        "coordinates": [
          -104.76623700845695,
          31.588845172934903
        ]
      },
      "properties": {
        "Abbrev": null,
        "Alpha": null,
        "Area": "Bitterwell Mountain",
        "CS_ID": null,
        "CYCLE": null,
        "CycleDsolv": null,
        "DESCRIPT": null,
        "FEATUREKEY": 51,
        "FEATUREK_1": null,
        "FEATURETYP": "Field_Trip_Stop",
        "FID_": null,
        "FID_Cross_": null,
        "FID_FanGeo": null,
        "FID_Fan_De": null,
        "FID_GIS_Re": null,
        "FID_Photo_": null,
        "FID_ftrip_": null,
        "FID_measur": null,
        "FID_patter": null,
        "FOURTH_ORD": null,
        "FOURTH_O_1": null,
        "FanID": null,
        "Fan_Del": null,
        "Fan_Del_sh": null,
        "FeatureT_1": null,
        "Geo_short": null,
        "Geography": null,
        "Gradient": null,
        "Hyperlink": null,
        "ID": null,
        "Id": 0,
        "Id_1": null,
        "LENGTH": null,
        "Location": null,
        "MAPSYMBOL": "BWM_SB",
        "MAP_SYMBOL": null,
        "MS_ID": null,
        "MidptX": null,
        "MidptY": null,
        "Mod_names": null,
        "NAME": "South Bowl",
        "NAME_1": null,
        "Name": null,
        "OBJECTID": 51,
        "OBJECTID_1": null,
        "ORDERBY": null,
        "ORIG_FID": null,
        "Offset": null,
        "PATTERNID": null,
        "PERSON": null,
        "PMLABEL": null,
        "PM_NAME": null,
        "PM_NAME_NE": null,
        "Pattern": null,
        "Profile": "Base of Slope",
        "REGION": null,
        "SECTIONARC": null,
        "SECTION_AB": null,
        "SOURCE": null,
        "STRAT_INTE": null,
        "SectionArc": null,
        "Shape_Ar_1": null,
        "Shape_Area": null,
        "Shape_Le_1": null,
        "Shape_Leng": null,
        "Shape_Length": null,
        "Stop": "South Bowl",
        "Stop_Num": 61,
        "Symbology": null
      }
    },
    {
      "type": "Feature",
      "geometry": {
        "type": "Point",
        "coordinates": [
          -104.74725236737147,
          31.611114722668717
        ]
      },
      "properties": {
        "Abbrev": null,
        "Alpha": null,
        "Area": "Bitterwell Canyon",
        "CS_ID": null,
        "CYCLE": null,
        "CycleDsolv": null,
        "DESCRIPT": null,
        "FEATUREKEY": 52,
        "FEATUREK_1": null,
        "FEATURETYP": "Field_Trip_Stop",
        "FID_": null,
        "FID_Cross_": null,
        "FID_FanGeo": null,
        "FID_Fan_De": null,
        "FID_GIS_Re": null,
        "FID_Photo_": null,
        "FID_ftrip_": null,
        "FID_measur": null,
        "FID_patter": null,
        "FOURTH_ORD": null,
        "FOURTH_O_1": null,
        "FanID": null,
        "Fan_Del": null,
        "Fan_Del_sh": null,
        "FeatureT_1": null,
        "Geo_short": null,
        "Geography": null,
        "Gradient": null,
        "Hyperlink": null,
        "ID": null,
        "Id": 0,
        "Id_1": null,
        "LENGTH": null,
        "Location": null,
        "MAPSYMBOL": "BWC_PW",
        "MAP_SYMBOL": null,
        "MS_ID": null,
        "MidptX": null,
        "MidptY": null,
        "Mod_names": null,
        "NAME": "Posey Well",
        "NAME_1": null,
        "Name": null,
        "OBJECTID": 52,
        "OBJECTID_1": null,
        "ORDERBY": null,
        "ORIG_FID": null,
        "Offset": null,
        "PATTERNID": null,
        "PERSON": null,
        "PMLABEL": null,
        "PM_NAME": null,
        "PM_NAME_NE": null,
        "Pattern": null,
        "Profile": "Upper Basin Floor",
        "REGION": null,
        "SECTIONARC": null,
        "SECTION_AB": null,
        "SOURCE": null,
        "STRAT_INTE": null,
        "SectionArc": null,
        "Shape_Ar_1": null,
        "Shape_Area": null,
        "Shape_Le_1": null,
        "Shape_Leng": null,
        "Shape_Length": null,
        "Stop": "Posey Well",
        "Stop_Num": 56,
        "Symbology": null
      }
    },
    {
      "type": "Feature",
      "geometry": {
        "type": "Point",
        "coordinates": [
          -104.72088731884126,
          31.602598845384193
        ]
      },
      "properties": {
        "Abbrev": null,
        "Alpha": null,
        "Area": "Bitterwell Canyon",
        "CS_ID": null,
        "CYCLE": null,
        "CycleDsolv": null,
        "DESCRIPT": null,
        "FEATUREKEY": 53,
        "FEATUREK_1": null,
        "FEATURETYP": "Field_Trip_Stop",
        "FID_": null,
        "FID_Cross_": null,
        "FID_FanGeo": null,
        "FID_Fan_De": null,
        "FID_GIS_Re": null,
        "FID_Photo_": null,
        "FID_ftrip_": null,
        "FID_measur": null,
        "FID_patter": null,
        "FOURTH_ORD": null,
        "FOURTH_O_1": null,
        "FanID": null,
        "Fan_Del": null,
        "Fan_Del_sh": null,
        "FeatureT_1": null,
        "Geo_short": null,
        "Geography": null,
        "Gradient": null,
        "Hyperlink": null,
        "ID": null,
        "Id": 0,
        "Id_1": null,
        "LENGTH": null,
        "Location": null,
        "MAPSYMBOL": "BWC_CP",
        "MAP_SYMBOL": null,
        "MS_ID": null,
        "MidptX": null,
        "MidptY": null,
        "Mod_names": null,
        "NAME": "Cookie Point",
        "NAME_1": null,
        "Name": null,
        "OBJECTID": 53,
        "OBJECTID_1": null,
        "ORDERBY": null,
        "ORIG_FID": null,
        "Offset": null,
        "PATTERNID": null,
        "PERSON": null,
        "PMLABEL": null,
        "PM_NAME": null,
        "PM_NAME_NE": null,
        "Pattern": null,
        "Profile": "Upper Basin Floor",
        "REGION": null,
        "SECTIONARC": null,
        "SECTION_AB": null,
        "SOURCE": null,
        "STRAT_INTE": null,
        "SectionArc": null,
        "Shape_Ar_1": null,
        "Shape_Area": null,
        "Shape_Le_1": null,
        "Shape_Leng": null,
        "Shape_Length": null,
        "Stop": "Cookie Point",
        "Stop_Num": 59,
        "Symbology": null
      }
    },
    {
      "type": "Feature",
      "geometry": {
        "type": "Point",
        "coordinates": [
          -104.709707486456,
          31.578507616374978
        ]
      },
      "properties": {
        "Abbrev": null,
        "Alpha": null,
        "Area": "Codorniz",
        "CS_ID": null,
        "CYCLE": null,
        "CycleDsolv": null,
        "DESCRIPT": null,
        "FEATUREKEY": 54,
        "FEATUREK_1": null,
        "FEATURETYP": "Field_Trip_Stop",
        "FID_": null,
        "FID_Cross_": null,
        "FID_FanGeo": null,
        "FID_Fan_De": null,
        "FID_GIS_Re": null,
        "FID_Photo_": null,
        "FID_ftrip_": null,
        "FID_measur": null,
        "FID_patter": null,
        "FOURTH_ORD": null,
        "FOURTH_O_1": null,
        "FanID": null,
        "Fan_Del": null,
        "Fan_Del_sh": null,
        "FeatureT_1": null,
        "Geo_short": null,
        "Geography": null,
        "Gradient": null,
        "Hyperlink": null,
        "ID": null,
        "Id": 0,
        "Id_1": null,
        "LENGTH": null,
        "Location": null,
        "MAPSYMBOL": "COD",
        "MAP_SYMBOL": null,
        "MS_ID": null,
        "MidptX": null,
        "MidptY": null,
        "Mod_names": null,
        "NAME": "Codorniz",
        "NAME_1": null,
        "Name": null,
        "OBJECTID": 54,
        "OBJECTID_1": null,
        "ORDERBY": null,
        "ORIG_FID": null,
        "Offset": null,
        "PATTERNID": null,
        "PERSON": null,
        "PMLABEL": null,
        "PM_NAME": null,
        "PM_NAME_NE": null,
        "Pattern": null,
        "Profile": "Upper Basin Floor",
        "REGION": null,
        "SECTIONARC": null,
        "SECTION_AB": null,
        "SOURCE": null,
        "STRAT_INTE": null,
        "SectionArc": null,
        "Shape_Ar_1": null,
        "Shape_Area": null,
        "Shape_Le_1": null,
        "Shape_Leng": null,
        "Shape_Length": null,
        "Stop": "Codorniz",
        "Stop_Num": 62,
        "Symbology": null
      }
    },
    {
      "type": "Feature",
      "geometry": {
        "type": "Point",
        "coordinates": [
          -104.70547802606303,
          31.577939985159567
        ]
      },
      "properties": {
        "Abbrev": null,
        "Alpha": null,
        "Area": "Middle Codorniz",
        "CS_ID": null,
        "CYCLE": null,
        "CycleDsolv": null,
        "DESCRIPT": null,
        "FEATUREKEY": 55,
        "FEATUREK_1": null,
        "FEATURETYP": "Field_Trip_Stop",
        "FID_": null,
        "FID_Cross_": null,
        "FID_FanGeo": null,
        "FID_Fan_De": null,
        "FID_GIS_Re": null,
        "FID_Photo_": null,
        "FID_ftrip_": null,
        "FID_measur": null,
        "FID_patter": null,
        "FOURTH_ORD": null,
        "FOURTH_O_1": null,
        "FanID": null,
        "Fan_Del": null,
        "Fan_Del_sh": null,
        "FeatureT_1": null,
        "Geo_short": null,
        "Geography": null,
        "Gradient": null,
        "Hyperlink": null,
        "ID": null,
        "Id": 0,
        "Id_1": null,
        "LENGTH": null,
        "Location": null,
        "MAPSYMBOL": "COD_M",
        "MAP_SYMBOL": null,
        "MS_ID": null,
        "MidptX": null,
        "MidptY": null,
        "Mod_names": null,
        "NAME": "Middle Codorniz",
        "NAME_1": null,
        "Name": null,
        "OBJECTID": 55,
        "OBJECTID_1": null,
        "ORDERBY": null,
        "ORIG_FID": null,
        "Offset": null,
        "PATTERNID": null,
        "PERSON": null,
        "PMLABEL": null,
        "PM_NAME": null,
        "PM_NAME_NE": null,
        "Pattern": null,
        "Profile": "Upper Basin Floor",
        "REGION": null,
        "SECTIONARC": null,
        "SECTION_AB": null,
        "SOURCE": null,
        "STRAT_INTE": null,
        "SectionArc": null,
        "Shape_Ar_1": null,
        "Shape_Area": null,
        "Shape_Le_1": null,
        "Shape_Leng": null,
        "Shape_Length": null,
        "Stop": "Middle Codorniz",
        "Stop_Num": 63,
        "Symbology": null
      }
    },
    {
      "type": "Feature",
      "geometry": {
        "type": "Point",
        "coordinates": [
          -104.70577968544096,
          31.56003946586411
        ]
      },
      "properties": {
        "Abbrev": null,
        "Alpha": null,
        "Area": "North Janes Window",
        "CS_ID": null,
        "CYCLE": null,
        "CycleDsolv": null,
        "DESCRIPT": null,
        "FEATUREKEY": 56,
        "FEATUREK_1": null,
        "FEATURETYP": "Field_Trip_Stop",
        "FID_": null,
        "FID_Cross_": null,
        "FID_FanGeo": null,
        "FID_Fan_De": null,
        "FID_GIS_Re": null,
        "FID_Photo_": null,
        "FID_ftrip_": null,
        "FID_measur": null,
        "FID_patter": null,
        "FOURTH_ORD": null,
        "FOURTH_O_1": null,
        "FanID": null,
        "Fan_Del": null,
        "Fan_Del_sh": null,
        "FeatureT_1": null,
        "Geo_short": null,
        "Geography": null,
        "Gradient": null,
        "Hyperlink": null,
        "ID": null,
        "Id": 0,
        "Id_1": null,
        "LENGTH": null,
        "Location": null,
        "MAPSYMBOL": "JW_N",
        "MAP_SYMBOL": null,
        "MS_ID": null,
        "MidptX": null,
        "MidptY": null,
        "Mod_names": null,
        "NAME": "North Janes Winddow",
        "NAME_1": null,
        "Name": null,
        "OBJECTID": 56,
        "OBJECTID_1": null,
        "ORDERBY": null,
        "ORIG_FID": null,
        "Offset": null,
        "PATTERNID": null,
        "PERSON": null,
        "PMLABEL": null,
        "PM_NAME": null,
        "PM_NAME_NE": null,
        "Pattern": null,
        "Profile": "Upper Basin Floor",
        "REGION": null,
        "SECTIONARC": null,
        "SECTION_AB": null,
        "SOURCE": null,
        "STRAT_INTE": null,
        "SectionArc": null,
        "Shape_Ar_1": null,
        "Shape_Area": null,
        "Shape_Le_1": null,
        "Shape_Leng": null,
        "Shape_Length": null,
        "Stop": "North Janes Winddow",
        "Stop_Num": 64,
        "Symbology": null
      }
    },
    {
      "type": "Feature",
      "geometry": {
        "type": "Point",
        "coordinates": [
          -104.68668035108884,
          31.55314288975087
        ]
      },
      "properties": {
        "Abbrev": null,
        "Alpha": null,
        "Area": "SAS",
        "CS_ID": null,
        "CYCLE": null,
        "CycleDsolv": null,
        "DESCRIPT": null,
        "FEATUREKEY": 57,
        "FEATUREK_1": null,
        "FEATURETYP": "Field_Trip_Stop",
        "FID_": null,
        "FID_Cross_": null,
        "FID_FanGeo": null,
        "FID_Fan_De": null,
        "FID_GIS_Re": null,
        "FID_Photo_": null,
        "FID_ftrip_": null,
        "FID_measur": null,
        "FID_patter": null,
        "FOURTH_ORD": null,
        "FOURTH_O_1": null,
        "FanID": null,
        "Fan_Del": null,
        "Fan_Del_sh": null,
        "FeatureT_1": null,
        "Geo_short": null,
        "Geography": null,
        "Gradient": null,
        "Hyperlink": null,
        "ID": null,
        "Id": 0,
        "Id_1": null,
        "LENGTH": null,
        "Location": null,
        "MAPSYMBOL": "SAS",
        "MAP_SYMBOL": null,
        "MS_ID": null,
        "MidptX": null,
        "MidptY": null,
        "Mod_names": null,
        "NAME": "SAS",
        "NAME_1": null,
        "Name": null,
        "OBJECTID": 57,
        "OBJECTID_1": null,
        "ORDERBY": null,
        "ORIG_FID": null,
        "Offset": null,
        "PATTERNID": null,
        "PERSON": null,
        "PMLABEL": null,
        "PM_NAME": null,
        "PM_NAME_NE": null,
        "Pattern": null,
        "Profile": "Upper Basin Floor",
        "REGION": null,
        "SECTIONARC": null,
        "SECTION_AB": null,
        "SOURCE": null,
        "STRAT_INTE": null,
        "SectionArc": null,
        "Shape_Ar_1": null,
        "Shape_Area": null,
        "Shape_Le_1": null,
        "Shape_Leng": null,
        "Shape_Length": null,
        "Stop": "SAS",
        "Stop_Num": 65,
        "Symbology": null
      }
    },
    {
      "type": "Feature",
      "geometry": {
        "type": "Point",
        "coordinates": [
          -104.68902516205479,
          31.545016652163778
        ]
      },
      "properties": {
        "Abbrev": null,
        "Alpha": null,
        "Area": "Apache Tanks",
        "CS_ID": null,
        "CYCLE": null,
        "CycleDsolv": null,
        "DESCRIPT": null,
        "FEATUREKEY": 58,
        "FEATUREK_1": null,
        "FEATURETYP": "Field_Trip_Stop",
        "FID_": null,
        "FID_Cross_": null,
        "FID_FanGeo": null,
        "FID_Fan_De": null,
        "FID_GIS_Re": null,
        "FID_Photo_": null,
        "FID_ftrip_": null,
        "FID_measur": null,
        "FID_patter": null,
        "FOURTH_ORD": null,
        "FOURTH_O_1": null,
        "FanID": null,
        "Fan_Del": null,
        "Fan_Del_sh": null,
        "FeatureT_1": null,
        "Geo_short": null,
        "Geography": null,
        "Gradient": null,
        "Hyperlink": null,
        "ID": null,
        "Id": 0,
        "Id_1": null,
        "LENGTH": null,
        "Location": null,
        "MAPSYMBOL": "APT",
        "MAP_SYMBOL": null,
        "MS_ID": null,
        "MidptX": null,
        "MidptY": null,
        "Mod_names": null,
        "NAME": "Apache Tanks",
        "NAME_1": null,
        "Name": null,
        "OBJECTID": 58,
        "OBJECTID_1": null,
        "ORDERBY": null,
        "ORIG_FID": null,
        "Offset": null,
        "PATTERNID": null,
        "PERSON": null,
        "PMLABEL": null,
        "PM_NAME": null,
        "PM_NAME_NE": null,
        "Pattern": null,
        "Profile": "Upper Basin Floor",
        "REGION": null,
        "SECTIONARC": null,
        "SECTION_AB": null,
        "SOURCE": null,
        "STRAT_INTE": null,
        "SectionArc": null,
        "Shape_Ar_1": null,
        "Shape_Area": null,
        "Shape_Le_1": null,
        "Shape_Leng": null,
        "Shape_Length": null,
        "Stop": "Apache Tanks",
        "Stop_Num": 66,
        "Symbology": null
      }
    },
    {
      "type": "Feature",
      "geometry": {
        "type": "Point",
        "coordinates": [
          -104.72048282474749,
          31.67274308387995
        ]
      },
      "properties": {
        "Abbrev": null,
        "Alpha": null,
        "Area": "Seep Spring",
        "CS_ID": null,
        "CYCLE": null,
        "CycleDsolv": null,
        "DESCRIPT": null,
        "FEATUREKEY": 59,
        "FEATUREK_1": null,
        "FEATURETYP": "Field_Trip_Stop",
        "FID_": null,
        "FID_Cross_": null,
        "FID_FanGeo": null,
        "FID_Fan_De": null,
        "FID_GIS_Re": null,
        "FID_Photo_": null,
        "FID_ftrip_": null,
        "FID_measur": null,
        "FID_patter": null,
        "FOURTH_ORD": null,
        "FOURTH_O_1": null,
        "FanID": null,
        "Fan_Del": null,
        "Fan_Del_sh": null,
        "FeatureT_1": null,
        "Geo_short": null,
        "Geography": null,
        "Gradient": null,
        "Hyperlink": null,
        "ID": null,
        "Id": 0,
        "Id_1": null,
        "LENGTH": null,
        "Location": null,
        "MAPSYMBOL": "SEEP",
        "MAP_SYMBOL": null,
        "MS_ID": null,
        "MidptX": null,
        "MidptY": null,
        "Mod_names": null,
        "NAME": "Seep Spring",
        "NAME_1": null,
        "Name": null,
        "OBJECTID": 59,
        "OBJECTID_1": null,
        "ORDERBY": null,
        "ORIG_FID": null,
        "Offset": null,
        "PATTERNID": null,
        "PERSON": null,
        "PMLABEL": null,
        "PM_NAME": null,
        "PM_NAME_NE": null,
        "Pattern": null,
        "Profile": "Upper Basin Floor",
        "REGION": null,
        "SECTIONARC": null,
        "SECTION_AB": null,
        "SOURCE": null,
        "STRAT_INTE": null,
        "SectionArc": null,
        "Shape_Ar_1": null,
        "Shape_Area": null,
        "Shape_Le_1": null,
        "Shape_Leng": null,
        "Shape_Length": null,
        "Stop": "Seep Spring",
        "Stop_Num": 46,
        "Symbology": null
      }
    },
    {
      "type": "Feature",
      "geometry": {
        "type": "Point",
        "coordinates": [
          -104.71583758842925,
          31.730054863231523
        ]
      },
      "properties": {
        "Abbrev": null,
        "Alpha": null,
        "Area": "Rock House",
        "CS_ID": null,
        "CYCLE": null,
        "CycleDsolv": null,
        "DESCRIPT": null,
        "FEATUREKEY": 60,
        "FEATUREK_1": null,
        "FEATURETYP": "Field_Trip_Stop",
        "FID_": null,
        "FID_Cross_": null,
        "FID_FanGeo": null,
        "FID_Fan_De": null,
        "FID_GIS_Re": null,
        "FID_Photo_": null,
        "FID_ftrip_": null,
        "FID_measur": null,
        "FID_patter": null,
        "FOURTH_ORD": null,
        "FOURTH_O_1": null,
        "FanID": null,
        "Fan_Del": null,
        "Fan_Del_sh": null,
        "FeatureT_1": null,
        "Geo_short": null,
        "Geography": null,
        "Gradient": null,
        "Hyperlink": null,
        "ID": null,
        "Id": 0,
        "Id_1": null,
        "LENGTH": null,
        "Location": null,
        "MAPSYMBOL": "RH",
        "MAP_SYMBOL": null,
        "MS_ID": null,
        "MidptX": null,
        "MidptY": null,
        "Mod_names": null,
        "NAME": "Rock House",
        "NAME_1": null,
        "Name": null,
        "OBJECTID": 60,
        "OBJECTID_1": null,
        "ORDERBY": null,
        "ORIG_FID": null,
        "Offset": null,
        "PATTERNID": null,
        "PERSON": null,
        "PMLABEL": null,
        "PM_NAME": null,
        "PM_NAME_NE": null,
        "Pattern": null,
        "Profile": "Upper Basin Floor",
        "REGION": null,
        "SECTIONARC": null,
        "SECTION_AB": null,
        "SOURCE": null,
        "STRAT_INTE": null,
        "SectionArc": null,
        "Shape_Ar_1": null,
        "Shape_Area": null,
        "Shape_Le_1": null,
        "Shape_Leng": null,
        "Shape_Length": null,
        "Stop": "Rock House",
        "Stop_Num": 26,
        "Symbology": null
      }
    },
    {
      "type": "Feature",
      "geometry": {
        "type": "Point",
        "coordinates": [
          -104.7652334745435,
          31.738432167709142
        ]
      },
      "properties": {
        "Abbrev": null,
        "Alpha": null,
        "Area": "Upper Buena Vista",
        "CS_ID": null,
        "CYCLE": null,
        "CycleDsolv": null,
        "DESCRIPT": null,
        "FEATUREKEY": 61,
        "FEATUREK_1": null,
        "FEATURETYP": "Field_Trip_Stop",
        "FID_": null,
        "FID_Cross_": null,
        "FID_FanGeo": null,
        "FID_Fan_De": null,
        "FID_GIS_Re": null,
        "FID_Photo_": null,
        "FID_ftrip_": null,
        "FID_measur": null,
        "FID_patter": null,
        "FOURTH_ORD": null,
        "FOURTH_O_1": null,
        "FanID": null,
        "Fan_Del": null,
        "Fan_Del_sh": null,
        "FeatureT_1": null,
        "Geo_short": null,
        "Geography": null,
        "Gradient": null,
        "Hyperlink": null,
        "ID": null,
        "Id": 0,
        "Id_1": null,
        "LENGTH": null,
        "Location": null,
        "MAPSYMBOL": "BV_U",
        "MAP_SYMBOL": null,
        "MS_ID": null,
        "MidptX": null,
        "MidptY": null,
        "Mod_names": null,
        "NAME": "Upper Buena Vista",
        "NAME_1": null,
        "Name": null,
        "OBJECTID": 61,
        "OBJECTID_1": null,
        "ORDERBY": null,
        "ORIG_FID": null,
        "Offset": null,
        "PATTERNID": null,
        "PERSON": null,
        "PMLABEL": null,
        "PM_NAME": null,
        "PM_NAME_NE": null,
        "Pattern": null,
        "Profile": "Lower Slope",
        "REGION": null,
        "SECTIONARC": null,
        "SECTION_AB": null,
        "SOURCE": null,
        "STRAT_INTE": null,
        "SectionArc": null,
        "Shape_Ar_1": null,
        "Shape_Area": null,
        "Shape_Le_1": null,
        "Shape_Leng": null,
        "Shape_Length": null,
        "Stop": "Upper Buena Vista",
        "Stop_Num": 24,
        "Symbology": null
      }
    },
    {
      "type": "Feature",
      "geometry": {
        "type": "Point",
        "coordinates": [
          -104.76937779435845,
          31.770416088926755
        ]
      },
      "properties": {
        "Abbrev": null,
        "Alpha": null,
        "Area": "Plane Crash Canyon",
        "CS_ID": null,
        "CYCLE": null,
        "CycleDsolv": null,
        "DESCRIPT": null,
        "FEATUREKEY": 62,
        "FEATUREK_1": null,
        "FEATURETYP": "Field_Trip_Stop",
        "FID_": null,
        "FID_Cross_": null,
        "FID_FanGeo": null,
        "FID_Fan_De": null,
        "FID_GIS_Re": null,
        "FID_Photo_": null,
        "FID_ftrip_": null,
        "FID_measur": null,
        "FID_patter": null,
        "FOURTH_ORD": null,
        "FOURTH_O_1": null,
        "FanID": null,
        "Fan_Del": null,
        "Fan_Del_sh": null,
        "FeatureT_1": null,
        "Geo_short": null,
        "Geography": null,
        "Gradient": null,
        "Hyperlink": null,
        "ID": null,
        "Id": 0,
        "Id_1": null,
        "LENGTH": null,
        "Location": null,
        "MAPSYMBOL": "PCC",
        "MAP_SYMBOL": null,
        "MS_ID": null,
        "MidptX": null,
        "MidptY": null,
        "Mod_names": null,
        "NAME": "Plane Crash Canyon",
        "NAME_1": null,
        "Name": null,
        "OBJECTID": 62,
        "OBJECTID_1": null,
        "ORDERBY": null,
        "ORIG_FID": null,
        "Offset": null,
        "PATTERNID": null,
        "PERSON": null,
        "PMLABEL": null,
        "PM_NAME": null,
        "PM_NAME_NE": null,
        "Pattern": null,
        "Profile": "Lower Slope",
        "REGION": null,
        "SECTIONARC": null,
        "SECTION_AB": null,
        "SOURCE": null,
        "STRAT_INTE": null,
        "SectionArc": null,
        "Shape_Ar_1": null,
        "Shape_Area": null,
        "Shape_Le_1": null,
        "Shape_Leng": null,
        "Shape_Length": null,
        "Stop": "Plane Crash Canyon",
        "Stop_Num": 17,
        "Symbology": null
      }
    },
    {
      "type": "Feature",
      "geometry": {
        "type": "Point",
        "coordinates": [
          -104.62583812659395,
          31.474059754774736
        ]
      },
      "properties": {
        "Abbrev": null,
        "Alpha": null,
        "Area": "Delaware Mountain Ranch",
        "CS_ID": null,
        "CYCLE": null,
        "CycleDsolv": null,
        "DESCRIPT": null,
        "FEATUREKEY": 63,
        "FEATUREK_1": null,
        "FEATURETYP": "Field_Trip_Stop",
        "FID_": null,
        "FID_Cross_": null,
        "FID_FanGeo": null,
        "FID_Fan_De": null,
        "FID_GIS_Re": null,
        "FID_Photo_": null,
        "FID_ftrip_": null,
        "FID_measur": null,
        "FID_patter": null,
        "FOURTH_ORD": null,
        "FOURTH_O_1": null,
        "FanID": null,
        "Fan_Del": null,
        "Fan_Del_sh": null,
        "FeatureT_1": null,
        "Geo_short": null,
        "Geography": null,
        "Gradient": null,
        "Hyperlink": null,
        "ID": null,
        "Id": 0,
        "Id_1": null,
        "LENGTH": null,
        "Location": null,
        "MAPSYMBOL": "DMR_TERM",
        "MAP_SYMBOL": null,
        "MS_ID": null,
        "MidptX": null,
        "MidptY": null,
        "Mod_names": null,
        "NAME": "Terminator",
        "NAME_1": null,
        "Name": null,
        "OBJECTID": 63,
        "OBJECTID_1": null,
        "ORDERBY": null,
        "ORIG_FID": null,
        "Offset": null,
        "PATTERNID": null,
        "PERSON": null,
        "PMLABEL": null,
        "PM_NAME": null,
        "PM_NAME_NE": null,
        "Pattern": null,
        "Profile": "Fan Fringe",
        "REGION": null,
        "SECTIONARC": null,
        "SECTION_AB": null,
        "SOURCE": null,
        "STRAT_INTE": null,
        "SectionArc": null,
        "Shape_Ar_1": null,
        "Shape_Area": null,
        "Shape_Le_1": null,
        "Shape_Leng": null,
        "Shape_Length": null,
        "Stop": "Terminator",
        "Stop_Num": 68,
        "Symbology": null
      }
    },
    {
      "type": "Feature",
      "geometry": {
        "type": "Point",
        "coordinates": [
          -104.62322133221988,
          31.4912161188951
        ]
      },
      "properties": {
        "Abbrev": null,
        "Alpha": null,
        "Area": "Delaware Mountain Ranch",
        "CS_ID": null,
        "CYCLE": null,
        "CycleDsolv": null,
        "DESCRIPT": null,
        "FEATUREKEY": 64,
        "FEATUREK_1": null,
        "FEATURETYP": "Field_Trip_Stop",
        "FID_": null,
        "FID_Cross_": null,
        "FID_FanGeo": null,
        "FID_Fan_De": null,
        "FID_GIS_Re": null,
        "FID_Photo_": null,
        "FID_ftrip_": null,
        "FID_measur": null,
        "FID_patter": null,
        "FOURTH_ORD": null,
        "FOURTH_O_1": null,
        "FanID": null,
        "Fan_Del": null,
        "Fan_Del_sh": null,
        "FeatureT_1": null,
        "Geo_short": null,
        "Geography": null,
        "Gradient": null,
        "Hyperlink": null,
        "ID": null,
        "Id": 0,
        "Id_1": null,
        "LENGTH": null,
        "Location": null,
        "MAPSYMBOL": "DMR_BUCK",
        "MAP_SYMBOL": null,
        "MS_ID": null,
        "MidptX": null,
        "MidptY": null,
        "Mod_names": null,
        "NAME": "Bucks Canyon Overview",
        "NAME_1": null,
        "Name": null,
        "OBJECTID": 64,
        "OBJECTID_1": null,
        "ORDERBY": null,
        "ORIG_FID": null,
        "Offset": null,
        "PATTERNID": null,
        "PERSON": null,
        "PMLABEL": null,
        "PM_NAME": null,
        "PM_NAME_NE": null,
        "Pattern": null,
        "Profile": "Fan Fringe",
        "REGION": null,
        "SECTIONARC": null,
        "SECTION_AB": null,
        "SOURCE": null,
        "STRAT_INTE": null,
        "SectionArc": null,
        "Shape_Ar_1": null,
        "Shape_Area": null,
        "Shape_Le_1": null,
        "Shape_Leng": null,
        "Shape_Length": null,
        "Stop": "Bucks Canyon Overview",
        "Stop_Num": 67,
        "Symbology": null
      }
    },
    {
      "type": "Feature",
      "geometry": {
        "type": "Point",
        "coordinates": [
          -104.83240823137892,
          31.8558485640677
        ]
      },
      "properties": {
        "Abbrev": null,
        "Alpha": null,
        "Area": "Guadalupe Canyon",
        "CS_ID": null,
        "CYCLE": null,
        "CycleDsolv": null,
        "DESCRIPT": null,
        "FEATUREKEY": 65,
        "FEATUREK_1": null,
        "FEATURETYP": "Field_Trip_Stop",
        "FID_": null,
        "FID_Cross_": null,
        "FID_FanGeo": null,
        "FID_Fan_De": null,
        "FID_GIS_Re": null,
        "FID_Photo_": null,
        "FID_ftrip_": null,
        "FID_measur": null,
        "FID_patter": null,
        "FOURTH_ORD": null,
        "FOURTH_O_1": null,
        "FanID": null,
        "Fan_Del": null,
        "Fan_Del_sh": null,
        "FeatureT_1": null,
        "Geo_short": null,
        "Geography": null,
        "Gradient": null,
        "Hyperlink": null,
        "ID": null,
        "Id": 0,
        "Id_1": null,
        "LENGTH": null,
        "Location": null,
        "MAPSYMBOL": "GC",
        "MAP_SYMBOL": null,
        "MS_ID": null,
        "MidptX": null,
        "MidptY": null,
        "Mod_names": null,
        "NAME": "Guadalupe Canyon Face",
        "NAME_1": null,
        "Name": null,
        "OBJECTID": 65,
        "OBJECTID_1": null,
        "ORDERBY": null,
        "ORIG_FID": null,
        "Offset": null,
        "PATTERNID": null,
        "PERSON": null,
        "PMLABEL": null,
        "PM_NAME": null,
        "PM_NAME_NE": null,
        "Pattern": null,
        "Profile": "Upper Slope",
        "REGION": null,
        "SECTIONARC": null,
        "SECTION_AB": null,
        "SOURCE": null,
        "STRAT_INTE": null,
        "SectionArc": null,
        "Shape_Ar_1": null,
        "Shape_Area": null,
        "Shape_Le_1": null,
        "Shape_Leng": null,
        "Shape_Length": null,
        "Stop": "Guadalupe Canyon Face",
        "Stop_Num": 7,
        "Symbology": null
      }
    },
    {
      "type": "Feature",
      "geometry": {
        "type": "Point",
        "coordinates": [
          -104.84007805604651,
          31.847626745374235
        ]
      },
      "properties": {
        "Abbrev": null,
        "Alpha": null,
        "Area": "Roadcuts",
        "CS_ID": null,
        "CYCLE": null,
        "CycleDsolv": null,
        "DESCRIPT": null,
        "FEATUREKEY": 66,
        "FEATUREK_1": null,
        "FEATURETYP": "Field_Trip_Stop",
        "FID_": null,
        "FID_Cross_": null,
        "FID_FanGeo": null,
        "FID_Fan_De": null,
        "FID_GIS_Re": null,
        "FID_Photo_": null,
        "FID_ftrip_": null,
        "FID_measur": null,
        "FID_patter": null,
        "FOURTH_ORD": null,
        "FOURTH_O_1": null,
        "FanID": null,
        "Fan_Del": null,
        "Fan_Del_sh": null,
        "FeatureT_1": null,
        "Geo_short": null,
        "Geography": null,
        "Gradient": null,
        "Hyperlink": null,
        "ID": null,
        "Id": 0,
        "Id_1": null,
        "LENGTH": null,
        "Location": null,
        "MAPSYMBOL": "RD_MBC",
        "MAP_SYMBOL": null,
        "MS_ID": null,
        "MidptX": null,
        "MidptY": null,
        "Mod_names": null,
        "NAME": "Middle Brushy Roadcut",
        "NAME_1": null,
        "Name": null,
        "OBJECTID": 66,
        "OBJECTID_1": null,
        "ORDERBY": null,
        "ORIG_FID": null,
        "Offset": null,
        "PATTERNID": null,
        "PERSON": null,
        "PMLABEL": null,
        "PM_NAME": null,
        "PM_NAME_NE": null,
        "Pattern": null,
        "Profile": "Upper Slope",
        "REGION": null,
        "SECTIONARC": null,
        "SECTION_AB": null,
        "SOURCE": null,
        "STRAT_INTE": null,
        "SectionArc": null,
        "Shape_Ar_1": null,
        "Shape_Area": null,
        "Shape_Le_1": null,
        "Shape_Leng": null,
        "Shape_Length": null,
        "Stop": "Middle Brushy Roadcut",
        "Stop_Num": 9,
        "Symbology": null
      }
    },
    {
      "type": "Feature",
      "geometry": {
        "type": "Point",
        "coordinates": [
          -104.82875985663422,
          31.861505045599092
        ]
      },
      "properties": {
        "Abbrev": null,
        "Alpha": null,
        "Area": "Roadcuts",
        "CS_ID": null,
        "CYCLE": null,
        "CycleDsolv": null,
        "DESCRIPT": null,
        "FEATUREKEY": 67,
        "FEATUREK_1": null,
        "FEATURETYP": "Field_Trip_Stop",
        "FID_": null,
        "FID_Cross_": null,
        "FID_FanGeo": null,
        "FID_Fan_De": null,
        "FID_GIS_Re": null,
        "FID_Photo_": null,
        "FID_ftrip_": null,
        "FID_measur": null,
        "FID_patter": null,
        "FOURTH_ORD": null,
        "FOURTH_O_1": null,
        "FanID": null,
        "Fan_Del": null,
        "Fan_Del_sh": null,
        "FeatureT_1": null,
        "Geo_short": null,
        "Geography": null,
        "Gradient": null,
        "Hyperlink": null,
        "ID": null,
        "Id": 0,
        "Id_1": null,
        "LENGTH": null,
        "Location": null,
        "MAPSYMBOL": "RD_CH",
        "MAP_SYMBOL": null,
        "MS_ID": null,
        "MidptX": null,
        "MidptY": null,
        "Mod_names": null,
        "NAME": "Cherry Canyon Roadcuts",
        "NAME_1": null,
        "Name": null,
        "OBJECTID": 67,
        "OBJECTID_1": null,
        "ORDERBY": null,
        "ORIG_FID": null,
        "Offset": null,
        "PATTERNID": null,
        "PERSON": null,
        "PMLABEL": null,
        "PM_NAME": null,
        "PM_NAME_NE": null,
        "Pattern": null,
        "Profile": "Upper Slope",
        "REGION": null,
        "SECTIONARC": null,
        "SECTION_AB": null,
        "SOURCE": null,
        "STRAT_INTE": null,
        "SectionArc": null,
        "Shape_Ar_1": null,
        "Shape_Area": null,
        "Shape_Le_1": null,
        "Shape_Leng": null,
        "Shape_Length": null,
        "Stop": "Cherry Canyon Roadcuts",
        "Stop_Num": 5,
        "Symbology": null
      }
    },
    {
      "type": "Feature",
      "geometry": {
        "type": "Point",
        "coordinates": [
          -104.84488944345571,
          31.85475787050818
        ]
      },
      "properties": {
        "Abbrev": null,
        "Alpha": null,
        "Area": "Rest Area Gully",
        "CS_ID": null,
        "CYCLE": null,
        "CycleDsolv": null,
        "DESCRIPT": null,
        "FEATUREKEY": 68,
        "FEATUREK_1": null,
        "FEATURETYP": "Field_Trip_Stop",
        "FID_": null,
        "FID_Cross_": null,
        "FID_FanGeo": null,
        "FID_Fan_De": null,
        "FID_GIS_Re": null,
        "FID_Photo_": null,
        "FID_ftrip_": null,
        "FID_measur": null,
        "FID_patter": null,
        "FOURTH_ORD": null,
        "FOURTH_O_1": null,
        "FanID": null,
        "Fan_Del": null,
        "Fan_Del_sh": null,
        "FeatureT_1": null,
        "Geo_short": null,
        "Geography": null,
        "Gradient": null,
        "Hyperlink": null,
        "ID": null,
        "Id": 0,
        "Id_1": null,
        "LENGTH": null,
        "Location": null,
        "MAPSYMBOL": "RAG_L",
        "MAP_SYMBOL": null,
        "MS_ID": null,
        "MidptX": null,
        "MidptY": null,
        "Mod_names": null,
        "NAME": "Lower Rest Area Gully",
        "NAME_1": null,
        "Name": null,
        "OBJECTID": 68,
        "OBJECTID_1": null,
        "ORDERBY": null,
        "ORIG_FID": null,
        "Offset": null,
        "PATTERNID": null,
        "PERSON": null,
        "PMLABEL": null,
        "PM_NAME": null,
        "PM_NAME_NE": null,
        "Pattern": null,
        "Profile": "Upper Slope",
        "REGION": null,
        "SECTIONARC": null,
        "SECTION_AB": null,
        "SOURCE": null,
        "STRAT_INTE": null,
        "SectionArc": null,
        "Shape_Ar_1": null,
        "Shape_Area": null,
        "Shape_Le_1": null,
        "Shape_Leng": null,
        "Shape_Length": null,
        "Stop": "Lower Rest Area Gully",
        "Stop_Num": 8,
        "Symbology": null
      }
    },
    {
      "type": "Feature",
      "geometry": {
        "type": "Point",
        "coordinates": [
          -104.69041076449244,
          31.618579948748035
        ]
      },
      "properties": {
        "Abbrev": null,
        "Alpha": null,
        "Area": "FS Gully",
        "CS_ID": null,
        "CYCLE": null,
        "CycleDsolv": null,
        "DESCRIPT": null,
        "FEATUREKEY": 69,
        "FEATUREK_1": null,
        "FEATURETYP": "Field_Trip_Stop",
        "FID_": null,
        "FID_Cross_": null,
        "FID_FanGeo": null,
        "FID_Fan_De": null,
        "FID_GIS_Re": null,
        "FID_Photo_": null,
        "FID_ftrip_": null,
        "FID_measur": null,
        "FID_patter": null,
        "FOURTH_ORD": null,
        "FOURTH_O_1": null,
        "FanID": null,
        "Fan_Del": null,
        "Fan_Del_sh": null,
        "FeatureT_1": null,
        "Geo_short": null,
        "Geography": null,
        "Gradient": null,
        "Hyperlink": null,
        "ID": null,
        "Id": 0,
        "Id_1": null,
        "LENGTH": null,
        "Location": null,
        "MAPSYMBOL": "FSG",
        "MAP_SYMBOL": null,
        "MS_ID": null,
        "MidptX": null,
        "MidptY": null,
        "Mod_names": null,
        "NAME": "channel-lobe transition",
        "NAME_1": null,
        "Name": null,
        "OBJECTID": 69,
        "OBJECTID_1": null,
        "ORDERBY": null,
        "ORIG_FID": null,
        "Offset": null,
        "PATTERNID": null,
        "PERSON": null,
        "PMLABEL": null,
        "PM_NAME": null,
        "PM_NAME_NE": null,
        "Pattern": null,
        "Profile": "Upper Basin Floor",
        "REGION": null,
        "SECTIONARC": null,
        "SECTION_AB": null,
        "SOURCE": null,
        "STRAT_INTE": null,
        "SectionArc": null,
        "Shape_Ar_1": null,
        "Shape_Area": null,
        "Shape_Le_1": null,
        "Shape_Leng": null,
        "Shape_Length": null,
        "Stop": "channel-lobe transition",
        "Stop_Num": 69,
        "Symbology": null
      }
    }
  ]
}