{
  "type": "FeatureCollection",
  "name": "ftrip_m",
  "crs": {
    "type": "name",
    "properties": {
      "name": "urn:ogc:def:crs:OGC:1.3:CRS84"
    }
  },
  "features": [
    {
      "type": "Feature",
      "geometry": {
        "type": "Polygon",
        "coordinates": [
          [
            [
              -104.65292142313366,
              31.473627887755136
            ],
            [
              -104.64630076903872,
              31.476938841952848
            ],
            [
              -104.64186498722471,
              31.476018614034764
            ],
            [
              -104.63971516287201,
              31.4709541836453
            ],
            [
              -104.63442422503442,
              31.4695124821254
            ],
            [
              -104.63146927194396,
              31.463944016372974
            ],
            [
              -104.63919815860994,
              31.461052070843117
            ],
            [
              -104.64698507131244,
              31.45971822667933
            ],
            [
              -104.64712133900655,
              31.459863546461712
            ],
            [
              -104.65292142313366,
              31.473627887755136
            ]
          ]
        ]
      },
      "properties": {
        "Abbrev": null,
        "Alpha": "AD",
        "Area": null,
        "CS_ID": null,
        "CYCLE": null,
        "CycleDsolv": null,
        "DESCRIPT": null,
        "FEATUREKEY": 33,
        "FEATUREK_1": null,
        "FEATURETYP": "Fieldtrip_Module",
        "FID_": null,
        "FID_Cross_": null,
        "FID_FanGeo": null,
        "FID_Fan_De": null,
        "FID_GIS_Re": null,
        "FID_Photo_": null,
        "FID_ftrip_": null,
        "FID_measur": null,
        "FID_patter": null,
        "FOURTH_ORD": null,
        "FOURTH_O_1": null,
        "FanID": null,
        "Fan_Del": null,
        "Fan_Del_sh": null,
        "FeatureT_1": null,
        "Geo_short": null,
        "Geography": null,
        "Gradient": null,
        "Hyperlink": null,
        "ID": null,
        "Id": 33,
        "Id_1": null,
        "LENGTH": null,
        "Location": null,
        "MAPSYMBOL": null,
        "MAP_SYMBOL": null,
        "MS_ID": null,
        "MidptX": null,
        "MidptY": null,
        "Mod_names": null,
        "NAME": "Pisces to Buck Mesa",
        "NAME_1": null,
        "Name": null,
        "OBJECTID": null,
        "OBJECTID_1": null,
        "ORDERBY": null,
        "ORIG_FID": null,
        "Offset": null,
        "PATTERNID": null,
        "PERSON": null,
        "PMLABEL": null,
        "PM_NAME": null,
        "PM_NAME_NE": null,
        "Pattern": null,
        "Profile": null,
        "REGION": null,
        "SECTIONARC": null,
        "SECTION_AB": null,
        "SOURCE": null,
        "STRAT_INTE": null,
        "SectionArc": null,
        "Shape_Ar_1": null,
        "Shape_Area": null,
        "Shape_Le_1": null,
        "Shape_Leng": null,
        "Shape_Length": null,
        "Stop": null,
        "Stop_Num": null,
        "Symbology": null
      }
    },
    {
      "type": "Feature",
      "geometry": {
        "type": "Polygon",
        "coordinates": [
          [
            [
              -104.64698507131244,
              31.45971822667933
            ],
            [
              -104.63919815860994,
              31.461052070843117
            ],
            [
              -104.63146927194396,
              31.463944016372974
            ],
            [
              -104.62911666175775,
              31.45951011884958
            ],
            [
              -104.62773513977181,
              31.451723930182265
            ],
            [
              -104.63243442627848,
              31.44940282071408
            ],
            [
              -104.63962972167823,
              31.453703439079156
            ],
            [
              -104.64265048426496,
              31.455095389027207
            ],
            [
              -104.64698507131244,
              31.45971822667933
            ]
          ]
        ]
      },
      "properties": {
        "Abbrev": null,
        "Alpha": "AE",
        "Area": null,
        "CS_ID": null,
        "CYCLE": null,
        "CycleDsolv": null,
        "DESCRIPT": null,
        "FEATUREKEY": 34,
        "FEATUREK_1": null,
        "FEATURETYP": "Fieldtrip_Module",
        "FID_": null,
        "FID_Cross_": null,
        "FID_FanGeo": null,
        "FID_Fan_De": null,
        "FID_GIS_Re": null,
        "FID_Photo_": null,
        "FID_ftrip_": null,
        "FID_measur": null,
        "FID_patter": null,
        "FOURTH_ORD": null,
        "FOURTH_O_1": null,
        "FanID": null,
        "Fan_Del": null,
        "Fan_Del_sh": null,
        "FeatureT_1": null,
        "Geo_short": null,
        "Geography": null,
        "Gradient": null,
        "Hyperlink": null,
        "ID": null,
        "Id": 34,
        "Id_1": null,
        "LENGTH": null,
        "Location": null,
        "MAPSYMBOL": null,
        "MAP_SYMBOL": null,
        "MS_ID": null,
        "MidptX": null,
        "MidptY": null,
        "Mod_names": null,
        "NAME": "Rockhorn Canyon",
        "NAME_1": null,
        "Name": null,
        "OBJECTID": null,
        "OBJECTID_1": null,
        "ORDERBY": null,
        "ORIG_FID": null,
        "Offset": null,
        "PATTERNID": null,
        "PERSON": null,
        "PMLABEL": null,
        "PM_NAME": null,
        "PM_NAME_NE": null,
        "Pattern": null,
        "Profile": null,
        "REGION": null,
        "SECTIONARC": null,
        "SECTION_AB": null,
        "SOURCE": null,
        "STRAT_INTE": null,
        "SectionArc": null,
        "Shape_Ar_1": null,
        "Shape_Area": null,
        "Shape_Le_1": null,
        "Shape_Leng": null,
        "Shape_Length": null,
        "Stop": null,
        "Stop_Num": null,
        "Symbology": null
      }
    },
    {
      "type": "Feature",
      "geometry": {
        "type": "Polygon",
        "coordinates": [
          [
            [
              -104.62204452996956,
              31.49431130851246
            ],
            [
              -104.62219041290952,
              31.48725761517468
            ],
            [
              -104.62079913313926,
              31.482315617896422
            ],
            [
              -104.61719342312306,
              31.476898503605398
            ],
            [
              -104.6158938718171,
              31.45166412706097
            ],
            [
              -104.61685120732197,
              31.44966087435557
            ],
            [
              -104.61500148084315,
              31.445677771670134
            ],
            [
              -104.6161650364979,
              31.444773334976677
            ],
            [
              -104.61643193155999,
              31.44114244021636
            ],
            [
              -104.61960880003126,
              31.44115189761345
            ],
            [
              -104.62276806957206,
              31.454964713304125
            ],
            [
              -104.63078686309078,
              31.465773295560137
            ],
            [
              -104.62851076683339,
              31.472782299645008
            ],
            [
              -104.63307220401681,
              31.479928076488513
            ],
            [
              -104.63502290972365,
              31.48456070528978
            ],
            [
              -104.63563676422417,
              31.491543120977887
            ],
            [
              -104.62204452996956,
              31.49431130851246
            ]
          ]
        ]
      },
      "properties": {
        "Abbrev": null,
        "Alpha": "AF",
        "Area": null,
        "CS_ID": null,
        "CYCLE": null,
        "CycleDsolv": null,
        "DESCRIPT": null,
        "FEATUREKEY": 35,
        "FEATUREK_1": null,
        "FEATURETYP": "Fieldtrip_Module",
        "FID_": null,
        "FID_Cross_": null,
        "FID_FanGeo": null,
        "FID_Fan_De": null,
        "FID_GIS_Re": null,
        "FID_Photo_": null,
        "FID_ftrip_": null,
        "FID_measur": null,
        "FID_patter": null,
        "FOURTH_ORD": null,
        "FOURTH_O_1": null,
        "FanID": null,
        "Fan_Del": null,
        "Fan_Del_sh": null,
        "FeatureT_1": null,
        "Geo_short": null,
        "Geography": null,
        "Gradient": null,
        "Hyperlink": null,
        "ID": null,
        "Id": 35,
        "Id_1": null,
        "LENGTH": null,
        "Location": null,
        "MAPSYMBOL": null,
        "MAP_SYMBOL": null,
        "MS_ID": null,
        "MidptX": null,
        "MidptY": null,
        "Mod_names": null,
        "NAME": "Carole - Terminator - Split Mountain",
        "NAME_1": null,
        "Name": null,
        "OBJECTID": null,
        "OBJECTID_1": null,
        "ORDERBY": null,
        "ORIG_FID": null,
        "Offset": null,
        "PATTERNID": null,
        "PERSON": null,
        "PMLABEL": null,
        "PM_NAME": null,
        "PM_NAME_NE": null,
        "Pattern": null,
        "Profile": null,
        "REGION": null,
        "SECTIONARC": null,
        "SECTION_AB": null,
        "SOURCE": null,
        "STRAT_INTE": null,
        "SectionArc": null,
        "Shape_Ar_1": null,
        "Shape_Area": null,
        "Shape_Le_1": null,
        "Shape_Leng": null,
        "Shape_Length": null,
        "Stop": null,
        "Stop_Num": null,
        "Symbology": null
      }
    },
    {
      "type": "Feature",
      "geometry": {
        "type": "Polygon",
        "coordinates": [
          [
            [
              -104.68341951257933,
              31.56478524982415
            ],
            [
              -104.68284573340524,
              31.566486147631043
            ],
            [
              -104.676439312106,
              31.571060305676948
            ],
            [
              -104.67641462719442,
              31.567910960624854
            ],
            [
              -104.67506546939457,
              31.567907547082065
            ],
            [
              -104.67357461131888,
              31.567812562995922
            ],
            [
              -104.67272378032803,
              31.56744561118826
            ],
            [
              -104.67258398361137,
              31.56680688581988
            ],
            [
              -104.6734045746917,
              31.56565383681107
            ],
            [
              -104.67430487466468,
              31.56197790851656
            ],
            [
              -104.6722513696052,
              31.560361552190564
            ],
            [
              -104.67069638964021,
              31.558333024496754
            ],
            [
              -104.67191473298224,
              31.555083505283907
            ],
            [
              -104.67333660150936,
              31.554539963045023
            ],
            [
              -104.6799164909543,
              31.561311118674396
            ],
            [
              -104.68341951257933,
              31.56478524982415
            ]
          ]
        ]
      },
      "properties": {
        "Abbrev": null,
        "Alpha": "AB",
        "Area": null,
        "CS_ID": null,
        "CYCLE": null,
        "CycleDsolv": null,
        "DESCRIPT": null,
        "FEATUREKEY": 30,
        "FEATUREK_1": null,
        "FEATURETYP": "Fieldtrip_Module",
        "FID_": null,
        "FID_Cross_": null,
        "FID_FanGeo": null,
        "FID_Fan_De": null,
        "FID_GIS_Re": null,
        "FID_Photo_": null,
        "FID_ftrip_": null,
        "FID_measur": null,
        "FID_patter": null,
        "FOURTH_ORD": null,
        "FOURTH_O_1": null,
        "FanID": null,
        "Fan_Del": null,
        "Fan_Del_sh": null,
        "FeatureT_1": null,
        "Geo_short": null,
        "Geography": null,
        "Gradient": null,
        "Hyperlink": null,
        "ID": null,
        "Id": 30,
        "Id_1": null,
        "LENGTH": null,
        "Location": null,
        "MAPSYMBOL": null,
        "MAP_SYMBOL": null,
        "MS_ID": null,
        "MidptX": null,
        "MidptY": null,
        "Mod_names": null,
        "NAME": "Sibley Amphitheater",
        "NAME_1": null,
        "Name": null,
        "OBJECTID": null,
        "OBJECTID_1": null,
        "ORDERBY": null,
        "ORIG_FID": null,
        "Offset": null,
        "PATTERNID": null,
        "PERSON": null,
        "PMLABEL": null,
        "PM_NAME": null,
        "PM_NAME_NE": null,
        "Pattern": null,
        "Profile": null,
        "REGION": null,
        "SECTIONARC": null,
        "SECTION_AB": null,
        "SOURCE": null,
        "STRAT_INTE": null,
        "SectionArc": null,
        "Shape_Ar_1": null,
        "Shape_Area": null,
        "Shape_Le_1": null,
        "Shape_Leng": null,
        "Shape_Length": null,
        "Stop": null,
        "Stop_Num": null,
        "Symbology": null
      }
    },
    {
      "type": "Feature",
      "geometry": {
        "type": "Polygon",
        "coordinates": [
          [
            [
              -104.69210395257626,
              31.613149074528458
            ],
            [
              -104.69307207067389,
              31.617352530350107
            ],
            [
              -104.69251864584173,
              31.619778523211338
            ],
            [
              -104.68706177920093,
              31.620325459976023
            ],
            [
              -104.6829169495293,
              31.61912111077518
            ],
            [
              -104.68164489622296,
              31.61711167025194
            ],
            [
              -104.68300173225323,
              31.615047953401056
            ],
            [
              -104.68236115506937,
              31.61305308330838
            ],
            [
              -104.68085753724014,
              31.608370206493877
            ],
            [
              -104.68027520026135,
              31.602045905505978
            ],
            [
              -104.67532499966676,
              31.595604207228178
            ],
            [
              -104.67427229465483,
              31.591923333217697
            ],
            [
              -104.67567493278922,
              31.586813882883025
            ],
            [
              -104.67071430620555,
              31.58367019518313
            ],
            [
              -104.67016372025854,
              31.578653039648756
            ],
            [
              -104.66640630464978,
              31.5768224464595
            ],
            [
              -104.66633949132574,
              31.57563673329882
            ],
            [
              -104.66616572863524,
              31.57457233510145
            ],
            [
              -104.66713053363743,
              31.57284213311518
            ],
            [
              -104.66699710992833,
              31.570409909363473
            ],
            [
              -104.66582954196257,
              31.569251728084765
            ],
            [
              -104.66597619673155,
              31.56794497590466
            ],
            [
              -104.66566151579659,
              31.56657622353918
            ],
            [
              -104.66477641409757,
              31.565874746084287
            ],
            [
              -104.66293034923176,
              31.56583950525742
            ],
            [
              -104.66084244037462,
              31.563949290001375
            ],
            [
              -104.6607805218483,
              31.561426050517582
            ],
            [
              -104.66302328075331,
              31.559711411507873
            ],
            [
              -104.66653637482915,
              31.56014617976539
            ],
            [
              -104.66988499026763,
              31.55687180756788
            ],
            [
              -104.67069638964021,
              31.558333024496754
            ],
            [
              -104.6722513696052,
              31.560361552190564
            ],
            [
              -104.67430487466468,
              31.56197790851656
            ],
            [
              -104.6734045746917,
              31.56565383681107
            ],
            [
              -104.67258398361137,
              31.56680688581988
            ],
            [
              -104.67272378032803,
              31.56744561118826
            ],
            [
              -104.67357461131888,
              31.567812562995922
            ],
            [
              -104.67506546939457,
              31.567907547082065
            ],
            [
              -104.67641462719442,
              31.567910960624854
            ],
            [
              -104.676439312106,
              31.571060305676948
            ],
            [
              -104.67788816912723,
              31.573070254524406
            ],
            [
              -104.67698487444422,
              31.577627749074598
            ],
            [
              -104.67911347990795,
              31.578180268800953
            ],
            [
              -104.68155193775435,
              31.581615295046724
            ],
            [
              -104.68221984304216,
              31.583623249012664
            ],
            [
              -104.68114074078247,
              31.587693955140736
            ],
            [
              -104.68268962275894,
              31.591740785829746
            ],
            [
              -104.68136554709928,
              31.594716540512593
            ],
            [
              -104.68334790417768,
              31.59663655167949
            ],
            [
              -104.68451951367514,
              31.596754955522734
            ],
            [
              -104.68678458717379,
              31.599131584043867
            ],
            [
              -104.68801464321857,
              31.60305597078949
            ],
            [
              -104.68995568179032,
              31.60683007441199
            ],
            [
              -104.69210395257626,
              31.613149074528458
            ]
          ]
        ]
      },
      "properties": {
        "Abbrev": null,
        "Alpha": "AC",
        "Area": null,
        "CS_ID": null,
        "CYCLE": null,
        "CycleDsolv": null,
        "DESCRIPT": null,
        "FEATUREKEY": 32,
        "FEATUREK_1": null,
        "FEATURETYP": "Fieldtrip_Module",
        "FID_": null,
        "FID_Cross_": null,
        "FID_FanGeo": null,
        "FID_Fan_De": null,
        "FID_GIS_Re": null,
        "FID_Photo_": null,
        "FID_ftrip_": null,
        "FID_measur": null,
        "FID_patter": null,
        "FOURTH_ORD": null,
        "FOURTH_O_1": null,
        "FanID": null,
        "Fan_Del": null,
        "Fan_Del_sh": null,
        "FeatureT_1": null,
        "Geo_short": null,
        "Geography": null,
        "Gradient": null,
        "Hyperlink": null,
        "ID": null,
        "Id": 32,
        "Id_1": null,
        "LENGTH": null,
        "Location": null,
        "MAPSYMBOL": null,
        "MAP_SYMBOL": null,
        "MS_ID": null,
        "MidptX": null,
        "MidptY": null,
        "Mod_names": null,
        "NAME": "FS Gully to SAS Area",
        "NAME_1": null,
        "Name": null,
        "OBJECTID": null,
        "OBJECTID_1": null,
        "ORDERBY": null,
        "ORIG_FID": null,
        "Offset": null,
        "PATTERNID": null,
        "PERSON": null,
        "PMLABEL": null,
        "PM_NAME": null,
        "PM_NAME_NE": null,
        "Pattern": null,
        "Profile": null,
        "REGION": null,
        "SECTIONARC": null,
        "SECTION_AB": null,
        "SOURCE": null,
        "STRAT_INTE": null,
        "SectionArc": null,
        "Shape_Ar_1": null,
        "Shape_Area": null,
        "Shape_Le_1": null,
        "Shape_Leng": null,
        "Shape_Length": null,
        "Stop": null,
        "Stop_Num": null,
        "Symbology": null
      }
    },
    {
      "type": "Feature",
      "geometry": {
        "type": "Polygon",
        "coordinates": [
          [
            [
              -104.68596320634042,
              31.568899078826448
            ],
            [
              -104.69111158423166,
              31.56451596353278
            ],
            [
              -104.7075272874757,
              31.582556188294618
            ],
            [
              -104.74722054477499,
              31.615131747572566
            ],
            [
              -104.74787510414308,
              31.61655380900605
            ],
            [
              -104.74352103179663,
              31.62208325914735
            ],
            [
              -104.7335509714626,
              31.623667707041363
            ],
            [
              -104.71678068662061,
              31.615387219433075
            ],
            [
              -104.71573494060894,
              31.606265676767116
            ],
            [
              -104.70999314605814,
              31.603825389933572
            ],
            [
              -104.7027328941367,
              31.596854514014375
            ],
            [
              -104.69695545442382,
              31.58573883326978
            ],
            [
              -104.69500303974512,
              31.58261863191671
            ],
            [
              -104.69206800431483,
              31.576655435201715
            ],
            [
              -104.68596320634042,
              31.568899078826448
            ]
          ]
        ]
      },
      "properties": {
        "Abbrev": null,
        "Alpha": "Y",
        "Area": null,
        "CS_ID": null,
        "CYCLE": null,
        "CycleDsolv": null,
        "DESCRIPT": null,
        "FEATUREKEY": 28,
        "FEATUREK_1": null,
        "FEATURETYP": "Fieldtrip_Module",
        "FID_": null,
        "FID_Cross_": null,
        "FID_FanGeo": null,
        "FID_Fan_De": null,
        "FID_GIS_Re": null,
        "FID_Photo_": null,
        "FID_ftrip_": null,
        "FID_measur": null,
        "FID_patter": null,
        "FOURTH_ORD": null,
        "FOURTH_O_1": null,
        "FanID": null,
        "Fan_Del": null,
        "Fan_Del_sh": null,
        "FeatureT_1": null,
        "Geo_short": null,
        "Geography": null,
        "Gradient": null,
        "Hyperlink": null,
        "ID": null,
        "Id": 28,
        "Id_1": null,
        "LENGTH": null,
        "Location": null,
        "MAPSYMBOL": null,
        "MAP_SYMBOL": null,
        "MS_ID": null,
        "MidptX": null,
        "MidptY": null,
        "Mod_names": null,
        "NAME": "Middle Codorniz Canyon",
        "NAME_1": null,
        "Name": null,
        "OBJECTID": null,
        "OBJECTID_1": null,
        "ORDERBY": null,
        "ORIG_FID": null,
        "Offset": null,
        "PATTERNID": null,
        "PERSON": null,
        "PMLABEL": null,
        "PM_NAME": null,
        "PM_NAME_NE": null,
        "Pattern": null,
        "Profile": null,
        "REGION": null,
        "SECTIONARC": null,
        "SECTION_AB": null,
        "SOURCE": null,
        "STRAT_INTE": null,
        "SectionArc": null,
        "Shape_Ar_1": null,
        "Shape_Area": null,
        "Shape_Le_1": null,
        "Shape_Leng": null,
        "Shape_Length": null,
        "Stop": null,
        "Stop_Num": null,
        "Symbology": null
      }
    },
    {
      "type": "Feature",
      "geometry": {
        "type": "Polygon",
        "coordinates": [
          [
            [
              -104.72437292495039,
              31.56774615570417
            ],
            [
              -104.7203383831106,
              31.570000294402856
            ],
            [
              -104.71895448701288,
              31.567492586486857
            ],
            [
              -104.71025839669144,
              31.564666151460404
            ],
            [
              -104.70534283521958,
              31.562272444243717
            ],
            [
              -104.69767773235462,
              31.56081898560843
            ],
            [
              -104.69500383816965,
              31.54931247845567
            ],
            [
              -104.68584884133539,
              31.545777698684347
            ],
            [
              -104.68710771979298,
              31.542604097852482
            ],
            [
              -104.69730032744084,
              31.545041622742577
            ],
            [
              -104.70919458161002,
              31.551025424588246
            ],
            [
              -104.71449710253664,
              31.555044841356366
            ],
            [
              -104.71798009793855,
              31.559298298061638
            ],
            [
              -104.72437292495039,
              31.56774615570417
            ]
          ]
        ]
      },
      "properties": {
        "Abbrev": null,
        "Alpha": "AA",
        "Area": null,
        "CS_ID": null,
        "CYCLE": null,
        "CycleDsolv": null,
        "DESCRIPT": null,
        "FEATUREKEY": 37,
        "FEATUREK_1": null,
        "FEATURETYP": "Fieldtrip_Module",
        "FID_": null,
        "FID_Cross_": null,
        "FID_FanGeo": null,
        "FID_Fan_De": null,
        "FID_GIS_Re": null,
        "FID_Photo_": null,
        "FID_ftrip_": null,
        "FID_measur": null,
        "FID_patter": null,
        "FOURTH_ORD": null,
        "FOURTH_O_1": null,
        "FanID": null,
        "Fan_Del": null,
        "Fan_Del_sh": null,
        "FeatureT_1": null,
        "Geo_short": null,
        "Geography": null,
        "Gradient": null,
        "Hyperlink": null,
        "ID": null,
        "Id": 37,
        "Id_1": null,
        "LENGTH": null,
        "Location": null,
        "MAPSYMBOL": null,
        "MAP_SYMBOL": null,
        "MS_ID": null,
        "MidptX": null,
        "MidptY": null,
        "Mod_names": null,
        "NAME": "West Face Apache Tanks",
        "NAME_1": null,
        "Name": null,
        "OBJECTID": null,
        "OBJECTID_1": null,
        "ORDERBY": null,
        "ORIG_FID": null,
        "Offset": null,
        "PATTERNID": null,
        "PERSON": null,
        "PMLABEL": null,
        "PM_NAME": null,
        "PM_NAME_NE": null,
        "Pattern": null,
        "Profile": null,
        "REGION": null,
        "SECTIONARC": null,
        "SECTION_AB": null,
        "SOURCE": null,
        "STRAT_INTE": null,
        "SectionArc": null,
        "Shape_Ar_1": null,
        "Shape_Area": null,
        "Shape_Le_1": null,
        "Shape_Leng": null,
        "Shape_Length": null,
        "Stop": null,
        "Stop_Num": null,
        "Symbology": null
      }
    },
    {
      "type": "Feature",
      "geometry": {
        "type": "Polygon",
        "coordinates": [
          [
            [
              -104.72920989544296,
              31.574136788959407
            ],
            [
              -104.72334555746971,
              31.578620473384454
            ],
            [
              -104.72348146038102,
              31.580942175111026
            ],
            [
              -104.72162383157462,
              31.581701775878457
            ],
            [
              -104.7183766311759,
              31.581786317955505
            ],
            [
              -104.71570040677982,
              31.58184150027397
            ],
            [
              -104.71053171563912,
              31.58060980380586
            ],
            [
              -104.70683490074143,
              31.577053757159955
            ],
            [
              -104.7101026481495,
              31.568908486404254
            ],
            [
              -104.71844362725848,
              31.571309577630515
            ],
            [
              -104.7203383831106,
              31.570000294402856
            ],
            [
              -104.72437292495039,
              31.56774615570417
            ],
            [
              -104.72920989544296,
              31.574136788959407
            ]
          ]
        ]
      },
      "properties": {
        "Abbrev": null,
        "Alpha": "Z",
        "Area": null,
        "CS_ID": null,
        "CYCLE": null,
        "CycleDsolv": null,
        "DESCRIPT": null,
        "FEATUREKEY": 29,
        "FEATUREK_1": null,
        "FEATURETYP": "Fieldtrip_Module",
        "FID_": null,
        "FID_Cross_": null,
        "FID_FanGeo": null,
        "FID_Fan_De": null,
        "FID_GIS_Re": null,
        "FID_Photo_": null,
        "FID_ftrip_": null,
        "FID_measur": null,
        "FID_patter": null,
        "FOURTH_ORD": null,
        "FOURTH_O_1": null,
        "FanID": null,
        "Fan_Del": null,
        "Fan_Del_sh": null,
        "FeatureT_1": null,
        "Geo_short": null,
        "Geography": null,
        "Gradient": null,
        "Hyperlink": null,
        "ID": null,
        "Id": 29,
        "Id_1": null,
        "LENGTH": null,
        "Location": null,
        "MAPSYMBOL": null,
        "MAP_SYMBOL": null,
        "MS_ID": null,
        "MidptX": null,
        "MidptY": null,
        "Mod_names": null,
        "NAME": "Lower Codorniz Canyon",
        "NAME_1": null,
        "Name": null,
        "OBJECTID": null,
        "OBJECTID_1": null,
        "ORDERBY": null,
        "ORIG_FID": null,
        "Offset": null,
        "PATTERNID": null,
        "PERSON": null,
        "PMLABEL": null,
        "PM_NAME": null,
        "PM_NAME_NE": null,
        "Pattern": null,
        "Profile": null,
        "REGION": null,
        "SECTIONARC": null,
        "SECTION_AB": null,
        "SOURCE": null,
        "STRAT_INTE": null,
        "SectionArc": null,
        "Shape_Ar_1": null,
        "Shape_Area": null,
        "Shape_Le_1": null,
        "Shape_Leng": null,
        "Shape_Length": null,
        "Stop": null,
        "Stop_Num": null,
        "Symbology": null
      }
    },
    {
      "type": "Feature",
      "geometry": {
        "type": "Polygon",
        "coordinates": [
          [
            [
              -104.73355097154669,
              31.623667706643044
            ],
            [
              -104.73187758978969,
              31.61727653964676
            ],
            [
              -104.73605489475257,
              31.609387136378572
            ],
            [
              -104.73963349680697,
              31.6026787353434
            ],
            [
              -104.73721574412858,
              31.597866511936285
            ],
            [
              -104.73991076538793,
              31.593351716222088
            ],
            [
              -104.73842941178872,
              31.58344710082769
            ],
            [
              -104.74203862273687,
              31.58158889160884
            ],
            [
              -104.74016159587663,
              31.57689436943541
            ],
            [
              -104.74801819763,
              31.57372691962406
            ],
            [
              -104.75110936386392,
              31.574503479886697
            ],
            [
              -104.7484072007292,
              31.58210380050029
            ],
            [
              -104.75165346830825,
              31.590648468764098
            ],
            [
              -104.75473094441328,
              31.59983847575966
            ],
            [
              -104.75261295887763,
              31.608300978391902
            ],
            [
              -104.74787510414308,
              31.61655380900605
            ],
            [
              -104.74352103231904,
              31.62208325878582
            ],
            [
              -104.73355097154669,
              31.623667706643044
            ]
          ]
        ]
      },
      "properties": {
        "Abbrev": null,
        "Alpha": "X",
        "Area": null,
        "CS_ID": null,
        "CYCLE": null,
        "CycleDsolv": null,
        "DESCRIPT": null,
        "FEATUREKEY": 27,
        "FEATUREK_1": null,
        "FEATURETYP": "Fieldtrip_Module",
        "FID_": null,
        "FID_Cross_": null,
        "FID_FanGeo": null,
        "FID_Fan_De": null,
        "FID_GIS_Re": null,
        "FID_Photo_": null,
        "FID_ftrip_": null,
        "FID_measur": null,
        "FID_patter": null,
        "FOURTH_ORD": null,
        "FOURTH_O_1": null,
        "FanID": null,
        "Fan_Del": null,
        "Fan_Del_sh": null,
        "FeatureT_1": null,
        "Geo_short": null,
        "Geography": null,
        "Gradient": null,
        "Hyperlink": null,
        "ID": null,
        "Id": 27,
        "Id_1": null,
        "LENGTH": null,
        "Location": null,
        "MAPSYMBOL": null,
        "MAP_SYMBOL": null,
        "MS_ID": null,
        "MidptX": null,
        "MidptY": null,
        "Mod_names": null,
        "NAME": "Bitterwell Canyon",
        "NAME_1": null,
        "Name": null,
        "OBJECTID": null,
        "OBJECTID_1": null,
        "ORDERBY": null,
        "ORIG_FID": null,
        "Offset": null,
        "PATTERNID": null,
        "PERSON": null,
        "PMLABEL": null,
        "PM_NAME": null,
        "PM_NAME_NE": null,
        "Pattern": null,
        "Profile": null,
        "REGION": null,
        "SECTIONARC": null,
        "SECTION_AB": null,
        "SOURCE": null,
        "STRAT_INTE": null,
        "SectionArc": null,
        "Shape_Ar_1": null,
        "Shape_Area": null,
        "Shape_Le_1": null,
        "Shape_Leng": null,
        "Shape_Length": null,
        "Stop": null,
        "Stop_Num": null,
        "Symbology": null
      }
    },
    {
      "type": "Feature",
      "geometry": {
        "type": "Polygon",
        "coordinates": [
          [
            [
              -104.78406200434601,
              31.61623107339548
            ],
            [
              -104.7782238237337,
              31.619741030123986
            ],
            [
              -104.7748471788497,
              31.62111287383441
            ],
            [
              -104.76956283169102,
              31.609944178025252
            ],
            [
              -104.76896431036229,
              31.608951221432633
            ],
            [
              -104.76879414439364,
              31.6083263976656
            ],
            [
              -104.76922280917674,
              31.607766478099855
            ],
            [
              -104.76949434580993,
              31.60725805179823
            ],
            [
              -104.77086463225079,
              31.60417890706795
            ],
            [
              -104.77027034562475,
              31.599394397138003
            ],
            [
              -104.76723857989326,
              31.595116869122865
            ],
            [
              -104.76485444042768,
              31.587379511148207
            ],
            [
              -104.76513743171127,
              31.577148926937806
            ],
            [
              -104.77102452711661,
              31.578213274541156
            ],
            [
              -104.77534649592687,
              31.578776089025496
            ],
            [
              -104.7760132178424,
              31.582478465899943
            ],
            [
              -104.77852977999363,
              31.5924760949916
            ],
            [
              -104.78296893400237,
              31.601128301976704
            ],
            [
              -104.78383056434063,
              31.602540839050373
            ],
            [
              -104.78284887570452,
              31.60630977996358
            ],
            [
              -104.78478991610496,
              31.608510636086443
            ],
            [
              -104.7849132232344,
              31.61369251835382
            ],
            [
              -104.78406200434601,
              31.61623107339548
            ]
          ]
        ]
      },
      "properties": {
        "Abbrev": null,
        "Alpha": "W",
        "Area": null,
        "CS_ID": null,
        "CYCLE": null,
        "CycleDsolv": null,
        "DESCRIPT": null,
        "FEATUREKEY": 25,
        "FEATUREK_1": null,
        "FEATURETYP": "Fieldtrip_Module",
        "FID_": null,
        "FID_Cross_": null,
        "FID_FanGeo": null,
        "FID_Fan_De": null,
        "FID_GIS_Re": null,
        "FID_Photo_": null,
        "FID_ftrip_": null,
        "FID_measur": null,
        "FID_patter": null,
        "FOURTH_ORD": null,
        "FOURTH_O_1": null,
        "FanID": null,
        "Fan_Del": null,
        "Fan_Del_sh": null,
        "FeatureT_1": null,
        "Geo_short": null,
        "Geography": null,
        "Gradient": null,
        "Hyperlink": null,
        "ID": null,
        "Id": 25,
        "Id_1": null,
        "LENGTH": null,
        "Location": null,
        "MAPSYMBOL": null,
        "MAP_SYMBOL": null,
        "MS_ID": null,
        "MidptX": null,
        "MidptY": null,
        "Mod_names": null,
        "NAME": "Wildcat Canyon / Bowl",
        "NAME_1": null,
        "Name": null,
        "OBJECTID": null,
        "OBJECTID_1": null,
        "ORDERBY": null,
        "ORIG_FID": null,
        "Offset": null,
        "PATTERNID": null,
        "PERSON": null,
        "PMLABEL": null,
        "PM_NAME": null,
        "PM_NAME_NE": null,
        "Pattern": null,
        "Profile": null,
        "REGION": null,
        "SECTIONARC": null,
        "SECTION_AB": null,
        "SOURCE": null,
        "STRAT_INTE": null,
        "SectionArc": null,
        "Shape_Ar_1": null,
        "Shape_Area": null,
        "Shape_Le_1": null,
        "Shape_Leng": null,
        "Shape_Length": null,
        "Stop": null,
        "Stop_Num": null,
        "Symbology": null
      }
    },
    {
      "type": "Feature",
      "geometry": {
        "type": "Polygon",
        "coordinates": [
          [
            [
              -104.72818970943179,
              31.67467265981361
            ],
            [
              -104.72818544860205,
              31.67614377465
            ],
            [
              -104.72137018506271,
              31.677188339844847
            ],
            [
              -104.71888297452726,
              31.680537064943433
            ],
            [
              -104.71516209841806,
              31.68217650031361
            ],
            [
              -104.70813523334162,
              31.68469100681381
            ],
            [
              -104.70551045204517,
              31.687803772972572
            ],
            [
              -104.69938491962361,
              31.68802491683078
            ],
            [
              -104.70062018708671,
              31.66754978664447
            ],
            [
              -104.71038256477198,
              31.67004372546897
            ],
            [
              -104.7140245527412,
              31.67158187879827
            ],
            [
              -104.71952550597908,
              31.67277094246188
            ],
            [
              -104.72454632891515,
              31.673487977698063
            ],
            [
              -104.72818970943179,
              31.67467265981361
            ]
          ]
        ]
      },
      "properties": {
        "Abbrev": null,
        "Alpha": "Q",
        "Area": null,
        "CS_ID": null,
        "CYCLE": null,
        "CycleDsolv": null,
        "DESCRIPT": null,
        "FEATUREKEY": 19,
        "FEATUREK_1": null,
        "FEATURETYP": "Fieldtrip_Module",
        "FID_": null,
        "FID_Cross_": null,
        "FID_FanGeo": null,
        "FID_Fan_De": null,
        "FID_GIS_Re": null,
        "FID_Photo_": null,
        "FID_ftrip_": null,
        "FID_measur": null,
        "FID_patter": null,
        "FOURTH_ORD": null,
        "FOURTH_O_1": null,
        "FanID": null,
        "Fan_Del": null,
        "Fan_Del_sh": null,
        "FeatureT_1": null,
        "Geo_short": null,
        "Geography": null,
        "Gradient": null,
        "Hyperlink": null,
        "ID": null,
        "Id": 19,
        "Id_1": null,
        "LENGTH": null,
        "Location": null,
        "MAPSYMBOL": null,
        "MAP_SYMBOL": null,
        "MS_ID": null,
        "MidptX": null,
        "MidptY": null,
        "Mod_names": null,
        "NAME": "Seep Springs Draw-Tecate Run",
        "NAME_1": null,
        "Name": null,
        "OBJECTID": null,
        "OBJECTID_1": null,
        "ORDERBY": null,
        "ORIG_FID": null,
        "Offset": null,
        "PATTERNID": null,
        "PERSON": null,
        "PMLABEL": null,
        "PM_NAME": null,
        "PM_NAME_NE": null,
        "Pattern": null,
        "Profile": null,
        "REGION": null,
        "SECTIONARC": null,
        "SECTION_AB": null,
        "SOURCE": null,
        "STRAT_INTE": null,
        "SectionArc": null,
        "Shape_Ar_1": null,
        "Shape_Area": null,
        "Shape_Le_1": null,
        "Shape_Leng": null,
        "Shape_Length": null,
        "Stop": null,
        "Stop_Num": null,
        "Symbology": null
      }
    },
    {
      "type": "Feature",
      "geometry": {
        "type": "Polygon",
        "coordinates": [
          [
            [
              -104.70062018708671,
              31.66754978664447
            ],
            [
              -104.69938491962361,
              31.68802491683078
            ],
            [
              -104.69388467847563,
              31.686423074321596
            ],
            [
              -104.69024264501272,
              31.68482550422492
            ],
            [
              -104.6876253053674,
              31.68552528233554
            ],
            [
              -104.67960360090684,
              31.67679642077389
            ],
            [
              -104.67430302473579,
              31.677430338243013
            ],
            [
              -104.67162211746502,
              31.676658505842898
            ],
            [
              -104.66805944645775,
              31.672294795694086
            ],
            [
              -104.66496674667998,
              31.671286375250485
            ],
            [
              -104.66311534397666,
              31.669516168841408
            ],
            [
              -104.66346780884328,
              31.66716329878172
            ],
            [
              -104.66492001339043,
              31.66510753494021
            ],
            [
              -104.66548405732128,
              31.661284086335026
            ],
            [
              -104.66900749126769,
              31.657115247657778
            ],
            [
              -104.6732228310438,
              31.651712328858277
            ],
            [
              -104.68006241671218,
              31.64313820876053
            ],
            [
              -104.68226631540641,
              31.64231986290299
            ],
            [
              -104.6853564764239,
              31.643857467328207
            ],
            [
              -104.6865101111989,
              31.6485679101352
            ],
            [
              -104.67463113164065,
              31.662190334725263
            ],
            [
              -104.67455641419225,
              31.663896649730326
            ],
            [
              -104.6783361760994,
              31.66514194650212
            ],
            [
              -104.67970797569471,
              31.66638113016425
            ],
            [
              -104.68088000832321,
              31.665677917049663
            ],
            [
              -104.68954372066176,
              31.66728803145776
            ],
            [
              -104.69319968354816,
              31.66441343836803
            ],
            [
              -104.69932254924873,
              31.66454565114046
            ],
            [
              -104.70062018708671,
              31.66754978664447
            ]
          ]
        ]
      },
      "properties": {
        "Abbrev": null,
        "Alpha": "R",
        "Area": null,
        "CS_ID": null,
        "CYCLE": null,
        "CycleDsolv": null,
        "DESCRIPT": null,
        "FEATUREKEY": 20,
        "FEATUREK_1": null,
        "FEATURETYP": "Fieldtrip_Module",
        "FID_": null,
        "FID_Cross_": null,
        "FID_FanGeo": null,
        "FID_Fan_De": null,
        "FID_GIS_Re": null,
        "FID_Photo_": null,
        "FID_ftrip_": null,
        "FID_measur": null,
        "FID_patter": null,
        "FOURTH_ORD": null,
        "FOURTH_O_1": null,
        "FanID": null,
        "Fan_Del": null,
        "Fan_Del_sh": null,
        "FeatureT_1": null,
        "Geo_short": null,
        "Geography": null,
        "Gradient": null,
        "Hyperlink": null,
        "ID": null,
        "Id": 20,
        "Id_1": null,
        "LENGTH": null,
        "Location": null,
        "MAPSYMBOL": null,
        "MAP_SYMBOL": null,
        "MS_ID": null,
        "MidptX": null,
        "MidptY": null,
        "Mod_names": null,
        "NAME": "East Chico Ranch",
        "NAME_1": null,
        "Name": null,
        "OBJECTID": null,
        "OBJECTID_1": null,
        "ORDERBY": null,
        "ORIG_FID": null,
        "Offset": null,
        "PATTERNID": null,
        "PERSON": null,
        "PMLABEL": null,
        "PM_NAME": null,
        "PM_NAME_NE": null,
        "Pattern": null,
        "Profile": null,
        "REGION": null,
        "SECTIONARC": null,
        "SECTION_AB": null,
        "SOURCE": null,
        "STRAT_INTE": null,
        "SectionArc": null,
        "Shape_Ar_1": null,
        "Shape_Area": null,
        "Shape_Le_1": null,
        "Shape_Leng": null,
        "Shape_Length": null,
        "Stop": null,
        "Stop_Num": null,
        "Symbology": null
      }
    },
    {
      "type": "Feature",
      "geometry": {
        "type": "Polygon",
        "coordinates": [
          [
            [
              -104.71106667064093,
              31.71320056349192
            ],
            [
              -104.7113646048899,
              31.717040843395914
            ],
            [
              -104.71116168408511,
              31.722509896007548
            ],
            [
              -104.71334174126707,
              31.726326186252813
            ],
            [
              -104.71763537467486,
              31.731116113358546
            ],
            [
              -104.7212483905005,
              31.73616281169786
            ],
            [
              -104.72094257298666,
              31.73732494023104
            ],
            [
              -104.71965833830832,
              31.7370637353764
            ],
            [
              -104.71415398916996,
              31.732594181024204
            ],
            [
              -104.71090603500022,
              31.731876289412455
            ],
            [
              -104.70568462920627,
              31.73380238147137
            ],
            [
              -104.70273637369132,
              31.733924767052038
            ],
            [
              -104.69813084583302,
              31.73229899358143
            ],
            [
              -104.69639743101173,
              31.73074449945401
            ],
            [
              -104.69769027404247,
              31.72829276937733
            ],
            [
              -104.6991354527948,
              31.72545378451441
            ],
            [
              -104.70246811302795,
              31.723200581798825
            ],
            [
              -104.7043805549738,
              31.721482377605934
            ],
            [
              -104.7018089363174,
              31.7183429424004
            ],
            [
              -104.69933295496823,
              31.717631015953188
            ],
            [
              -104.69680352498999,
              31.717492648947623
            ],
            [
              -104.69427078914202,
              31.71836929177695
            ],
            [
              -104.69225866348636,
              31.717923135574857
            ],
            [
              -104.69470267685413,
              31.712588846786428
            ],
            [
              -104.70250395810058,
              31.710841878529312
            ],
            [
              -104.70277230925196,
              31.707620759602012
            ],
            [
              -104.70427581997963,
              31.705594101755366
            ],
            [
              -104.7061404810218,
              31.70361238836489
            ],
            [
              -104.71042426193698,
              31.705926692138426
            ],
            [
              -104.7125201740824,
              31.707996327245116
            ],
            [
              -104.71106667064093,
              31.71320056349192
            ]
          ]
        ]
      },
      "properties": {
        "Abbrev": null,
        "Alpha": "P",
        "Area": null,
        "CS_ID": null,
        "CYCLE": null,
        "CycleDsolv": null,
        "DESCRIPT": null,
        "FEATUREKEY": 18,
        "FEATUREK_1": null,
        "FEATURETYP": "Fieldtrip_Module",
        "FID_": null,
        "FID_Cross_": null,
        "FID_FanGeo": null,
        "FID_Fan_De": null,
        "FID_GIS_Re": null,
        "FID_Photo_": null,
        "FID_ftrip_": null,
        "FID_measur": null,
        "FID_patter": null,
        "FOURTH_ORD": null,
        "FOURTH_O_1": null,
        "FanID": null,
        "Fan_Del": null,
        "Fan_Del_sh": null,
        "FeatureT_1": null,
        "Geo_short": null,
        "Geography": null,
        "Gradient": null,
        "Hyperlink": null,
        "ID": null,
        "Id": 18,
        "Id_1": null,
        "LENGTH": null,
        "Location": null,
        "MAPSYMBOL": null,
        "MAP_SYMBOL": null,
        "MS_ID": null,
        "MidptX": null,
        "MidptY": null,
        "Mod_names": null,
        "NAME": "Kunitz Hollow",
        "NAME_1": null,
        "Name": null,
        "OBJECTID": null,
        "OBJECTID_1": null,
        "ORDERBY": null,
        "ORIG_FID": null,
        "Offset": null,
        "PATTERNID": null,
        "PERSON": null,
        "PMLABEL": null,
        "PM_NAME": null,
        "PM_NAME_NE": null,
        "Pattern": null,
        "Profile": null,
        "REGION": null,
        "SECTIONARC": null,
        "SECTION_AB": null,
        "SOURCE": null,
        "STRAT_INTE": null,
        "SectionArc": null,
        "Shape_Ar_1": null,
        "Shape_Area": null,
        "Shape_Le_1": null,
        "Shape_Leng": null,
        "Shape_Length": null,
        "Stop": null,
        "Stop_Num": null,
        "Symbology": null
      }
    },
    {
      "type": "Feature",
      "geometry": {
        "type": "Polygon",
        "coordinates": [
          [
            [
              -104.78287622718123,
              31.709526922593128
            ],
            [
              -104.78233867269213,
              31.70987016170054
            ],
            [
              -104.78153353637703,
              31.709868789076793
            ],
            [
              -104.77943303527665,
              31.709100400442697
            ],
            [
              -104.77567317816523,
              31.707250853064693
            ],
            [
              -104.77425818791883,
              31.705317518999312
            ],
            [
              -104.76877959253653,
              31.702770052464043
            ],
            [
              -104.76930741466872,
              31.70072848944507
            ],
            [
              -104.76854750190441,
              31.700401920074263
            ],
            [
              -104.76672934614786,
              31.70075994720079
            ],
            [
              -104.766561377732,
              31.70032604521003
            ],
            [
              -104.76753832326064,
              31.698340507222973
            ],
            [
              -104.76711714919438,
              31.697761612380013
            ],
            [
              -104.76609563450805,
              31.697423202434926
            ],
            [
              -104.76487724621536,
              31.697793648284346
            ],
            [
              -104.76389535964333,
              31.698217962643312
            ],
            [
              -104.76166305269679,
              31.69872715868665
            ],
            [
              -104.76272634143233,
              31.69605529058626
            ],
            [
              -104.7658163168178,
              31.694055599385216
            ],
            [
              -104.76759244508793,
              31.693552974688235
            ],
            [
              -104.76738921412569,
              31.690300628167023
            ],
            [
              -104.76624880778122,
              31.690081750763657
            ],
            [
              -104.76701356340284,
              31.6884210237431
            ],
            [
              -104.76562298248756,
              31.686864760400855
            ],
            [
              -104.76436429399632,
              31.68328527138494
            ],
            [
              -104.76353343171895,
              31.682697272616295
            ],
            [
              -104.7613349169357,
              31.682359781978008
            ],
            [
              -104.76018354044761,
              31.682338044069997
            ],
            [
              -104.75722139291827,
              31.684030715751543
            ],
            [
              -104.7575526133366,
              31.68666905969012
            ],
            [
              -104.75615733524151,
              31.68699160564021
            ],
            [
              -104.75489541981618,
              31.68478507672408
            ],
            [
              -104.75498624918512,
              31.68236433255118
            ],
            [
              -104.75376572759279,
              31.680519201118514
            ],
            [
              -104.75088841352013,
              31.682067356961145
            ],
            [
              -104.75008385672024,
              31.682716185036526
            ],
            [
              -104.74970780517577,
              31.681125593952846
            ],
            [
              -104.75153378935656,
              31.67769650441178
            ],
            [
              -104.74959261083607,
              31.676789394406676
            ],
            [
              -104.75086361420624,
              31.675491079843656
            ],
            [
              -104.74821084505285,
              31.672107444993422
            ],
            [
              -104.75401197459081,
              31.667168473349083
            ],
            [
              -104.75372771047233,
              31.66279580874945
            ],
            [
              -104.7543266983774,
              31.659906300523684
            ],
            [
              -104.75269955948355,
              31.658738670786093
            ],
            [
              -104.75025268403104,
              31.657244405107875
            ],
            [
              -104.75380494685548,
              31.65532042512006
            ],
            [
              -104.74930011500452,
              31.65167064243405
            ],
            [
              -104.7493021755243,
              31.650898303688912
            ],
            [
              -104.75007962335563,
              31.64956477076565
            ],
            [
              -104.75214386892641,
              31.64934811170345
            ],
            [
              -104.7512522636211,
              31.645098492313902
            ],
            [
              -104.75171401282553,
              31.641182498797328
            ],
            [
              -104.75023264623083,
              31.64051761008783
            ],
            [
              -104.74979279590559,
              31.636180587046734
            ],
            [
              -104.74741617735667,
              31.632755540273994
            ],
            [
              -104.74909454226565,
              31.632041657977464
            ],
            [
              -104.74891476133969,
              31.62692712815796
            ],
            [
              -104.75162574500358,
              31.625773889973665
            ],
            [
              -104.75626050519124,
              31.628596333961987
            ],
            [
              -104.76554681537745,
              31.627841305290723
            ],
            [
              -104.76947691496333,
              31.629006952709844
            ],
            [
              -104.77281803279128,
              31.633812499157017
            ],
            [
              -104.77577602192527,
              31.637182928927896
            ],
            [
              -104.77524711948709,
              31.642643591207175
            ],
            [
              -104.77626534901852,
              31.648327626231673
            ],
            [
              -104.77516614116841,
              31.649539387076768
            ],
            [
              -104.77331375015872,
              31.66848721599284
            ],
            [
              -104.77723217783185,
              31.675262466970974
            ],
            [
              -104.77878470862355,
              31.68054219227633
            ],
            [
              -104.77891247948763,
              31.6832497590284
            ],
            [
              -104.78015363042744,
              31.687917094918777
            ],
            [
              -104.78095554345632,
              31.689218606449998
            ],
            [
              -104.78171071212475,
              31.691399537020907
            ],
            [
              -104.78183625068975,
              31.695108962045573
            ],
            [
              -104.78151508745242,
              31.698588187322528
            ],
            [
              -104.78274460761104,
              31.70841776245212
            ],
            [
              -104.78287622718123,
              31.709526922593128
            ]
          ]
        ]
      },
      "properties": {
        "Abbrev": null,
        "Alpha": "V",
        "Area": null,
        "CS_ID": null,
        "CYCLE": null,
        "CycleDsolv": null,
        "DESCRIPT": null,
        "FEATUREKEY": 24,
        "FEATUREK_1": null,
        "FEATURETYP": "Fieldtrip_Module",
        "FID_": null,
        "FID_Cross_": null,
        "FID_FanGeo": null,
        "FID_Fan_De": null,
        "FID_GIS_Re": null,
        "FID_Photo_": null,
        "FID_ftrip_": null,
        "FID_measur": null,
        "FID_patter": null,
        "FOURTH_ORD": null,
        "FOURTH_O_1": null,
        "FanID": null,
        "Fan_Del": null,
        "Fan_Del_sh": null,
        "FeatureT_1": null,
        "Geo_short": null,
        "Geography": null,
        "Gradient": null,
        "Hyperlink": null,
        "ID": null,
        "Id": 24,
        "Id_1": null,
        "LENGTH": null,
        "Location": null,
        "MAPSYMBOL": null,
        "MAP_SYMBOL": null,
        "MS_ID": null,
        "MidptX": null,
        "MidptY": null,
        "Mod_names": null,
        "NAME": "Colleen-Hogue",
        "NAME_1": null,
        "Name": null,
        "OBJECTID": null,
        "OBJECTID_1": null,
        "ORDERBY": null,
        "ORIG_FID": null,
        "Offset": null,
        "PATTERNID": null,
        "PERSON": null,
        "PMLABEL": null,
        "PM_NAME": null,
        "PM_NAME_NE": null,
        "Pattern": null,
        "Profile": null,
        "REGION": null,
        "SECTIONARC": null,
        "SECTION_AB": null,
        "SOURCE": null,
        "STRAT_INTE": null,
        "SectionArc": null,
        "Shape_Ar_1": null,
        "Shape_Area": null,
        "Shape_Le_1": null,
        "Shape_Leng": null,
        "Shape_Length": null,
        "Stop": null,
        "Stop_Num": null,
        "Symbology": null
      }
    },
    {
      "type": "Feature",
      "geometry": {
        "type": "Polygon",
        "coordinates": [
          [
            [
              -104.77294792534575,
              31.748328291690925
            ],
            [
              -104.7712302625731,
              31.74864417036729
            ],
            [
              -104.77008223610478,
              31.74497425868412
            ],
            [
              -104.7678849698849,
              31.743056623383954
            ],
            [
              -104.76444628894028,
              31.73956748158219
            ],
            [
              -104.7637879085842,
              31.73775323605006
            ],
            [
              -104.76458742449793,
              31.736168309973166
            ],
            [
              -104.76547808646582,
              31.735461364858146
            ],
            [
              -104.76596458047784,
              31.734920052004384
            ],
            [
              -104.76786796635353,
              31.734859735126204
            ],
            [
              -104.76786377696084,
              31.73655013087837
            ],
            [
              -104.76924543456705,
              31.73832565499675
            ],
            [
              -104.77076621632516,
              31.739999965527538
            ],
            [
              -104.77027682849331,
              31.74172138314196
            ],
            [
              -104.77165194691354,
              31.744084031987178
            ],
            [
              -104.77294792534575,
              31.748328291690925
            ]
          ]
        ]
      },
      "properties": {
        "Abbrev": null,
        "Alpha": "N",
        "Area": null,
        "CS_ID": null,
        "CYCLE": null,
        "CycleDsolv": null,
        "DESCRIPT": null,
        "FEATUREKEY": 13,
        "FEATUREK_1": null,
        "FEATURETYP": "Fieldtrip_Module",
        "FID_": null,
        "FID_Cross_": null,
        "FID_FanGeo": null,
        "FID_Fan_De": null,
        "FID_GIS_Re": null,
        "FID_Photo_": null,
        "FID_ftrip_": null,
        "FID_measur": null,
        "FID_patter": null,
        "FOURTH_ORD": null,
        "FOURTH_O_1": null,
        "FanID": null,
        "Fan_Del": null,
        "Fan_Del_sh": null,
        "FeatureT_1": null,
        "Geo_short": null,
        "Geography": null,
        "Gradient": null,
        "Hyperlink": null,
        "ID": null,
        "Id": 13,
        "Id_1": null,
        "LENGTH": null,
        "Location": null,
        "MAPSYMBOL": null,
        "MAP_SYMBOL": null,
        "MS_ID": null,
        "MidptX": null,
        "MidptY": null,
        "Mod_names": null,
        "NAME": "Buena Vista/Delaware Mtn.",
        "NAME_1": null,
        "Name": null,
        "OBJECTID": null,
        "OBJECTID_1": null,
        "ORDERBY": null,
        "ORIG_FID": null,
        "Offset": null,
        "PATTERNID": null,
        "PERSON": null,
        "PMLABEL": null,
        "PM_NAME": null,
        "PM_NAME_NE": null,
        "Pattern": null,
        "Profile": null,
        "REGION": null,
        "SECTIONARC": null,
        "SECTION_AB": null,
        "SOURCE": null,
        "STRAT_INTE": null,
        "SectionArc": null,
        "Shape_Ar_1": null,
        "Shape_Area": null,
        "Shape_Le_1": null,
        "Shape_Leng": null,
        "Shape_Length": null,
        "Stop": null,
        "Stop_Num": null,
        "Symbology": null
      }
    },
    {
      "type": "Feature",
      "geometry": {
        "type": "Polygon",
        "coordinates": [
          [
            [
              -104.77560377103423,
              31.730306270758394
            ],
            [
              -104.77714995059921,
              31.73295003602715
            ],
            [
              -104.7730603857101,
              31.73272575679938
            ],
            [
              -104.77520096627745,
              31.734783557380215
            ],
            [
              -104.77803822719444,
              31.735900057469888
            ],
            [
              -104.7798916830237,
              31.738552228841872
            ],
            [
              -104.78445569527865,
              31.74869670932453
            ],
            [
              -104.77705054628063,
              31.751509568780925
            ],
            [
              -104.77414900782827,
              31.74659055473189
            ],
            [
              -104.77027682849331,
              31.74172138314196
            ],
            [
              -104.77076621632516,
              31.739999965527538
            ],
            [
              -104.76924543456705,
              31.73832565499675
            ],
            [
              -104.76786377696084,
              31.73655013087837
            ],
            [
              -104.76786796635353,
              31.734859735126204
            ],
            [
              -104.76596458047784,
              31.734920052004384
            ],
            [
              -104.76540624550397,
              31.734344928891904
            ],
            [
              -104.76518649526362,
              31.73268601598734
            ],
            [
              -104.76569524195686,
              31.731301558918673
            ],
            [
              -104.76415684613958,
              31.731002310420372
            ],
            [
              -104.76323950903785,
              31.72951357234107
            ],
            [
              -104.76447157428932,
              31.72794133287782
            ],
            [
              -104.76357722364195,
              31.726682461361523
            ],
            [
              -104.76195384715503,
              31.727187815683095
            ],
            [
              -104.75986730804235,
              31.725971924031853
            ],
            [
              -104.75841220318412,
              31.725905392747297
            ],
            [
              -104.75762966892079,
              31.725489283546494
            ],
            [
              -104.75763123640203,
              31.72488329175837
            ],
            [
              -104.75841590362673,
              31.72447014965568
            ],
            [
              -104.75871597549262,
              31.72386472274301
            ],
            [
              -104.75763610353545,
              31.72300152960034
            ],
            [
              -104.75733891822172,
              31.722490654351013
            ],
            [
              -104.75763915557532,
              31.721821439868403
            ],
            [
              -104.75794211859824,
              31.720056551977763
            ],
            [
              -104.7568198720319,
              31.71874232349741
            ],
            [
              -104.75835798546575,
              31.71752061527723
            ],
            [
              -104.75734375264553,
              31.71401976476805
            ],
            [
              -104.75563537692251,
              31.70547142724372
            ],
            [
              -104.75598439542692,
              31.702498808407938
            ],
            [
              -104.7581856109259,
              31.6999643858181
            ],
            [
              -104.76166305269679,
              31.69872715868665
            ],
            [
              -104.76389535964333,
              31.698217962643312
            ],
            [
              -104.76487724621536,
              31.697793648284346
            ],
            [
              -104.76609563450805,
              31.697423202434926
            ],
            [
              -104.76711714919438,
              31.697761612380013
            ],
            [
              -104.76753832326064,
              31.698340507222973
            ],
            [
              -104.766561377732,
              31.70032604521003
            ],
            [
              -104.76672934614786,
              31.70075994720079
            ],
            [
              -104.76854750190441,
              31.700401920074263
            ],
            [
              -104.76930741466872,
              31.70072848944507
            ],
            [
              -104.7675917548312,
              31.707156136472808
            ],
            [
              -104.76661783750363,
              31.709417029770236
            ],
            [
              -104.76645397559489,
              31.712724630739185
            ],
            [
              -104.76797519371334,
              31.71503636895843
            ],
            [
              -104.76699553597938,
              31.718630448088778
            ],
            [
              -104.76885802753283,
              31.717873165506877
            ],
            [
              -104.77177010479996,
              31.717947548013978
            ],
            [
              -104.77281504454588,
              31.720715455964786
            ],
            [
              -104.76960086374143,
              31.72296471219178
            ],
            [
              -104.76793563819884,
              31.722606014782833
            ],
            [
              -104.76760220900572,
              31.722964456488878
            ],
            [
              -104.76898448017539,
              31.723925804851287
            ],
            [
              -104.7712154696691,
              31.724142861375537
            ],
            [
              -104.77367680238441,
              31.724721343588822
            ],
            [
              -104.77435202217619,
              31.72698260646247
            ],
            [
              -104.77560377103423,
              31.730306270758394
            ]
          ]
        ]
      },
      "properties": {
        "Abbrev": null,
        "Alpha": "O",
        "Area": null,
        "CS_ID": null,
        "CYCLE": null,
        "CycleDsolv": null,
        "DESCRIPT": null,
        "FEATUREKEY": 14,
        "FEATUREK_1": null,
        "FEATURETYP": "Fieldtrip_Module",
        "FID_": null,
        "FID_Cross_": null,
        "FID_FanGeo": null,
        "FID_Fan_De": null,
        "FID_GIS_Re": null,
        "FID_Photo_": null,
        "FID_ftrip_": null,
        "FID_measur": null,
        "FID_patter": null,
        "FOURTH_ORD": null,
        "FOURTH_O_1": null,
        "FanID": null,
        "Fan_Del": null,
        "Fan_Del_sh": null,
        "FeatureT_1": null,
        "Geo_short": null,
        "Geography": null,
        "Gradient": null,
        "Hyperlink": null,
        "ID": null,
        "Id": 14,
        "Id_1": null,
        "LENGTH": null,
        "Location": null,
        "MAPSYMBOL": null,
        "MAP_SYMBOL": null,
        "MS_ID": null,
        "MidptX": null,
        "MidptY": null,
        "Mod_names": null,
        "NAME": "Middle Buena Vista",
        "NAME_1": null,
        "Name": null,
        "OBJECTID": null,
        "OBJECTID_1": null,
        "ORDERBY": null,
        "ORIG_FID": null,
        "Offset": null,
        "PATTERNID": null,
        "PERSON": null,
        "PMLABEL": null,
        "PM_NAME": null,
        "PM_NAME_NE": null,
        "Pattern": null,
        "Profile": null,
        "REGION": null,
        "SECTIONARC": null,
        "SECTION_AB": null,
        "SOURCE": null,
        "STRAT_INTE": null,
        "SectionArc": null,
        "Shape_Ar_1": null,
        "Shape_Area": null,
        "Shape_Le_1": null,
        "Shape_Leng": null,
        "Shape_Length": null,
        "Stop": null,
        "Stop_Num": null,
        "Symbology": null
      }
    },
    {
      "type": "Feature",
      "geometry": {
        "type": "Polygon",
        "coordinates": [
          [
            [
              -104.77179546493758,
              31.76172194795299
            ],
            [
              -104.77616417632566,
              31.761219367213354
            ],
            [
              -104.7783570232031,
              31.765241904880888
            ],
            [
              -104.7824968280732,
              31.766907538750054
            ],
            [
              -104.78413961608432,
              31.766814642517875
            ],
            [
              -104.78558988087738,
              31.76927296446659
            ],
            [
              -104.7874158060472,
              31.77074316506623
            ],
            [
              -104.78908913868115,
              31.773680234776133
            ],
            [
              -104.78863845861312,
              31.77485958619147
            ],
            [
              -104.78665835575323,
              31.7754622887727
            ],
            [
              -104.78654861536843,
              31.774473375991317
            ],
            [
              -104.7847579767248,
              31.77386437472445
            ],
            [
              -104.78293336909566,
              31.771820037805565
            ],
            [
              -104.78155309282423,
              31.771371160879667
            ],
            [
              -104.7809191836728,
              31.771051129760536
            ],
            [
              -104.77953591239792,
              31.771878006189496
            ],
            [
              -104.77636290943798,
              31.771744910245847
            ],
            [
              -104.7756883065906,
              31.77282813990362
            ],
            [
              -104.77344209750945,
              31.77365219366435
            ],
            [
              -104.77158322038235,
              31.77301312837651
            ],
            [
              -104.76848786853185,
              31.77085305578718
            ],
            [
              -104.76886257142692,
              31.769794145574682
            ],
            [
              -104.76928052946145,
              31.767958279965033
            ],
            [
              -104.76946227608273,
              31.766699516265533
            ],
            [
              -104.76961701323836,
              31.765627790152184
            ],
            [
              -104.76982806967533,
              31.763862187325415
            ],
            [
              -104.76999656041725,
              31.76259098252813
            ],
            [
              -104.77041176706527,
              31.76185001635523
            ],
            [
              -104.77179546493758,
              31.76172194795299
            ]
          ]
        ]
      },
      "properties": {
        "Abbrev": null,
        "Alpha": "J",
        "Area": null,
        "CS_ID": null,
        "CYCLE": null,
        "CycleDsolv": null,
        "DESCRIPT": null,
        "FEATUREKEY": 9,
        "FEATUREK_1": null,
        "FEATURETYP": "Fieldtrip_Module",
        "FID_": null,
        "FID_Cross_": null,
        "FID_FanGeo": null,
        "FID_Fan_De": null,
        "FID_GIS_Re": null,
        "FID_Photo_": null,
        "FID_ftrip_": null,
        "FID_measur": null,
        "FID_patter": null,
        "FOURTH_ORD": null,
        "FOURTH_O_1": null,
        "FanID": null,
        "Fan_Del": null,
        "Fan_Del_sh": null,
        "FeatureT_1": null,
        "Geo_short": null,
        "Geography": null,
        "Gradient": null,
        "Hyperlink": null,
        "ID": null,
        "Id": 9,
        "Id_1": null,
        "LENGTH": null,
        "Location": null,
        "MAPSYMBOL": null,
        "MAP_SYMBOL": null,
        "MS_ID": null,
        "MidptX": null,
        "MidptY": null,
        "Mod_names": null,
        "NAME": "Plane Crash Canyon",
        "NAME_1": null,
        "Name": null,
        "OBJECTID": null,
        "OBJECTID_1": null,
        "ORDERBY": null,
        "ORIG_FID": null,
        "Offset": null,
        "PATTERNID": null,
        "PERSON": null,
        "PMLABEL": null,
        "PM_NAME": null,
        "PM_NAME_NE": null,
        "Pattern": null,
        "Profile": null,
        "REGION": null,
        "SECTIONARC": null,
        "SECTION_AB": null,
        "SOURCE": null,
        "STRAT_INTE": null,
        "SectionArc": null,
        "Shape_Ar_1": null,
        "Shape_Area": null,
        "Shape_Le_1": null,
        "Shape_Leng": null,
        "Shape_Length": null,
        "Stop": null,
        "Stop_Num": null,
        "Symbology": null
      }
    },
    {
      "type": "Feature",
      "geometry": {
        "type": "Polygon",
        "coordinates": [
          [
            [
              -104.79990953044145,
              31.775712472802645
            ],
            [
              -104.79982440504759,
              31.776670372517266
            ],
            [
              -104.7988267159046,
              31.777059114557755
            ],
            [
              -104.7967702528001,
              31.77721394257953
            ],
            [
              -104.7903469555955,
              31.761468552627182
            ],
            [
              -104.78605898523071,
              31.752390218351664
            ],
            [
              -104.79028765848675,
              31.75089457750086
            ],
            [
              -104.79344706586858,
              31.757297785099258
            ],
            [
              -104.79468022406486,
              31.760443228816737
            ],
            [
              -104.79706748952051,
              31.76517988443914
            ],
            [
              -104.79731230335342,
              31.76666370013873
            ],
            [
              -104.797226652736,
              31.767937523383747
            ],
            [
              -104.7957698699644,
              31.769389994904785
            ],
            [
              -104.79667963140741,
              31.771201066048416
            ],
            [
              -104.79663554624237,
              31.772371925935865
            ],
            [
              -104.79895805136462,
              31.773936842818898
            ],
            [
              -104.79990953044145,
              31.775712472802645
            ]
          ]
        ]
      },
      "properties": {
        "Abbrev": null,
        "Alpha": "K",
        "Area": null,
        "CS_ID": null,
        "CYCLE": null,
        "CycleDsolv": null,
        "DESCRIPT": null,
        "FEATUREKEY": 10,
        "FEATUREK_1": null,
        "FEATURETYP": "Fieldtrip_Module",
        "FID_": null,
        "FID_Cross_": null,
        "FID_FanGeo": null,
        "FID_Fan_De": null,
        "FID_GIS_Re": null,
        "FID_Photo_": null,
        "FID_ftrip_": null,
        "FID_measur": null,
        "FID_patter": null,
        "FOURTH_ORD": null,
        "FOURTH_O_1": null,
        "FanID": null,
        "Fan_Del": null,
        "Fan_Del_sh": null,
        "FeatureT_1": null,
        "Geo_short": null,
        "Geography": null,
        "Gradient": null,
        "Hyperlink": null,
        "ID": null,
        "Id": 10,
        "Id_1": null,
        "LENGTH": null,
        "Location": null,
        "MAPSYMBOL": null,
        "MAP_SYMBOL": null,
        "MS_ID": null,
        "MidptX": null,
        "MidptY": null,
        "Mod_names": null,
        "NAME": "Pollo Wall",
        "NAME_1": null,
        "Name": null,
        "OBJECTID": null,
        "OBJECTID_1": null,
        "ORDERBY": null,
        "ORIG_FID": null,
        "Offset": null,
        "PATTERNID": null,
        "PERSON": null,
        "PMLABEL": null,
        "PM_NAME": null,
        "PM_NAME_NE": null,
        "Pattern": null,
        "Profile": null,
        "REGION": null,
        "SECTIONARC": null,
        "SECTION_AB": null,
        "SOURCE": null,
        "STRAT_INTE": null,
        "SectionArc": null,
        "Shape_Ar_1": null,
        "Shape_Area": null,
        "Shape_Le_1": null,
        "Shape_Leng": null,
        "Shape_Length": null,
        "Stop": null,
        "Stop_Num": null,
        "Symbology": null
      }
    },
    {
      "type": "Feature",
      "geometry": {
        "type": "Polygon",
        "coordinates": [
          [
            [
              -104.7967702528001,
              31.77721394257953
            ],
            [
              -104.79467246526123,
              31.777371847091466
            ],
            [
              -104.79159994035257,
              31.776870112058223
            ],
            [
              -104.788903514415,
              31.775375409672957
            ],
            [
              -104.78978182146174,
              31.772680172605224
            ],
            [
              -104.79099392524297,
              31.769275820186223
            ],
            [
              -104.78938379149503,
              31.76501524511359
            ],
            [
              -104.78926240712885,
              31.763595734301447
            ],
            [
              -104.78698331197052,
              31.761392021559846
            ],
            [
              -104.78686164460814,
              31.76011443842428
            ],
            [
              -104.7871967805982,
              31.75883761680325
            ],
            [
              -104.78607757765906,
              31.757948677359117
            ],
            [
              -104.78607977389508,
              31.756990645439494
            ],
            [
              -104.78438137088227,
              31.75517816656605
            ],
            [
              -104.78309811747535,
              31.75343733597795
            ],
            [
              -104.78605898523071,
              31.752390218351664
            ],
            [
              -104.7903469555955,
              31.761468552627182
            ],
            [
              -104.7967702528001,
              31.77721394257953
            ]
          ]
        ]
      },
      "properties": {
        "Abbrev": null,
        "Alpha": "L",
        "Area": null,
        "CS_ID": null,
        "CYCLE": null,
        "CycleDsolv": null,
        "DESCRIPT": null,
        "FEATUREKEY": 11,
        "FEATUREK_1": null,
        "FEATURETYP": "Fieldtrip_Module",
        "FID_": null,
        "FID_Cross_": null,
        "FID_FanGeo": null,
        "FID_Fan_De": null,
        "FID_GIS_Re": null,
        "FID_Photo_": null,
        "FID_ftrip_": null,
        "FID_measur": null,
        "FID_patter": null,
        "FOURTH_ORD": null,
        "FOURTH_O_1": null,
        "FanID": null,
        "Fan_Del": null,
        "Fan_Del_sh": null,
        "FeatureT_1": null,
        "Geo_short": null,
        "Geography": null,
        "Gradient": null,
        "Hyperlink": null,
        "ID": null,
        "Id": 11,
        "Id_1": null,
        "LENGTH": null,
        "Location": null,
        "MAPSYMBOL": null,
        "MAP_SYMBOL": null,
        "MS_ID": null,
        "MidptX": null,
        "MidptY": null,
        "Mod_names": null,
        "NAME": "Popo Wall",
        "NAME_1": null,
        "Name": null,
        "OBJECTID": null,
        "OBJECTID_1": null,
        "ORDERBY": null,
        "ORIG_FID": null,
        "Offset": null,
        "PATTERNID": null,
        "PERSON": null,
        "PMLABEL": null,
        "PM_NAME": null,
        "PM_NAME_NE": null,
        "Pattern": null,
        "Profile": null,
        "REGION": null,
        "SECTIONARC": null,
        "SECTION_AB": null,
        "SOURCE": null,
        "STRAT_INTE": null,
        "SectionArc": null,
        "Shape_Ar_1": null,
        "Shape_Area": null,
        "Shape_Le_1": null,
        "Shape_Leng": null,
        "Shape_Length": null,
        "Stop": null,
        "Stop_Num": null,
        "Symbology": null
      }
    },
    {
      "type": "Feature",
      "geometry": {
        "type": "Polygon",
        "coordinates": [
          [
            [
              -104.78938379149503,
              31.76501524511359
            ],
            [
              -104.78572890247091,
              31.765115613806323
            ],
            [
              -104.7823353577141,
              31.76000035653636
            ],
            [
              -104.78067357884416,
              31.76028137584235
            ],
            [
              -104.77959804471452,
              31.758505385157278
            ],
            [
              -104.77947983741603,
              31.75580848869519
            ],
            [
              -104.77911223635263,
              31.753217608393268
            ],
            [
              -104.78438137088227,
              31.75517816656605
            ],
            [
              -104.78607977389508,
              31.756990645439494
            ],
            [
              -104.78607757765906,
              31.757948677359117
            ],
            [
              -104.7871967805982,
              31.75883761680325
            ],
            [
              -104.78686164460814,
              31.76011443842428
            ],
            [
              -104.78698331197052,
              31.761392021559846
            ],
            [
              -104.78926240712885,
              31.763595734301447
            ],
            [
              -104.78938379149503,
              31.76501524511359
            ]
          ]
        ]
      },
      "properties": {
        "Abbrev": null,
        "Alpha": "M",
        "Area": null,
        "CS_ID": null,
        "CYCLE": null,
        "CycleDsolv": null,
        "DESCRIPT": null,
        "FEATUREKEY": 12,
        "FEATUREK_1": null,
        "FEATURETYP": "Fieldtrip_Module",
        "FID_": null,
        "FID_Cross_": null,
        "FID_FanGeo": null,
        "FID_Fan_De": null,
        "FID_GIS_Re": null,
        "FID_Photo_": null,
        "FID_ftrip_": null,
        "FID_measur": null,
        "FID_patter": null,
        "FOURTH_ORD": null,
        "FOURTH_O_1": null,
        "FanID": null,
        "Fan_Del": null,
        "Fan_Del_sh": null,
        "FeatureT_1": null,
        "Geo_short": null,
        "Geography": null,
        "Gradient": null,
        "Hyperlink": null,
        "ID": null,
        "Id": 12,
        "Id_1": null,
        "LENGTH": null,
        "Location": null,
        "MAPSYMBOL": null,
        "MAP_SYMBOL": null,
        "MS_ID": null,
        "MidptX": null,
        "MidptY": null,
        "Mod_names": null,
        "NAME": "Upper Popo-Popocito",
        "NAME_1": null,
        "Name": null,
        "OBJECTID": null,
        "OBJECTID_1": null,
        "ORDERBY": null,
        "ORIG_FID": null,
        "Offset": null,
        "PATTERNID": null,
        "PERSON": null,
        "PMLABEL": null,
        "PM_NAME": null,
        "PM_NAME_NE": null,
        "Pattern": null,
        "Profile": null,
        "REGION": null,
        "SECTIONARC": null,
        "SECTION_AB": null,
        "SOURCE": null,
        "STRAT_INTE": null,
        "SectionArc": null,
        "Shape_Ar_1": null,
        "Shape_Area": null,
        "Shape_Le_1": null,
        "Shape_Leng": null,
        "Shape_Length": null,
        "Stop": null,
        "Stop_Num": null,
        "Symbology": null
      }
    },
    {
      "type": "Feature",
      "geometry": {
        "type": "Polygon",
        "coordinates": [
          [
            [
              -104.8122492502289,
              31.773815140584745
            ],
            [
              -104.80435179942491,
              31.77665609869455
            ],
            [
              -104.80414911277404,
              31.774278446083134
            ],
            [
              -104.80012507992672,
              31.772036800416977
            ],
            [
              -104.79763631841122,
              31.77054260657393
            ],
            [
              -104.79785112245122,
              31.76724659953442
            ],
            [
              -104.798395702339,
              31.765083011713003
            ],
            [
              -104.79993946563708,
              31.761750057607017
            ],
            [
              -104.79936790268121,
              31.757171879785425
            ],
            [
              -104.80120481706365,
              31.75259746643328
            ],
            [
              -104.80386242409955,
              31.752583832385326
            ],
            [
              -104.8065092613669,
              31.75776836153157
            ],
            [
              -104.80695916174004,
              31.76110442610462
            ],
            [
              -104.80421680276581,
              31.761809908791193
            ],
            [
              -104.8043396783832,
              31.762626201229146
            ],
            [
              -104.80770104519107,
              31.76383771993325
            ],
            [
              -104.80653395233043,
              31.7658939589404
            ],
            [
              -104.80615833590049,
              31.76678045876057
            ],
            [
              -104.80802620466524,
              31.767280038154357
            ],
            [
              -104.80864655320309,
              31.768558348335684
            ],
            [
              -104.8079748927305,
              31.772034649808514
            ],
            [
              -104.8122492502289,
              31.773815140584745
            ]
          ]
        ]
      },
      "properties": {
        "Abbrev": null,
        "Alpha": "H",
        "Area": null,
        "CS_ID": null,
        "CYCLE": null,
        "CycleDsolv": null,
        "DESCRIPT": null,
        "FEATUREKEY": 8,
        "FEATUREK_1": null,
        "FEATURETYP": "Fieldtrip_Module",
        "FID_": null,
        "FID_Cross_": null,
        "FID_FanGeo": null,
        "FID_Fan_De": null,
        "FID_GIS_Re": null,
        "FID_Photo_": null,
        "FID_ftrip_": null,
        "FID_measur": null,
        "FID_patter": null,
        "FOURTH_ORD": null,
        "FOURTH_O_1": null,
        "FanID": null,
        "Fan_Del": null,
        "Fan_Del_sh": null,
        "FeatureT_1": null,
        "Geo_short": null,
        "Geography": null,
        "Gradient": null,
        "Hyperlink": null,
        "ID": null,
        "Id": 8,
        "Id_1": null,
        "LENGTH": null,
        "Location": null,
        "MAPSYMBOL": null,
        "MAP_SYMBOL": null,
        "MS_ID": null,
        "MidptX": null,
        "MidptY": null,
        "Mod_names": null,
        "NAME": "Lower Chinamans Hat",
        "NAME_1": null,
        "Name": null,
        "OBJECTID": null,
        "OBJECTID_1": null,
        "ORDERBY": null,
        "ORIG_FID": null,
        "Offset": null,
        "PATTERNID": null,
        "PERSON": null,
        "PMLABEL": null,
        "PM_NAME": null,
        "PM_NAME_NE": null,
        "Pattern": null,
        "Profile": null,
        "REGION": null,
        "SECTIONARC": null,
        "SECTION_AB": null,
        "SOURCE": null,
        "STRAT_INTE": null,
        "SectionArc": null,
        "Shape_Ar_1": null,
        "Shape_Area": null,
        "Shape_Le_1": null,
        "Shape_Leng": null,
        "Shape_Length": null,
        "Stop": null,
        "Stop_Num": null,
        "Symbology": null
      }
    },
    {
      "type": "Feature",
      "geometry": {
        "type": "Polygon",
        "coordinates": [
          [
            [
              -104.81249097036311,
              31.77754118145397
            ],
            [
              -104.80858391900576,
              31.778848246140647
            ],
            [
              -104.81161420772135,
              31.779775301758825
            ],
            [
              -104.81185411336182,
              31.78356974077324
            ],
            [
              -104.80704338263865,
              31.784133171608236
            ],
            [
              -104.8064581038682,
              31.782442987115992
            ],
            [
              -104.80434167960922,
              31.781481729813333
            ],
            [
              -104.8022247728421,
              31.780768815342817
            ],
            [
              -104.80031679831193,
              31.779488469536332
            ],
            [
              -104.79982117674768,
              31.778174833973072
            ],
            [
              -104.80435179942491,
              31.77665609869455
            ],
            [
              -104.8122492502289,
              31.773815140584745
            ],
            [
              -104.81249097036311,
              31.77754118145397
            ]
          ]
        ]
      },
      "properties": {
        "Abbrev": null,
        "Alpha": "I",
        "Area": null,
        "CS_ID": null,
        "CYCLE": null,
        "CycleDsolv": null,
        "DESCRIPT": null,
        "FEATUREKEY": 8,
        "FEATUREK_1": null,
        "FEATURETYP": "Fieldtrip_Module",
        "FID_": null,
        "FID_Cross_": null,
        "FID_FanGeo": null,
        "FID_Fan_De": null,
        "FID_GIS_Re": null,
        "FID_Photo_": null,
        "FID_ftrip_": null,
        "FID_measur": null,
        "FID_patter": null,
        "FOURTH_ORD": null,
        "FOURTH_O_1": null,
        "FanID": null,
        "Fan_Del": null,
        "Fan_Del_sh": null,
        "FeatureT_1": null,
        "Geo_short": null,
        "Geography": null,
        "Gradient": null,
        "Hyperlink": null,
        "ID": null,
        "Id": 8,
        "Id_1": null,
        "LENGTH": null,
        "Location": null,
        "MAPSYMBOL": null,
        "MAP_SYMBOL": null,
        "MS_ID": null,
        "MidptX": null,
        "MidptY": null,
        "Mod_names": null,
        "NAME": "Patterson Pothole",
        "NAME_1": null,
        "Name": null,
        "OBJECTID": null,
        "OBJECTID_1": null,
        "ORDERBY": null,
        "ORIG_FID": null,
        "Offset": null,
        "PATTERNID": null,
        "PERSON": null,
        "PMLABEL": null,
        "PM_NAME": null,
        "PM_NAME_NE": null,
        "Pattern": null,
        "Profile": null,
        "REGION": null,
        "SECTIONARC": null,
        "SECTION_AB": null,
        "SOURCE": null,
        "STRAT_INTE": null,
        "SectionArc": null,
        "Shape_Ar_1": null,
        "Shape_Area": null,
        "Shape_Le_1": null,
        "Shape_Leng": null,
        "Shape_Length": null,
        "Stop": null,
        "Stop_Num": null,
        "Symbology": null
      }
    },
    {
      "type": "Feature",
      "geometry": {
        "type": "Polygon",
        "coordinates": [
          [
            [
              -104.81713647819785,
              31.8020593284355
            ],
            [
              -104.81700961005419,
              31.80319458905943
            ],
            [
              -104.816921917995,
              31.805536312598942
            ],
            [
              -104.81807896556906,
              31.8084427135001
            ],
            [
              -104.81820028696826,
              31.809855664956544
            ],
            [
              -104.81790904742185,
              31.810738236415734
            ],
            [
              -104.81687436146366,
              31.811089951077314
            ],
            [
              -104.81550941677295,
              31.811123305398844
            ],
            [
              -104.81071332409421,
              31.810303936938823
            ],
            [
              -104.80662130151275,
              31.809061622904053
            ],
            [
              -104.8061151543529,
              31.807542863558336
            ],
            [
              -104.80566233056922,
              31.805519670103138
            ],
            [
              -104.80462868135932,
              31.803105278728406
            ],
            [
              -104.81215758817658,
              31.79871673813979
            ],
            [
              -104.8118287345281,
              31.796977606701414
            ],
            [
              -104.81278731966312,
              31.79545326362521
            ],
            [
              -104.81158629203183,
              31.79359930464479
            ],
            [
              -104.81098719778193,
              31.792619766027347
            ],
            [
              -104.81293558003456,
              31.79149231681619
            ],
            [
              -104.81503270991033,
              31.794434636420437
            ],
            [
              -104.81448805977173,
              31.79674021613007
            ],
            [
              -104.81639581756858,
              31.798410655641245
            ],
            [
              -104.81564449883267,
              31.80018370275718
            ],
            [
              -104.81668162607293,
              31.800958716253124
            ],
            [
              -104.81713647819785,
              31.8020593284355
            ]
          ]
        ]
      },
      "properties": {
        "Abbrev": null,
        "Alpha": "G",
        "Area": null,
        "CS_ID": null,
        "CYCLE": null,
        "CycleDsolv": null,
        "DESCRIPT": null,
        "FEATUREKEY": 7,
        "FEATUREK_1": null,
        "FEATURETYP": "Fieldtrip_Module",
        "FID_": null,
        "FID_Cross_": null,
        "FID_FanGeo": null,
        "FID_Fan_De": null,
        "FID_GIS_Re": null,
        "FID_Photo_": null,
        "FID_ftrip_": null,
        "FID_measur": null,
        "FID_patter": null,
        "FOURTH_ORD": null,
        "FOURTH_O_1": null,
        "FanID": null,
        "Fan_Del": null,
        "Fan_Del_sh": null,
        "FeatureT_1": null,
        "Geo_short": null,
        "Geography": null,
        "Gradient": null,
        "Hyperlink": null,
        "ID": null,
        "Id": 7,
        "Id_1": null,
        "LENGTH": null,
        "Location": null,
        "MAPSYMBOL": null,
        "MAP_SYMBOL": null,
        "MS_ID": null,
        "MidptX": null,
        "MidptY": null,
        "Mod_names": null,
        "NAME": "Lower Brushy Mesa",
        "NAME_1": null,
        "Name": null,
        "OBJECTID": null,
        "OBJECTID_1": null,
        "ORDERBY": null,
        "ORIG_FID": null,
        "Offset": null,
        "PATTERNID": null,
        "PERSON": null,
        "PMLABEL": null,
        "PM_NAME": null,
        "PM_NAME_NE": null,
        "Pattern": null,
        "Profile": null,
        "REGION": null,
        "SECTIONARC": null,
        "SECTION_AB": null,
        "SOURCE": null,
        "STRAT_INTE": null,
        "SectionArc": null,
        "Shape_Ar_1": null,
        "Shape_Area": null,
        "Shape_Le_1": null,
        "Shape_Leng": null,
        "Shape_Length": null,
        "Stop": null,
        "Stop_Num": null,
        "Symbology": null
      }
    },
    {
      "type": "Feature",
      "geometry": {
        "type": "Polygon",
        "coordinates": [
          [
            [
              -104.81141356982516,
              31.796838612071365
            ],
            [
              -104.81020502721748,
              31.79868191640632
            ],
            [
              -104.80858308848849,
              31.79949559464834
            ],
            [
              -104.80762651526686,
              31.799990913106733
            ],
            [
              -104.80654580918089,
              31.800237658240945
            ],
            [
              -104.80538274610306,
              31.800129442892132
            ],
            [
              -104.8046775074284,
              31.799631609799224
            ],
            [
              -104.80393058168947,
              31.799204673928784
            ],
            [
              -104.80347447955155,
              31.798778181664424
            ],
            [
              -104.80264395033323,
              31.79859948759255
            ],
            [
              -104.80222970319961,
              31.798031125196257
            ],
            [
              -104.80215113172815,
              31.795902047886003
            ],
            [
              -104.80252878500671,
              31.794128502338765
            ],
            [
              -104.80419237402825,
              31.79324399908326
            ],
            [
              -104.80660030894241,
              31.79399280389504
            ],
            [
              -104.80921810529192,
              31.793712881069926
            ],
            [
              -104.810796522775,
              31.793821677413792
            ],
            [
              -104.81162595023874,
              31.794532555999965
            ],
            [
              -104.81195593630255,
              31.795703968561387
            ],
            [
              -104.81141356982516,
              31.796838612071365
            ]
          ]
        ]
      },
      "properties": {
        "Abbrev": null,
        "Alpha": "F",
        "Area": null,
        "CS_ID": null,
        "CYCLE": null,
        "CycleDsolv": null,
        "DESCRIPT": null,
        "FEATUREKEY": 6,
        "FEATUREK_1": null,
        "FEATURETYP": "Fieldtrip_Module",
        "FID_": null,
        "FID_Cross_": null,
        "FID_FanGeo": null,
        "FID_Fan_De": null,
        "FID_GIS_Re": null,
        "FID_Photo_": null,
        "FID_ftrip_": null,
        "FID_measur": null,
        "FID_patter": null,
        "FOURTH_ORD": null,
        "FOURTH_O_1": null,
        "FanID": null,
        "Fan_Del": null,
        "Fan_Del_sh": null,
        "FeatureT_1": null,
        "Geo_short": null,
        "Geography": null,
        "Gradient": null,
        "Hyperlink": null,
        "ID": null,
        "Id": 6,
        "Id_1": null,
        "LENGTH": null,
        "Location": null,
        "MAPSYMBOL": null,
        "MAP_SYMBOL": null,
        "MS_ID": null,
        "MidptX": null,
        "MidptY": null,
        "Mod_names": null,
        "NAME": "Upper Brushy Mesa",
        "NAME_1": null,
        "Name": null,
        "OBJECTID": null,
        "OBJECTID_1": null,
        "ORDERBY": null,
        "ORIG_FID": null,
        "Offset": null,
        "PATTERNID": null,
        "PERSON": null,
        "PMLABEL": null,
        "PM_NAME": null,
        "PM_NAME_NE": null,
        "Pattern": null,
        "Profile": null,
        "REGION": null,
        "SECTIONARC": null,
        "SECTION_AB": null,
        "SOURCE": null,
        "STRAT_INTE": null,
        "SectionArc": null,
        "Shape_Ar_1": null,
        "Shape_Area": null,
        "Shape_Le_1": null,
        "Shape_Leng": null,
        "Shape_Length": null,
        "Stop": null,
        "Stop_Num": null,
        "Symbology": null
      }
    },
    {
      "type": "Feature",
      "geometry": {
        "type": "Polygon",
        "coordinates": [
          [
            [
              -104.84192343380718,
              31.851124947064623
            ],
            [
              -104.84417959587746,
              31.854612552801957
            ],
            [
              -104.84483735413383,
              31.85720343048457
            ],
            [
              -104.8459398236036,
              31.857816965598737
            ],
            [
              -104.84457247988753,
              31.860636260333038
            ],
            [
              -104.84411213132455,
              31.862530939215
            ],
            [
              -104.83819344241275,
              31.865296665734263
            ],
            [
              -104.83513103432604,
              31.865472975319058
            ],
            [
              -104.8324215536484,
              31.865108986482834
            ],
            [
              -104.83087476989948,
              31.864085644664552
            ],
            [
              -104.82863668075638,
              31.86056011398247
            ],
            [
              -104.82811861801012,
              31.858162495563445
            ],
            [
              -104.82740269579662,
              31.85682371208436
            ],
            [
              -104.82511962612583,
              31.855371301303467
            ],
            [
              -104.8229678769372,
              31.853584577191963
            ],
            [
              -104.81967090845863,
              31.851868748500593
            ],
            [
              -104.81904137777765,
              31.849855289806325
            ],
            [
              -104.81633668748368,
              31.847328205585047
            ],
            [
              -104.81651583213842,
              31.84570639305594
            ],
            [
              -104.81792491628211,
              31.84492741453113
            ],
            [
              -104.82126933507283,
              31.84415114557869
            ],
            [
              -104.83513503411305,
              31.843328735874767
            ],
            [
              -104.83657679610084,
              31.84387128043577
            ],
            [
              -104.8382615061425,
              31.846366609991804
            ],
            [
              -104.83878531858612,
              31.84730654237685
            ],
            [
              -104.84192343380718,
              31.851124947064623
            ]
          ]
        ]
      },
      "properties": {
        "Abbrev": null,
        "Alpha": "E",
        "Area": null,
        "CS_ID": null,
        "CYCLE": null,
        "CycleDsolv": null,
        "DESCRIPT": null,
        "FEATUREKEY": 5,
        "FEATUREK_1": null,
        "FEATURETYP": "Fieldtrip_Module",
        "FID_": null,
        "FID_Cross_": null,
        "FID_FanGeo": null,
        "FID_Fan_De": null,
        "FID_GIS_Re": null,
        "FID_Photo_": null,
        "FID_ftrip_": null,
        "FID_measur": null,
        "FID_patter": null,
        "FOURTH_ORD": null,
        "FOURTH_O_1": null,
        "FanID": null,
        "Fan_Del": null,
        "Fan_Del_sh": null,
        "FeatureT_1": null,
        "Geo_short": null,
        "Geography": null,
        "Gradient": null,
        "Hyperlink": null,
        "ID": null,
        "Id": 5,
        "Id_1": null,
        "LENGTH": null,
        "Location": null,
        "MAPSYMBOL": null,
        "MAP_SYMBOL": null,
        "MS_ID": null,
        "MidptX": null,
        "MidptY": null,
        "Mod_names": null,
        "NAME": "Guadalupe Canyon N. Del. Mtn. Ridgeline",
        "NAME_1": null,
        "Name": null,
        "OBJECTID": null,
        "OBJECTID_1": null,
        "ORDERBY": null,
        "ORIG_FID": null,
        "Offset": null,
        "PATTERNID": null,
        "PERSON": null,
        "PMLABEL": null,
        "PM_NAME": null,
        "PM_NAME_NE": null,
        "Pattern": null,
        "Profile": null,
        "REGION": null,
        "SECTIONARC": null,
        "SECTION_AB": null,
        "SOURCE": null,
        "STRAT_INTE": null,
        "SectionArc": null,
        "Shape_Ar_1": null,
        "Shape_Area": null,
        "Shape_Le_1": null,
        "Shape_Leng": null,
        "Shape_Length": null,
        "Stop": null,
        "Stop_Num": null,
        "Symbology": null
      }
    },
    {
      "type": "Feature",
      "geometry": {
        "type": "Polygon",
        "coordinates": [
          [
            [
              -104.85055621579912,
              31.841947644053818
            ],
            [
              -104.85001903761986,
              31.84464469374657
            ],
            [
              -104.84884011750891,
              31.84681726131352
            ],
            [
              -104.84798592946798,
              31.850049311153448
            ],
            [
              -104.84804587307165,
              31.85333818728592
            ],
            [
              -104.84660281268627,
              31.857182688468573
            ],
            [
              -104.8459398236036,
              31.857816965598737
            ],
            [
              -104.84483735413383,
              31.85720343048457
            ],
            [
              -104.84472296236828,
              31.855821547423698
            ],
            [
              -104.8445118879916,
              31.85385948101636
            ],
            [
              -104.84444492071275,
              31.850120175042044
            ],
            [
              -104.84252173529936,
              31.846665292827826
            ],
            [
              -104.8425290922401,
              31.8423098071084
            ],
            [
              -104.84539531518975,
              31.83986998230537
            ],
            [
              -104.84795280799474,
              31.835889364470017
            ],
            [
              -104.84926004785615,
              31.835465987278052
            ],
            [
              -104.8498804186298,
              31.836582151304597
            ],
            [
              -104.8500024621948,
              31.83806953875294
            ],
            [
              -104.85055621579912,
              31.841947644053818
            ]
          ]
        ]
      },
      "properties": {
        "Abbrev": null,
        "Alpha": "D",
        "Area": null,
        "CS_ID": null,
        "CYCLE": null,
        "CycleDsolv": null,
        "DESCRIPT": null,
        "FEATUREKEY": 4,
        "FEATUREK_1": null,
        "FEATURETYP": "Fieldtrip_Module",
        "FID_": null,
        "FID_Cross_": null,
        "FID_FanGeo": null,
        "FID_Fan_De": null,
        "FID_GIS_Re": null,
        "FID_Photo_": null,
        "FID_ftrip_": null,
        "FID_measur": null,
        "FID_patter": null,
        "FOURTH_ORD": null,
        "FOURTH_O_1": null,
        "FanID": null,
        "Fan_Del": null,
        "Fan_Del_sh": null,
        "FeatureT_1": null,
        "Geo_short": null,
        "Geography": null,
        "Gradient": null,
        "Hyperlink": null,
        "ID": null,
        "Id": 4,
        "Id_1": null,
        "LENGTH": null,
        "Location": null,
        "MAPSYMBOL": null,
        "MAP_SYMBOL": null,
        "MS_ID": null,
        "MidptX": null,
        "MidptY": null,
        "Mod_names": null,
        "NAME": "Rest Area Gully Area",
        "NAME_1": null,
        "Name": null,
        "OBJECTID": null,
        "OBJECTID_1": null,
        "ORDERBY": null,
        "ORIG_FID": null,
        "Offset": null,
        "PATTERNID": null,
        "PERSON": null,
        "PMLABEL": null,
        "PM_NAME": null,
        "PM_NAME_NE": null,
        "Pattern": null,
        "Profile": null,
        "REGION": null,
        "SECTIONARC": null,
        "SECTION_AB": null,
        "SOURCE": null,
        "STRAT_INTE": null,
        "SectionArc": null,
        "Shape_Ar_1": null,
        "Shape_Area": null,
        "Shape_Le_1": null,
        "Shape_Leng": null,
        "Shape_Length": null,
        "Stop": null,
        "Stop_Num": null,
        "Symbology": null
      }
    },
    {
      "type": "Feature",
      "geometry": {
        "type": "Polygon",
        "coordinates": [
          [
            [
              -104.84457247988753,
              31.860636260333038
            ],
            [
              -104.85002303565608,
              31.857633459040247
            ],
            [
              -104.85134699461453,
              31.857776284439232
            ],
            [
              -104.85200774228217,
              31.858624713301797
            ],
            [
              -104.85360663256907,
              31.859380033285447
            ],
            [
              -104.85796548916638,
              31.85938495679273
            ],
            [
              -104.86160525006902,
              31.86061335296733
            ],
            [
              -104.8633667490943,
              31.86344078607954
            ],
            [
              -104.86380604071678,
              31.864901115241302
            ],
            [
              -104.86380329063253,
              31.86678480196919
            ],
            [
              -104.8622708530783,
              31.86813691250219
            ],
            [
              -104.86076653399004,
              31.86862411586723
            ],
            [
              -104.85918912238063,
              31.870088890519302
            ],
            [
              -104.85861501714842,
              31.870943716891812
            ],
            [
              -104.8574686432648,
              31.871431276841744
            ],
            [
              -104.85670510168538,
              31.87057259239054
            ],
            [
              -104.85586139545423,
              31.867059876968472
            ],
            [
              -104.85377225553032,
              31.86644433539044
            ],
            [
              -104.85122416036491,
              31.866943071918488
            ],
            [
              -104.85076463039496,
              31.868391835673002
            ],
            [
              -104.85167666762895,
              31.869897940931477
            ],
            [
              -104.85082468216245,
              31.87168070122447
            ],
            [
              -104.84873375210216,
              31.87212417838583
            ],
            [
              -104.84683986057456,
              31.871898950479174
            ],
            [
              -104.84547102659222,
              31.870169289672074
            ],
            [
              -104.8458018602002,
              31.867605544088715
            ],
            [
              -104.84547860836298,
              31.865598429648003
            ],
            [
              -104.84411213132455,
              31.862530939215
            ],
            [
              -104.84457247988753,
              31.860636260333038
            ]
          ]
        ]
      },
      "properties": {
        "Abbrev": null,
        "Alpha": "C",
        "Area": null,
        "CS_ID": null,
        "CYCLE": null,
        "CycleDsolv": null,
        "DESCRIPT": null,
        "FEATUREKEY": 3,
        "FEATUREK_1": null,
        "FEATURETYP": "Fieldtrip_Module",
        "FID_": null,
        "FID_Cross_": null,
        "FID_FanGeo": null,
        "FID_Fan_De": null,
        "FID_GIS_Re": null,
        "FID_Photo_": null,
        "FID_ftrip_": null,
        "FID_measur": null,
        "FID_patter": null,
        "FOURTH_ORD": null,
        "FOURTH_O_1": null,
        "FanID": null,
        "Fan_Del": null,
        "Fan_Del_sh": null,
        "FeatureT_1": null,
        "Geo_short": null,
        "Geography": null,
        "Gradient": null,
        "Hyperlink": null,
        "ID": null,
        "Id": 3,
        "Id_1": null,
        "LENGTH": null,
        "Location": null,
        "MAPSYMBOL": null,
        "MAP_SYMBOL": null,
        "MS_ID": null,
        "MidptX": null,
        "MidptY": null,
        "Mod_names": null,
        "NAME": "Salt Flat Bench",
        "NAME_1": null,
        "Name": null,
        "OBJECTID": null,
        "OBJECTID_1": null,
        "ORDERBY": null,
        "ORIG_FID": null,
        "Offset": null,
        "PATTERNID": null,
        "PERSON": null,
        "PMLABEL": null,
        "PM_NAME": null,
        "PM_NAME_NE": null,
        "Pattern": null,
        "Profile": null,
        "REGION": null,
        "SECTIONARC": null,
        "SECTION_AB": null,
        "SOURCE": null,
        "STRAT_INTE": null,
        "SectionArc": null,
        "Shape_Ar_1": null,
        "Shape_Area": null,
        "Shape_Le_1": null,
        "Shape_Leng": null,
        "Shape_Length": null,
        "Stop": null,
        "Stop_Num": null,
        "Symbology": null
      }
    },
    {
      "type": "Feature",
      "geometry": {
        "type": "Polygon",
        "coordinates": [
          [
            [
              -104.86735394850142,
              31.869190542226768
            ],
            [
              -104.87313996223682,
              31.86799110742185
            ],
            [
              -104.87636749654885,
              31.87534065654978
            ],
            [
              -104.87974853774963,
              31.878169414642777
            ],
            [
              -104.88114076660159,
              31.882754353158603
            ],
            [
              -104.87929941400263,
              31.88407120579658
            ],
            [
              -104.8786128068097,
              31.884386989099426
            ],
            [
              -104.8800095111829,
              31.885518519573463
            ],
            [
              -104.88044959255313,
              31.886649142719836
            ],
            [
              -104.87985910249938,
              31.888029956688968
            ],
            [
              -104.87985724365531,
              31.889474112128465
            ],
            [
              -104.87816316883712,
              31.890602716884363
            ],
            [
              -104.87757327813142,
              31.891481204565622
            ],
            [
              -104.87830838799673,
              31.892109801321695
            ],
            [
              -104.87838124484018,
              31.89267497537646
            ],
            [
              -104.87815947948948,
              31.893428236755692
            ],
            [
              -104.87837936250132,
              31.894119129670994
            ],
            [
              -104.87842441787328,
              31.894898720570673
            ],
            [
              -104.87894630610087,
              31.895512379459436
            ],
            [
              -104.88479626710469,
              31.902046609260463
            ],
            [
              -104.88729636265003,
              31.90399530842517
            ],
            [
              -104.88781940811123,
              31.905994413677572
            ],
            [
              -104.88802885228803,
              31.90694704899161
            ],
            [
              -104.89038053487796,
              31.910088551680598
            ],
            [
              -104.8910405869306,
              31.91216116101482
            ],
            [
              -104.89022948061219,
              31.91335346153789
            ],
            [
              -104.88866132697706,
              31.912023459382688
            ],
            [
              -104.88623474598184,
              31.909949276276354
            ],
            [
              -104.88513302734744,
              31.90800182341416
            ],
            [
              -104.88270607910688,
              31.90636709641595
            ],
            [
              -104.88079251561471,
              31.906239745732254
            ],
            [
              -104.87873338119228,
              31.90485644256332
            ],
            [
              -104.87851461514519,
              31.903286502376677
            ],
            [
              -104.87600872433583,
              31.89994051213818
            ],
            [
              -104.87502100578301,
              31.899349226661215
            ],
            [
              -104.87352192256887,
              31.896616388958833
            ],
            [
              -104.87169403002822,
              31.8954997232714
            ],
            [
              -104.87039017976367,
              31.893435948567028
            ],
            [
              -104.8694115690713,
              31.892431593271187
            ],
            [
              -104.86915250298746,
              31.890814806485377
            ],
            [
              -104.86752061521923,
              31.88980976502205
            ],
            [
              -104.86628282857396,
              31.887355820045162
            ],
            [
              -104.86504567245257,
              31.88451166757859
            ],
            [
              -104.8652453627395,
              31.881947737705914
            ],
            [
              -104.86433363407478,
              31.879995794678052
            ],
            [
              -104.86433687758712,
              31.877766109013333
            ],
            [
              -104.86401497642548,
              31.87453271578096
            ],
            [
              -104.86277642035377,
              31.87280338006119
            ],
            [
              -104.86735394850142,
              31.869190542226768
            ]
          ]
        ]
      },
      "properties": {
        "Abbrev": null,
        "Alpha": "A",
        "Area": null,
        "CS_ID": null,
        "CYCLE": null,
        "CycleDsolv": null,
        "DESCRIPT": null,
        "FEATUREKEY": 1,
        "FEATUREK_1": null,
        "FEATURETYP": "Fieldtrip_Module",
        "FID_": null,
        "FID_Cross_": null,
        "FID_FanGeo": null,
        "FID_Fan_De": null,
        "FID_GIS_Re": null,
        "FID_Photo_": null,
        "FID_ftrip_": null,
        "FID_measur": null,
        "FID_patter": null,
        "FOURTH_ORD": null,
        "FOURTH_O_1": null,
        "FanID": null,
        "Fan_Del": null,
        "Fan_Del_sh": null,
        "FeatureT_1": null,
        "Geo_short": null,
        "Geography": null,
        "Gradient": null,
        "Hyperlink": null,
        "ID": null,
        "Id": 1,
        "Id_1": null,
        "LENGTH": null,
        "Location": null,
        "MAPSYMBOL": null,
        "MAP_SYMBOL": null,
        "MS_ID": null,
        "MidptX": null,
        "MidptY": null,
        "Mod_names": null,
        "NAME": "Western Escarpment",
        "NAME_1": null,
        "Name": null,
        "OBJECTID": null,
        "OBJECTID_1": null,
        "ORDERBY": null,
        "ORIG_FID": null,
        "Offset": null,
        "PATTERNID": null,
        "PERSON": null,
        "PMLABEL": null,
        "PM_NAME": null,
        "PM_NAME_NE": null,
        "Pattern": null,
        "Profile": null,
        "REGION": null,
        "SECTIONARC": null,
        "SECTION_AB": null,
        "SOURCE": null,
        "STRAT_INTE": null,
        "SectionArc": null,
        "Shape_Ar_1": null,
        "Shape_Area": null,
        "Shape_Le_1": null,
        "Shape_Leng": null,
        "Shape_Length": null,
        "Stop": null,
        "Stop_Num": null,
        "Symbology": null
      }
    },
    {
      "type": "Feature",
      "geometry": {
        "type": "Polygon",
        "coordinates": [
          [
            [
              -104.87743664827774,
              31.883444023453162
            ],
            [
              -104.8800095111829,
              31.885518519573463
            ],
            [
              -104.88044959255313,
              31.886649142719836
            ],
            [
              -104.87985910249938,
              31.888029956688968
            ],
            [
              -104.87985724365531,
              31.889474112128465
            ],
            [
              -104.87816316883712,
              31.890602716884363
            ],
            [
              -104.87757327813142,
              31.891481204565622
            ],
            [
              -104.87830838799673,
              31.892109801321695
            ],
            [
              -104.87838124484018,
              31.89267497537646
            ],
            [
              -104.87815947948948,
              31.893428236755692
            ],
            [
              -104.87837936250132,
              31.894119129670994
            ],
            [
              -104.87842441787328,
              31.894898720570673
            ],
            [
              -104.87894630610087,
              31.895512379459436
            ],
            [
              -104.87822528297923,
              31.89729544066793
            ],
            [
              -104.88010888705362,
              31.898414794438867
            ],
            [
              -104.87600872433583,
              31.89994051213818
            ],
            [
              -104.87502100578301,
              31.899349226661215
            ],
            [
              -104.87352192256887,
              31.896616388958833
            ],
            [
              -104.87169403002822,
              31.8954997232714
            ],
            [
              -104.87039017976367,
              31.893435948567028
            ],
            [
              -104.8694115690713,
              31.892431593271187
            ],
            [
              -104.86915250298746,
              31.890814806485377
            ],
            [
              -104.86752061521923,
              31.88980976502205
            ],
            [
              -104.86628282857396,
              31.887355820045162
            ],
            [
              -104.86542665846494,
              31.885387553056603
            ],
            [
              -104.86729667463078,
              31.88413538886365
            ],
            [
              -104.87556549454786,
              31.883022887953995
            ],
            [
              -104.87743664827774,
              31.883444023453162
            ]
          ]
        ]
      },
      "properties": {
        "Abbrev": null,
        "Alpha": "B",
        "Area": null,
        "CS_ID": null,
        "CYCLE": null,
        "CycleDsolv": null,
        "DESCRIPT": null,
        "FEATUREKEY": 2,
        "FEATUREK_1": null,
        "FEATURETYP": "Fieldtrip_Module",
        "FID_": null,
        "FID_Cross_": null,
        "FID_FanGeo": null,
        "FID_Fan_De": null,
        "FID_GIS_Re": null,
        "FID_Photo_": null,
        "FID_ftrip_": null,
        "FID_measur": null,
        "FID_patter": null,
        "FOURTH_ORD": null,
        "FOURTH_O_1": null,
        "FanID": null,
        "Fan_Del": null,
        "Fan_Del_sh": null,
        "FeatureT_1": null,
        "Geo_short": null,
        "Geography": null,
        "Gradient": null,
        "Hyperlink": null,
        "ID": null,
        "Id": 2,
        "Id_1": null,
        "LENGTH": null,
        "Location": null,
        "MAPSYMBOL": null,
        "MAP_SYMBOL": null,
        "MS_ID": null,
        "MidptX": null,
        "MidptY": null,
        "Mod_names": null,
        "NAME": "Bone-Shumard Canyon",
        "NAME_1": null,
        "Name": null,
        "OBJECTID": null,
        "OBJECTID_1": null,
        "ORDERBY": null,
        "ORIG_FID": null,
        "Offset": null,
        "PATTERNID": null,
        "PERSON": null,
        "PMLABEL": null,
        "PM_NAME": null,
        "PM_NAME_NE": null,
        "Pattern": null,
        "Profile": null,
        "REGION": null,
        "SECTIONARC": null,
        "SECTION_AB": null,
        "SOURCE": null,
        "STRAT_INTE": null,
        "SectionArc": null,
        "Shape_Ar_1": null,
        "Shape_Area": null,
        "Shape_Le_1": null,
        "Shape_Leng": null,
        "Shape_Length": null,
        "Stop": null,
        "Stop_Num": null,
        "Symbology": null
      }
    },
    {
      "type": "Feature",
      "geometry": {
        "type": "Polygon",
        "coordinates": [
          [
            [
              -104.7543266982664,
              31.65990630096408
            ],
            [
              -104.75372771062558,
              31.662795808729605
            ],
            [
              -104.75401197393752,
              31.667168473280455
            ],
            [
              -104.74821084456289,
              31.67210744478568
            ],
            [
              -104.75046410084909,
              31.674981506585663
            ],
            [
              -104.7420800428611,
              31.676936375823207
            ],
            [
              -104.74175130767875,
              31.676293351291722
            ],
            [
              -104.74105008023177,
              31.673257741924868
            ],
            [
              -104.73711686594233,
              31.672642893077995
            ],
            [
              -104.73261226534356,
              31.66882703448342
            ],
            [
              -104.73127189962231,
              31.66385917943879
            ],
            [
              -104.72451177367883,
              31.659619008681315
            ],
            [
              -104.7243233024508,
              31.657908417368542
            ],
            [
              -104.72600744451435,
              31.655429501488488
            ],
            [
              -104.73110361058107,
              31.65505412719935
            ],
            [
              -104.73251761261596,
              31.6567672738289
            ],
            [
              -104.7374129391326,
              31.659039259204597
            ],
            [
              -104.74366749105843,
              31.659658763817216
            ],
            [
              -104.74598432631082,
              31.661539065152855
            ],
            [
              -104.75269955954965,
              31.658738670289598
            ],
            [
              -104.7543266982664,
              31.65990630096408
            ]
          ]
        ]
      },
      "properties": {
        "Abbrev": null,
        "Alpha": "T",
        "Area": null,
        "CS_ID": null,
        "CYCLE": null,
        "CycleDsolv": null,
        "DESCRIPT": null,
        "FEATUREKEY": 22,
        "FEATUREK_1": null,
        "FEATURETYP": "Fieldtrip_Module",
        "FID_": null,
        "FID_Cross_": null,
        "FID_FanGeo": null,
        "FID_Fan_De": null,
        "FID_GIS_Re": null,
        "FID_Photo_": null,
        "FID_ftrip_": null,
        "FID_measur": null,
        "FID_patter": null,
        "FOURTH_ORD": null,
        "FOURTH_O_1": null,
        "FanID": null,
        "Fan_Del": null,
        "Fan_Del_sh": null,
        "FeatureT_1": null,
        "Geo_short": null,
        "Geography": null,
        "Gradient": null,
        "Hyperlink": null,
        "ID": null,
        "Id": 22,
        "Id_1": null,
        "LENGTH": null,
        "Location": null,
        "MAPSYMBOL": null,
        "MAP_SYMBOL": null,
        "MS_ID": null,
        "MidptX": null,
        "MidptY": null,
        "Mod_names": null,
        "NAME": "Rattlesnake Tanks/WT 18",
        "NAME_1": null,
        "Name": null,
        "OBJECTID": null,
        "OBJECTID_1": null,
        "ORDERBY": null,
        "ORIG_FID": null,
        "Offset": null,
        "PATTERNID": null,
        "PERSON": null,
        "PMLABEL": null,
        "PM_NAME": null,
        "PM_NAME_NE": null,
        "Pattern": null,
        "Profile": null,
        "REGION": null,
        "SECTIONARC": null,
        "SECTION_AB": null,
        "SOURCE": null,
        "STRAT_INTE": null,
        "SectionArc": null,
        "Shape_Ar_1": null,
        "Shape_Area": null,
        "Shape_Le_1": null,
        "Shape_Leng": null,
        "Shape_Length": null,
        "Stop": null,
        "Stop_Num": null,
        "Symbology": null
      }
    },
    {
      "type": "Feature",
      "geometry": {
        "type": "Polygon",
        "coordinates": [
          [
            [
              -104.76166305269679,
              31.69872715868665
            ],
            [
              -104.7581856109259,
              31.6999643858181
            ],
            [
              -104.75321052637919,
              31.701831241860894
            ],
            [
              -104.75107983542212,
              31.702047860607117
            ],
            [
              -104.74916754419795,
              31.701298757419682
            ],
            [
              -104.74857067629142,
              31.698952486328256
            ],
            [
              -104.74751303044178,
              31.692689459020855
            ],
            [
              -104.74803215575432,
              31.691587140641058
            ],
            [
              -104.7463095213,
              31.68441202421531
            ],
            [
              -104.74146971737362,
              31.68484368606671
            ],
            [
              -104.74173582381641,
              31.68192036703513
            ],
            [
              -104.74316295575174,
              31.679054545877303
            ],
            [
              -104.7420800428611,
              31.676936375823207
            ],
            [
              -104.75046410084909,
              31.674981506585663
            ],
            [
              -104.75086361455682,
              31.675491080073506
            ],
            [
              -104.74959261020688,
              31.67678939471601
            ],
            [
              -104.75153378960093,
              31.67769650407358
            ],
            [
              -104.74970780477986,
              31.68112559414896
            ],
            [
              -104.75008385702479,
              31.682716184691905
            ],
            [
              -104.75088841395005,
              31.68206735657607
            ],
            [
              -104.75376572790077,
              31.68051920134174
            ],
            [
              -104.7549862490448,
              31.68236433269636
            ],
            [
              -104.75489541952092,
              31.684785076699626
            ],
            [
              -104.75615733457389,
              31.686991606202053
            ],
            [
              -104.75755261388322,
              31.68666905965651
            ],
            [
              -104.75722139284409,
              31.684030715487562
            ],
            [
              -104.76018354040754,
              31.682338044148945
            ],
            [
              -104.7613349169357,
              31.682359781978008
            ],
            [
              -104.76353343171895,
              31.682697272616295
            ],
            [
              -104.76436429354422,
              31.68328527088031
            ],
            [
              -104.76562298301309,
              31.686864760699265
            ],
            [
              -104.76701356379203,
              31.688421023432728
            ],
            [
              -104.76624880812099,
              31.690081751198765
            ],
            [
              -104.76738921386342,
              31.690300627844696
            ],
            [
              -104.76759244521354,
              31.69355297457007
            ],
            [
              -104.76581631638273,
              31.694055599041047
            ],
            [
              -104.76272634207932,
              31.696055290465797
            ],
            [
              -104.76166305269679,
              31.69872715868665
            ]
          ]
        ]
      },
      "properties": {
        "Abbrev": null,
        "Alpha": "S",
        "Area": null,
        "CS_ID": null,
        "CYCLE": null,
        "CycleDsolv": null,
        "DESCRIPT": null,
        "FEATUREKEY": 21,
        "FEATUREK_1": null,
        "FEATURETYP": "Fieldtrip_Module",
        "FID_": null,
        "FID_Cross_": null,
        "FID_FanGeo": null,
        "FID_Fan_De": null,
        "FID_GIS_Re": null,
        "FID_Photo_": null,
        "FID_ftrip_": null,
        "FID_measur": null,
        "FID_patter": null,
        "FOURTH_ORD": null,
        "FOURTH_O_1": null,
        "FanID": null,
        "Fan_Del": null,
        "Fan_Del_sh": null,
        "FeatureT_1": null,
        "Geo_short": null,
        "Geography": null,
        "Gradient": null,
        "Hyperlink": null,
        "ID": null,
        "Id": 21,
        "Id_1": null,
        "LENGTH": null,
        "Location": null,
        "MAPSYMBOL": null,
        "MAP_SYMBOL": null,
        "MS_ID": null,
        "MidptX": null,
        "MidptY": null,
        "Mod_names": null,
        "NAME": "Rock Art-Colleen",
        "NAME_1": null,
        "Name": null,
        "OBJECTID": null,
        "OBJECTID_1": null,
        "ORDERBY": null,
        "ORIG_FID": null,
        "Offset": null,
        "PATTERNID": null,
        "PERSON": null,
        "PMLABEL": null,
        "PM_NAME": null,
        "PM_NAME_NE": null,
        "Pattern": null,
        "Profile": null,
        "REGION": null,
        "SECTIONARC": null,
        "SECTION_AB": null,
        "SOURCE": null,
        "STRAT_INTE": null,
        "SectionArc": null,
        "Shape_Ar_1": null,
        "Shape_Area": null,
        "Shape_Le_1": null,
        "Shape_Leng": null,
        "Shape_Length": null,
        "Stop": null,
        "Stop_Num": null,
        "Symbology": null
      }
    },
    {
      "type": "Feature",
      "geometry": {
        "type": "Polygon",
        "coordinates": [
          [
            [
              -104.77440204388371,
              31.677191742217058
            ],
            [
              -104.77228735218793,
              31.677483514362233
            ],
            [
              -104.77162539536305,
              31.677104410630488
            ],
            [
              -104.76656588149862,
              31.67791412152414
            ],
            [
              -104.76267948790307,
              31.680804395130068
            ],
            [
              -104.7573812883465,
              31.678862849099243
            ],
            [
              -104.75763319774684,
              31.676385822628124
            ],
            [
              -104.757979234309,
              31.67548365794117
            ],
            [
              -104.76329609989064,
              31.66995070373974
            ],
            [
              -104.76646474653212,
              31.669221668075366
            ],
            [
              -104.76545100905682,
              31.67211723934816
            ],
            [
              -104.77004450148146,
              31.671012792566245
            ],
            [
              -104.77286112461978,
              31.672887505766774
            ],
            [
              -104.77401467916766,
              31.676023190858427
            ],
            [
              -104.77440204388371,
              31.677191742217058
            ]
          ]
        ]
      },
      "properties": {
        "Abbrev": null,
        "Alpha": "U",
        "Area": null,
        "CS_ID": null,
        "CYCLE": null,
        "CycleDsolv": null,
        "DESCRIPT": null,
        "FEATUREKEY": 23,
        "FEATUREK_1": null,
        "FEATURETYP": "Fieldtrip_Module",
        "FID_": null,
        "FID_Cross_": null,
        "FID_FanGeo": null,
        "FID_Fan_De": null,
        "FID_GIS_Re": null,
        "FID_Photo_": null,
        "FID_ftrip_": null,
        "FID_measur": null,
        "FID_patter": null,
        "FOURTH_ORD": null,
        "FOURTH_O_1": null,
        "FanID": null,
        "Fan_Del": null,
        "Fan_Del_sh": null,
        "FeatureT_1": null,
        "Geo_short": null,
        "Geography": null,
        "Gradient": null,
        "Hyperlink": null,
        "ID": null,
        "Id": 23,
        "Id_1": null,
        "LENGTH": null,
        "Location": null,
        "MAPSYMBOL": null,
        "MAP_SYMBOL": null,
        "MS_ID": null,
        "MidptX": null,
        "MidptY": null,
        "Mod_names": null,
        "NAME": "Colleen North Face",
        "NAME_1": null,
        "Name": null,
        "OBJECTID": null,
        "OBJECTID_1": null,
        "ORDERBY": null,
        "ORIG_FID": null,
        "Offset": null,
        "PATTERNID": null,
        "PERSON": null,
        "PMLABEL": null,
        "PM_NAME": null,
        "PM_NAME_NE": null,
        "Pattern": null,
        "Profile": null,
        "REGION": null,
        "SECTIONARC": null,
        "SECTION_AB": null,
        "SOURCE": null,
        "STRAT_INTE": null,
        "SectionArc": null,
        "Shape_Ar_1": null,
        "Shape_Area": null,
        "Shape_Le_1": null,
        "Shape_Leng": null,
        "Shape_Length": null,
        "Stop": null,
        "Stop_Num": null,
        "Symbology": null
      }
    },
    {
      "type": "Feature",
      "geometry": {
        "type": "Polygon",
        "coordinates": [
          [
            [
              -104.82823338498227,
              31.861708399906867
            ],
            [
              -104.82780266600521,
              31.861874795025045
            ],
            [
              -104.82729368881813,
              31.862041082768236
            ],
            [
              -104.82698190359488,
              31.8613727575629
            ],
            [
              -104.82749180591753,
              31.860705545142803
            ],
            [
              -104.82835243206308,
              31.86080689126973
            ],
            [
              -104.82901680752342,
              31.861241920178728
            ],
            [
              -104.83171422513902,
              31.862581311942595
            ],
            [
              -104.83429593837994,
              31.863018827516186
            ],
            [
              -104.836839659026,
              31.86282173449119
            ],
            [
              -104.84114529521169,
              31.861958892941438
            ],
            [
              -104.8425947359029,
              31.86095883427021
            ],
            [
              -104.84381066779774,
              31.859190384593315
            ],
            [
              -104.84455781593529,
              31.856953820233862
            ],
            [
              -104.84417959587746,
              31.854612552801957
            ],
            [
              -104.84192343380718,
              31.851124947064623
            ],
            [
              -104.83878531858612,
              31.84730654237685
            ],
            [
              -104.83855026142982,
              31.846627245642022
            ],
            [
              -104.83874719945238,
              31.84585940429303
            ],
            [
              -104.83995985121132,
              31.845927720841274
            ],
            [
              -104.84070179053364,
              31.846730134384014
            ],
            [
              -104.8407241133951,
              31.848060884195256
            ],
            [
              -104.84308018574244,
              31.851508596209186
            ],
            [
              -104.84464600169153,
              31.854473946348822
            ],
            [
              -104.84501673305712,
              31.858037625452326
            ],
            [
              -104.84482697290635,
              31.859792737125723
            ],
            [
              -104.84416080158437,
              31.860393038381947
            ],
            [
              -104.84271138669575,
              31.861393115072133
            ],
            [
              -104.84141890924232,
              31.86212620895575
            ],
            [
              -104.84008802788674,
              31.862425104597456
            ],
            [
              -104.8361348139197,
              31.86312138758472
            ],
            [
              -104.8336303317955,
              31.863251727377985
            ],
            [
              -104.83143996239612,
              31.8627813207496
            ],
            [
              -104.82823338498227,
              31.861708399906867
            ]
          ]
        ]
      },
      "properties": {
        "Abbrev": null,
        "Alpha": "AG",
        "Area": null,
        "CS_ID": null,
        "CYCLE": null,
        "CycleDsolv": null,
        "DESCRIPT": null,
        "FEATUREKEY": 38,
        "FEATUREK_1": null,
        "FEATURETYP": "Fieldtrip_Module",
        "FID_": null,
        "FID_Cross_": null,
        "FID_FanGeo": null,
        "FID_Fan_De": null,
        "FID_GIS_Re": null,
        "FID_Photo_": null,
        "FID_ftrip_": null,
        "FID_measur": null,
        "FID_patter": null,
        "FOURTH_ORD": null,
        "FOURTH_O_1": null,
        "FanID": null,
        "Fan_Del": null,
        "Fan_Del_sh": null,
        "FeatureT_1": null,
        "Geo_short": null,
        "Geography": null,
        "Gradient": null,
        "Hyperlink": null,
        "ID": null,
        "Id": 38,
        "Id_1": null,
        "LENGTH": null,
        "Location": null,
        "MAPSYMBOL": null,
        "MAP_SYMBOL": null,
        "MS_ID": null,
        "MidptX": null,
        "MidptY": null,
        "Mod_names": null,
        "NAME": "Roadcuts",
        "NAME_1": null,
        "Name": null,
        "OBJECTID": null,
        "OBJECTID_1": null,
        "ORDERBY": null,
        "ORIG_FID": null,
        "Offset": null,
        "PATTERNID": null,
        "PERSON": null,
        "PMLABEL": null,
        "PM_NAME": null,
        "PM_NAME_NE": null,
        "Pattern": null,
        "Profile": null,
        "REGION": null,
        "SECTIONARC": null,
        "SECTION_AB": null,
        "SOURCE": null,
        "STRAT_INTE": null,
        "SectionArc": null,
        "Shape_Ar_1": null,
        "Shape_Area": null,
        "Shape_Le_1": null,
        "Shape_Leng": null,
        "Shape_Length": null,
        "Stop": null,
        "Stop_Num": null,
        "Symbology": null
      }
    }
  ]
}