{
  "type": "FeatureCollection",
  "name": "patterns",
  "crs": {
    "type": "name",
    "properties": {
      "name": "urn:ogc:def:crs:OGC:1.3:CRS84"
    }
  },
  "features": [
    {
      "type": "Feature",
      "geometry": {
        "type": "Polygon",
        "coordinates": [
          [
            [
              -104.61685120732197,
              31.44966087435557
            ],
            [
              -104.61500148084315,
              31.445677771670134
            ],
            [
              -104.6161650364979,
              31.444773334976677
            ],
            [
              -104.61643193155999,
              31.44114244021636
            ],
            [
              -104.61960880003126,
              31.44115189761345
            ],
            [
              -104.62139503012918,
              31.448420565762
            ],
            [
              -104.62276806957206,
              31.454964713304125
            ],
            [
              -104.63078686309078,
              31.465773295560137
            ],
            [
              -104.62851076683339,
              31.472782299645008
            ],
            [
              -104.63307220401681,
              31.479928076488513
            ],
            [
              -104.63502290972365,
              31.48456070528978
            ],
            [
              -104.63536318210075,
              31.487890704885295
            ],
            [
              -104.63563676422417,
              31.491543120977887
            ],
            [
              -104.62204452996956,
              31.49431130851246
            ],
            [
              -104.62219041290952,
              31.48725761517468
            ],
            [
              -104.62079913313926,
              31.482315617896422
            ],
            [
              -104.61729512960666,
              31.476986278519014
            ],
            [
              -104.6158938718171,
              31.45166412706097
            ],
            [
              -104.61685120732197,
              31.44966087435557
            ]
          ]
        ]
      },
      "properties": {
        "Abbrev": null,
        "Alpha": null,
        "Area": null,
        "CS_ID": null,
        "CYCLE": null,
        "CycleDsolv": null,
        "DESCRIPT": "Buck Canyon S. Del Mtn Ranch",
        "FEATUREKEY": 23,
        "FEATUREK_1": null,
        "FEATURETYP": "Pattern",
        "FID_": null,
        "FID_Cross_": null,
        "FID_FanGeo": null,
        "FID_Fan_De": null,
        "FID_GIS_Re": null,
        "FID_Photo_": null,
        "FID_ftrip_": null,
        "FID_measur": null,
        "FID_patter": null,
        "FOURTH_ORD": null,
        "FOURTH_O_1": null,
        "FanID": null,
        "Fan_Del": null,
        "Fan_Del_sh": null,
        "FeatureT_1": null,
        "Geo_short": null,
        "Geography": null,
        "Gradient": null,
        "Hyperlink": null,
        "ID": null,
        "Id": 23,
        "Id_1": null,
        "LENGTH": null,
        "Location": null,
        "MAPSYMBOL": "LO",
        "MAP_SYMBOL": null,
        "MS_ID": null,
        "MidptX": null,
        "MidptY": null,
        "Mod_names": null,
        "NAME": "Pattern 23",
        "NAME_1": null,
        "Name": null,
        "OBJECTID": null,
        "OBJECTID_1": null,
        "ORDERBY": 23,
        "ORIG_FID": null,
        "Offset": null,
        "PATTERNID": 23,
        "PERSON": null,
        "PMLABEL": null,
        "PM_NAME": null,
        "PM_NAME_NE": null,
        "Pattern": null,
        "Profile": null,
        "REGION": "SDM",
        "SECTIONARC": "Buck Canyon S. Del Mtn Ranch",
        "SECTION_AB": null,
        "SOURCE": null,
        "STRAT_INTE": null,
        "SectionArc": null,
        "Shape_Ar_1": null,
        "Shape_Area": null,
        "Shape_Le_1": null,
        "Shape_Leng": null,
        "Shape_Length": null,
        "Stop": null,
        "Stop_Num": null,
        "Symbology": null
      }
    },
    {
      "type": "Feature",
      "geometry": {
        "type": "Polygon",
        "coordinates": [
          [
            [
              -104.65292142313366,
              31.473627887755136
            ],
            [
              -104.65486525121024,
              31.48586357715203
            ],
            [
              -104.65291747733939,
              31.497061618663444
            ],
            [
              -104.65355946949558,
              31.50768308195258
            ],
            [
              -104.62604149514807,
              31.508422672957064
            ],
            [
              -104.62304537637337,
              31.508724744609367
            ],
            [
              -104.62204452996956,
              31.49431130851246
            ],
            [
              -104.62219041290952,
              31.48725761517468
            ],
            [
              -104.62079913313926,
              31.482315617896422
            ],
            [
              -104.61719342312306,
              31.476898503605398
            ],
            [
              -104.61710008056266,
              31.475039153663637
            ],
            [
              -104.6158938718171,
              31.45166412706097
            ],
            [
              -104.61685120732197,
              31.44966087435557
            ],
            [
              -104.61500148084315,
              31.445677771670134
            ],
            [
              -104.6161650364979,
              31.444773334976677
            ],
            [
              -104.61643193155999,
              31.44114244021636
            ],
            [
              -104.61960880003126,
              31.44115189761345
            ],
            [
              -104.63243442627848,
              31.44940282071408
            ],
            [
              -104.63962972167823,
              31.453703439079156
            ],
            [
              -104.64265048426496,
              31.455095389027207
            ],
            [
              -104.64698507131244,
              31.45971822667933
            ],
            [
              -104.64712133900655,
              31.459863546461712
            ],
            [
              -104.65292142313366,
              31.473627887755136
            ]
          ]
        ]
      },
      "properties": {
        "Abbrev": null,
        "Alpha": null,
        "Area": null,
        "CS_ID": null,
        "CYCLE": null,
        "CycleDsolv": null,
        "DESCRIPT": "Pisces",
        "FEATUREKEY": 21,
        "FEATUREK_1": null,
        "FEATURETYP": "Pattern",
        "FID_": null,
        "FID_Cross_": null,
        "FID_FanGeo": null,
        "FID_Fan_De": null,
        "FID_GIS_Re": null,
        "FID_Photo_": null,
        "FID_ftrip_": null,
        "FID_measur": null,
        "FID_patter": null,
        "FOURTH_ORD": null,
        "FOURTH_O_1": null,
        "FanID": null,
        "Fan_Del": null,
        "Fan_Del_sh": null,
        "FeatureT_1": null,
        "Geo_short": null,
        "Geography": null,
        "Gradient": null,
        "Hyperlink": null,
        "ID": null,
        "Id": 21,
        "Id_1": null,
        "LENGTH": null,
        "Location": null,
        "MAPSYMBOL": "PO",
        "MAP_SYMBOL": null,
        "MS_ID": null,
        "MidptX": null,
        "MidptY": null,
        "Mod_names": null,
        "NAME": "Pattern 21",
        "NAME_1": null,
        "Name": null,
        "OBJECTID": null,
        "OBJECTID_1": null,
        "ORDERBY": 21,
        "ORIG_FID": null,
        "Offset": null,
        "PATTERNID": 21,
        "PERSON": null,
        "PMLABEL": null,
        "PM_NAME": null,
        "PM_NAME_NE": null,
        "Pattern": null,
        "Profile": null,
        "REGION": "SDM",
        "SECTIONARC": "Pisces",
        "SECTION_AB": null,
        "SOURCE": null,
        "STRAT_INTE": null,
        "SectionArc": null,
        "Shape_Ar_1": null,
        "Shape_Area": null,
        "Shape_Le_1": null,
        "Shape_Leng": null,
        "Shape_Length": null,
        "Stop": null,
        "Stop_Num": null,
        "Symbology": null
      }
    },
    {
      "type": "Feature",
      "geometry": {
        "type": "Polygon",
        "coordinates": [
          [
            [
              -104.64698507131244,
              31.45971822667933
            ],
            [
              -104.63919815860994,
              31.461052070843117
            ],
            [
              -104.63146927194396,
              31.463944016372974
            ],
            [
              -104.62911666175775,
              31.45951011884958
            ],
            [
              -104.62773513977181,
              31.451723930182265
            ],
            [
              -104.63243442627848,
              31.44940282071408
            ],
            [
              -104.63962972167823,
              31.453703439079156
            ],
            [
              -104.64265048426496,
              31.455095389027207
            ],
            [
              -104.64698507131244,
              31.45971822667933
            ]
          ]
        ]
      },
      "properties": {
        "Abbrev": null,
        "Alpha": null,
        "Area": null,
        "CS_ID": null,
        "CYCLE": null,
        "CycleDsolv": null,
        "DESCRIPT": "Rockhorn Canyon",
        "FEATUREKEY": 22,
        "FEATUREK_1": null,
        "FEATURETYP": "Pattern",
        "FID_": null,
        "FID_Cross_": null,
        "FID_FanGeo": null,
        "FID_Fan_De": null,
        "FID_GIS_Re": null,
        "FID_Photo_": null,
        "FID_ftrip_": null,
        "FID_measur": null,
        "FID_patter": null,
        "FOURTH_ORD": null,
        "FOURTH_O_1": null,
        "FanID": null,
        "Fan_Del": null,
        "Fan_Del_sh": null,
        "FeatureT_1": null,
        "Geo_short": null,
        "Geography": null,
        "Gradient": null,
        "Hyperlink": null,
        "ID": null,
        "Id": 22,
        "Id_1": null,
        "LENGTH": null,
        "Location": null,
        "MAPSYMBOL": "CH-LO",
        "MAP_SYMBOL": null,
        "MS_ID": null,
        "MidptX": null,
        "MidptY": null,
        "Mod_names": null,
        "NAME": "Pattern 22",
        "NAME_1": null,
        "Name": null,
        "OBJECTID": null,
        "OBJECTID_1": null,
        "ORDERBY": 22,
        "ORIG_FID": null,
        "Offset": null,
        "PATTERNID": 22,
        "PERSON": null,
        "PMLABEL": null,
        "PM_NAME": null,
        "PM_NAME_NE": null,
        "Pattern": null,
        "Profile": null,
        "REGION": "SDM",
        "SECTIONARC": "Rockhorn Canyon",
        "SECTION_AB": null,
        "SOURCE": null,
        "STRAT_INTE": null,
        "SectionArc": null,
        "Shape_Ar_1": null,
        "Shape_Area": null,
        "Shape_Le_1": null,
        "Shape_Leng": null,
        "Shape_Length": null,
        "Stop": null,
        "Stop_Num": null,
        "Symbology": null
      }
    },
    {
      "type": "Feature",
      "geometry": {
        "type": "Polygon",
        "coordinates": [
          [
            [
              -104.68341951257933,
              31.56478524982415
            ],
            [
              -104.68284573340524,
              31.566486147631043
            ],
            [
              -104.676439312106,
              31.571060305676948
            ],
            [
              -104.67641462719442,
              31.567910960624854
            ],
            [
              -104.67506546939457,
              31.567907547082065
            ],
            [
              -104.67357461131888,
              31.567812562995922
            ],
            [
              -104.67272378032803,
              31.56744561118826
            ],
            [
              -104.67258398361137,
              31.56680688581988
            ],
            [
              -104.6734045746917,
              31.56565383681107
            ],
            [
              -104.67430487466468,
              31.56197790851656
            ],
            [
              -104.6722513696052,
              31.560361552190564
            ],
            [
              -104.67069638964021,
              31.558333024496754
            ],
            [
              -104.67191473298224,
              31.555083505283907
            ],
            [
              -104.67333660150936,
              31.554539963045023
            ],
            [
              -104.6799164909543,
              31.561311118674396
            ],
            [
              -104.68341951257933,
              31.56478524982415
            ]
          ]
        ]
      },
      "properties": {
        "Abbrev": null,
        "Alpha": null,
        "Area": null,
        "CS_ID": null,
        "CYCLE": null,
        "CycleDsolv": null,
        "DESCRIPT": "Sibley Amphitheater (SAS)",
        "FEATUREKEY": 19,
        "FEATUREK_1": null,
        "FEATURETYP": "Pattern",
        "FID_": null,
        "FID_Cross_": null,
        "FID_FanGeo": null,
        "FID_Fan_De": null,
        "FID_GIS_Re": null,
        "FID_Photo_": null,
        "FID_ftrip_": null,
        "FID_measur": null,
        "FID_patter": null,
        "FOURTH_ORD": null,
        "FOURTH_O_1": null,
        "FanID": null,
        "Fan_Del": null,
        "Fan_Del_sh": null,
        "FeatureT_1": null,
        "Geo_short": null,
        "Geography": null,
        "Gradient": null,
        "Hyperlink": null,
        "ID": null,
        "Id": 19,
        "Id_1": null,
        "LENGTH": null,
        "Location": null,
        "MAPSYMBOL": "CH-LO",
        "MAP_SYMBOL": null,
        "MS_ID": null,
        "MidptX": null,
        "MidptY": null,
        "Mod_names": null,
        "NAME": "Pattern 19",
        "NAME_1": null,
        "Name": null,
        "OBJECTID": null,
        "OBJECTID_1": null,
        "ORDERBY": 19,
        "ORIG_FID": null,
        "Offset": null,
        "PATTERNID": 19,
        "PERSON": null,
        "PMLABEL": null,
        "PM_NAME": null,
        "PM_NAME_NE": null,
        "Pattern": null,
        "Profile": null,
        "REGION": "SDM",
        "SECTIONARC": "Sibley Amphitheater (SAS)",
        "SECTION_AB": null,
        "SOURCE": null,
        "STRAT_INTE": null,
        "SectionArc": null,
        "Shape_Ar_1": null,
        "Shape_Area": null,
        "Shape_Le_1": null,
        "Shape_Leng": null,
        "Shape_Length": null,
        "Stop": null,
        "Stop_Num": null,
        "Symbology": null
      }
    },
    {
      "type": "Feature",
      "geometry": {
        "type": "Polygon",
        "coordinates": [
          [
            [
              -104.69307207067389,
              31.617352530350107
            ],
            [
              -104.69251864584173,
              31.619778523211338
            ],
            [
              -104.68706177920093,
              31.620325459976023
            ],
            [
              -104.6829169495293,
              31.61912111077518
            ],
            [
              -104.68164489622296,
              31.61711167025194
            ],
            [
              -104.68300173225323,
              31.615047953401056
            ],
            [
              -104.68236115531896,
              31.613053083627932
            ],
            [
              -104.68085753724014,
              31.608370206493877
            ],
            [
              -104.68027519994153,
              31.602045905843298
            ],
            [
              -104.67532499972856,
              31.595604206827492
            ],
            [
              -104.67427229441213,
              31.591923332882153
            ],
            [
              -104.67567493334468,
              31.586813883160357
            ],
            [
              -104.67071430579175,
              31.58367019521825
            ],
            [
              -104.67016372031098,
              31.578653039984978
            ],
            [
              -104.6664063042595,
              31.576822446047412
            ],
            [
              -104.6663394908236,
              31.57563673335629
            ],
            [
              -104.66616572920827,
              31.574572334665394
            ],
            [
              -104.6671305329977,
              31.57284213345148
            ],
            [
              -104.66699711041815,
              31.57040990939316
            ],
            [
              -104.66582954198105,
              31.569251728630242
            ],
            [
              -104.66597619697356,
              31.567944975576964
            ],
            [
              -104.66566151554201,
              31.566576223396982
            ],
            [
              -104.66477641381408,
              31.565874746011808
            ],
            [
              -104.66293034878089,
              31.565839505137323
            ],
            [
              -104.66084244071735,
              31.563949290423
            ],
            [
              -104.66078052208245,
              31.56142605048785
            ],
            [
              -104.65407720253893,
              31.55833757108363
            ],
            [
              -104.65378037773698,
              31.55571251330685
            ],
            [
              -104.64895679247803,
              31.55484650801459
            ],
            [
              -104.64922766718419,
              31.54382536250049
            ],
            [
              -104.64496741003023,
              31.535940845428257
            ],
            [
              -104.64551618486072,
              31.53259642597205
            ],
            [
              -104.6420930039965,
              31.52635428112633
            ],
            [
              -104.64158777848164,
              31.518217634130256
            ],
            [
              -104.64936088592272,
              31.528604994721345
            ],
            [
              -104.65859303718045,
              31.538470912023524
            ],
            [
              -104.66225062557483,
              31.54386034067365
            ],
            [
              -104.66309188204532,
              31.54425619399338
            ],
            [
              -104.66316473659282,
              31.54530609003528
            ],
            [
              -104.66728136068967,
              31.551024608860352
            ],
            [
              -104.66812385773468,
              31.551092400337616
            ],
            [
              -104.67033916944663,
              31.552935098693407
            ],
            [
              -104.66948975234195,
              31.55483549827216
            ],
            [
              -104.67069638906142,
              31.55833302447501
            ],
            [
              -104.67225137010387,
              31.560361551617973
            ],
            [
              -104.67430487431204,
              31.561977908132437
            ],
            [
              -104.6734045743106,
              31.565653836360944
            ],
            [
              -104.67258398330958,
              31.566806886007825
            ],
            [
              -104.6727237802472,
              31.56744561121261
            ],
            [
              -104.67357461121367,
              31.567812562431456
            ],
            [
              -104.6750654689054,
              31.567907546658162
            ],
            [
              -104.67641462745026,
              31.56791096020282
            ],
            [
              -104.6764393124168,
              31.571060305292157
            ],
            [
              -104.67788816899672,
              31.573070254942422
            ],
            [
              -104.67698487428449,
              31.577627749639888
            ],
            [
              -104.67911348035773,
              31.57818026906208
            ],
            [
              -104.68155193795953,
              31.58161529531641
            ],
            [
              -104.68221984294654,
              31.583623248930667
            ],
            [
              -104.68114074038073,
              31.587693955605353
            ],
            [
              -104.68268962208609,
              31.59174078563901
            ],
            [
              -104.68136554708552,
              31.594716540327365
            ],
            [
              -104.68334790454979,
              31.59663655215762
            ],
            [
              -104.68451951316933,
              31.596754955485057
            ],
            [
              -104.6867845874963,
              31.59913158422343
            ],
            [
              -104.68801464277063,
              31.603055971278653
            ],
            [
              -104.68995568167513,
              31.60683007497755
            ],
            [
              -104.69210395257626,
              31.613149074528458
            ],
            [
              -104.69307207067389,
              31.617352530350107
            ]
          ]
        ]
      },
      "properties": {
        "Abbrev": null,
        "Alpha": null,
        "Area": null,
        "CS_ID": null,
        "CYCLE": null,
        "CycleDsolv": null,
        "DESCRIPT": "Sibley to Babb",
        "FEATUREKEY": 20,
        "FEATUREK_1": null,
        "FEATURETYP": "Pattern",
        "FID_": null,
        "FID_Cross_": null,
        "FID_FanGeo": null,
        "FID_Fan_De": null,
        "FID_GIS_Re": null,
        "FID_Photo_": null,
        "FID_ftrip_": null,
        "FID_measur": null,
        "FID_patter": null,
        "FOURTH_ORD": null,
        "FOURTH_O_1": null,
        "FanID": null,
        "Fan_Del": null,
        "Fan_Del_sh": null,
        "FeatureT_1": null,
        "Geo_short": null,
        "Geography": null,
        "Gradient": null,
        "Hyperlink": null,
        "ID": null,
        "Id": 20,
        "Id_1": null,
        "LENGTH": null,
        "Location": null,
        "MAPSYMBOL": "LO",
        "MAP_SYMBOL": null,
        "MS_ID": null,
        "MidptX": null,
        "MidptY": null,
        "Mod_names": null,
        "NAME": "Pattern 20",
        "NAME_1": null,
        "Name": null,
        "OBJECTID": null,
        "OBJECTID_1": null,
        "ORDERBY": 20,
        "ORIG_FID": null,
        "Offset": null,
        "PATTERNID": 20,
        "PERSON": null,
        "PMLABEL": null,
        "PM_NAME": null,
        "PM_NAME_NE": null,
        "Pattern": null,
        "Profile": null,
        "REGION": "SDM",
        "SECTIONARC": "Sibley to Babb",
        "SECTION_AB": null,
        "SOURCE": null,
        "STRAT_INTE": null,
        "SectionArc": null,
        "Shape_Ar_1": null,
        "Shape_Area": null,
        "Shape_Le_1": null,
        "Shape_Leng": null,
        "Shape_Length": null,
        "Stop": null,
        "Stop_Num": null,
        "Symbology": null
      }
    },
    {
      "type": "Feature",
      "geometry": {
        "type": "Polygon",
        "coordinates": [
          [
            [
              -104.72920989544296,
              31.574136788959407
            ],
            [
              -104.72334555746971,
              31.578620473384454
            ],
            [
              -104.72348146038102,
              31.580942175111026
            ],
            [
              -104.72162383157462,
              31.581701775878457
            ],
            [
              -104.7183766311759,
              31.581786317955505
            ],
            [
              -104.71570040677982,
              31.58184150027397
            ],
            [
              -104.71053171563912,
              31.58060980380586
            ],
            [
              -104.70683490074143,
              31.577053757159955
            ],
            [
              -104.7101026481495,
              31.568908486404254
            ],
            [
              -104.71844362725848,
              31.571309577630515
            ],
            [
              -104.7203383831106,
              31.570000294402856
            ],
            [
              -104.72437292495039,
              31.56774615570417
            ],
            [
              -104.72920989544296,
              31.574136788959407
            ]
          ]
        ]
      },
      "properties": {
        "Abbrev": null,
        "Alpha": null,
        "Area": null,
        "CS_ID": null,
        "CYCLE": null,
        "CycleDsolv": null,
        "DESCRIPT": "Lower Codorniz Canyon",
        "FEATUREKEY": 18,
        "FEATUREK_1": null,
        "FEATURETYP": "Pattern",
        "FID_": null,
        "FID_Cross_": null,
        "FID_FanGeo": null,
        "FID_Fan_De": null,
        "FID_GIS_Re": null,
        "FID_Photo_": null,
        "FID_ftrip_": null,
        "FID_measur": null,
        "FID_patter": null,
        "FOURTH_ORD": null,
        "FOURTH_O_1": null,
        "FanID": null,
        "Fan_Del": null,
        "Fan_Del_sh": null,
        "FeatureT_1": null,
        "Geo_short": null,
        "Geography": null,
        "Gradient": null,
        "Hyperlink": null,
        "ID": null,
        "Id": 18,
        "Id_1": null,
        "LENGTH": null,
        "Location": null,
        "MAPSYMBOL": "CH-LO",
        "MAP_SYMBOL": null,
        "MS_ID": null,
        "MidptX": null,
        "MidptY": null,
        "Mod_names": null,
        "NAME": "Pattern 18",
        "NAME_1": null,
        "Name": null,
        "OBJECTID": null,
        "OBJECTID_1": null,
        "ORDERBY": 18,
        "ORIG_FID": null,
        "Offset": null,
        "PATTERNID": 18,
        "PERSON": null,
        "PMLABEL": null,
        "PM_NAME": null,
        "PM_NAME_NE": null,
        "Pattern": null,
        "Profile": null,
        "REGION": "SDM",
        "SECTIONARC": "Lower Cordorniz Canyon",
        "SECTION_AB": null,
        "SOURCE": null,
        "STRAT_INTE": null,
        "SectionArc": null,
        "Shape_Ar_1": null,
        "Shape_Area": null,
        "Shape_Le_1": null,
        "Shape_Leng": null,
        "Shape_Length": null,
        "Stop": null,
        "Stop_Num": null,
        "Symbology": null
      }
    },
    {
      "type": "Feature",
      "geometry": {
        "type": "Polygon",
        "coordinates": [
          [
            [
              -104.74352103179663,
              31.62208325914735
            ],
            [
              -104.7335509714626,
              31.623667707041363
            ],
            [
              -104.71678068662061,
              31.615387219433075
            ],
            [
              -104.71573494060894,
              31.606265676767116
            ],
            [
              -104.70999314605814,
              31.603825389933572
            ],
            [
              -104.7027328941367,
              31.596854514014375
            ],
            [
              -104.69695545442382,
              31.58573883326978
            ],
            [
              -104.69500303974512,
              31.58261863191671
            ],
            [
              -104.69206800431483,
              31.576655435201715
            ],
            [
              -104.68596320634042,
              31.568899078826448
            ],
            [
              -104.69111158423166,
              31.56451596353278
            ],
            [
              -104.69520185167252,
              31.566103600545528
            ],
            [
              -104.70291938977726,
              31.573777172948684
            ],
            [
              -104.7092239243331,
              31.580326766644124
            ],
            [
              -104.7139058884574,
              31.58276463706062
            ],
            [
              -104.7194664178203,
              31.583243721716297
            ],
            [
              -104.7243772997484,
              31.582134065565263
            ],
            [
              -104.73159099652723,
              31.576547823852515
            ],
            [
              -104.74016159587663,
              31.57689436943541
            ],
            [
              -104.74801819763,
              31.57372691962406
            ],
            [
              -104.77102452711661,
              31.578213274541156
            ],
            [
              -104.77534649592687,
              31.578776089025496
            ],
            [
              -104.7760132178424,
              31.582478465899943
            ],
            [
              -104.777217769735,
              31.587315268144653
            ],
            [
              -104.77852977999363,
              31.5924760949916
            ],
            [
              -104.7829689339528,
              31.601128302060484
            ],
            [
              -104.78383056421953,
              31.602540839270404
            ],
            [
              -104.78284887515883,
              31.60630977961962
            ],
            [
              -104.78478991641029,
              31.608510636032037
            ],
            [
              -104.78491322348745,
              31.61369251787243
            ],
            [
              -104.78406200434601,
              31.61623107339548
            ],
            [
              -104.7782238237337,
              31.619741030123986
            ],
            [
              -104.7748471788497,
              31.62111287383441
            ],
            [
              -104.76070246094034,
              31.621417707785465
            ],
            [
              -104.74990050614251,
              31.621770527133894
            ],
            [
              -104.74352103179663,
              31.62208325914735
            ]
          ]
        ]
      },
      "properties": {
        "Abbrev": null,
        "Alpha": null,
        "Area": null,
        "CS_ID": null,
        "CYCLE": null,
        "CycleDsolv": null,
        "DESCRIPT": "Bitterwell Mountain",
        "FEATUREKEY": 17,
        "FEATUREK_1": null,
        "FEATURETYP": "Pattern",
        "FID_": null,
        "FID_Cross_": null,
        "FID_FanGeo": null,
        "FID_Fan_De": null,
        "FID_GIS_Re": null,
        "FID_Photo_": null,
        "FID_ftrip_": null,
        "FID_measur": null,
        "FID_patter": null,
        "FOURTH_ORD": null,
        "FOURTH_O_1": null,
        "FanID": null,
        "Fan_Del": null,
        "Fan_Del_sh": null,
        "FeatureT_1": null,
        "Geo_short": null,
        "Geography": null,
        "Gradient": null,
        "Hyperlink": null,
        "ID": null,
        "Id": 17,
        "Id_1": null,
        "LENGTH": null,
        "Location": null,
        "MAPSYMBOL": "CH-LO",
        "MAP_SYMBOL": null,
        "MS_ID": null,
        "MidptX": null,
        "MidptY": null,
        "Mod_names": null,
        "NAME": "Pattern 17",
        "NAME_1": null,
        "Name": null,
        "OBJECTID": null,
        "OBJECTID_1": null,
        "ORDERBY": 17,
        "ORIG_FID": null,
        "Offset": null,
        "PATTERNID": 17,
        "PERSON": null,
        "PMLABEL": null,
        "PM_NAME": null,
        "PM_NAME_NE": null,
        "Pattern": null,
        "Profile": null,
        "REGION": "SDM",
        "SECTIONARC": "Bitterwell Mountain",
        "SECTION_AB": null,
        "SOURCE": null,
        "STRAT_INTE": null,
        "SectionArc": null,
        "Shape_Ar_1": null,
        "Shape_Area": null,
        "Shape_Le_1": null,
        "Shape_Leng": null,
        "Shape_Length": null,
        "Stop": null,
        "Stop_Num": null,
        "Symbology": null
      }
    },
    {
      "type": "Feature",
      "geometry": {
        "type": "Polygon",
        "coordinates": [
          [
            [
              -104.72818970879203,
              31.674672659686692
            ],
            [
              -104.72818544796156,
              31.67614377477058
            ],
            [
              -104.72137018533037,
              31.677188339406484
            ],
            [
              -104.71888297475583,
              31.680537064653578
            ],
            [
              -104.7151620979141,
              31.682176499791204
            ],
            [
              -104.70813523295062,
              31.6846910071331
            ],
            [
              -104.70551045153825,
              31.687803773308204
            ],
            [
              -104.69938491905815,
              31.68802491729823
            ],
            [
              -104.69388467887569,
              31.686423074477833
            ],
            [
              -104.69024264539438,
              31.68482550406762
            ],
            [
              -104.68762530563193,
              31.685525282573934
            ],
            [
              -104.67960360138417,
              31.676796420748573
            ],
            [
              -104.6743030242684,
              31.677430338000857
            ],
            [
              -104.67162211751791,
              31.676658505750535
            ],
            [
              -104.66805944585512,
              31.6722947954679
            ],
            [
              -104.66496674636655,
              31.671286375041507
            ],
            [
              -104.66311534464639,
              31.669516168799927
            ],
            [
              -104.66346780903136,
              31.66716329857392
            ],
            [
              -104.66492001371152,
              31.665107535310117
            ],
            [
              -104.66548405795244,
              31.66128408629318
            ],
            [
              -104.66900749183917,
              31.657115248160064
            ],
            [
              -104.67322283059575,
              31.65171232863186
            ],
            [
              -104.68006241670857,
              31.643138208336993
            ],
            [
              -104.68226631528483,
              31.64231986317205
            ],
            [
              -104.68535647601415,
              31.64385746729964
            ],
            [
              -104.68651011076877,
              31.648567910436714
            ],
            [
              -104.67463113132726,
              31.662190334598517
            ],
            [
              -104.67455641451406,
              31.66389664998469
            ],
            [
              -104.67833617651742,
              31.665141946872247
            ],
            [
              -104.67970797553369,
              31.666381130648457
            ],
            [
              -104.68088000814429,
              31.66567791713784
            ],
            [
              -104.68954372129225,
              31.66728803186142
            ],
            [
              -104.69319968419767,
              31.664413438887124
            ],
            [
              -104.6993225486096,
              31.66454565056763
            ],
            [
              -104.70062018650192,
              31.667549787177233
            ],
            [
              -104.71038256426758,
              31.670043725078155
            ],
            [
              -104.71402455225355,
              31.671581879265442
            ],
            [
              -104.72099127220491,
              31.67217344935118
            ],
            [
              -104.72454632825455,
              31.673487978065957
            ],
            [
              -104.72818970879203,
              31.674672659686692
            ]
          ]
        ]
      },
      "properties": {
        "Abbrev": null,
        "Alpha": null,
        "Area": null,
        "CS_ID": null,
        "CYCLE": null,
        "CycleDsolv": null,
        "DESCRIPT": "Chico Basin",
        "FEATUREKEY": 13,
        "FEATUREK_1": null,
        "FEATURETYP": "Pattern",
        "FID_": null,
        "FID_Cross_": null,
        "FID_FanGeo": null,
        "FID_Fan_De": null,
        "FID_GIS_Re": null,
        "FID_Photo_": null,
        "FID_ftrip_": null,
        "FID_measur": null,
        "FID_patter": null,
        "FOURTH_ORD": null,
        "FOURTH_O_1": null,
        "FanID": null,
        "Fan_Del": null,
        "Fan_Del_sh": null,
        "FeatureT_1": null,
        "Geo_short": null,
        "Geography": null,
        "Gradient": null,
        "Hyperlink": null,
        "ID": null,
        "Id": 13,
        "Id_1": null,
        "LENGTH": null,
        "Location": null,
        "MAPSYMBOL": "CH",
        "MAP_SYMBOL": null,
        "MS_ID": null,
        "MidptX": null,
        "MidptY": null,
        "Mod_names": null,
        "NAME": "Pattern 13",
        "NAME_1": null,
        "Name": null,
        "OBJECTID": null,
        "OBJECTID_1": null,
        "ORDERBY": 13,
        "ORIG_FID": null,
        "Offset": null,
        "PATTERNID": 13,
        "PERSON": null,
        "PMLABEL": null,
        "PM_NAME": null,
        "PM_NAME_NE": null,
        "Pattern": null,
        "Profile": null,
        "REGION": "CDM",
        "SECTIONARC": "Chico Basin",
        "SECTION_AB": null,
        "SOURCE": null,
        "STRAT_INTE": null,
        "SectionArc": null,
        "Shape_Ar_1": null,
        "Shape_Area": null,
        "Shape_Le_1": null,
        "Shape_Leng": null,
        "Shape_Length": null,
        "Stop": null,
        "Stop_Num": null,
        "Symbology": null
      }
    },
    {
      "type": "Feature",
      "geometry": {
        "type": "Polygon",
        "coordinates": [
          [
            [
              -104.71106667064093,
              31.71320056349192
            ],
            [
              -104.7113646048899,
              31.717040843395914
            ],
            [
              -104.70763364274019,
              31.721401582480713
            ],
            [
              -104.7043805549738,
              31.721482377605934
            ],
            [
              -104.7018089363174,
              31.7183429424004
            ],
            [
              -104.69933295496823,
              31.717631015953188
            ],
            [
              -104.69680352498999,
              31.717492648947623
            ],
            [
              -104.69427078914202,
              31.71836929177695
            ],
            [
              -104.69225866348636,
              31.717923135574857
            ],
            [
              -104.69470267685413,
              31.712588846786428
            ],
            [
              -104.70250395810058,
              31.710841878529312
            ],
            [
              -104.70277230925196,
              31.707620759602012
            ],
            [
              -104.70427581997963,
              31.705594101755366
            ],
            [
              -104.7061404810218,
              31.70361238836489
            ],
            [
              -104.71042426193698,
              31.705926692138426
            ],
            [
              -104.7125201740824,
              31.707996327245116
            ],
            [
              -104.71106667064093,
              31.71320056349192
            ]
          ]
        ]
      },
      "properties": {
        "Abbrev": null,
        "Alpha": null,
        "Area": null,
        "CS_ID": null,
        "CYCLE": null,
        "CycleDsolv": null,
        "DESCRIPT": "Kunitz Hollow",
        "FEATUREKEY": 12,
        "FEATUREK_1": null,
        "FEATURETYP": "Pattern",
        "FID_": null,
        "FID_Cross_": null,
        "FID_FanGeo": null,
        "FID_Fan_De": null,
        "FID_GIS_Re": null,
        "FID_Photo_": null,
        "FID_ftrip_": null,
        "FID_measur": null,
        "FID_patter": null,
        "FOURTH_ORD": null,
        "FOURTH_O_1": null,
        "FanID": null,
        "Fan_Del": null,
        "Fan_Del_sh": null,
        "FeatureT_1": null,
        "Geo_short": null,
        "Geography": null,
        "Gradient": null,
        "Hyperlink": null,
        "ID": null,
        "Id": 12,
        "Id_1": null,
        "LENGTH": null,
        "Location": null,
        "MAPSYMBOL": "CH",
        "MAP_SYMBOL": null,
        "MS_ID": null,
        "MidptX": null,
        "MidptY": null,
        "Mod_names": null,
        "NAME": "Pattern 12",
        "NAME_1": null,
        "Name": null,
        "OBJECTID": null,
        "OBJECTID_1": null,
        "ORDERBY": 12,
        "ORIG_FID": null,
        "Offset": null,
        "PATTERNID": 12,
        "PERSON": null,
        "PMLABEL": null,
        "PM_NAME": null,
        "PM_NAME_NE": null,
        "Pattern": null,
        "Profile": null,
        "REGION": "CDM",
        "SECTIONARC": "Kunitz Hollow",
        "SECTION_AB": null,
        "SOURCE": null,
        "STRAT_INTE": null,
        "SectionArc": null,
        "Shape_Ar_1": null,
        "Shape_Area": null,
        "Shape_Le_1": null,
        "Shape_Leng": null,
        "Shape_Length": null,
        "Stop": null,
        "Stop_Num": null,
        "Symbology": null
      }
    },
    {
      "type": "Feature",
      "geometry": {
        "type": "Polygon",
        "coordinates": [
          [
            [
              -104.75321052637919,
              31.701831241860894
            ],
            [
              -104.75107983542212,
              31.702047860607117
            ],
            [
              -104.74916754419795,
              31.701298757419682
            ],
            [
              -104.74857067629142,
              31.698952486328256
            ],
            [
              -104.74751303044178,
              31.692689459020855
            ],
            [
              -104.74803215575432,
              31.691587140641058
            ],
            [
              -104.7463095213,
              31.68441202421531
            ],
            [
              -104.74146971737362,
              31.68484368606671
            ],
            [
              -104.74173582381641,
              31.68192036703513
            ],
            [
              -104.74316295575174,
              31.679054545877303
            ],
            [
              -104.74175130767875,
              31.676293351291722
            ],
            [
              -104.74105008023177,
              31.673257741924868
            ],
            [
              -104.73711686594233,
              31.672642893077995
            ],
            [
              -104.73261226534356,
              31.66882703448342
            ],
            [
              -104.73127189962231,
              31.66385917943879
            ],
            [
              -104.72451177367883,
              31.659619008681315
            ],
            [
              -104.7243233024508,
              31.657908417368542
            ],
            [
              -104.72600744451435,
              31.655429501488488
            ],
            [
              -104.73110361058107,
              31.65505412719935
            ],
            [
              -104.73251761261596,
              31.6567672738289
            ],
            [
              -104.7374129391326,
              31.659039259204597
            ],
            [
              -104.74366749105843,
              31.659658763817216
            ],
            [
              -104.74598432631082,
              31.661539065152855
            ],
            [
              -104.75269955954965,
              31.658738670289598
            ],
            [
              -104.7543266982664,
              31.65990630096408
            ],
            [
              -104.75372771062558,
              31.662795808729605
            ],
            [
              -104.75401197393752,
              31.667168473280455
            ],
            [
              -104.74821084456289,
              31.67210744478568
            ],
            [
              -104.75086361455682,
              31.675491080073506
            ],
            [
              -104.74959261020688,
              31.67678939471601
            ],
            [
              -104.75153378960093,
              31.67769650407358
            ],
            [
              -104.74970780477986,
              31.68112559414896
            ],
            [
              -104.75008385702479,
              31.682716184691905
            ],
            [
              -104.75088841395005,
              31.68206735657607
            ],
            [
              -104.75376572790077,
              31.68051920134174
            ],
            [
              -104.7549862490448,
              31.68236433269636
            ],
            [
              -104.75489541952092,
              31.684785076699626
            ],
            [
              -104.75615733457389,
              31.686991606202053
            ],
            [
              -104.75755261388322,
              31.68666905965651
            ],
            [
              -104.75722139284409,
              31.684030715487562
            ],
            [
              -104.76018354040754,
              31.682338044148945
            ],
            [
              -104.7613349169357,
              31.682359781978008
            ],
            [
              -104.76353343171895,
              31.682697272616295
            ],
            [
              -104.76436429354422,
              31.68328527088031
            ],
            [
              -104.76562298301309,
              31.686864760699265
            ],
            [
              -104.76701356379203,
              31.688421023432728
            ],
            [
              -104.76624880812099,
              31.690081751198765
            ],
            [
              -104.76738921386342,
              31.690300627844696
            ],
            [
              -104.76759244521354,
              31.69355297457007
            ],
            [
              -104.76581631638273,
              31.694055599041047
            ],
            [
              -104.76272634207932,
              31.696055290465797
            ],
            [
              -104.76166305275166,
              31.698727158860716
            ],
            [
              -104.7581856109259,
              31.6999643858181
            ],
            [
              -104.75321052637919,
              31.701831241860894
            ]
          ]
        ]
      },
      "properties": {
        "Abbrev": null,
        "Alpha": null,
        "Area": null,
        "CS_ID": null,
        "CYCLE": null,
        "CycleDsolv": null,
        "DESCRIPT": "Colleen Canyon / Rock Art",
        "FEATUREKEY": 14,
        "FEATUREK_1": null,
        "FEATURETYP": "Pattern",
        "FID_": null,
        "FID_Cross_": null,
        "FID_FanGeo": null,
        "FID_Fan_De": null,
        "FID_GIS_Re": null,
        "FID_Photo_": null,
        "FID_ftrip_": null,
        "FID_measur": null,
        "FID_patter": null,
        "FOURTH_ORD": null,
        "FOURTH_O_1": null,
        "FanID": null,
        "Fan_Del": null,
        "Fan_Del_sh": null,
        "FeatureT_1": null,
        "Geo_short": null,
        "Geography": null,
        "Gradient": null,
        "Hyperlink": null,
        "ID": null,
        "Id": 14,
        "Id_1": null,
        "LENGTH": null,
        "Location": null,
        "MAPSYMBOL": "CH",
        "MAP_SYMBOL": null,
        "MS_ID": null,
        "MidptX": null,
        "MidptY": null,
        "Mod_names": null,
        "NAME": "Pattern 14",
        "NAME_1": null,
        "Name": null,
        "OBJECTID": null,
        "OBJECTID_1": null,
        "ORDERBY": 14,
        "ORIG_FID": null,
        "Offset": null,
        "PATTERNID": 14,
        "PERSON": null,
        "PMLABEL": null,
        "PM_NAME": null,
        "PM_NAME_NE": null,
        "Pattern": null,
        "Profile": null,
        "REGION": "CDM",
        "SECTIONARC": "Colleen Canyon / Rock Art",
        "SECTION_AB": null,
        "SOURCE": null,
        "STRAT_INTE": null,
        "SectionArc": null,
        "Shape_Ar_1": null,
        "Shape_Area": null,
        "Shape_Le_1": null,
        "Shape_Leng": null,
        "Shape_Length": null,
        "Stop": null,
        "Stop_Num": null,
        "Symbology": null
      }
    },
    {
      "type": "Feature",
      "geometry": {
        "type": "Polygon",
        "coordinates": [
          [
            [
              -104.78221665014857,
              31.704631183002867
            ],
            [
              -104.78274460761104,
              31.70841776245212
            ],
            [
              -104.78287622718123,
              31.709526922593128
            ],
            [
              -104.78233867269213,
              31.70987016170054
            ],
            [
              -104.78153353637703,
              31.709868789076793
            ],
            [
              -104.77943303527665,
              31.709100400442697
            ],
            [
              -104.77813714883428,
              31.708562810600796
            ],
            [
              -104.77567317751843,
              31.707250852778834
            ],
            [
              -104.77425818730714,
              31.70531751918272
            ],
            [
              -104.76877959268046,
              31.70277005197864
            ],
            [
              -104.76930741527678,
              31.70072848980862
            ],
            [
              -104.76854750246636,
              31.70040191983996
            ],
            [
              -104.76672934606916,
              31.700759947629518
            ],
            [
              -104.76656137734454,
              31.70032604484117
            ],
            [
              -104.76753832330968,
              31.69834050666642
            ],
            [
              -104.76711714981705,
              31.69776161191662
            ],
            [
              -104.76609563450805,
              31.697423202434926
            ],
            [
              -104.76487724677278,
              31.697793647887284
            ],
            [
              -104.76389535964333,
              31.698217962643312
            ],
            [
              -104.76166305275166,
              31.698727158860716
            ],
            [
              -104.76272634207932,
              31.696055290465797
            ],
            [
              -104.76581631638273,
              31.694055599041047
            ],
            [
              -104.76759244521354,
              31.69355297457007
            ],
            [
              -104.76738921386342,
              31.690300627844696
            ],
            [
              -104.76624880812099,
              31.690081751198765
            ],
            [
              -104.76701356379203,
              31.688421023432728
            ],
            [
              -104.76562298301309,
              31.686864760699265
            ],
            [
              -104.76436429354422,
              31.68328527088031
            ],
            [
              -104.76353343171895,
              31.682697272616295
            ],
            [
              -104.7613349169357,
              31.682359781978008
            ],
            [
              -104.76018354040754,
              31.682338044148945
            ],
            [
              -104.75722139284409,
              31.684030715487562
            ],
            [
              -104.75755261388322,
              31.68666905965651
            ],
            [
              -104.75615733457389,
              31.686991606202053
            ],
            [
              -104.75489541952092,
              31.684785076699626
            ],
            [
              -104.7549862490448,
              31.68236433269636
            ],
            [
              -104.75376572790077,
              31.68051920134174
            ],
            [
              -104.75088841395005,
              31.68206735657607
            ],
            [
              -104.75008385702479,
              31.682716184691905
            ],
            [
              -104.74970780477986,
              31.68112559414896
            ],
            [
              -104.75153378960093,
              31.67769650407358
            ],
            [
              -104.74959261020688,
              31.67678939471601
            ],
            [
              -104.75086361455682,
              31.675491080073506
            ],
            [
              -104.74821084456289,
              31.67210744478568
            ],
            [
              -104.75401197393752,
              31.667168473280455
            ],
            [
              -104.75372771062558,
              31.662795808729605
            ],
            [
              -104.7543266982664,
              31.65990630096408
            ],
            [
              -104.75269955954965,
              31.658738670289598
            ],
            [
              -104.75025268403715,
              31.657244404544276
            ],
            [
              -104.75380494676982,
              31.6553204250255
            ],
            [
              -104.74930011466562,
              31.651670642431917
            ],
            [
              -104.74930217518676,
              31.650898303181563
            ],
            [
              -104.75007962275157,
              31.6495647707538
            ],
            [
              -104.75214386851594,
              31.649348111382643
            ],
            [
              -104.75125226396976,
              31.645098492102974
            ],
            [
              -104.75171401279452,
              31.64118249858065
            ],
            [
              -104.7502326464825,
              31.640517610098573
            ],
            [
              -104.74979279653574,
              31.636180587504818
            ],
            [
              -104.74741617768154,
              31.632755539978877
            ],
            [
              -104.74909454291468,
              31.632041658121242
            ],
            [
              -104.74891476137951,
              31.626927128537243
            ],
            [
              -104.75162574546555,
              31.625773890173342
            ],
            [
              -104.75626050541305,
              31.628596333774432
            ],
            [
              -104.76554681511531,
              31.627841305751904
            ],
            [
              -104.76947691448052,
              31.629006952196203
            ],
            [
              -104.7728180329589,
              31.633812498732006
            ],
            [
              -104.77577602152404,
              31.637182929465887
            ],
            [
              -104.7752471197129,
              31.6426435916069
            ],
            [
              -104.77626534934036,
              31.6483276268015
            ],
            [
              -104.77516614164105,
              31.649539387615896
            ],
            [
              -104.77331375015872,
              31.66848721599284
            ],
            [
              -104.77611945198232,
              31.673119120320848
            ],
            [
              -104.77723217783185,
              31.675262466970974
            ],
            [
              -104.77878470862355,
              31.68054219227633
            ],
            [
              -104.77891247948763,
              31.6832497590284
            ],
            [
              -104.7793108873286,
              31.684971216697654
            ],
            [
              -104.78015363042744,
              31.687917094918777
            ],
            [
              -104.78095554345632,
              31.689218606449998
            ],
            [
              -104.78171071212475,
              31.691399537020907
            ],
            [
              -104.78183625068975,
              31.695108962045573
            ],
            [
              -104.78151882792969,
              31.69698214477981
            ],
            [
              -104.78151508745242,
              31.698588187322528
            ],
            [
              -104.78177711781504,
              31.70130362105642
            ],
            [
              -104.78221665014857,
              31.704631183002867
            ]
          ]
        ]
      },
      "properties": {
        "Abbrev": null,
        "Alpha": null,
        "Area": null,
        "CS_ID": null,
        "CYCLE": null,
        "CycleDsolv": null,
        "DESCRIPT": "Hogue and Colleen Canyons",
        "FEATUREKEY": 16,
        "FEATUREK_1": null,
        "FEATURETYP": "Pattern",
        "FID_": null,
        "FID_Cross_": null,
        "FID_FanGeo": null,
        "FID_Fan_De": null,
        "FID_GIS_Re": null,
        "FID_Photo_": null,
        "FID_ftrip_": null,
        "FID_measur": null,
        "FID_patter": null,
        "FOURTH_ORD": null,
        "FOURTH_O_1": null,
        "FanID": null,
        "Fan_Del": null,
        "Fan_Del_sh": null,
        "FeatureT_1": null,
        "Geo_short": null,
        "Geography": null,
        "Gradient": null,
        "Hyperlink": null,
        "ID": null,
        "Id": 16,
        "Id_1": null,
        "LENGTH": null,
        "Location": null,
        "MAPSYMBOL": "PO",
        "MAP_SYMBOL": null,
        "MS_ID": null,
        "MidptX": null,
        "MidptY": null,
        "Mod_names": null,
        "NAME": "Pattern 16",
        "NAME_1": null,
        "Name": null,
        "OBJECTID": null,
        "OBJECTID_1": null,
        "ORDERBY": 16,
        "ORIG_FID": null,
        "Offset": null,
        "PATTERNID": 16,
        "PERSON": null,
        "PMLABEL": null,
        "PM_NAME": null,
        "PM_NAME_NE": null,
        "Pattern": null,
        "Profile": null,
        "REGION": "CDM",
        "SECTIONARC": "Hogue and Colleen Canyons",
        "SECTION_AB": null,
        "SOURCE": null,
        "STRAT_INTE": null,
        "SectionArc": null,
        "Shape_Ar_1": null,
        "Shape_Area": null,
        "Shape_Le_1": null,
        "Shape_Leng": null,
        "Shape_Length": null,
        "Stop": null,
        "Stop_Num": null,
        "Symbology": null
      }
    },
    {
      "type": "Feature",
      "geometry": {
        "type": "Polygon",
        "coordinates": [
          [
            [
              -104.77439360950414,
              31.677136722558235
            ],
            [
              -104.77227891902443,
              31.677428494574862
            ],
            [
              -104.77161696262071,
              31.677049390799105
            ],
            [
              -104.76655745165631,
              31.6778591013865
            ],
            [
              -104.76267106009384,
              31.680749374775722
            ],
            [
              -104.757372863814,
              31.678807828402494
            ],
            [
              -104.75762477327885,
              31.676330801926948
            ],
            [
              -104.75797080971525,
              31.675428637254086
            ],
            [
              -104.76328767265122,
              31.66989568333599
            ],
            [
              -104.766456317496,
              31.669166647861374
            ],
            [
              -104.76544258036685,
              31.6720622190949
            ],
            [
              -104.77003607019088,
              31.670957772587908
            ],
            [
              -104.7728526915151,
              31.672832485977786
            ],
            [
              -104.77400624511606,
              31.67596817116617
            ],
            [
              -104.77439360950414,
              31.677136722558235
            ]
          ]
        ]
      },
      "properties": {
        "Abbrev": null,
        "Alpha": null,
        "Area": null,
        "CS_ID": null,
        "CYCLE": null,
        "CycleDsolv": null,
        "DESCRIPT": "Colleen North Face",
        "FEATUREKEY": 15,
        "FEATUREK_1": null,
        "FEATURETYP": "Pattern",
        "FID_": null,
        "FID_Cross_": null,
        "FID_FanGeo": null,
        "FID_Fan_De": null,
        "FID_GIS_Re": null,
        "FID_Photo_": null,
        "FID_ftrip_": null,
        "FID_measur": null,
        "FID_patter": null,
        "FOURTH_ORD": null,
        "FOURTH_O_1": null,
        "FanID": null,
        "Fan_Del": null,
        "Fan_Del_sh": null,
        "FeatureT_1": null,
        "Geo_short": null,
        "Geography": null,
        "Gradient": null,
        "Hyperlink": null,
        "ID": null,
        "Id": 15,
        "Id_1": null,
        "LENGTH": null,
        "Location": null,
        "MAPSYMBOL": "CH-LO",
        "MAP_SYMBOL": null,
        "MS_ID": null,
        "MidptX": null,
        "MidptY": null,
        "Mod_names": null,
        "NAME": "Pattern 15",
        "NAME_1": null,
        "Name": null,
        "OBJECTID": null,
        "OBJECTID_1": null,
        "ORDERBY": 15,
        "ORIG_FID": null,
        "Offset": null,
        "PATTERNID": 15,
        "PERSON": null,
        "PMLABEL": null,
        "PM_NAME": null,
        "PM_NAME_NE": null,
        "Pattern": null,
        "Profile": null,
        "REGION": "CDM",
        "SECTIONARC": "Colleen North Face",
        "SECTION_AB": null,
        "SOURCE": null,
        "STRAT_INTE": null,
        "SectionArc": null,
        "Shape_Ar_1": null,
        "Shape_Area": null,
        "Shape_Le_1": null,
        "Shape_Leng": null,
        "Shape_Length": null,
        "Stop": null,
        "Stop_Num": null,
        "Symbology": null
      }
    },
    {
      "type": "Feature",
      "geometry": {
        "type": "Polygon",
        "coordinates": [
          [
            [
              -104.77428236268241,
              31.73373226135094
            ],
            [
              -104.77520096627745,
              31.734783557380215
            ],
            [
              -104.77803822719444,
              31.735900057469888
            ],
            [
              -104.7798916830237,
              31.738552228841872
            ],
            [
              -104.78124913554342,
              31.741274163559737
            ],
            [
              -104.78445569527865,
              31.74869670932453
            ],
            [
              -104.77705054628063,
              31.751509568780925
            ],
            [
              -104.77414900782827,
              31.74659055473189
            ],
            [
              -104.77027682849331,
              31.74172138314196
            ],
            [
              -104.77076621632516,
              31.739999965527538
            ],
            [
              -104.76924543496209,
              31.73832565514229
            ],
            [
              -104.76786377695389,
              31.736550130905258
            ],
            [
              -104.7678679663463,
              31.73485973527529
            ],
            [
              -104.76596458081171,
              31.734920052323808
            ],
            [
              -104.76540624570079,
              31.73434492883857
            ],
            [
              -104.76518649486422,
              31.732686016139976
            ],
            [
              -104.76569524195686,
              31.731301558918673
            ],
            [
              -104.76415684613958,
              31.731002310420372
            ],
            [
              -104.76323950903785,
              31.72951357234107
            ],
            [
              -104.76447157428932,
              31.72794133287782
            ],
            [
              -104.76357722364195,
              31.726682461361523
            ],
            [
              -104.76195384715503,
              31.727187815683095
            ],
            [
              -104.75986730804235,
              31.725971924031853
            ],
            [
              -104.75841220318412,
              31.725905392747297
            ],
            [
              -104.75762966892079,
              31.725489283546494
            ],
            [
              -104.75763123640203,
              31.72488329175837
            ],
            [
              -104.75841590362673,
              31.72447014965568
            ],
            [
              -104.75871597549262,
              31.72386472274301
            ],
            [
              -104.75841861711349,
              31.72341763877068
            ],
            [
              -104.75763610353545,
              31.72300152960034
            ],
            [
              -104.75733891822172,
              31.722490654351013
            ],
            [
              -104.75763915557532,
              31.721821439868403
            ],
            [
              -104.75794211859824,
              31.720056551977763
            ],
            [
              -104.7568198720319,
              31.71874232349741
            ],
            [
              -104.75835798546575,
              31.71752061527723
            ],
            [
              -104.75734375264553,
              31.71401976476805
            ],
            [
              -104.75563537692251,
              31.70547142724372
            ],
            [
              -104.75598439542692,
              31.702498808407938
            ],
            [
              -104.7581856109259,
              31.6999643858181
            ],
            [
              -104.76166305275166,
              31.698727158860716
            ],
            [
              -104.76389535964333,
              31.698217962643312
            ],
            [
              -104.76487724677278,
              31.697793647887284
            ],
            [
              -104.76609563450805,
              31.697423202434926
            ],
            [
              -104.76711714981705,
              31.69776161191662
            ],
            [
              -104.76753832330968,
              31.69834050666642
            ],
            [
              -104.76656137734454,
              31.70032604484117
            ],
            [
              -104.76672934606916,
              31.700759947629518
            ],
            [
              -104.76854750246636,
              31.70040191983996
            ],
            [
              -104.76930741527678,
              31.70072848980862
            ],
            [
              -104.76877959268046,
              31.70277005197864
            ],
            [
              -104.7675917548312,
              31.707156136472808
            ],
            [
              -104.76661783750363,
              31.709417029770236
            ],
            [
              -104.76645397559489,
              31.712724630739185
            ],
            [
              -104.76797519371334,
              31.71503636895843
            ],
            [
              -104.76740379393142,
              31.717109865888123
            ],
            [
              -104.76699553597938,
              31.718630448088778
            ],
            [
              -104.76885802753283,
              31.717873165506877
            ],
            [
              -104.77177010479996,
              31.717947548013978
            ],
            [
              -104.77281504454588,
              31.720715455964786
            ],
            [
              -104.77119438140085,
              31.721818984347827
            ],
            [
              -104.76960086374143,
              31.72296471219178
            ],
            [
              -104.76793563819884,
              31.722606014782833
            ],
            [
              -104.76760220900572,
              31.722964456488878
            ],
            [
              -104.76898448017539,
              31.723925804851287
            ],
            [
              -104.7712154696691,
              31.724142861375537
            ],
            [
              -104.77367680238441,
              31.724721343588822
            ],
            [
              -104.77435202217619,
              31.72698260646247
            ],
            [
              -104.77560377103423,
              31.730306270758394
            ],
            [
              -104.77714995059921,
              31.73295003602715
            ],
            [
              -104.7730603857101,
              31.73272575679938
            ],
            [
              -104.77428236268241,
              31.73373226135094
            ]
          ]
        ]
      },
      "properties": {
        "Abbrev": null,
        "Alpha": null,
        "Area": null,
        "CS_ID": null,
        "CYCLE": null,
        "CycleDsolv": null,
        "DESCRIPT": "Central Deleware Mountains",
        "FEATUREKEY": 11,
        "FEATUREK_1": null,
        "FEATURETYP": "Pattern",
        "FID_": null,
        "FID_Cross_": null,
        "FID_FanGeo": null,
        "FID_Fan_De": null,
        "FID_GIS_Re": null,
        "FID_Photo_": null,
        "FID_ftrip_": null,
        "FID_measur": null,
        "FID_patter": null,
        "FOURTH_ORD": null,
        "FOURTH_O_1": null,
        "FanID": null,
        "Fan_Del": null,
        "Fan_Del_sh": null,
        "FeatureT_1": null,
        "Geo_short": null,
        "Geography": null,
        "Gradient": null,
        "Hyperlink": null,
        "ID": null,
        "Id": 11,
        "Id_1": null,
        "LENGTH": null,
        "Location": null,
        "MAPSYMBOL": "CH",
        "MAP_SYMBOL": null,
        "MS_ID": null,
        "MidptX": null,
        "MidptY": null,
        "Mod_names": null,
        "NAME": "Pattern 11",
        "NAME_1": null,
        "Name": null,
        "OBJECTID": null,
        "OBJECTID_1": null,
        "ORDERBY": 11,
        "ORIG_FID": null,
        "Offset": null,
        "PATTERNID": 11,
        "PERSON": null,
        "PMLABEL": null,
        "PM_NAME": null,
        "PM_NAME_NE": null,
        "Pattern": null,
        "Profile": null,
        "REGION": "CDM",
        "SECTIONARC": "Central Delaware Mountains",
        "SECTION_AB": null,
        "SOURCE": null,
        "STRAT_INTE": null,
        "SectionArc": null,
        "Shape_Ar_1": null,
        "Shape_Area": null,
        "Shape_Le_1": null,
        "Shape_Leng": null,
        "Shape_Length": null,
        "Stop": null,
        "Stop_Num": null,
        "Symbology": null
      }
    },
    {
      "type": "Feature",
      "geometry": {
        "type": "Polygon",
        "coordinates": [
          [
            [
              -104.77294792534575,
              31.748328291690925
            ],
            [
              -104.7712302625731,
              31.74864417036729
            ],
            [
              -104.77008223610478,
              31.74497425868412
            ],
            [
              -104.7678849698849,
              31.743056623383954
            ],
            [
              -104.76603341346687,
              31.741156798925758
            ],
            [
              -104.76444628894028,
              31.73956748158219
            ],
            [
              -104.7637879085842,
              31.73775323605006
            ],
            [
              -104.76458742449793,
              31.736168309973166
            ],
            [
              -104.76596458047784,
              31.734920052004384
            ],
            [
              -104.76786796635353,
              31.734859735126204
            ],
            [
              -104.76786377696084,
              31.73655013087837
            ],
            [
              -104.76924543456705,
              31.73832565499675
            ],
            [
              -104.77076621632516,
              31.739999965527538
            ],
            [
              -104.77027682849331,
              31.74172138314196
            ],
            [
              -104.77165194691354,
              31.744084031987178
            ],
            [
              -104.77294792534575,
              31.748328291690925
            ]
          ]
        ]
      },
      "properties": {
        "Abbrev": null,
        "Alpha": null,
        "Area": null,
        "CS_ID": null,
        "CYCLE": null,
        "CycleDsolv": null,
        "DESCRIPT": "Buena Vista / Del Mtn.",
        "FEATUREKEY": 10,
        "FEATUREK_1": null,
        "FEATURETYP": "Pattern",
        "FID_": null,
        "FID_Cross_": null,
        "FID_FanGeo": null,
        "FID_Fan_De": null,
        "FID_GIS_Re": null,
        "FID_Photo_": null,
        "FID_ftrip_": null,
        "FID_measur": null,
        "FID_patter": null,
        "FOURTH_ORD": null,
        "FOURTH_O_1": null,
        "FanID": null,
        "Fan_Del": null,
        "Fan_Del_sh": null,
        "FeatureT_1": null,
        "Geo_short": null,
        "Geography": null,
        "Gradient": null,
        "Hyperlink": null,
        "ID": null,
        "Id": 10,
        "Id_1": null,
        "LENGTH": null,
        "Location": null,
        "MAPSYMBOL": "CH",
        "MAP_SYMBOL": null,
        "MS_ID": null,
        "MidptX": null,
        "MidptY": null,
        "Mod_names": null,
        "NAME": "Pattern 10",
        "NAME_1": null,
        "Name": null,
        "OBJECTID": null,
        "OBJECTID_1": null,
        "ORDERBY": 10,
        "ORIG_FID": null,
        "Offset": null,
        "PATTERNID": 10,
        "PERSON": null,
        "PMLABEL": null,
        "PM_NAME": null,
        "PM_NAME_NE": null,
        "Pattern": null,
        "Profile": null,
        "REGION": "CDM",
        "SECTIONARC": "Buena Vista / Del Mtn.",
        "SECTION_AB": null,
        "SOURCE": null,
        "STRAT_INTE": null,
        "SectionArc": null,
        "Shape_Ar_1": null,
        "Shape_Area": null,
        "Shape_Le_1": null,
        "Shape_Leng": null,
        "Shape_Length": null,
        "Stop": null,
        "Stop_Num": null,
        "Symbology": null
      }
    },
    {
      "type": "Feature",
      "geometry": {
        "type": "Polygon",
        "coordinates": [
          [
            [
              -104.77179546493758,
              31.76172194795299
            ],
            [
              -104.77616417632566,
              31.761219367213354
            ],
            [
              -104.7783570232031,
              31.765241904880888
            ],
            [
              -104.7824968280732,
              31.766907538750054
            ],
            [
              -104.78413961608432,
              31.766814642517875
            ],
            [
              -104.78558988087738,
              31.76927296446659
            ],
            [
              -104.7874158060472,
              31.77074316506623
            ],
            [
              -104.78908913868115,
              31.773680234776133
            ],
            [
              -104.78863845861312,
              31.77485958619147
            ],
            [
              -104.78665835575323,
              31.7754622887727
            ],
            [
              -104.78654861536843,
              31.774473375991317
            ],
            [
              -104.7847579767248,
              31.77386437472445
            ],
            [
              -104.78293336909566,
              31.771820037805565
            ],
            [
              -104.78155309282423,
              31.771371160879667
            ],
            [
              -104.7809191836728,
              31.771051129760536
            ],
            [
              -104.77953591239792,
              31.771878006189496
            ],
            [
              -104.77636290943798,
              31.771744910245847
            ],
            [
              -104.7756883065906,
              31.77282813990362
            ],
            [
              -104.77344209750945,
              31.77365219366435
            ],
            [
              -104.77158322038235,
              31.77301312837651
            ],
            [
              -104.76935420990816,
              31.771596336034772
            ],
            [
              -104.76848786853185,
              31.77085305578718
            ],
            [
              -104.76886257142692,
              31.769794145574682
            ],
            [
              -104.76928052946145,
              31.767958279965033
            ],
            [
              -104.76961701323836,
              31.765627790152184
            ],
            [
              -104.76982806967533,
              31.763862187325415
            ],
            [
              -104.76999656041725,
              31.76259098252813
            ],
            [
              -104.77041176706527,
              31.76185001635523
            ],
            [
              -104.77179546493758,
              31.76172194795299
            ]
          ]
        ]
      },
      "properties": {
        "Abbrev": null,
        "Alpha": null,
        "Area": null,
        "CS_ID": null,
        "CYCLE": null,
        "CycleDsolv": null,
        "DESCRIPT": "Plane Crash Canyon",
        "FEATUREKEY": 9,
        "FEATUREK_1": null,
        "FEATURETYP": "Pattern",
        "FID_": null,
        "FID_Cross_": null,
        "FID_FanGeo": null,
        "FID_Fan_De": null,
        "FID_GIS_Re": null,
        "FID_Photo_": null,
        "FID_ftrip_": null,
        "FID_measur": null,
        "FID_patter": null,
        "FOURTH_ORD": null,
        "FOURTH_O_1": null,
        "FanID": null,
        "Fan_Del": null,
        "Fan_Del_sh": null,
        "FeatureT_1": null,
        "Geo_short": null,
        "Geography": null,
        "Gradient": null,
        "Hyperlink": null,
        "ID": null,
        "Id": 9,
        "Id_1": null,
        "LENGTH": null,
        "Location": null,
        "MAPSYMBOL": "CH",
        "MAP_SYMBOL": null,
        "MS_ID": null,
        "MidptX": null,
        "MidptY": null,
        "Mod_names": null,
        "NAME": "Pattern 9",
        "NAME_1": null,
        "Name": null,
        "OBJECTID": null,
        "OBJECTID_1": null,
        "ORDERBY": 9,
        "ORIG_FID": null,
        "Offset": null,
        "PATTERNID": 9,
        "PERSON": null,
        "PMLABEL": null,
        "PM_NAME": null,
        "PM_NAME_NE": null,
        "Pattern": null,
        "Profile": null,
        "REGION": "NDM",
        "SECTIONARC": "Plane Crash Canyon",
        "SECTION_AB": null,
        "SOURCE": null,
        "STRAT_INTE": null,
        "SectionArc": null,
        "Shape_Ar_1": null,
        "Shape_Area": null,
        "Shape_Le_1": null,
        "Shape_Leng": null,
        "Shape_Length": null,
        "Stop": null,
        "Stop_Num": null,
        "Symbology": null
      }
    },
    {
      "type": "Feature",
      "geometry": {
        "type": "Polygon",
        "coordinates": [
          [
            [
              -104.79990953044145,
              31.775712472802645
            ],
            [
              -104.79982440504759,
              31.776670372517266
            ],
            [
              -104.7988267159046,
              31.777059114557755
            ],
            [
              -104.7967702528001,
              31.77721394257953
            ],
            [
              -104.7903469555955,
              31.761468552627182
            ],
            [
              -104.78605898523071,
              31.752390218351664
            ],
            [
              -104.79028765848675,
              31.75089457750086
            ],
            [
              -104.79344706586858,
              31.757297785099258
            ],
            [
              -104.79468022406486,
              31.760443228816737
            ],
            [
              -104.79706748952051,
              31.76517988443914
            ],
            [
              -104.79731230335342,
              31.76666370013873
            ],
            [
              -104.797226652736,
              31.767937523383747
            ],
            [
              -104.7957698699644,
              31.769389994904785
            ],
            [
              -104.79667963140741,
              31.771201066048416
            ],
            [
              -104.79663554624237,
              31.772371925935865
            ],
            [
              -104.79895805136462,
              31.773936842818898
            ],
            [
              -104.79990953044145,
              31.775712472802645
            ]
          ]
        ]
      },
      "properties": {
        "Abbrev": null,
        "Alpha": null,
        "Area": null,
        "CS_ID": null,
        "CYCLE": null,
        "CycleDsolv": null,
        "DESCRIPT": "Popo-Pollo Fault Blocks",
        "FEATUREKEY": 7,
        "FEATUREK_1": null,
        "FEATURETYP": "Pattern",
        "FID_": null,
        "FID_Cross_": null,
        "FID_FanGeo": null,
        "FID_Fan_De": null,
        "FID_GIS_Re": null,
        "FID_Photo_": null,
        "FID_ftrip_": null,
        "FID_measur": null,
        "FID_patter": null,
        "FOURTH_ORD": null,
        "FOURTH_O_1": null,
        "FanID": null,
        "Fan_Del": null,
        "Fan_Del_sh": null,
        "FeatureT_1": null,
        "Geo_short": null,
        "Geography": null,
        "Gradient": null,
        "Hyperlink": null,
        "ID": null,
        "Id": 7,
        "Id_1": null,
        "LENGTH": null,
        "Location": null,
        "MAPSYMBOL": "CH",
        "MAP_SYMBOL": null,
        "MS_ID": null,
        "MidptX": null,
        "MidptY": null,
        "Mod_names": null,
        "NAME": "Pattern 7",
        "NAME_1": null,
        "Name": null,
        "OBJECTID": null,
        "OBJECTID_1": null,
        "ORDERBY": 7,
        "ORIG_FID": null,
        "Offset": null,
        "PATTERNID": 7,
        "PERSON": null,
        "PMLABEL": null,
        "PM_NAME": null,
        "PM_NAME_NE": null,
        "Pattern": null,
        "Profile": null,
        "REGION": "NDM",
        "SECTIONARC": "Popo-Pollo Fault Blocks",
        "SECTION_AB": null,
        "SOURCE": null,
        "STRAT_INTE": null,
        "SectionArc": null,
        "Shape_Ar_1": null,
        "Shape_Area": null,
        "Shape_Le_1": null,
        "Shape_Leng": null,
        "Shape_Length": null,
        "Stop": null,
        "Stop_Num": null,
        "Symbology": null
      }
    },
    {
      "type": "Feature",
      "geometry": {
        "type": "Polygon",
        "coordinates": [
          [
            [
              -104.79677025274864,
              31.777213942284696
            ],
            [
              -104.79467246485177,
              31.777371847169977
            ],
            [
              -104.79159994073879,
              31.776870112266643
            ],
            [
              -104.78890351415022,
              31.775375409111398
            ],
            [
              -104.78978182096955,
              31.772680172741605
            ],
            [
              -104.79099392579123,
              31.769275820051583
            ],
            [
              -104.78938379111113,
              31.765015244925184
            ],
            [
              -104.78572890303349,
              31.765115613591917
            ],
            [
              -104.78233535780649,
              31.76000035648946
            ],
            [
              -104.78067357936688,
              31.76028137572269
            ],
            [
              -104.77959804416416,
              31.758505385495194
            ],
            [
              -104.77947983689903,
              31.755808488576626
            ],
            [
              -104.77911223593084,
              31.753217608945643
            ],
            [
              -104.78438137044752,
              31.755178166613046
            ],
            [
              -104.7830981173729,
              31.753437336475738
            ],
            [
              -104.78605898482515,
              31.75239021844974
            ],
            [
              -104.7903469549648,
              31.76146855220235
            ],
            [
              -104.79677025274864,
              31.777213942284696
            ]
          ]
        ]
      },
      "properties": {
        "Abbrev": null,
        "Alpha": null,
        "Area": null,
        "CS_ID": null,
        "CYCLE": null,
        "CycleDsolv": null,
        "DESCRIPT": "Upper Popo-Popocito",
        "FEATUREKEY": 8,
        "FEATUREK_1": null,
        "FEATURETYP": "Pattern",
        "FID_": null,
        "FID_Cross_": null,
        "FID_FanGeo": null,
        "FID_Fan_De": null,
        "FID_GIS_Re": null,
        "FID_Photo_": null,
        "FID_ftrip_": null,
        "FID_measur": null,
        "FID_patter": null,
        "FOURTH_ORD": null,
        "FOURTH_O_1": null,
        "FanID": null,
        "Fan_Del": null,
        "Fan_Del_sh": null,
        "FeatureT_1": null,
        "Geo_short": null,
        "Geography": null,
        "Gradient": null,
        "Hyperlink": null,
        "ID": null,
        "Id": 8,
        "Id_1": null,
        "LENGTH": null,
        "Location": null,
        "MAPSYMBOL": "CH",
        "MAP_SYMBOL": null,
        "MS_ID": null,
        "MidptX": null,
        "MidptY": null,
        "Mod_names": null,
        "NAME": "Pattern 8",
        "NAME_1": null,
        "Name": null,
        "OBJECTID": null,
        "OBJECTID_1": null,
        "ORDERBY": 8,
        "ORIG_FID": null,
        "Offset": null,
        "PATTERNID": 8,
        "PERSON": null,
        "PMLABEL": null,
        "PM_NAME": null,
        "PM_NAME_NE": null,
        "Pattern": null,
        "Profile": null,
        "REGION": "NDM",
        "SECTIONARC": "Upper Popo-Popocito",
        "SECTION_AB": null,
        "SOURCE": null,
        "STRAT_INTE": null,
        "SectionArc": null,
        "Shape_Ar_1": null,
        "Shape_Area": null,
        "Shape_Le_1": null,
        "Shape_Leng": null,
        "Shape_Length": null,
        "Stop": null,
        "Stop_Num": null,
        "Symbology": null
      }
    },
    {
      "type": "Feature",
      "geometry": {
        "type": "Polygon",
        "coordinates": [
          [
            [
              -104.8171364787193,
              31.80205932790551
            ],
            [
              -104.81700961060625,
              31.803194589390294
            ],
            [
              -104.81692191856978,
              31.805536312323397
            ],
            [
              -104.81807896556906,
              31.8084427135001
            ],
            [
              -104.81820028696826,
              31.809855664956544
            ],
            [
              -104.81790904742185,
              31.810738236415734
            ],
            [
              -104.81687436146366,
              31.811089951077314
            ],
            [
              -104.81550941677295,
              31.811123305398844
            ],
            [
              -104.81071332409421,
              31.810303936938823
            ],
            [
              -104.80662130151275,
              31.809061622904053
            ],
            [
              -104.80611515501928,
              31.807542863914087
            ],
            [
              -104.80566233000299,
              31.80551966982591
            ],
            [
              -104.80462868106075,
              31.803105279076398
            ],
            [
              -104.81215758863515,
              31.798716738473438
            ],
            [
              -104.81182873507416,
              31.796977606330575
            ],
            [
              -104.81278731996092,
              31.795453263649108
            ],
            [
              -104.81158629264064,
              31.793599305148785
            ],
            [
              -104.81098719809327,
              31.792619766008773
            ],
            [
              -104.80982037196449,
              31.791527001680823
            ],
            [
              -104.80705654454593,
              31.790910543887207
            ],
            [
              -104.80439828346232,
              31.788807145317975
            ],
            [
              -104.80788447500092,
              31.786713081474925
            ],
            [
              -104.8070433821192,
              31.78413317204325
            ],
            [
              -104.80645810445998,
              31.782442987042476
            ],
            [
              -104.80434167939717,
              31.781481729986687
            ],
            [
              -104.8022247731782,
              31.78076881570079
            ],
            [
              -104.80031679779269,
              31.779488469068905
            ],
            [
              -104.7998211763568,
              31.778174833845807
            ],
            [
              -104.80435179921265,
              31.776656098962672
            ],
            [
              -104.80414911261668,
              31.774278445812126
            ],
            [
              -104.80012507945962,
              31.772036800724354
            ],
            [
              -104.79763631859112,
              31.77054260611339
            ],
            [
              -104.79785112257673,
              31.767246599349992
            ],
            [
              -104.79839570232348,
              31.765083012088844
            ],
            [
              -104.79993946522431,
              31.761750057691096
            ],
            [
              -104.79936790241895,
              31.757171879900206
            ],
            [
              -104.80120481767968,
              31.752597466579903
            ],
            [
              -104.8038624240286,
              31.752583831958052
            ],
            [
              -104.80650926195726,
              31.75776836207348
            ],
            [
              -104.80695916221391,
              31.76110442578264
            ],
            [
              -104.80421680259823,
              31.761809908284448
            ],
            [
              -104.80433967818138,
              31.762626201665878
            ],
            [
              -104.80770104547044,
              31.763837720058294
            ],
            [
              -104.80653395291205,
              31.765893958532967
            ],
            [
              -104.80615833522529,
              31.76678045927639
            ],
            [
              -104.80802620485805,
              31.767280038542836
            ],
            [
              -104.80864655323526,
              31.768558348393157
            ],
            [
              -104.80797489293424,
              31.772034650120617
            ],
            [
              -104.81224925067757,
              31.77381514043778
            ],
            [
              -104.8124909707469,
              31.777541181496957
            ],
            [
              -104.80858391904943,
              31.77884824584315
            ],
            [
              -104.81161420833219,
              31.779775301223268
            ],
            [
              -104.81185411360494,
              31.783569741151023
            ],
            [
              -104.8121782884463,
              31.790305867934606
            ],
            [
              -104.81293557995214,
              31.79149231633337
            ],
            [
              -104.81503270962669,
              31.794434636708118
            ],
            [
              -104.81448805962913,
              31.7967402158207
            ],
            [
              -104.81639581692967,
              31.798410656054163
            ],
            [
              -104.8156444983883,
              31.800183702710957
            ],
            [
              -104.81668162671218,
              31.80095871600814
            ],
            [
              -104.8171364787193,
              31.80205932790551
            ]
          ]
        ]
      },
      "properties": {
        "Abbrev": null,
        "Alpha": null,
        "Area": null,
        "CS_ID": null,
        "CYCLE": null,
        "CycleDsolv": null,
        "DESCRIPT": "Lower Brushy Mesa",
        "FEATUREKEY": 6,
        "FEATUREK_1": null,
        "FEATURETYP": "Pattern",
        "FID_": null,
        "FID_Cross_": null,
        "FID_FanGeo": null,
        "FID_Fan_De": null,
        "FID_GIS_Re": null,
        "FID_Photo_": null,
        "FID_ftrip_": null,
        "FID_measur": null,
        "FID_patter": null,
        "FOURTH_ORD": null,
        "FOURTH_O_1": null,
        "FanID": null,
        "Fan_Del": null,
        "Fan_Del_sh": null,
        "FeatureT_1": null,
        "Geo_short": null,
        "Geography": null,
        "Gradient": null,
        "Hyperlink": null,
        "ID": null,
        "Id": 6,
        "Id_1": null,
        "LENGTH": null,
        "Location": null,
        "MAPSYMBOL": "CH-LO",
        "MAP_SYMBOL": null,
        "MS_ID": null,
        "MidptX": null,
        "MidptY": null,
        "Mod_names": null,
        "NAME": "Pattern 6",
        "NAME_1": null,
        "Name": null,
        "OBJECTID": null,
        "OBJECTID_1": null,
        "ORDERBY": 6,
        "ORIG_FID": null,
        "Offset": null,
        "PATTERNID": 6,
        "PERSON": null,
        "PMLABEL": null,
        "PM_NAME": null,
        "PM_NAME_NE": null,
        "Pattern": null,
        "Profile": null,
        "REGION": "NDM",
        "SECTIONARC": "Lower Brushy Mesa",
        "SECTION_AB": null,
        "SOURCE": null,
        "STRAT_INTE": null,
        "SectionArc": null,
        "Shape_Ar_1": null,
        "Shape_Area": null,
        "Shape_Le_1": null,
        "Shape_Leng": null,
        "Shape_Length": null,
        "Stop": null,
        "Stop_Num": null,
        "Symbology": null
      }
    },
    {
      "type": "Feature",
      "geometry": {
        "type": "Polygon",
        "coordinates": [
          [
            [
              -104.81141356982516,
              31.796838612071365
            ],
            [
              -104.81020502721748,
              31.79868191640632
            ],
            [
              -104.80858308848849,
              31.79949559464834
            ],
            [
              -104.80762651526686,
              31.799990913106733
            ],
            [
              -104.80654580918089,
              31.800237658240945
            ],
            [
              -104.80538274610306,
              31.800129442892132
            ],
            [
              -104.8046775074284,
              31.799631609799224
            ],
            [
              -104.80393058168947,
              31.799204673928784
            ],
            [
              -104.80347447955155,
              31.798778181664424
            ],
            [
              -104.80264395033323,
              31.79859948759255
            ],
            [
              -104.80222970319961,
              31.798031125196257
            ],
            [
              -104.80215113172815,
              31.795902047886003
            ],
            [
              -104.80252878500671,
              31.794128502338765
            ],
            [
              -104.80419237402825,
              31.79324399908326
            ],
            [
              -104.80660030894241,
              31.79399280389504
            ],
            [
              -104.80921810529192,
              31.793712881069926
            ],
            [
              -104.810796522775,
              31.793821677413792
            ],
            [
              -104.81162595023874,
              31.794532555999965
            ],
            [
              -104.81195593630255,
              31.795703968561387
            ],
            [
              -104.81141356982516,
              31.796838612071365
            ]
          ]
        ]
      },
      "properties": {
        "Abbrev": null,
        "Alpha": null,
        "Area": null,
        "CS_ID": null,
        "CYCLE": null,
        "CycleDsolv": null,
        "DESCRIPT": "Upper Brushy Mesa",
        "FEATUREKEY": 5,
        "FEATUREK_1": null,
        "FEATURETYP": "Pattern",
        "FID_": null,
        "FID_Cross_": null,
        "FID_FanGeo": null,
        "FID_Fan_De": null,
        "FID_GIS_Re": null,
        "FID_Photo_": null,
        "FID_ftrip_": null,
        "FID_measur": null,
        "FID_patter": null,
        "FOURTH_ORD": null,
        "FOURTH_O_1": null,
        "FanID": null,
        "Fan_Del": null,
        "Fan_Del_sh": null,
        "FeatureT_1": null,
        "Geo_short": null,
        "Geography": null,
        "Gradient": null,
        "Hyperlink": null,
        "ID": null,
        "Id": 5,
        "Id_1": null,
        "LENGTH": null,
        "Location": null,
        "MAPSYMBOL": "CH",
        "MAP_SYMBOL": null,
        "MS_ID": null,
        "MidptX": null,
        "MidptY": null,
        "Mod_names": null,
        "NAME": "Pattern 5",
        "NAME_1": null,
        "Name": null,
        "OBJECTID": null,
        "OBJECTID_1": null,
        "ORDERBY": 5,
        "ORIG_FID": null,
        "Offset": null,
        "PATTERNID": 5,
        "PERSON": null,
        "PMLABEL": null,
        "PM_NAME": null,
        "PM_NAME_NE": null,
        "Pattern": null,
        "Profile": null,
        "REGION": "NDM",
        "SECTIONARC": "Upper Brushy Mesa",
        "SECTION_AB": null,
        "SOURCE": null,
        "STRAT_INTE": null,
        "SectionArc": null,
        "Shape_Ar_1": null,
        "Shape_Area": null,
        "Shape_Le_1": null,
        "Shape_Leng": null,
        "Shape_Length": null,
        "Stop": null,
        "Stop_Num": null,
        "Symbology": null
      }
    },
    {
      "type": "Feature",
      "geometry": {
        "type": "Polygon",
        "coordinates": [
          [
            [
              -104.84483735413383,
              31.85720343048457
            ],
            [
              -104.8459398236036,
              31.857816965598737
            ],
            [
              -104.84457247988753,
              31.860636260333038
            ],
            [
              -104.84411213132455,
              31.862530939215
            ],
            [
              -104.83819344241275,
              31.865296665734263
            ],
            [
              -104.83513103432604,
              31.865472975319058
            ],
            [
              -104.8324215536484,
              31.865108986482834
            ],
            [
              -104.83087476989948,
              31.864085644664552
            ],
            [
              -104.82863668075638,
              31.86056011398247
            ],
            [
              -104.82811861801012,
              31.858162495563445
            ],
            [
              -104.82740269579662,
              31.85682371208436
            ],
            [
              -104.82511962612583,
              31.855371301303467
            ],
            [
              -104.8229678769372,
              31.853584577191963
            ],
            [
              -104.81967090845863,
              31.851868748500593
            ],
            [
              -104.81904137777765,
              31.849855289806325
            ],
            [
              -104.81633668748368,
              31.847328205585047
            ],
            [
              -104.81651583213842,
              31.84570639305594
            ],
            [
              -104.81792491628211,
              31.84492741453113
            ],
            [
              -104.82126933507283,
              31.84415114557869
            ],
            [
              -104.83513503411305,
              31.843328735874767
            ],
            [
              -104.83657679610084,
              31.84387128043577
            ],
            [
              -104.8382615061425,
              31.846366609991804
            ],
            [
              -104.83878531858612,
              31.84730654237685
            ],
            [
              -104.84192343380718,
              31.851124947064623
            ],
            [
              -104.84417959587746,
              31.854612552801957
            ],
            [
              -104.84483735413383,
              31.85720343048457
            ]
          ]
        ]
      },
      "properties": {
        "Abbrev": null,
        "Alpha": null,
        "Area": null,
        "CS_ID": null,
        "CYCLE": null,
        "CycleDsolv": null,
        "DESCRIPT": "Guadalupe Canyon",
        "FEATUREKEY": 4,
        "FEATUREK_1": null,
        "FEATURETYP": "Pattern",
        "FID_": null,
        "FID_Cross_": null,
        "FID_FanGeo": null,
        "FID_Fan_De": null,
        "FID_GIS_Re": null,
        "FID_Photo_": null,
        "FID_ftrip_": null,
        "FID_measur": null,
        "FID_patter": null,
        "FOURTH_ORD": null,
        "FOURTH_O_1": null,
        "FanID": null,
        "Fan_Del": null,
        "Fan_Del_sh": null,
        "FeatureT_1": null,
        "Geo_short": null,
        "Geography": null,
        "Gradient": null,
        "Hyperlink": null,
        "ID": null,
        "Id": 4,
        "Id_1": null,
        "LENGTH": null,
        "Location": null,
        "MAPSYMBOL": "CH",
        "MAP_SYMBOL": null,
        "MS_ID": null,
        "MidptX": null,
        "MidptY": null,
        "Mod_names": null,
        "NAME": "Pattern 4",
        "NAME_1": null,
        "Name": null,
        "OBJECTID": null,
        "OBJECTID_1": null,
        "ORDERBY": 4,
        "ORIG_FID": null,
        "Offset": null,
        "PATTERNID": 4,
        "PERSON": null,
        "PMLABEL": null,
        "PM_NAME": null,
        "PM_NAME_NE": null,
        "Pattern": null,
        "Profile": null,
        "REGION": "NDM",
        "SECTIONARC": "Guadalupe Canyon",
        "SECTION_AB": null,
        "SOURCE": null,
        "STRAT_INTE": null,
        "SectionArc": null,
        "Shape_Ar_1": null,
        "Shape_Area": null,
        "Shape_Le_1": null,
        "Shape_Leng": null,
        "Shape_Length": null,
        "Stop": null,
        "Stop_Num": null,
        "Symbology": null
      }
    },
    {
      "type": "Feature",
      "geometry": {
        "type": "Polygon",
        "coordinates": [
          [
            [
              -104.84457247988753,
              31.860636260333038
            ],
            [
              -104.85002303565608,
              31.857633459040247
            ],
            [
              -104.85134699461453,
              31.857776284439232
            ],
            [
              -104.85200774228217,
              31.858624713301797
            ],
            [
              -104.85360663256907,
              31.859380033285447
            ],
            [
              -104.85796548916638,
              31.85938495679273
            ],
            [
              -104.86160525006902,
              31.86061335296733
            ],
            [
              -104.8633667490943,
              31.86344078607954
            ],
            [
              -104.86380604071678,
              31.864901115241302
            ],
            [
              -104.86380329063253,
              31.86678480196919
            ],
            [
              -104.8622708530783,
              31.86813691250219
            ],
            [
              -104.86076653399004,
              31.86862411586723
            ],
            [
              -104.85918912238063,
              31.870088890519302
            ],
            [
              -104.85861501714842,
              31.870943716891812
            ],
            [
              -104.8574686432648,
              31.871431276841744
            ],
            [
              -104.85670510168538,
              31.87057259239054
            ],
            [
              -104.85586139545423,
              31.867059876968472
            ],
            [
              -104.85377225553032,
              31.86644433539044
            ],
            [
              -104.85122416036491,
              31.866943071918488
            ],
            [
              -104.85076463039496,
              31.868391835673002
            ],
            [
              -104.85167666762895,
              31.869897940931477
            ],
            [
              -104.85082468216245,
              31.87168070122447
            ],
            [
              -104.84873375210216,
              31.87212417838583
            ],
            [
              -104.84683986057456,
              31.871898950479174
            ],
            [
              -104.84547102659222,
              31.870169289672074
            ],
            [
              -104.8458018602002,
              31.867605544088715
            ],
            [
              -104.84547860836298,
              31.865598429648003
            ],
            [
              -104.84411213132455,
              31.862530939215
            ],
            [
              -104.84457247988753,
              31.860636260333038
            ]
          ]
        ]
      },
      "properties": {
        "Abbrev": null,
        "Alpha": null,
        "Area": null,
        "CS_ID": null,
        "CYCLE": null,
        "CycleDsolv": null,
        "DESCRIPT": "Salt Flat Bench",
        "FEATUREKEY": 3,
        "FEATUREK_1": null,
        "FEATURETYP": "Pattern",
        "FID_": null,
        "FID_Cross_": null,
        "FID_FanGeo": null,
        "FID_Fan_De": null,
        "FID_GIS_Re": null,
        "FID_Photo_": null,
        "FID_ftrip_": null,
        "FID_measur": null,
        "FID_patter": null,
        "FOURTH_ORD": null,
        "FOURTH_O_1": null,
        "FanID": null,
        "Fan_Del": null,
        "Fan_Del_sh": null,
        "FeatureT_1": null,
        "Geo_short": null,
        "Geography": null,
        "Gradient": null,
        "Hyperlink": null,
        "ID": null,
        "Id": 3,
        "Id_1": null,
        "LENGTH": null,
        "Location": null,
        "MAPSYMBOL": "CH-LO",
        "MAP_SYMBOL": null,
        "MS_ID": null,
        "MidptX": null,
        "MidptY": null,
        "Mod_names": null,
        "NAME": "Pattern 3",
        "NAME_1": null,
        "Name": null,
        "OBJECTID": null,
        "OBJECTID_1": null,
        "ORDERBY": 3,
        "ORIG_FID": null,
        "Offset": null,
        "PATTERNID": 3,
        "PERSON": null,
        "PMLABEL": null,
        "PM_NAME": null,
        "PM_NAME_NE": null,
        "Pattern": null,
        "Profile": null,
        "REGION": "GMNP",
        "SECTIONARC": "Salt Flat Bench",
        "SECTION_AB": null,
        "SOURCE": null,
        "STRAT_INTE": null,
        "SectionArc": null,
        "Shape_Ar_1": null,
        "Shape_Area": null,
        "Shape_Le_1": null,
        "Shape_Leng": null,
        "Shape_Length": null,
        "Stop": null,
        "Stop_Num": null,
        "Symbology": null
      }
    },
    {
      "type": "Feature",
      "geometry": {
        "type": "Polygon",
        "coordinates": [
          [
            [
              -104.88010888674542,
              31.89841479496881
            ],
            [
              -104.87600872408214,
              31.89994051236912
            ],
            [
              -104.8750210063482,
              31.89934922715121
            ],
            [
              -104.8735219221501,
              31.89661638921541
            ],
            [
              -104.87169402964709,
              31.895499723550977
            ],
            [
              -104.8703901794098,
              31.89343594860039
            ],
            [
              -104.86941156907677,
              31.89243159274816
            ],
            [
              -104.86915250299704,
              31.890814806861762
            ],
            [
              -104.86752061492487,
              31.889809764841363
            ],
            [
              -104.86628282864346,
              31.887355819915378
            ],
            [
              -104.86504567288549,
              31.884511667796446
            ],
            [
              -104.86524536283079,
              31.881947737398775
            ],
            [
              -104.86433363350775,
              31.8799957946991
            ],
            [
              -104.86433687758712,
              31.877766109013333
            ],
            [
              -104.86401497688082,
              31.87453271533817
            ],
            [
              -104.86277641981927,
              31.87280337994163
            ],
            [
              -104.86735394854948,
              31.869190542037977
            ],
            [
              -104.86846135566876,
              31.871309895848377
            ],
            [
              -104.87003009210187,
              31.870531109252507
            ],
            [
              -104.87159703829725,
              31.871034375373085
            ],
            [
              -104.87192233094505,
              31.87198232141389
            ],
            [
              -104.87133322805826,
              31.872873605930973
            ],
            [
              -104.87028780066422,
              31.87309551749264
            ],
            [
              -104.87119943324944,
              31.875158904745614
            ],
            [
              -104.87086997265676,
              31.877221034716822
            ],
            [
              -104.87191284382291,
              31.87889435288435
            ],
            [
              -104.87184606466393,
              31.879953387976045
            ],
            [
              -104.8710613959831,
              31.880510020866648
            ],
            [
              -104.87060342370812,
              31.8810112366829
            ],
            [
              -104.87112518148025,
              31.881624929566847
            ],
            [
              -104.87478299124749,
              31.88196302145558
            ],
            [
              -104.87556549454786,
              31.883022887953995
            ],
            [
              -104.87625968130187,
              31.883128941023205
            ],
            [
              -104.87743664827774,
              31.883444023453162
            ],
            [
              -104.8786128068097,
              31.884386989099426
            ],
            [
              -104.8800095111829,
              31.885518519573463
            ],
            [
              -104.88044959255313,
              31.886649142719836
            ],
            [
              -104.87985910249938,
              31.888029956688968
            ],
            [
              -104.87985724365531,
              31.889474112128465
            ],
            [
              -104.87816316883712,
              31.890602716884363
            ],
            [
              -104.87757327813142,
              31.891481204565622
            ],
            [
              -104.87830838799673,
              31.892109801321695
            ],
            [
              -104.87838124484018,
              31.89267497537646
            ],
            [
              -104.87815947948948,
              31.893428236755692
            ],
            [
              -104.87837936250132,
              31.894119129670994
            ],
            [
              -104.8784244183697,
              31.894898720141846
            ],
            [
              -104.8789463065854,
              31.8955123798841
            ],
            [
              -104.87822528246343,
              31.8972954410549
            ],
            [
              -104.88010888674542,
              31.89841479496881
            ]
          ]
        ]
      },
      "properties": {
        "Abbrev": null,
        "Alpha": null,
        "Area": null,
        "CS_ID": null,
        "CYCLE": null,
        "CycleDsolv": null,
        "DESCRIPT": "Shumard / Bone canyon",
        "FEATUREKEY": 1,
        "FEATUREK_1": null,
        "FEATURETYP": "Pattern",
        "FID_": null,
        "FID_Cross_": null,
        "FID_FanGeo": null,
        "FID_Fan_De": null,
        "FID_GIS_Re": null,
        "FID_Photo_": null,
        "FID_ftrip_": null,
        "FID_measur": null,
        "FID_patter": null,
        "FOURTH_ORD": null,
        "FOURTH_O_1": null,
        "FanID": null,
        "Fan_Del": null,
        "Fan_Del_sh": null,
        "FeatureT_1": null,
        "Geo_short": null,
        "Geography": null,
        "Gradient": null,
        "Hyperlink": null,
        "ID": null,
        "Id": 1,
        "Id_1": null,
        "LENGTH": null,
        "Location": null,
        "MAPSYMBOL": "CH",
        "MAP_SYMBOL": null,
        "MS_ID": null,
        "MidptX": null,
        "MidptY": null,
        "Mod_names": null,
        "NAME": "Pattern 1",
        "NAME_1": null,
        "Name": null,
        "OBJECTID": null,
        "OBJECTID_1": null,
        "ORDERBY": 1,
        "ORIG_FID": null,
        "Offset": null,
        "PATTERNID": 1,
        "PERSON": null,
        "PMLABEL": null,
        "PM_NAME": null,
        "PM_NAME_NE": null,
        "Pattern": null,
        "Profile": null,
        "REGION": "GMNP",
        "SECTIONARC": "Shumard / Bone canyon",
        "SECTION_AB": null,
        "SOURCE": null,
        "STRAT_INTE": null,
        "SectionArc": null,
        "Shape_Ar_1": null,
        "Shape_Area": null,
        "Shape_Le_1": null,
        "Shape_Leng": null,
        "Shape_Length": null,
        "Stop": null,
        "Stop_Num": null,
        "Symbology": null
      }
    },
    {
      "type": "Feature",
      "geometry": {
        "type": "Polygon",
        "coordinates": [
          [
            [
              -104.86277641981927,
              31.87280337994163
            ],
            [
              -104.86153294632732,
              31.87215087230528
            ],
            [
              -104.86125990380236,
              31.870219795701225
            ],
            [
              -104.8622708530783,
              31.86813691250219
            ],
            [
              -104.86380329063253,
              31.86678480196919
            ],
            [
              -104.86380604071678,
              31.864901115241302
            ],
            [
              -104.8633667490943,
              31.86344078607954
            ],
            [
              -104.86160525006902,
              31.86061335296733
            ],
            [
              -104.85796548916638,
              31.85938495679273
            ],
            [
              -104.85360663256907,
              31.859380033285447
            ],
            [
              -104.85200774228217,
              31.858624713301797
            ],
            [
              -104.85134699461453,
              31.857776284439232
            ],
            [
              -104.847761887738,
              31.85701858270946
            ],
            [
              -104.8459398236036,
              31.857816965598737
            ],
            [
              -104.84483735413383,
              31.85720343048457
            ],
            [
              -104.8445118879916,
              31.85385948101636
            ],
            [
              -104.8407241133951,
              31.848060884195256
            ],
            [
              -104.8408036769436,
              31.844544753356995
            ],
            [
              -104.83867111600307,
              31.844228126893526
            ],
            [
              -104.83764145447671,
              31.844164031601856
            ],
            [
              -104.83720187922141,
              31.843158834236068
            ],
            [
              -104.84154328573138,
              31.842159659100073
            ],
            [
              -104.83875249144992,
              31.839707359529967
            ],
            [
              -104.83529413043802,
              31.840519212797886
            ],
            [
              -104.8305912485938,
              31.838064252612835
            ],
            [
              -104.83508680462496,
              31.832984155826267
            ],
            [
              -104.84280004552915,
              31.8383938196123
            ],
            [
              -104.84948888176433,
              31.84103905502554
            ],
            [
              -104.85499224906306,
              31.84945926285414
            ],
            [
              -104.85734493206482,
              31.85267886667801
            ],
            [
              -104.8658708020684,
              31.857774076567157
            ],
            [
              -104.8696877301577,
              31.863868629952318
            ],
            [
              -104.87313996223682,
              31.86799110742185
            ],
            [
              -104.87636749654885,
              31.87534065654978
            ],
            [
              -104.87974853774963,
              31.878169414642777
            ],
            [
              -104.88070141717036,
              31.881058626741087
            ],
            [
              -104.88114076660159,
              31.882754353158603
            ],
            [
              -104.87929941400263,
              31.88407120579658
            ],
            [
              -104.8786128068097,
              31.884386989099426
            ],
            [
              -104.8800095111829,
              31.885518519573463
            ],
            [
              -104.88044959255313,
              31.886649142719836
            ],
            [
              -104.87985910249938,
              31.888029956688968
            ],
            [
              -104.87985724365531,
              31.889474112128465
            ],
            [
              -104.87816316883712,
              31.890602716884363
            ],
            [
              -104.87757327813142,
              31.891481204565622
            ],
            [
              -104.87830838799673,
              31.892109801321695
            ],
            [
              -104.87838124484018,
              31.89267497537646
            ],
            [
              -104.87815947948948,
              31.893428236755692
            ],
            [
              -104.87837936250132,
              31.894119129670994
            ],
            [
              -104.8784244183697,
              31.894898720141846
            ],
            [
              -104.8789463065854,
              31.8955123798841
            ],
            [
              -104.88479626710469,
              31.902046609260463
            ],
            [
              -104.88729636265003,
              31.90399530842517
            ],
            [
              -104.88802885228803,
              31.90694704899161
            ],
            [
              -104.89038053487796,
              31.910088551680598
            ],
            [
              -104.8910405869306,
              31.91216116101482
            ],
            [
              -104.89022948061219,
              31.91335346153789
            ],
            [
              -104.88866132697706,
              31.912023459382688
            ],
            [
              -104.88623474598184,
              31.909949276276354
            ],
            [
              -104.88513302734744,
              31.90800182341416
            ],
            [
              -104.88270607910688,
              31.90636709641595
            ],
            [
              -104.88079251561471,
              31.906239745732254
            ],
            [
              -104.87873338119228,
              31.90485644256332
            ],
            [
              -104.87851461514519,
              31.903286502376677
            ],
            [
              -104.87600872408214,
              31.89994051236912
            ],
            [
              -104.8750210063482,
              31.89934922715121
            ],
            [
              -104.8735219221501,
              31.89661638921541
            ],
            [
              -104.87169402964709,
              31.895499723550977
            ],
            [
              -104.8703901794098,
              31.89343594860039
            ],
            [
              -104.86941156907677,
              31.89243159274816
            ],
            [
              -104.86915250299704,
              31.890814806861762
            ],
            [
              -104.86752061492487,
              31.889809764841363
            ],
            [
              -104.86628282857396,
              31.887355820045162
            ],
            [
              -104.86504567288549,
              31.884511667796446
            ],
            [
              -104.86524536283079,
              31.881947737398775
            ],
            [
              -104.86433363350775,
              31.8799957946991
            ],
            [
              -104.86433687758712,
              31.877766109013333
            ],
            [
              -104.86401497688082,
              31.87453271533817
            ],
            [
              -104.86277641981927,
              31.87280337994163
            ]
          ]
        ]
      },
      "properties": {
        "Abbrev": null,
        "Alpha": null,
        "Area": null,
        "CS_ID": null,
        "CYCLE": null,
        "CycleDsolv": null,
        "DESCRIPT": "RAG - Western Escarpment",
        "FEATUREKEY": 2,
        "FEATUREK_1": null,
        "FEATURETYP": "Pattern",
        "FID_": null,
        "FID_Cross_": null,
        "FID_FanGeo": null,
        "FID_Fan_De": null,
        "FID_GIS_Re": null,
        "FID_Photo_": null,
        "FID_ftrip_": null,
        "FID_measur": null,
        "FID_patter": null,
        "FOURTH_ORD": null,
        "FOURTH_O_1": null,
        "FanID": null,
        "Fan_Del": null,
        "Fan_Del_sh": null,
        "FeatureT_1": null,
        "Geo_short": null,
        "Geography": null,
        "Gradient": null,
        "Hyperlink": null,
        "ID": null,
        "Id": 2,
        "Id_1": null,
        "LENGTH": null,
        "Location": null,
        "MAPSYMBOL": "PO",
        "MAP_SYMBOL": null,
        "MS_ID": null,
        "MidptX": null,
        "MidptY": null,
        "Mod_names": null,
        "NAME": "Pattern 2",
        "NAME_1": null,
        "Name": null,
        "OBJECTID": null,
        "OBJECTID_1": null,
        "ORDERBY": 2,
        "ORIG_FID": null,
        "Offset": null,
        "PATTERNID": 2,
        "PERSON": null,
        "PMLABEL": null,
        "PM_NAME": null,
        "PM_NAME_NE": null,
        "Pattern": null,
        "Profile": null,
        "REGION": "GMNP",
        "SECTIONARC": "RAG - Western Escarpment",
        "SECTION_AB": null,
        "SOURCE": null,
        "STRAT_INTE": null,
        "SectionArc": null,
        "Shape_Ar_1": null,
        "Shape_Area": null,
        "Shape_Le_1": null,
        "Shape_Leng": null,
        "Shape_Length": null,
        "Stop": null,
        "Stop_Num": null,
        "Symbology": null
      }
    }
  ]
}