{
    "type": "FeatureCollection",
    "name": "Photo_Panels",
    "crs": {
        "type": "name",
        "properties": {
            "name": "urn:ogc:def:crs:OGC:1.3:CRS84"
        }
    },
    "features": [
        {
            "type": "Feature",
            "geometry": {
                "type": "LineString",
                "coordinates": [
                    [
                        -104.62801899402821,
                        31.503670349816336
                    ],
                    [
                        -104.6286077001633,
                        31.502322463196826
                    ],
                    [
                        -104.6294324882429,
                        31.500275465871862
                    ],
                    [
                        -104.63025804026856,
                        31.498028512576923
                    ],
                    [
                        -104.63132021589655,
                        31.494932482323875
                    ],
                    [
                        -104.63249762037233,
                        31.49218666953566
                    ],
                    [
                        -104.63279161982814,
                        31.491587687410792
                    ]
                ]
            },
            "properties": {
                "Abbrev": null,
                "Alpha": null,
                "Area": null,
                "CS_ID": null,
                "CYCLE": null,
                "CycleDsolv": null,
                "DESCRIPT": null,
                "FEATUREKEY": 95168.0,
                "FEATUREK_1": null,
                "FEATURETYP": "Photo_Panel",
                "FID_": null,
                "FID_Cross_": null,
                "FID_FanGeo": null,
                "FID_Fan_De": null,
                "FID_GIS_Re": null,
                "FID_Photo_": null,
                "FID_ftrip_": null,
                "FID_measur": null,
                "FID_patter": null,
                "FOURTH_ORD": null,
                "FOURTH_O_1": null,
                "FanID": null,
                "Fan_Del": null,
                "Fan_Del_sh": null,
                "FeatureT_1": null,
                "Geo_short": null,
                "Geography": null,
                "Gradient": null,
                "Hyperlink": "ridgeline_north.jpg",
                "ID": 350,
                "Id": null,
                "Id_1": null,
                "LENGTH": 1400.0,
                "Location": null,
                "MAPSYMBOL": "RN",
                "MAP_SYMBOL": null,
                "MS_ID": null,
                "MidptX": null,
                "MidptY": null,
                "Mod_names": null,
                "NAME": "Ridgeline_North",
                "NAME_1": null,
                "Name": null,
                "OBJECTID": null,
                "OBJECTID_1": null,
                "ORDERBY": null,
                "ORIG_FID": null,
                "Offset": null,
                "PATTERNID": null,
                "PERSON": null,
                "PMLABEL": null,
                "PM_NAME": "Ridgeline_North",
                "PM_NAME_NE": null,
                "Pattern": null,
                "Profile": null,
                "REGION": null,
                "SECTIONARC": null,
                "SECTION_AB": null,
                "SOURCE": null,
                "STRAT_INTE": "F4-GT",
                "SectionArc": null,
                "Shape_Ar_1": null,
                "Shape_Area": null,
                "Shape_Le_1": null,
                "Shape_Leng": 1414.52154173,
                "Shape_Length": null,
                "Stop": null,
                "Stop_Num": null,
                "Symbology": "Present"
            }
        },
        {
            "type": "Feature",
            "geometry": {
                "type": "LineString",
                "coordinates": [
                    [
                        -104.6312726374975,
                        31.49218315298727
                    ],
                    [
                        -104.62712964693797,
                        31.4925210696302
                    ]
                ]
            },
            "properties": {
                "Abbrev": null,
                "Alpha": null,
                "Area": null,
                "CS_ID": null,
                "CYCLE": null,
                "CycleDsolv": null,
                "DESCRIPT": null,
                "FEATUREKEY": 95169.0,
                "FEATUREK_1": null,
                "FEATURETYP": "Photo_Panel",
                "FID_": null,
                "FID_Cross_": null,
                "FID_FanGeo": null,
                "FID_Fan_De": null,
                "FID_GIS_Re": null,
                "FID_Photo_": null,
                "FID_ftrip_": null,
                "FID_measur": null,
                "FID_patter": null,
                "FOURTH_ORD": null,
                "FOURTH_O_1": null,
                "FanID": null,
                "Fan_Del": null,
                "Fan_Del_sh": null,
                "FeatureT_1": null,
                "Geo_short": null,
                "Geography": null,
                "Gradient": null,
                "Hyperlink": "BC_northwall_new.jpg",
                "ID": 306,
                "Id": null,
                "Id_1": null,
                "LENGTH": 388.0,
                "Location": null,
                "MAPSYMBOL": "NWBM",
                "MAP_SYMBOL": null,
                "MS_ID": null,
                "MidptX": null,
                "MidptY": null,
                "Mod_names": null,
                "NAME": "BuckCanyon_NorthWall",
                "NAME_1": null,
                "Name": null,
                "OBJECTID": null,
                "OBJECTID_1": null,
                "ORDERBY": null,
                "ORIG_FID": null,
                "Offset": null,
                "PATTERNID": null,
                "PERSON": null,
                "PMLABEL": null,
                "PM_NAME": "NWallBuckCanyon",
                "PM_NAME_NE": null,
                "Pattern": null,
                "Profile": null,
                "REGION": null,
                "SECTIONARC": null,
                "SECTION_AB": null,
                "SOURCE": null,
                "STRAT_INTE": "F4-7",
                "SectionArc": null,
                "Shape_Ar_1": null,
                "Shape_Area": null,
                "Shape_Le_1": null,
                "Shape_Leng": 395.248669127,
                "Shape_Length": null,
                "Stop": null,
                "Stop_Num": null,
                "Symbology": "Present"
            }
        },
        {
            "type": "Feature",
            "geometry": {
                "type": "LineString",
                "coordinates": [
                    [
                        -104.6274818170582,
                        31.491972255029253
                    ],
                    [
                        -104.62749505340348,
                        31.488623274654834
                    ]
                ]
            },
            "properties": {
                "Abbrev": null,
                "Alpha": null,
                "Area": null,
                "CS_ID": null,
                "CYCLE": null,
                "CycleDsolv": null,
                "DESCRIPT": null,
                "FEATUREKEY": 95170.0,
                "FEATUREK_1": null,
                "FEATURETYP": "Photo_Panel",
                "FID_": null,
                "FID_Cross_": null,
                "FID_FanGeo": null,
                "FID_Fan_De": null,
                "FID_GIS_Re": null,
                "FID_Photo_": null,
                "FID_ftrip_": null,
                "FID_measur": null,
                "FID_patter": null,
                "FOURTH_ORD": null,
                "FOURTH_O_1": null,
                "FanID": null,
                "Fan_Del": null,
                "Fan_Del_sh": null,
                "FeatureT_1": null,
                "Geo_short": null,
                "Geography": null,
                "Gradient": null,
                "Hyperlink": "BC_Backwall.jpg, BC_Backwall2.jpg",
                "ID": 305,
                "Id": null,
                "Id_1": null,
                "LENGTH": 376.0,
                "Location": null,
                "MAPSYMBOL": "BCBW",
                "MAP_SYMBOL": null,
                "MS_ID": null,
                "MidptX": null,
                "MidptY": null,
                "Mod_names": null,
                "NAME": "BuckCanyon_BackWall",
                "NAME_1": null,
                "Name": null,
                "OBJECTID": null,
                "OBJECTID_1": null,
                "ORDERBY": null,
                "ORIG_FID": null,
                "Offset": null,
                "PATTERNID": null,
                "PERSON": null,
                "PMLABEL": null,
                "PM_NAME": "BuckCynBackWall",
                "PM_NAME_NE": null,
                "Pattern": null,
                "Profile": null,
                "REGION": null,
                "SECTIONARC": null,
                "SECTION_AB": null,
                "SOURCE": null,
                "STRAT_INTE": "F5-7",
                "SectionArc": null,
                "Shape_Ar_1": null,
                "Shape_Area": null,
                "Shape_Le_1": null,
                "Shape_Leng": 371.181599999,
                "Shape_Length": null,
                "Stop": null,
                "Stop_Num": null,
                "Symbology": "Present"
            }
        },
        {
            "type": "Feature",
            "geometry": {
                "type": "LineString",
                "coordinates": [
                    [
                        -104.6330922323127,
                        31.489289221065548
                    ],
                    [
                        -104.62662049480443,
                        31.48852076090049
                    ]
                ]
            },
            "properties": {
                "Abbrev": null,
                "Alpha": null,
                "Area": null,
                "CS_ID": null,
                "CYCLE": null,
                "CycleDsolv": null,
                "DESCRIPT": null,
                "FEATUREKEY": 95171.0,
                "FEATUREK_1": null,
                "FEATURETYP": "Photo_Panel",
                "FID_": null,
                "FID_Cross_": null,
                "FID_FanGeo": null,
                "FID_Fan_De": null,
                "FID_GIS_Re": null,
                "FID_Photo_": null,
                "FID_ftrip_": null,
                "FID_measur": null,
                "FID_patter": null,
                "FOURTH_ORD": null,
                "FOURTH_O_1": null,
                "FanID": null,
                "Fan_Del": null,
                "Fan_Del_sh": null,
                "FeatureT_1": null,
                "Geo_short": null,
                "Geography": null,
                "Gradient": null,
                "Hyperlink": "BC_southwall_new.jpg",
                "ID": 307,
                "Id": null,
                "Id_1": null,
                "LENGTH": 620.0,
                "Location": null,
                "MAPSYMBOL": "SWBC2",
                "MAP_SYMBOL": null,
                "MS_ID": null,
                "MidptX": null,
                "MidptY": null,
                "Mod_names": null,
                "NAME": "BuckCanyon_SouthWall",
                "NAME_1": null,
                "Name": null,
                "OBJECTID": null,
                "OBJECTID_1": null,
                "ORDERBY": null,
                "ORIG_FID": null,
                "Offset": null,
                "PATTERNID": null,
                "PERSON": null,
                "PMLABEL": null,
                "PM_NAME": "SWallBuckCanyon2",
                "PM_NAME_NE": null,
                "Pattern": null,
                "Profile": null,
                "REGION": null,
                "SECTIONARC": null,
                "SECTION_AB": null,
                "SOURCE": null,
                "STRAT_INTE": "F5-7",
                "SectionArc": null,
                "Shape_Ar_1": null,
                "Shape_Area": null,
                "Shape_Le_1": null,
                "Shape_Leng": 620.53207907,
                "Shape_Length": null,
                "Stop": null,
                "Stop_Num": null,
                "Symbology": "Present"
            }
        },
        {
            "type": "Feature",
            "geometry": {
                "type": "LineString",
                "coordinates": [
                    [
                        -104.63226565546667,
                        31.491836106779378
                    ],
                    [
                        -104.62643044808298,
                        31.492319093161967
                    ]
                ]
            },
            "properties": {
                "Abbrev": null,
                "Alpha": null,
                "Area": null,
                "CS_ID": null,
                "CYCLE": null,
                "CycleDsolv": null,
                "DESCRIPT": null,
                "FEATUREKEY": 95172.0,
                "FEATUREK_1": null,
                "FEATURETYP": "Photo_Panel",
                "FID_": null,
                "FID_Cross_": null,
                "FID_FanGeo": null,
                "FID_Fan_De": null,
                "FID_GIS_Re": null,
                "FID_Photo_": null,
                "FID_ftrip_": null,
                "FID_measur": null,
                "FID_patter": null,
                "FOURTH_ORD": null,
                "FOURTH_O_1": null,
                "FanID": null,
                "Fan_Del": null,
                "Fan_Del_sh": null,
                "FeatureT_1": null,
                "Geo_short": null,
                "Geography": null,
                "Gradient": null,
                "Hyperlink": "BC_Nwall.jpg",
                "ID": 339,
                "Id": null,
                "Id_1": null,
                "LENGTH": 613.0,
                "Location": null,
                "MAPSYMBOL": "NWBM2",
                "MAP_SYMBOL": null,
                "MS_ID": null,
                "MidptX": null,
                "MidptY": null,
                "Mod_names": null,
                "NAME": "BuckCanyon_NorthWall2",
                "NAME_1": null,
                "Name": null,
                "OBJECTID": null,
                "OBJECTID_1": null,
                "ORDERBY": null,
                "ORIG_FID": null,
                "Offset": null,
                "PATTERNID": null,
                "PERSON": null,
                "PMLABEL": null,
                "PM_NAME": "BuckCanyon_NorthWall2",
                "PM_NAME_NE": null,
                "Pattern": null,
                "Profile": null,
                "REGION": null,
                "SECTIONARC": null,
                "SECTION_AB": null,
                "SOURCE": null,
                "STRAT_INTE": "F4-7",
                "SectionArc": null,
                "Shape_Ar_1": null,
                "Shape_Area": null,
                "Shape_Le_1": null,
                "Shape_Leng": 556.765318393,
                "Shape_Length": null,
                "Stop": null,
                "Stop_Num": null,
                "Symbology": "Present"
            }
        },
        {
            "type": "Feature",
            "geometry": {
                "type": "LineString",
                "coordinates": [
                    [
                        -104.63338213599181,
                        31.489739918419946
                    ],
                    [
                        -104.6294743522345,
                        31.489628716497528
                    ]
                ]
            },
            "properties": {
                "Abbrev": null,
                "Alpha": null,
                "Area": null,
                "CS_ID": null,
                "CYCLE": null,
                "CycleDsolv": null,
                "DESCRIPT": null,
                "FEATUREKEY": 95173.0,
                "FEATUREK_1": null,
                "FEATURETYP": "Photo_Panel",
                "FID_": null,
                "FID_Cross_": null,
                "FID_FanGeo": null,
                "FID_Fan_De": null,
                "FID_GIS_Re": null,
                "FID_Photo_": null,
                "FID_ftrip_": null,
                "FID_measur": null,
                "FID_patter": null,
                "FOURTH_ORD": null,
                "FOURTH_O_1": null,
                "FanID": null,
                "Fan_Del": null,
                "Fan_Del_sh": null,
                "FeatureT_1": null,
                "Geo_short": null,
                "Geography": null,
                "Gradient": null,
                "Hyperlink": "BC_Swall_original.jpg",
                "ID": 353,
                "Id": null,
                "Id_1": null,
                "LENGTH": 371.0,
                "Location": null,
                "MAPSYMBOL": "SWBC",
                "MAP_SYMBOL": null,
                "MS_ID": null,
                "MidptX": null,
                "MidptY": null,
                "Mod_names": null,
                "NAME": "BuckCanyon_SouthWall",
                "NAME_1": null,
                "Name": null,
                "OBJECTID": null,
                "OBJECTID_1": null,
                "ORDERBY": null,
                "ORIG_FID": null,
                "Offset": null,
                "PATTERNID": null,
                "PERSON": null,
                "PMLABEL": null,
                "PM_NAME": "SWallBuckCanyon",
                "PM_NAME_NE": null,
                "Pattern": null,
                "Profile": null,
                "REGION": null,
                "SECTIONARC": null,
                "SECTION_AB": null,
                "SOURCE": null,
                "STRAT_INTE": "F4-7",
                "SectionArc": null,
                "Shape_Ar_1": null,
                "Shape_Area": null,
                "Shape_Le_1": null,
                "Shape_Leng": 371.346935599,
                "Shape_Length": null,
                "Stop": null,
                "Stop_Num": null,
                "Symbology": "Present"
            }
        },
        {
            "type": "Feature",
            "geometry": {
                "type": "LineString",
                "coordinates": [
                    [
                        -104.64617499928066,
                        31.50042272954056
                    ],
                    [
                        -104.64092403652154,
                        31.500558087907134
                    ]
                ]
            },
            "properties": {
                "Abbrev": null,
                "Alpha": null,
                "Area": null,
                "CS_ID": null,
                "CYCLE": null,
                "CycleDsolv": null,
                "DESCRIPT": null,
                "FEATUREKEY": 95174.0,
                "FEATUREK_1": null,
                "FEATURETYP": "Photo_Panel",
                "FID_": null,
                "FID_Cross_": null,
                "FID_FanGeo": null,
                "FID_Fan_De": null,
                "FID_GIS_Re": null,
                "FID_Photo_": null,
                "FID_ftrip_": null,
                "FID_measur": null,
                "FID_patter": null,
                "FOURTH_ORD": null,
                "FOURTH_O_1": null,
                "FanID": null,
                "Fan_Del": null,
                "Fan_Del_sh": null,
                "FeatureT_1": null,
                "Geo_short": null,
                "Geography": null,
                "Gradient": null,
                "Hyperlink": "K_mesa.jpg",
                "ID": 322,
                "Id": null,
                "Id_1": null,
                "LENGTH": 482.0,
                "Location": null,
                "MAPSYMBOL": "F6KM",
                "MAP_SYMBOL": null,
                "MS_ID": null,
                "MidptX": null,
                "MidptY": null,
                "Mod_names": null,
                "NAME": "KrisinMesa",
                "NAME_1": null,
                "Name": null,
                "OBJECTID": null,
                "OBJECTID_1": null,
                "ORDERBY": null,
                "ORIG_FID": null,
                "Offset": null,
                "PATTERNID": null,
                "PERSON": null,
                "PMLABEL": null,
                "PM_NAME": "KrisinMesa",
                "PM_NAME_NE": null,
                "Pattern": null,
                "Profile": null,
                "REGION": null,
                "SECTIONARC": null,
                "SECTION_AB": null,
                "SOURCE": null,
                "STRAT_INTE": "F5-6",
                "SectionArc": null,
                "Shape_Ar_1": null,
                "Shape_Area": null,
                "Shape_Le_1": null,
                "Shape_Leng": 498.879025265,
                "Shape_Length": null,
                "Stop": null,
                "Stop_Num": null,
                "Symbology": "Present"
            }
        },
        {
            "type": "Feature",
            "geometry": {
                "type": "LineString",
                "coordinates": [
                    [
                        -104.64695098379518,
                        31.486383983034205
                    ],
                    [
                        -104.64473824976264,
                        31.48537816407637
                    ],
                    [
                        -104.6427893434079,
                        31.48556769392962
                    ],
                    [
                        -104.64132428603618,
                        31.487363080191617
                    ],
                    [
                        -104.64219562456205,
                        31.488315236333456
                    ]
                ]
            },
            "properties": {
                "Abbrev": null,
                "Alpha": null,
                "Area": null,
                "CS_ID": null,
                "CYCLE": null,
                "CycleDsolv": null,
                "DESCRIPT": null,
                "FEATUREKEY": 95175.0,
                "FEATUREK_1": null,
                "FEATURETYP": "Photo_Panel",
                "FID_": null,
                "FID_Cross_": null,
                "FID_FanGeo": null,
                "FID_Fan_De": null,
                "FID_GIS_Re": null,
                "FID_Photo_": null,
                "FID_ftrip_": null,
                "FID_measur": null,
                "FID_patter": null,
                "FOURTH_ORD": null,
                "FOURTH_O_1": null,
                "FanID": null,
                "Fan_Del": null,
                "Fan_Del_sh": null,
                "FeatureT_1": null,
                "Geo_short": null,
                "Geography": null,
                "Gradient": null,
                "Hyperlink": "Nwall_BuckMesa_sunset.jpg",
                "ID": 340,
                "Id": null,
                "Id_1": null,
                "LENGTH": 612.0,
                "Location": null,
                "MAPSYMBOL": "NWBM",
                "MAP_SYMBOL": null,
                "MS_ID": null,
                "MidptX": null,
                "MidptY": null,
                "Mod_names": null,
                "NAME": "BuckMesa_NorthWall",
                "NAME_1": null,
                "Name": null,
                "OBJECTID": null,
                "OBJECTID_1": null,
                "ORDERBY": null,
                "ORIG_FID": null,
                "Offset": null,
                "PATTERNID": null,
                "PERSON": null,
                "PMLABEL": null,
                "PM_NAME": "BuckMesa_NorthWall",
                "PM_NAME_NE": null,
                "Pattern": null,
                "Profile": null,
                "REGION": null,
                "SECTIONARC": null,
                "SECTION_AB": null,
                "SOURCE": null,
                "STRAT_INTE": "F3-7",
                "SectionArc": null,
                "Shape_Ar_1": null,
                "Shape_Area": null,
                "Shape_Le_1": null,
                "Shape_Leng": 801.117163569,
                "Shape_Length": null,
                "Stop": null,
                "Stop_Num": null,
                "Symbology": "Present"
            }
        },
        {
            "type": "Feature",
            "geometry": {
                "type": "LineString",
                "coordinates": [
                    [
                        -104.63193205862933,
                        31.487636379672242
                    ],
                    [
                        -104.6301915805615,
                        31.485232074038514
                    ]
                ]
            },
            "properties": {
                "Abbrev": null,
                "Alpha": null,
                "Area": null,
                "CS_ID": null,
                "CYCLE": null,
                "CycleDsolv": null,
                "DESCRIPT": null,
                "FEATUREKEY": 95176.0,
                "FEATUREK_1": null,
                "FEATURETYP": "Photo_Panel",
                "FID_": null,
                "FID_Cross_": null,
                "FID_FanGeo": null,
                "FID_Fan_De": null,
                "FID_GIS_Re": null,
                "FID_Photo_": null,
                "FID_ftrip_": null,
                "FID_measur": null,
                "FID_patter": null,
                "FOURTH_ORD": null,
                "FOURTH_O_1": null,
                "FanID": null,
                "Fan_Del": null,
                "Fan_Del_sh": null,
                "FeatureT_1": null,
                "Geo_short": null,
                "Geography": null,
                "Gradient": null,
                "Hyperlink": "Javelina_Amphitheatre_F7.jpg",
                "ID": 330,
                "Id": null,
                "Id_1": null,
                "LENGTH": 313.0,
                "Location": null,
                "MAPSYMBOL": "JF7",
                "MAP_SYMBOL": null,
                "MS_ID": null,
                "MidptX": null,
                "MidptY": null,
                "Mod_names": null,
                "NAME": "Javelina_Amphitheatre",
                "NAME_1": null,
                "Name": null,
                "OBJECTID": null,
                "OBJECTID_1": null,
                "ORDERBY": null,
                "ORIG_FID": null,
                "Offset": null,
                "PATTERNID": null,
                "PERSON": null,
                "PMLABEL": null,
                "PM_NAME": "JavelinaAmph",
                "PM_NAME_NE": null,
                "Pattern": null,
                "Profile": null,
                "REGION": null,
                "SECTIONARC": null,
                "SECTION_AB": null,
                "SOURCE": null,
                "STRAT_INTE": "F7",
                "SectionArc": null,
                "Shape_Ar_1": null,
                "Shape_Area": null,
                "Shape_Le_1": null,
                "Shape_Leng": 313.586836627,
                "Shape_Length": null,
                "Stop": null,
                "Stop_Num": null,
                "Symbology": "Present"
            }
        },
        {
            "type": "Feature",
            "geometry": {
                "type": "LineString",
                "coordinates": [
                    [
                        -104.63072045017346,
                        31.48423388970698
                    ],
                    [
                        -104.6285032156464,
                        31.484427427670532
                    ]
                ]
            },
            "properties": {
                "Abbrev": null,
                "Alpha": null,
                "Area": null,
                "CS_ID": null,
                "CYCLE": null,
                "CycleDsolv": null,
                "DESCRIPT": null,
                "FEATUREKEY": 95177.0,
                "FEATUREK_1": null,
                "FEATURETYP": "Photo_Panel",
                "FID_": null,
                "FID_Cross_": null,
                "FID_FanGeo": null,
                "FID_Fan_De": null,
                "FID_GIS_Re": null,
                "FID_Photo_": null,
                "FID_ftrip_": null,
                "FID_measur": null,
                "FID_patter": null,
                "FOURTH_ORD": null,
                "FOURTH_O_1": null,
                "FanID": null,
                "Fan_Del": null,
                "Fan_Del_sh": null,
                "FeatureT_1": null,
                "Geo_short": null,
                "Geography": null,
                "Gradient": null,
                "Hyperlink": "CC_Nwall_May05.jpg",
                "ID": 344,
                "Id": null,
                "Id_1": null,
                "LENGTH": 222.0,
                "Location": null,
                "MAPSYMBOL": "NWCCubc",
                "MAP_SYMBOL": null,
                "MS_ID": null,
                "MidptX": null,
                "MidptY": null,
                "Mod_names": null,
                "NAME": "CaroleCanyon_NW",
                "NAME_1": null,
                "Name": null,
                "OBJECTID": null,
                "OBJECTID_1": null,
                "ORDERBY": null,
                "ORIG_FID": null,
                "Offset": null,
                "PATTERNID": null,
                "PERSON": null,
                "PMLABEL": null,
                "PM_NAME": "NWCaroleCynUBC",
                "PM_NAME_NE": null,
                "Pattern": null,
                "Profile": null,
                "REGION": null,
                "SECTIONARC": null,
                "SECTION_AB": null,
                "SOURCE": null,
                "STRAT_INTE": "F5-7",
                "SectionArc": null,
                "Shape_Ar_1": null,
                "Shape_Area": null,
                "Shape_Le_1": null,
                "Shape_Leng": 211.683908847,
                "Shape_Length": null,
                "Stop": null,
                "Stop_Num": null,
                "Symbology": "Present"
            }
        },
        {
            "type": "Feature",
            "geometry": {
                "type": "LineString",
                "coordinates": [
                    [
                        -104.62850400353389,
                        31.484227488294096
                    ],
                    [
                        -104.62916526665211,
                        31.479230861195315
                    ]
                ]
            },
            "properties": {
                "Abbrev": null,
                "Alpha": null,
                "Area": null,
                "CS_ID": null,
                "CYCLE": null,
                "CycleDsolv": null,
                "DESCRIPT": null,
                "FEATUREKEY": 95178.0,
                "FEATUREK_1": null,
                "FEATURETYP": "Photo_Panel",
                "FID_": null,
                "FID_Cross_": null,
                "FID_FanGeo": null,
                "FID_Fan_De": null,
                "FID_GIS_Re": null,
                "FID_Photo_": null,
                "FID_ftrip_": null,
                "FID_measur": null,
                "FID_patter": null,
                "FOURTH_ORD": null,
                "FOURTH_O_1": null,
                "FanID": null,
                "Fan_Del": null,
                "Fan_Del_sh": null,
                "FeatureT_1": null,
                "Geo_short": null,
                "Geography": null,
                "Gradient": null,
                "Hyperlink": "CC_southwall.jpg, CC_Swall2_May05.jpg",
                "ID": 303,
                "Id": null,
                "Id_1": null,
                "LENGTH": 557.0,
                "Location": null,
                "MAPSYMBOL": "SWCC",
                "MAP_SYMBOL": null,
                "MS_ID": null,
                "MidptX": null,
                "MidptY": null,
                "Mod_names": null,
                "NAME": "CaroleCanyon_Swall_UBC",
                "NAME_1": null,
                "Name": null,
                "OBJECTID": null,
                "OBJECTID_1": null,
                "ORDERBY": null,
                "ORIG_FID": null,
                "Offset": null,
                "PATTERNID": null,
                "PERSON": null,
                "PMLABEL": null,
                "PM_NAME": "CaroleCanyon_Swall_UBC",
                "PM_NAME_NE": null,
                "Pattern": null,
                "Profile": null,
                "REGION": null,
                "SECTIONARC": null,
                "SECTION_AB": null,
                "SOURCE": null,
                "STRAT_INTE": "F5-7",
                "SectionArc": null,
                "Shape_Ar_1": null,
                "Shape_Area": null,
                "Shape_Le_1": null,
                "Shape_Leng": 557.343830665,
                "Shape_Length": null,
                "Stop": null,
                "Stop_Num": null,
                "Symbology": "Present"
            }
        },
        {
            "type": "Feature",
            "geometry": {
                "type": "LineString",
                "coordinates": [
                    [
                        -104.64285183750775,
                        31.48446818882073
                    ],
                    [
                        -104.64093882339867,
                        31.48136375077386
                    ],
                    [
                        -104.64025226185613,
                        31.47786284501081
                    ]
                ]
            },
            "properties": {
                "Abbrev": null,
                "Alpha": null,
                "Area": null,
                "CS_ID": null,
                "CYCLE": null,
                "CycleDsolv": null,
                "DESCRIPT": null,
                "FEATUREKEY": 95179.0,
                "FEATUREK_1": null,
                "FEATURETYP": "Photo_Panel",
                "FID_": null,
                "FID_Cross_": null,
                "FID_FanGeo": null,
                "FID_Fan_De": null,
                "FID_GIS_Re": null,
                "FID_Photo_": null,
                "FID_ftrip_": null,
                "FID_measur": null,
                "FID_patter": null,
                "FOURTH_ORD": null,
                "FOURTH_O_1": null,
                "FanID": null,
                "Fan_Del": null,
                "Fan_Del_sh": null,
                "FeatureT_1": null,
                "Geo_short": null,
                "Geography": null,
                "Gradient": null,
                "Hyperlink": null,
                "ID": 0,
                "Id": null,
                "Id_1": null,
                "LENGTH": 780.0,
                "Location": null,
                "MAPSYMBOL": "BMWNh",
                "MAP_SYMBOL": null,
                "MS_ID": null,
                "MidptX": null,
                "MidptY": null,
                "Mod_names": null,
                "NAME": "WBuckMesaNhalf",
                "NAME_1": null,
                "Name": null,
                "OBJECTID": null,
                "OBJECTID_1": null,
                "ORDERBY": null,
                "ORIG_FID": null,
                "Offset": null,
                "PATTERNID": null,
                "PERSON": null,
                "PMLABEL": null,
                "PM_NAME": "WBuckMesaNhalf",
                "PM_NAME_NE": null,
                "Pattern": null,
                "Profile": null,
                "REGION": null,
                "SECTIONARC": null,
                "SECTION_AB": null,
                "SOURCE": null,
                "STRAT_INTE": "F6-7",
                "SectionArc": null,
                "Shape_Ar_1": null,
                "Shape_Area": null,
                "Shape_Le_1": null,
                "Shape_Leng": 782.563883148,
                "Shape_Length": null,
                "Stop": null,
                "Stop_Num": null,
                "Symbology": "Missing"
            }
        },
        {
            "type": "Feature",
            "geometry": {
                "type": "LineString",
                "coordinates": [
                    [
                        -104.6434043883681,
                        31.47717185076028
                    ],
                    [
                        -104.64346970310243,
                        31.47532256970099
                    ],
                    [
                        -104.64213872549375,
                        31.472569660178532
                    ],
                    [
                        -104.64214232860918,
                        31.47161994570231
                    ]
                ]
            },
            "properties": {
                "Abbrev": null,
                "Alpha": null,
                "Area": null,
                "CS_ID": null,
                "CYCLE": null,
                "CycleDsolv": null,
                "DESCRIPT": null,
                "FEATUREKEY": 95180.0,
                "FEATUREK_1": null,
                "FEATURETYP": "Photo_Panel",
                "FID_": null,
                "FID_Cross_": null,
                "FID_FanGeo": null,
                "FID_Fan_De": null,
                "FID_GIS_Re": null,
                "FID_Photo_": null,
                "FID_ftrip_": null,
                "FID_measur": null,
                "FID_patter": null,
                "FOURTH_ORD": null,
                "FOURTH_O_1": null,
                "FanID": null,
                "Fan_Del": null,
                "Fan_Del_sh": null,
                "FeatureT_1": null,
                "Geo_short": null,
                "Geography": null,
                "Gradient": null,
                "Hyperlink": null,
                "ID": 0,
                "Id": null,
                "Id_1": null,
                "LENGTH": 636.0,
                "Location": null,
                "MAPSYMBOL": "WBM",
                "MAP_SYMBOL": null,
                "MS_ID": null,
                "MidptX": null,
                "MidptY": null,
                "Mod_names": null,
                "NAME": "WfaceBuckMesa",
                "NAME_1": null,
                "Name": null,
                "OBJECTID": null,
                "OBJECTID_1": null,
                "ORDERBY": null,
                "ORIG_FID": null,
                "Offset": null,
                "PATTERNID": null,
                "PERSON": null,
                "PMLABEL": null,
                "PM_NAME": "WfaceBuckMesa",
                "PM_NAME_NE": null,
                "Pattern": null,
                "Profile": null,
                "REGION": null,
                "SECTIONARC": null,
                "SECTION_AB": null,
                "SOURCE": null,
                "STRAT_INTE": "F5-7",
                "SectionArc": null,
                "Shape_Ar_1": null,
                "Shape_Area": null,
                "Shape_Le_1": null,
                "Shape_Leng": 640.586948871,
                "Shape_Length": null,
                "Stop": null,
                "Stop_Num": null,
                "Symbology": "Missing"
            }
        },
        {
            "type": "Feature",
            "geometry": {
                "type": "LineString",
                "coordinates": [
                    [
                        -104.64761953927275,
                        31.472934732604887
                    ],
                    [
                        -104.64388475171921,
                        31.473524244793502
                    ]
                ]
            },
            "properties": {
                "Abbrev": null,
                "Alpha": null,
                "Area": null,
                "CS_ID": null,
                "CYCLE": null,
                "CycleDsolv": null,
                "DESCRIPT": null,
                "FEATUREKEY": 95181.0,
                "FEATUREK_1": null,
                "FEATURETYP": "Photo_Panel",
                "FID_": null,
                "FID_Cross_": null,
                "FID_FanGeo": null,
                "FID_Fan_De": null,
                "FID_GIS_Re": null,
                "FID_Photo_": null,
                "FID_ftrip_": null,
                "FID_measur": null,
                "FID_patter": null,
                "FOURTH_ORD": null,
                "FOURTH_O_1": null,
                "FanID": null,
                "Fan_Del": null,
                "Fan_Del_sh": null,
                "FeatureT_1": null,
                "Geo_short": null,
                "Geography": null,
                "Gradient": null,
                "Hyperlink": "Nwall_P2Cyn_Fan3toFan4.jpg",
                "ID": 343,
                "Id": null,
                "Id_1": null,
                "LENGTH": 343.0,
                "Location": null,
                "MAPSYMBOL": "NWP2",
                "MAP_SYMBOL": null,
                "MS_ID": null,
                "MidptX": null,
                "MidptY": null,
                "Mod_names": null,
                "NAME": "P2Canyon_NorthWall",
                "NAME_1": null,
                "Name": null,
                "OBJECTID": null,
                "OBJECTID_1": null,
                "ORDERBY": null,
                "ORIG_FID": null,
                "Offset": null,
                "PATTERNID": null,
                "PERSON": null,
                "PMLABEL": null,
                "PM_NAME": "NWallP2cyn",
                "PM_NAME_NE": null,
                "Pattern": null,
                "Profile": null,
                "REGION": null,
                "SECTIONARC": null,
                "SECTION_AB": null,
                "SOURCE": null,
                "STRAT_INTE": "F4-5",
                "SectionArc": null,
                "Shape_Ar_1": null,
                "Shape_Area": null,
                "Shape_Le_1": null,
                "Shape_Leng": 360.740194004,
                "Shape_Length": null,
                "Stop": null,
                "Stop_Num": null,
                "Symbology": "Present"
            }
        },
        {
            "type": "Feature",
            "geometry": {
                "type": "LineString",
                "coordinates": [
                    [
                        -104.64873358837141,
                        31.47133825146523
                    ],
                    [
                        -104.64394779069183,
                        31.472274781662765
                    ]
                ]
            },
            "properties": {
                "Abbrev": null,
                "Alpha": null,
                "Area": null,
                "CS_ID": null,
                "CYCLE": null,
                "CycleDsolv": null,
                "DESCRIPT": null,
                "FEATUREKEY": 95182.0,
                "FEATUREK_1": null,
                "FEATURETYP": "Photo_Panel",
                "FID_": null,
                "FID_Cross_": null,
                "FID_FanGeo": null,
                "FID_Fan_De": null,
                "FID_GIS_Re": null,
                "FID_Photo_": null,
                "FID_ftrip_": null,
                "FID_measur": null,
                "FID_patter": null,
                "FOURTH_ORD": null,
                "FOURTH_O_1": null,
                "FanID": null,
                "Fan_Del": null,
                "Fan_Del_sh": null,
                "FeatureT_1": null,
                "Geo_short": null,
                "Geography": null,
                "Gradient": null,
                "Hyperlink": "Swall_P2_F3ch.jpg",
                "ID": 354,
                "Id": null,
                "Id_1": null,
                "LENGTH": 471.0,
                "Location": null,
                "MAPSYMBOL": "SWP2",
                "MAP_SYMBOL": null,
                "MS_ID": null,
                "MidptX": null,
                "MidptY": null,
                "Mod_names": null,
                "NAME": "P2Canyon_SouthWall",
                "NAME_1": null,
                "Name": null,
                "OBJECTID": null,
                "OBJECTID_1": null,
                "ORDERBY": null,
                "ORIG_FID": null,
                "Offset": null,
                "PATTERNID": null,
                "PERSON": null,
                "PMLABEL": null,
                "PM_NAME": "P2Canyon_SouthWall",
                "PM_NAME_NE": null,
                "Pattern": null,
                "Profile": null,
                "REGION": null,
                "SECTIONARC": null,
                "SECTION_AB": null,
                "SOURCE": null,
                "STRAT_INTE": "F4-5",
                "SectionArc": null,
                "Shape_Ar_1": null,
                "Shape_Area": null,
                "Shape_Le_1": null,
                "Shape_Leng": 466.317172769,
                "Shape_Length": null,
                "Stop": null,
                "Stop_Num": null,
                "Symbology": "Present"
            }
        },
        {
            "type": "Feature",
            "geometry": {
                "type": "LineString",
                "coordinates": [
                    [
                        -104.64033230170419,
                        31.48746027237214
                    ],
                    [
                        -104.64034012053052,
                        31.485410893174066
                    ],
                    [
                        -104.6386067474761,
                        31.48110727368476
                    ],
                    [
                        -104.6364621866287,
                        31.477602231360866
                    ]
                ]
            },
            "properties": {
                "Abbrev": null,
                "Alpha": null,
                "Area": null,
                "CS_ID": null,
                "CYCLE": null,
                "CycleDsolv": null,
                "DESCRIPT": null,
                "FEATUREKEY": 95183.0,
                "FEATUREK_1": null,
                "FEATURETYP": "Photo_Panel",
                "FID_": null,
                "FID_Cross_": null,
                "FID_FanGeo": null,
                "FID_Fan_De": null,
                "FID_GIS_Re": null,
                "FID_Photo_": null,
                "FID_ftrip_": null,
                "FID_measur": null,
                "FID_patter": null,
                "FOURTH_ORD": null,
                "FOURTH_O_1": null,
                "FanID": null,
                "Fan_Del": null,
                "Fan_Del_sh": null,
                "FeatureT_1": null,
                "Geo_short": null,
                "Geography": null,
                "Gradient": null,
                "Hyperlink": "Buck_Mesa_EastWall_fromjavelina.jpg",
                "ID": 274,
                "Id": null,
                "Id_1": null,
                "LENGTH": 1182.0,
                "Location": null,
                "MAPSYMBOL": "EfBM",
                "MAP_SYMBOL": null,
                "MS_ID": null,
                "MidptX": null,
                "MidptY": null,
                "Mod_names": null,
                "NAME": "BuckMesaEastFace",
                "NAME_1": null,
                "Name": null,
                "OBJECTID": null,
                "OBJECTID_1": null,
                "ORDERBY": null,
                "ORIG_FID": null,
                "Offset": null,
                "PATTERNID": null,
                "PERSON": null,
                "PMLABEL": null,
                "PM_NAME": "EastfaceBuckMesa",
                "PM_NAME_NE": null,
                "Pattern": null,
                "Profile": null,
                "REGION": null,
                "SECTIONARC": null,
                "SECTION_AB": null,
                "SOURCE": null,
                "STRAT_INTE": "F5-7",
                "SectionArc": null,
                "Shape_Ar_1": null,
                "Shape_Area": null,
                "Shape_Le_1": null,
                "Shape_Leng": 1170.38191436,
                "Shape_Length": null,
                "Stop": null,
                "Stop_Num": null,
                "Symbology": "Present"
            }
        },
        {
            "type": "Feature",
            "geometry": {
                "type": "LineString",
                "coordinates": [
                    [
                        -104.63957248753505,
                        31.48785802247968
                    ],
                    [
                        -104.6396375049746,
                        31.486108716338023
                    ]
                ]
            },
            "properties": {
                "Abbrev": null,
                "Alpha": null,
                "Area": null,
                "CS_ID": null,
                "CYCLE": null,
                "CycleDsolv": null,
                "DESCRIPT": null,
                "FEATUREKEY": 95184.0,
                "FEATUREK_1": null,
                "FEATURETYP": "Photo_Panel",
                "FID_": null,
                "FID_Cross_": null,
                "FID_FanGeo": null,
                "FID_Fan_De": null,
                "FID_GIS_Re": null,
                "FID_Photo_": null,
                "FID_ftrip_": null,
                "FID_measur": null,
                "FID_patter": null,
                "FOURTH_ORD": null,
                "FOURTH_O_1": null,
                "FanID": null,
                "Fan_Del": null,
                "Fan_Del_sh": null,
                "FeatureT_1": null,
                "Geo_short": null,
                "Geography": null,
                "Gradient": null,
                "Hyperlink": "BMEsection.jpg",
                "ID": 316,
                "Id": null,
                "Id_1": null,
                "LENGTH": 183.0,
                "Location": null,
                "MAPSYMBOL": "BME",
                "MAP_SYMBOL": null,
                "MS_ID": null,
                "MidptX": null,
                "MidptY": null,
                "Mod_names": null,
                "NAME": "BuckMesa_East",
                "NAME_1": null,
                "Name": null,
                "OBJECTID": null,
                "OBJECTID_1": null,
                "ORDERBY": null,
                "ORIG_FID": null,
                "Offset": null,
                "PATTERNID": null,
                "PERSON": null,
                "PMLABEL": null,
                "PM_NAME": "BuckMesa_East",
                "PM_NAME_NE": null,
                "Pattern": null,
                "Profile": null,
                "REGION": null,
                "SECTIONARC": null,
                "SECTION_AB": null,
                "SOURCE": null,
                "STRAT_INTE": "F4-5",
                "SectionArc": null,
                "Shape_Ar_1": null,
                "Shape_Area": null,
                "Shape_Le_1": null,
                "Shape_Leng": 193.979926387,
                "Shape_Length": null,
                "Stop": null,
                "Stop_Num": null,
                "Symbology": "Present"
            }
        },
        {
            "type": "Feature",
            "geometry": {
                "type": "LineString",
                "coordinates": [
                    [
                        -104.62794932778179,
                        31.476977994917295
                    ],
                    [
                        -104.62095237326548,
                        31.476507636801067
                    ]
                ]
            },
            "properties": {
                "Abbrev": null,
                "Alpha": null,
                "Area": null,
                "CS_ID": null,
                "CYCLE": null,
                "CycleDsolv": null,
                "DESCRIPT": null,
                "FEATUREKEY": 95185.0,
                "FEATUREK_1": null,
                "FEATURETYP": "Photo_Panel",
                "FID_": null,
                "FID_Cross_": null,
                "FID_FanGeo": null,
                "FID_Fan_De": null,
                "FID_GIS_Re": null,
                "FID_Photo_": null,
                "FID_ftrip_": null,
                "FID_measur": null,
                "FID_patter": null,
                "FOURTH_ORD": null,
                "FOURTH_O_1": null,
                "FanID": null,
                "Fan_Del": null,
                "Fan_Del_sh": null,
                "FeatureT_1": null,
                "Geo_short": null,
                "Geography": null,
                "Gradient": null,
                "Hyperlink": "Terminator_new.jpg",
                "ID": 302,
                "Id": null,
                "Id_1": null,
                "LENGTH": 650.0,
                "Location": null,
                "MAPSYMBOL": "T2005",
                "MAP_SYMBOL": null,
                "MS_ID": null,
                "MidptX": null,
                "MidptY": null,
                "Mod_names": null,
                "NAME": "Terminator2005",
                "NAME_1": null,
                "Name": null,
                "OBJECTID": null,
                "OBJECTID_1": null,
                "ORDERBY": null,
                "ORIG_FID": null,
                "Offset": null,
                "PATTERNID": null,
                "PERSON": null,
                "PMLABEL": null,
                "PM_NAME": "TermNew2005",
                "PM_NAME_NE": null,
                "Pattern": null,
                "Profile": null,
                "REGION": null,
                "SECTIONARC": null,
                "SECTION_AB": null,
                "SOURCE": null,
                "STRAT_INTE": "F5-7",
                "SectionArc": null,
                "Shape_Ar_1": null,
                "Shape_Area": null,
                "Shape_Le_1": null,
                "Shape_Leng": 666.669842908,
                "Shape_Length": null,
                "Stop": null,
                "Stop_Num": null,
                "Symbology": "Present"
            }
        },
        {
            "type": "Feature",
            "geometry": {
                "type": "LineString",
                "coordinates": [
                    [
                        -104.63072906462185,
                        31.48203455656282
                    ],
                    [
                        -104.63149472909046,
                        31.480137313280295
                    ]
                ]
            },
            "properties": {
                "Abbrev": null,
                "Alpha": null,
                "Area": null,
                "CS_ID": null,
                "CYCLE": null,
                "CycleDsolv": null,
                "DESCRIPT": null,
                "FEATUREKEY": 95186.0,
                "FEATUREK_1": null,
                "FEATURETYP": "Photo_Panel",
                "FID_": null,
                "FID_Cross_": null,
                "FID_FanGeo": null,
                "FID_Fan_De": null,
                "FID_GIS_Re": null,
                "FID_Photo_": null,
                "FID_ftrip_": null,
                "FID_measur": null,
                "FID_patter": null,
                "FOURTH_ORD": null,
                "FOURTH_O_1": null,
                "FanID": null,
                "Fan_Del": null,
                "Fan_Del_sh": null,
                "FeatureT_1": null,
                "Geo_short": null,
                "Geography": null,
                "Gradient": null,
                "Hyperlink": "CC_Swall_F4channel.jpg",
                "ID": 318,
                "Id": null,
                "Id_1": null,
                "LENGTH": 210.0,
                "Location": null,
                "MAPSYMBOL": "CCF4chSW",
                "MAP_SYMBOL": null,
                "MS_ID": null,
                "MidptX": null,
                "MidptY": null,
                "Mod_names": null,
                "NAME": "CaroleCanyon_ChannelSW",
                "NAME_1": null,
                "Name": null,
                "OBJECTID": null,
                "OBJECTID_1": null,
                "ORDERBY": null,
                "ORIG_FID": null,
                "Offset": null,
                "PATTERNID": null,
                "PERSON": null,
                "PMLABEL": null,
                "PM_NAME": "CCFan4ChannelSW",
                "PM_NAME_NE": null,
                "Pattern": null,
                "Profile": null,
                "REGION": null,
                "SECTIONARC": null,
                "SECTION_AB": null,
                "SOURCE": null,
                "STRAT_INTE": "F4",
                "SectionArc": null,
                "Shape_Ar_1": null,
                "Shape_Area": null,
                "Shape_Le_1": null,
                "Shape_Leng": 222.499282796,
                "Shape_Length": null,
                "Stop": null,
                "Stop_Num": null,
                "Symbology": "Present"
            }
        },
        {
            "type": "Feature",
            "geometry": {
                "type": "LineString",
                "coordinates": [
                    [
                        -104.63242325345142,
                        31.48133962773505
                    ],
                    [
                        -104.63061065015691,
                        31.482484085145888
                    ]
                ]
            },
            "properties": {
                "Abbrev": null,
                "Alpha": null,
                "Area": null,
                "CS_ID": null,
                "CYCLE": null,
                "CycleDsolv": null,
                "DESCRIPT": null,
                "FEATUREKEY": 95187.0,
                "FEATUREK_1": null,
                "FEATURETYP": "Photo_Panel",
                "FID_": null,
                "FID_Cross_": null,
                "FID_FanGeo": null,
                "FID_Fan_De": null,
                "FID_GIS_Re": null,
                "FID_Photo_": null,
                "FID_ftrip_": null,
                "FID_measur": null,
                "FID_patter": null,
                "FOURTH_ORD": null,
                "FOURTH_O_1": null,
                "FanID": null,
                "Fan_Del": null,
                "Fan_Del_sh": null,
                "FeatureT_1": null,
                "Geo_short": null,
                "Geography": null,
                "Gradient": null,
                "Hyperlink": "CC_Nwall_F4channel.jpg",
                "ID": 317,
                "Id": null,
                "Id_1": null,
                "LENGTH": 213.0,
                "Location": null,
                "MAPSYMBOL": "CCF4chNW",
                "MAP_SYMBOL": null,
                "MS_ID": null,
                "MidptX": null,
                "MidptY": null,
                "Mod_names": null,
                "NAME": "CaroleCanyon_ChannelNW",
                "NAME_1": null,
                "Name": null,
                "OBJECTID": null,
                "OBJECTID_1": null,
                "ORDERBY": null,
                "ORIG_FID": null,
                "Offset": null,
                "PATTERNID": null,
                "PERSON": null,
                "PMLABEL": null,
                "PM_NAME": "CCFan4ChannelNW",
                "PM_NAME_NE": null,
                "Pattern": null,
                "Profile": null,
                "REGION": null,
                "SECTIONARC": null,
                "SECTION_AB": null,
                "SOURCE": null,
                "STRAT_INTE": "F4",
                "SectionArc": null,
                "Shape_Ar_1": null,
                "Shape_Area": null,
                "Shape_Le_1": null,
                "Shape_Leng": 213.847790123,
                "Shape_Length": null,
                "Stop": null,
                "Stop_Num": null,
                "Symbology": "Present"
            }
        },
        {
            "type": "Feature",
            "geometry": {
                "type": "LineString",
                "coordinates": [
                    [
                        -104.62381198148177,
                        31.476066187392963
                    ],
                    [
                        -104.61807874571855,
                        31.46600216224028
                    ]
                ]
            },
            "properties": {
                "Abbrev": null,
                "Alpha": null,
                "Area": null,
                "CS_ID": null,
                "CYCLE": null,
                "CycleDsolv": null,
                "DESCRIPT": null,
                "FEATUREKEY": 95188.0,
                "FEATUREK_1": null,
                "FEATURETYP": "Photo_Panel",
                "FID_": null,
                "FID_Cross_": null,
                "FID_FanGeo": null,
                "FID_Fan_De": null,
                "FID_GIS_Re": null,
                "FID_Photo_": null,
                "FID_ftrip_": null,
                "FID_measur": null,
                "FID_patter": null,
                "FOURTH_ORD": null,
                "FOURTH_O_1": null,
                "FanID": null,
                "Fan_Del": null,
                "Fan_Del_sh": null,
                "FeatureT_1": null,
                "Geo_short": null,
                "Geography": null,
                "Gradient": null,
                "Hyperlink": "Terminator_south.jpg",
                "ID": 356,
                "Id": null,
                "Id_1": null,
                "LENGTH": 0.0,
                "Location": null,
                "MAPSYMBOL": "TermS",
                "MAP_SYMBOL": null,
                "MS_ID": null,
                "MidptX": null,
                "MidptY": null,
                "Mod_names": null,
                "NAME": "TerminatorSouth",
                "NAME_1": null,
                "Name": null,
                "OBJECTID": null,
                "OBJECTID_1": null,
                "ORDERBY": null,
                "ORIG_FID": null,
                "Offset": null,
                "PATTERNID": null,
                "PERSON": null,
                "PMLABEL": null,
                "PM_NAME": "TerminatorSouth",
                "PM_NAME_NE": null,
                "Pattern": null,
                "Profile": null,
                "REGION": null,
                "SECTIONARC": null,
                "SECTION_AB": null,
                "SOURCE": null,
                "STRAT_INTE": "F6-7",
                "SectionArc": null,
                "Shape_Ar_1": null,
                "Shape_Area": null,
                "Shape_Le_1": null,
                "Shape_Leng": 1241.28648519,
                "Shape_Length": null,
                "Stop": null,
                "Stop_Num": null,
                "Symbology": "Present"
            }
        },
        {
            "type": "Feature",
            "geometry": {
                "type": "LineString",
                "coordinates": [
                    [
                        -104.63392070380324,
                        31.486242481510057
                    ],
                    [
                        -104.63164607474532,
                        31.486185982147187
                    ]
                ]
            },
            "properties": {
                "Abbrev": null,
                "Alpha": null,
                "Area": null,
                "CS_ID": null,
                "CYCLE": null,
                "CycleDsolv": null,
                "DESCRIPT": null,
                "FEATUREKEY": 95189.0,
                "FEATUREK_1": null,
                "FEATURETYP": "Photo_Panel",
                "FID_": null,
                "FID_Cross_": null,
                "FID_FanGeo": null,
                "FID_Fan_De": null,
                "FID_GIS_Re": null,
                "FID_Photo_": null,
                "FID_ftrip_": null,
                "FID_measur": null,
                "FID_patter": null,
                "FOURTH_ORD": null,
                "FOURTH_O_1": null,
                "FanID": null,
                "Fan_Del": null,
                "Fan_Del_sh": null,
                "FeatureT_1": null,
                "Geo_short": null,
                "Geography": null,
                "Gradient": null,
                "Hyperlink": "JG_Nwall.jpg",
                "ID": 341,
                "Id": null,
                "Id_1": null,
                "LENGTH": 0.0,
                "Location": null,
                "MAPSYMBOL": "NWJ",
                "MAP_SYMBOL": null,
                "MS_ID": null,
                "MidptX": null,
                "MidptY": null,
                "Mod_names": null,
                "NAME": "Javelina_NorthWall",
                "NAME_1": null,
                "Name": null,
                "OBJECTID": null,
                "OBJECTID_1": null,
                "ORDERBY": null,
                "ORIG_FID": null,
                "Offset": null,
                "PATTERNID": null,
                "PERSON": null,
                "PMLABEL": null,
                "PM_NAME": "Javelina_NorthWall",
                "PM_NAME_NE": null,
                "Pattern": null,
                "Profile": null,
                "REGION": null,
                "SECTIONARC": null,
                "SECTION_AB": null,
                "SOURCE": null,
                "STRAT_INTE": "F4-5",
                "SectionArc": null,
                "Shape_Ar_1": null,
                "Shape_Area": null,
                "Shape_Le_1": null,
                "Shape_Leng": 216.131916238,
                "Shape_Length": null,
                "Stop": null,
                "Stop_Num": null,
                "Symbology": "Present"
            }
        },
        {
            "type": "Feature",
            "geometry": {
                "type": "LineString",
                "coordinates": [
                    [
                        -104.64377148375364,
                        31.48806969643517
                    ],
                    [
                        -104.6455755803511,
                        31.489174373562747
                    ],
                    [
                        -104.64515270758281,
                        31.48995772249845
                    ],
                    [
                        -104.6442290688244,
                        31.490470265214725
                    ],
                    [
                        -104.64242192963047,
                        31.49016532629337
                    ],
                    [
                        -104.64055933063719,
                        31.489110427072852
                    ],
                    [
                        -104.6393328566568,
                        31.489506865892437
                    ]
                ]
            },
            "properties": {
                "Abbrev": null,
                "Alpha": null,
                "Area": null,
                "CS_ID": null,
                "CYCLE": null,
                "CycleDsolv": null,
                "DESCRIPT": null,
                "FEATUREKEY": 95190.0,
                "FEATUREK_1": null,
                "FEATURETYP": "Photo_Panel",
                "FID_": null,
                "FID_Cross_": null,
                "FID_FanGeo": null,
                "FID_Fan_De": null,
                "FID_GIS_Re": null,
                "FID_Photo_": null,
                "FID_ftrip_": null,
                "FID_measur": null,
                "FID_patter": null,
                "FOURTH_ORD": null,
                "FOURTH_O_1": null,
                "FanID": null,
                "Fan_Del": null,
                "Fan_Del_sh": null,
                "FeatureT_1": null,
                "Geo_short": null,
                "Geography": null,
                "Gradient": null,
                "Hyperlink": "gooseneck_lobe.jpg",
                "ID": 329,
                "Id": null,
                "Id_1": null,
                "LENGTH": 879.0,
                "Location": null,
                "MAPSYMBOL": "G",
                "MAP_SYMBOL": null,
                "MS_ID": null,
                "MidptX": null,
                "MidptY": null,
                "Mod_names": null,
                "NAME": "Gooseneck",
                "NAME_1": null,
                "Name": null,
                "OBJECTID": null,
                "OBJECTID_1": null,
                "ORDERBY": null,
                "ORIG_FID": null,
                "Offset": null,
                "PATTERNID": null,
                "PERSON": null,
                "PMLABEL": null,
                "PM_NAME": "Gooseneck",
                "PM_NAME_NE": null,
                "Pattern": null,
                "Profile": null,
                "REGION": null,
                "SECTIONARC": null,
                "SECTION_AB": null,
                "SOURCE": null,
                "STRAT_INTE": "F4-5",
                "SectionArc": null,
                "Shape_Ar_1": null,
                "Shape_Area": null,
                "Shape_Le_1": null,
                "Shape_Leng": 922.234417717,
                "Shape_Length": null,
                "Stop": null,
                "Stop_Num": null,
                "Symbology": "Present"
            }
        },
        {
            "type": "Feature",
            "geometry": {
                "type": "LineString",
                "coordinates": [
                    [
                        -104.65457518447991,
                        31.484650254990353
                    ],
                    [
                        -104.65206413010702,
                        31.485443234948875
                    ]
                ]
            },
            "properties": {
                "Abbrev": null,
                "Alpha": null,
                "Area": null,
                "CS_ID": null,
                "CYCLE": null,
                "CycleDsolv": null,
                "DESCRIPT": null,
                "FEATUREKEY": 95191.0,
                "FEATUREK_1": null,
                "FEATURETYP": "Photo_Panel",
                "FID_": null,
                "FID_Cross_": null,
                "FID_FanGeo": null,
                "FID_Fan_De": null,
                "FID_GIS_Re": null,
                "FID_Photo_": null,
                "FID_ftrip_": null,
                "FID_measur": null,
                "FID_patter": null,
                "FOURTH_ORD": null,
                "FOURTH_O_1": null,
                "FanID": null,
                "Fan_Del": null,
                "Fan_Del_sh": null,
                "FeatureT_1": null,
                "Geo_short": null,
                "Geography": null,
                "Gradient": null,
                "Hyperlink": null,
                "ID": 332,
                "Id": null,
                "Id_1": null,
                "LENGTH": 150.0,
                "Location": null,
                "MAPSYMBOL": "BClo",
                "MAP_SYMBOL": null,
                "MS_ID": null,
                "MidptX": null,
                "MidptY": null,
                "Mod_names": null,
                "NAME": "BuckCanyon_Lower",
                "NAME_1": null,
                "Name": null,
                "OBJECTID": null,
                "OBJECTID_1": null,
                "ORDERBY": null,
                "ORIG_FID": null,
                "Offset": null,
                "PATTERNID": null,
                "PERSON": null,
                "PMLABEL": null,
                "PM_NAME": "LowerBuckCynF4",
                "PM_NAME_NE": null,
                "Pattern": null,
                "Profile": null,
                "REGION": null,
                "SECTIONARC": null,
                "SECTION_AB": null,
                "SOURCE": null,
                "STRAT_INTE": "F4",
                "SectionArc": null,
                "Shape_Ar_1": null,
                "Shape_Area": null,
                "Shape_Le_1": null,
                "Shape_Leng": 254.177822308,
                "Shape_Length": null,
                "Stop": null,
                "Stop_Num": null,
                "Symbology": "Missing"
            }
        },
        {
            "type": "Feature",
            "geometry": {
                "type": "LineString",
                "coordinates": [
                    [
                        -104.65024749143237,
                        31.471992200048046
                    ],
                    [
                        -104.64909243211996,
                        31.46893992735539
                    ]
                ]
            },
            "properties": {
                "Abbrev": null,
                "Alpha": null,
                "Area": null,
                "CS_ID": null,
                "CYCLE": null,
                "CycleDsolv": null,
                "DESCRIPT": null,
                "FEATUREKEY": 95192.0,
                "FEATUREK_1": null,
                "FEATURETYP": "Photo_Panel",
                "FID_": null,
                "FID_Cross_": null,
                "FID_FanGeo": null,
                "FID_Fan_De": null,
                "FID_GIS_Re": null,
                "FID_Photo_": null,
                "FID_ftrip_": null,
                "FID_measur": null,
                "FID_patter": null,
                "FOURTH_ORD": null,
                "FOURTH_O_1": null,
                "FanID": null,
                "Fan_Del": null,
                "Fan_Del_sh": null,
                "FeatureT_1": null,
                "Geo_short": null,
                "Geography": null,
                "Gradient": null,
                "Hyperlink": null,
                "ID": 0,
                "Id": null,
                "Id_1": null,
                "LENGTH": 343.0,
                "Location": null,
                "MAPSYMBOL": "P1",
                "MAP_SYMBOL": null,
                "MS_ID": null,
                "MidptX": null,
                "MidptY": null,
                "Mod_names": null,
                "NAME": "PiscesWestFace",
                "NAME_1": null,
                "Name": null,
                "OBJECTID": null,
                "OBJECTID_1": null,
                "ORDERBY": null,
                "ORIG_FID": null,
                "Offset": null,
                "PATTERNID": null,
                "PERSON": null,
                "PMLABEL": null,
                "PM_NAME": "PiscesWestFace",
                "PM_NAME_NE": null,
                "Pattern": null,
                "Profile": null,
                "REGION": null,
                "SECTIONARC": null,
                "SECTION_AB": null,
                "SOURCE": null,
                "STRAT_INTE": "F1-3",
                "SectionArc": null,
                "Shape_Ar_1": null,
                "Shape_Area": null,
                "Shape_Le_1": null,
                "Shape_Leng": 355.641840163,
                "Shape_Length": null,
                "Stop": null,
                "Stop_Num": null,
                "Symbology": "Missing"
            }
        },
        {
            "type": "Feature",
            "geometry": {
                "type": "LineString",
                "coordinates": [
                    [
                        -104.63983033963153,
                        31.51809972306657
                    ],
                    [
                        -104.64407130937391,
                        31.523010081442663
                    ]
                ]
            },
            "properties": {
                "Abbrev": null,
                "Alpha": null,
                "Area": null,
                "CS_ID": null,
                "CYCLE": null,
                "CycleDsolv": null,
                "DESCRIPT": null,
                "FEATUREKEY": 95193.0,
                "FEATUREK_1": null,
                "FEATURETYP": "Photo_Panel",
                "FID_": null,
                "FID_Cross_": null,
                "FID_FanGeo": null,
                "FID_Fan_De": null,
                "FID_GIS_Re": null,
                "FID_Photo_": null,
                "FID_ftrip_": null,
                "FID_measur": null,
                "FID_patter": null,
                "FOURTH_ORD": null,
                "FOURTH_O_1": null,
                "FanID": null,
                "Fan_Del": null,
                "Fan_Del_sh": null,
                "FeatureT_1": null,
                "Geo_short": null,
                "Geography": null,
                "Gradient": null,
                "Hyperlink": "GoatWall_South.jpg",
                "ID": 328,
                "Id": null,
                "Id_1": null,
                "LENGTH": 673.0,
                "Location": null,
                "MAPSYMBOL": "GWS",
                "MAP_SYMBOL": null,
                "MS_ID": null,
                "MidptX": null,
                "MidptY": null,
                "Mod_names": null,
                "NAME": "GoatWall_South",
                "NAME_1": null,
                "Name": null,
                "OBJECTID": null,
                "OBJECTID_1": null,
                "ORDERBY": null,
                "ORIG_FID": null,
                "Offset": null,
                "PATTERNID": null,
                "PERSON": null,
                "PMLABEL": null,
                "PM_NAME": "GoatWall_South",
                "PM_NAME_NE": null,
                "Pattern": null,
                "Profile": null,
                "REGION": null,
                "SECTIONARC": null,
                "SECTION_AB": null,
                "SOURCE": null,
                "STRAT_INTE": "F6-GT",
                "SectionArc": null,
                "Shape_Ar_1": null,
                "Shape_Area": null,
                "Shape_Le_1": null,
                "Shape_Leng": 676.994486882,
                "Shape_Length": null,
                "Stop": null,
                "Stop_Num": null,
                "Symbology": "Present"
            }
        },
        {
            "type": "Feature",
            "geometry": {
                "type": "LineString",
                "coordinates": [
                    [
                        -104.6441290950894,
                        31.52316019567932
                    ],
                    [
                        -104.6467418218297,
                        31.526666357927667
                    ]
                ]
            },
            "properties": {
                "Abbrev": null,
                "Alpha": null,
                "Area": null,
                "CS_ID": null,
                "CYCLE": null,
                "CycleDsolv": null,
                "DESCRIPT": null,
                "FEATUREKEY": 95194.0,
                "FEATUREK_1": null,
                "FEATURETYP": "Photo_Panel",
                "FID_": null,
                "FID_Cross_": null,
                "FID_FanGeo": null,
                "FID_Fan_De": null,
                "FID_GIS_Re": null,
                "FID_Photo_": null,
                "FID_ftrip_": null,
                "FID_measur": null,
                "FID_patter": null,
                "FOURTH_ORD": null,
                "FOURTH_O_1": null,
                "FanID": null,
                "Fan_Del": null,
                "Fan_Del_sh": null,
                "FeatureT_1": null,
                "Geo_short": null,
                "Geography": null,
                "Gradient": null,
                "Hyperlink": "GoatWall_MiddleSouth.jpg",
                "ID": 326,
                "Id": null,
                "Id_1": null,
                "LENGTH": 455.0,
                "Location": null,
                "MAPSYMBOL": "GWmS",
                "MAP_SYMBOL": null,
                "MS_ID": null,
                "MidptX": null,
                "MidptY": null,
                "Mod_names": null,
                "NAME": "GoatWall_MidSouth",
                "NAME_1": null,
                "Name": null,
                "OBJECTID": null,
                "OBJECTID_1": null,
                "ORDERBY": null,
                "ORIG_FID": null,
                "Offset": null,
                "PATTERNID": null,
                "PERSON": null,
                "PMLABEL": null,
                "PM_NAME": "GoatWallMidSouth",
                "PM_NAME_NE": null,
                "Pattern": null,
                "Profile": null,
                "REGION": null,
                "SECTIONARC": null,
                "SECTION_AB": null,
                "SOURCE": null,
                "STRAT_INTE": "F6-GT",
                "SectionArc": null,
                "Shape_Ar_1": null,
                "Shape_Area": null,
                "Shape_Le_1": null,
                "Shape_Leng": 461.021766909,
                "Shape_Length": null,
                "Stop": null,
                "Stop_Num": null,
                "Symbology": "Present"
            }
        },
        {
            "type": "Feature",
            "geometry": {
                "type": "LineString",
                "coordinates": [
                    [
                        -104.64679980119625,
                        31.52676648774849
                    ],
                    [
                        -104.65110043531544,
                        31.531526817557516
                    ]
                ]
            },
            "properties": {
                "Abbrev": null,
                "Alpha": null,
                "Area": null,
                "CS_ID": null,
                "CYCLE": null,
                "CycleDsolv": null,
                "DESCRIPT": null,
                "FEATUREKEY": 95195.0,
                "FEATUREK_1": null,
                "FEATURETYP": "Photo_Panel",
                "FID_": null,
                "FID_Cross_": null,
                "FID_FanGeo": null,
                "FID_Fan_De": null,
                "FID_GIS_Re": null,
                "FID_Photo_": null,
                "FID_ftrip_": null,
                "FID_measur": null,
                "FID_patter": null,
                "FOURTH_ORD": null,
                "FOURTH_O_1": null,
                "FanID": null,
                "Fan_Del": null,
                "Fan_Del_sh": null,
                "FeatureT_1": null,
                "Geo_short": null,
                "Geography": null,
                "Gradient": null,
                "Hyperlink": "GoatWall_MiddleNorth.jpg",
                "ID": 325,
                "Id": null,
                "Id_1": null,
                "LENGTH": 667.0,
                "Location": null,
                "MAPSYMBOL": "GWmN",
                "MAP_SYMBOL": null,
                "MS_ID": null,
                "MidptX": null,
                "MidptY": null,
                "Mod_names": null,
                "NAME": "GoatWall_MidNorth",
                "NAME_1": null,
                "Name": null,
                "OBJECTID": null,
                "OBJECTID_1": null,
                "ORDERBY": null,
                "ORIG_FID": null,
                "Offset": null,
                "PATTERNID": null,
                "PERSON": null,
                "PMLABEL": null,
                "PM_NAME": "GoatWallMidNorth",
                "PM_NAME_NE": null,
                "Pattern": null,
                "Profile": null,
                "REGION": null,
                "SECTIONARC": null,
                "SECTION_AB": null,
                "SOURCE": null,
                "STRAT_INTE": "F6-GT",
                "SectionArc": null,
                "Shape_Ar_1": null,
                "Shape_Area": null,
                "Shape_Le_1": null,
                "Shape_Leng": 667.130044243,
                "Shape_Length": null,
                "Stop": null,
                "Stop_Num": null,
                "Symbology": "Present"
            }
        },
        {
            "type": "Feature",
            "geometry": {
                "type": "LineString",
                "coordinates": [
                    [
                        -104.6511000654334,
                        31.531626786546997
                    ],
                    [
                        -104.65685450161925,
                        31.537940395575376
                    ]
                ]
            },
            "properties": {
                "Abbrev": null,
                "Alpha": null,
                "Area": null,
                "CS_ID": null,
                "CYCLE": null,
                "CycleDsolv": null,
                "DESCRIPT": null,
                "FEATUREKEY": 95196.0,
                "FEATUREK_1": null,
                "FEATURETYP": "Photo_Panel",
                "FID_": null,
                "FID_Cross_": null,
                "FID_FanGeo": null,
                "FID_Fan_De": null,
                "FID_GIS_Re": null,
                "FID_Photo_": null,
                "FID_ftrip_": null,
                "FID_measur": null,
                "FID_patter": null,
                "FOURTH_ORD": null,
                "FOURTH_O_1": null,
                "FanID": null,
                "Fan_Del": null,
                "Fan_Del_sh": null,
                "FeatureT_1": null,
                "Geo_short": null,
                "Geography": null,
                "Gradient": null,
                "Hyperlink": "GoatWall_South.jpg",
                "ID": 327,
                "Id": null,
                "Id_1": null,
                "LENGTH": 887.0,
                "Location": null,
                "MAPSYMBOL": "GWN",
                "MAP_SYMBOL": null,
                "MS_ID": null,
                "MidptX": null,
                "MidptY": null,
                "Mod_names": null,
                "NAME": "GoatWall_North",
                "NAME_1": null,
                "Name": null,
                "OBJECTID": null,
                "OBJECTID_1": null,
                "ORDERBY": null,
                "ORIG_FID": null,
                "Offset": null,
                "PATTERNID": null,
                "PERSON": null,
                "PMLABEL": null,
                "PM_NAME": "GoatWallNorth",
                "PM_NAME_NE": null,
                "Pattern": null,
                "Profile": null,
                "REGION": null,
                "SECTIONARC": null,
                "SECTION_AB": null,
                "SOURCE": null,
                "STRAT_INTE": "F5-GT",
                "SectionArc": null,
                "Shape_Ar_1": null,
                "Shape_Area": null,
                "Shape_Le_1": null,
                "Shape_Leng": 887.735684285,
                "Shape_Length": null,
                "Stop": null,
                "Stop_Num": null,
                "Symbology": "Present"
            }
        },
        {
            "type": "Feature",
            "geometry": {
                "type": "LineString",
                "coordinates": [
                    [
                        -104.62964205726554,
                        31.48257626355773
                    ],
                    [
                        -104.63029540855544,
                        31.479579022943636
                    ]
                ]
            },
            "properties": {
                "Abbrev": null,
                "Alpha": null,
                "Area": null,
                "CS_ID": null,
                "CYCLE": null,
                "CycleDsolv": null,
                "DESCRIPT": null,
                "FEATUREKEY": 95197.0,
                "FEATUREK_1": null,
                "FEATURETYP": "Photo_Panel",
                "FID_": null,
                "FID_Cross_": null,
                "FID_FanGeo": null,
                "FID_Fan_De": null,
                "FID_GIS_Re": null,
                "FID_Photo_": null,
                "FID_ftrip_": null,
                "FID_measur": null,
                "FID_patter": null,
                "FOURTH_ORD": null,
                "FOURTH_O_1": null,
                "FanID": null,
                "Fan_Del": null,
                "Fan_Del_sh": null,
                "FeatureT_1": null,
                "Geo_short": null,
                "Geography": null,
                "Gradient": null,
                "Hyperlink": "142CCSwall_F4_channel_11x17.jpg",
                "ID": 276,
                "Id": null,
                "Id_1": null,
                "LENGTH": 320.0,
                "Location": null,
                "MAPSYMBOL": "CCSWmbc",
                "MAP_SYMBOL": null,
                "MS_ID": null,
                "MidptX": null,
                "MidptY": null,
                "Mod_names": null,
                "NAME": "CaroleCanyon_Swall",
                "NAME_1": null,
                "Name": null,
                "OBJECTID": null,
                "OBJECTID_1": null,
                "ORDERBY": null,
                "ORIG_FID": null,
                "Offset": null,
                "PATTERNID": null,
                "PERSON": null,
                "PMLABEL": null,
                "PM_NAME": "CarolCynSwallMBC",
                "PM_NAME_NE": null,
                "Pattern": null,
                "Profile": null,
                "REGION": null,
                "SECTIONARC": null,
                "SECTION_AB": null,
                "SOURCE": null,
                "STRAT_INTE": "F4-5",
                "SectionArc": null,
                "Shape_Ar_1": null,
                "Shape_Area": null,
                "Shape_Le_1": null,
                "Shape_Leng": 337.941413115,
                "Shape_Length": null,
                "Stop": null,
                "Stop_Num": null,
                "Symbology": "Present"
            }
        },
        {
            "type": "Feature",
            "geometry": {
                "type": "LineString",
                "coordinates": [
                    [
                        -104.65490544918002,
                        31.48047235977732
                    ],
                    [
                        -104.65241330259364,
                        31.476166879230124
                    ],
                    [
                        -104.6507821170056,
                        31.475662593061784
                    ],
                    [
                        -104.64984821724161,
                        31.47585998923398
                    ]
                ]
            },
            "properties": {
                "Abbrev": null,
                "Alpha": null,
                "Area": null,
                "CS_ID": null,
                "CYCLE": null,
                "CycleDsolv": null,
                "DESCRIPT": null,
                "FEATUREKEY": 95198.0,
                "FEATUREK_1": null,
                "FEATURETYP": "Photo_Panel",
                "FID_": null,
                "FID_Cross_": null,
                "FID_FanGeo": null,
                "FID_Fan_De": null,
                "FID_GIS_Re": null,
                "FID_Photo_": null,
                "FID_ftrip_": null,
                "FID_measur": null,
                "FID_patter": null,
                "FOURTH_ORD": null,
                "FOURTH_O_1": null,
                "FanID": null,
                "Fan_Del": null,
                "Fan_Del_sh": null,
                "FeatureT_1": null,
                "Geo_short": null,
                "Geography": null,
                "Gradient": null,
                "Hyperlink": "westernmesa.jpg",
                "ID": 357,
                "Id": null,
                "Id_1": null,
                "LENGTH": 793.0,
                "Location": null,
                "MAPSYMBOL": "WM",
                "MAP_SYMBOL": null,
                "MS_ID": null,
                "MidptX": null,
                "MidptY": null,
                "Mod_names": null,
                "NAME": "WesternMesa",
                "NAME_1": null,
                "Name": null,
                "OBJECTID": null,
                "OBJECTID_1": null,
                "ORDERBY": null,
                "ORIG_FID": null,
                "Offset": null,
                "PATTERNID": null,
                "PERSON": null,
                "PMLABEL": null,
                "PM_NAME": "westernMesa",
                "PM_NAME_NE": null,
                "Pattern": null,
                "Profile": null,
                "REGION": null,
                "SECTIONARC": null,
                "SECTION_AB": null,
                "SOURCE": null,
                "STRAT_INTE": "F3-5",
                "SectionArc": null,
                "Shape_Ar_1": null,
                "Shape_Area": null,
                "Shape_Le_1": null,
                "Shape_Leng": 788.763353304,
                "Shape_Length": null,
                "Stop": null,
                "Stop_Num": null,
                "Symbology": "Present"
            }
        },
        {
            "type": "Feature",
            "geometry": {
                "type": "LineString",
                "coordinates": [
                    [
                        -104.65218314533462,
                        31.475316501625777
                    ],
                    [
                        -104.64821201708209,
                        31.476705265867356
                    ]
                ]
            },
            "properties": {
                "Abbrev": null,
                "Alpha": null,
                "Area": null,
                "CS_ID": null,
                "CYCLE": null,
                "CycleDsolv": null,
                "DESCRIPT": null,
                "FEATUREKEY": 95199.0,
                "FEATUREK_1": null,
                "FEATURETYP": "Photo_Panel",
                "FID_": null,
                "FID_Cross_": null,
                "FID_FanGeo": null,
                "FID_Fan_De": null,
                "FID_GIS_Re": null,
                "FID_Photo_": null,
                "FID_ftrip_": null,
                "FID_measur": null,
                "FID_patter": null,
                "FOURTH_ORD": null,
                "FOURTH_O_1": null,
                "FanID": null,
                "Fan_Del": null,
                "Fan_Del_sh": null,
                "FeatureT_1": null,
                "Geo_short": null,
                "Geography": null,
                "Gradient": null,
                "Hyperlink": null,
                "ID": 0,
                "Id": null,
                "Id_1": null,
                "LENGTH": 340.0,
                "Location": null,
                "MAPSYMBOL": "WMsf",
                "MAP_SYMBOL": null,
                "MS_ID": null,
                "MidptX": null,
                "MidptY": null,
                "Mod_names": null,
                "NAME": "WesternMesaSface",
                "NAME_1": null,
                "Name": null,
                "OBJECTID": null,
                "OBJECTID_1": null,
                "ORDERBY": null,
                "ORIG_FID": null,
                "Offset": null,
                "PATTERNID": null,
                "PERSON": null,
                "PMLABEL": null,
                "PM_NAME": "WesternMesaSface",
                "PM_NAME_NE": null,
                "Pattern": null,
                "Profile": null,
                "REGION": null,
                "SECTIONARC": null,
                "SECTION_AB": null,
                "SOURCE": null,
                "STRAT_INTE": "F3-5",
                "SectionArc": null,
                "Shape_Ar_1": null,
                "Shape_Area": null,
                "Shape_Le_1": null,
                "Shape_Leng": 407.408350983,
                "Shape_Length": null,
                "Stop": null,
                "Stop_Num": null,
                "Symbology": "Missing"
            }
        },
        {
            "type": "Feature",
            "geometry": {
                "type": "LineString",
                "coordinates": [
                    [
                        -104.64775439364244,
                        31.474304705893218
                    ],
                    [
                        -104.64869144816893,
                        31.473257579649257
                    ],
                    [
                        -104.65015243702021,
                        31.472461804707592
                    ],
                    [
                        -104.6507969216207,
                        31.471663791917518
                    ],
                    [
                        -104.65068176307342,
                        31.471263593917918
                    ]
                ]
            },
            "properties": {
                "Abbrev": null,
                "Alpha": null,
                "Area": null,
                "CS_ID": null,
                "CYCLE": null,
                "CycleDsolv": null,
                "DESCRIPT": null,
                "FEATUREKEY": 95200.0,
                "FEATUREK_1": null,
                "FEATURETYP": "Photo_Panel",
                "FID_": null,
                "FID_Cross_": null,
                "FID_FanGeo": null,
                "FID_Fan_De": null,
                "FID_GIS_Re": null,
                "FID_Photo_": null,
                "FID_ftrip_": null,
                "FID_measur": null,
                "FID_patter": null,
                "FOURTH_ORD": null,
                "FOURTH_O_1": null,
                "FanID": null,
                "Fan_Del": null,
                "Fan_Del_sh": null,
                "FeatureT_1": null,
                "Geo_short": null,
                "Geography": null,
                "Gradient": null,
                "Hyperlink": "P2cynLBC.jpg",
                "ID": 345,
                "Id": null,
                "Id_1": null,
                "LENGTH": 476.0,
                "Location": null,
                "MAPSYMBOL": "P2lbc",
                "MAP_SYMBOL": null,
                "MS_ID": null,
                "MidptX": null,
                "MidptY": null,
                "Mod_names": null,
                "NAME": "P2Canyon",
                "NAME_1": null,
                "Name": null,
                "OBJECTID": null,
                "OBJECTID_1": null,
                "ORDERBY": null,
                "ORIG_FID": null,
                "Offset": null,
                "PATTERNID": null,
                "PERSON": null,
                "PMLABEL": null,
                "PM_NAME": "P2Canyon",
                "PM_NAME_NE": null,
                "Pattern": null,
                "Profile": null,
                "REGION": null,
                "SECTIONARC": null,
                "SECTION_AB": null,
                "SOURCE": null,
                "STRAT_INTE": "F2-3",
                "SectionArc": null,
                "Shape_Ar_1": null,
                "Shape_Area": null,
                "Shape_Le_1": null,
                "Shape_Leng": 463.949802675,
                "Shape_Length": null,
                "Stop": null,
                "Stop_Num": null,
                "Symbology": "Missing"
            }
        },
        {
            "type": "Feature",
            "geometry": {
                "type": "LineString",
                "coordinates": [
                    [
                        -104.63512280389321,
                        31.46802120716546
                    ],
                    [
                        -104.6411394020741,
                        31.46543893080428
                    ]
                ]
            },
            "properties": {
                "Abbrev": null,
                "Alpha": null,
                "Area": null,
                "CS_ID": null,
                "CYCLE": null,
                "CycleDsolv": null,
                "DESCRIPT": null,
                "FEATUREKEY": 95201.0,
                "FEATUREK_1": null,
                "FEATURETYP": "Photo_Panel",
                "FID_": null,
                "FID_Cross_": null,
                "FID_FanGeo": null,
                "FID_Fan_De": null,
                "FID_GIS_Re": null,
                "FID_Photo_": null,
                "FID_ftrip_": null,
                "FID_measur": null,
                "FID_patter": null,
                "FOURTH_ORD": null,
                "FOURTH_O_1": null,
                "FanID": null,
                "Fan_Del": null,
                "Fan_Del_sh": null,
                "FeatureT_1": null,
                "Geo_short": null,
                "Geography": null,
                "Gradient": null,
                "Hyperlink": "P3longview.jpg",
                "ID": 348,
                "Id": null,
                "Id_1": null,
                "LENGTH": 649.0,
                "Location": null,
                "MAPSYMBOL": "P3",
                "MAP_SYMBOL": null,
                "MS_ID": null,
                "MidptX": null,
                "MidptY": null,
                "Mod_names": null,
                "NAME": "P3_longview",
                "NAME_1": null,
                "Name": null,
                "OBJECTID": null,
                "OBJECTID_1": null,
                "ORDERBY": null,
                "ORIG_FID": null,
                "Offset": null,
                "PATTERNID": null,
                "PERSON": null,
                "PMLABEL": null,
                "PM_NAME": "P3longview",
                "PM_NAME_NE": null,
                "Pattern": null,
                "Profile": null,
                "REGION": null,
                "SECTIONARC": null,
                "SECTION_AB": null,
                "SOURCE": null,
                "STRAT_INTE": "F5-7",
                "SectionArc": null,
                "Shape_Ar_1": null,
                "Shape_Area": null,
                "Shape_Le_1": null,
                "Shape_Leng": 639.218821043,
                "Shape_Length": null,
                "Stop": null,
                "Stop_Num": null,
                "Symbology": "Present"
            }
        },
        {
            "type": "Feature",
            "geometry": {
                "type": "LineString",
                "coordinates": [
                    [
                        -104.64772108659757,
                        31.467606553027313
                    ],
                    [
                        -104.64386685724864,
                        31.468995506052867
                    ]
                ]
            },
            "properties": {
                "Abbrev": null,
                "Alpha": null,
                "Area": null,
                "CS_ID": null,
                "CYCLE": null,
                "CycleDsolv": null,
                "DESCRIPT": null,
                "FEATUREKEY": 95202.0,
                "FEATUREK_1": null,
                "FEATURETYP": "Photo_Panel",
                "FID_": null,
                "FID_Cross_": null,
                "FID_FanGeo": null,
                "FID_Fan_De": null,
                "FID_GIS_Re": null,
                "FID_Photo_": null,
                "FID_ftrip_": null,
                "FID_measur": null,
                "FID_patter": null,
                "FOURTH_ORD": null,
                "FOURTH_O_1": null,
                "FanID": null,
                "Fan_Del": null,
                "Fan_Del_sh": null,
                "FeatureT_1": null,
                "Geo_short": null,
                "Geography": null,
                "Gradient": null,
                "Hyperlink": "Swall_P3P2cyn.jpg",
                "ID": 355,
                "Id": null,
                "Id_1": null,
                "LENGTH": 397.0,
                "Location": null,
                "MAPSYMBOL": "SWP2P3",
                "MAP_SYMBOL": null,
                "MS_ID": null,
                "MidptX": null,
                "MidptY": null,
                "Mod_names": null,
                "NAME": "P2P3Canyon_SouthWall",
                "NAME_1": null,
                "Name": null,
                "OBJECTID": null,
                "OBJECTID_1": null,
                "ORDERBY": null,
                "ORIG_FID": null,
                "Offset": null,
                "PATTERNID": null,
                "PERSON": null,
                "PMLABEL": null,
                "PM_NAME": "SWallP2P3cyn",
                "PM_NAME_NE": null,
                "Pattern": null,
                "Profile": null,
                "REGION": null,
                "SECTIONARC": null,
                "SECTION_AB": null,
                "SOURCE": null,
                "STRAT_INTE": "F3-5",
                "SectionArc": null,
                "Shape_Ar_1": null,
                "Shape_Area": null,
                "Shape_Le_1": null,
                "Shape_Leng": 397.185230172,
                "Shape_Length": null,
                "Stop": null,
                "Stop_Num": null,
                "Symbology": "Present"
            }
        },
        {
            "type": "Feature",
            "geometry": {
                "type": "LineString",
                "coordinates": [
                    [
                        -104.64043427595661,
                        31.466836551702887
                    ],
                    [
                        -104.64779115932542,
                        31.46445765360785
                    ]
                ]
            },
            "properties": {
                "Abbrev": null,
                "Alpha": null,
                "Area": null,
                "CS_ID": null,
                "CYCLE": null,
                "CycleDsolv": null,
                "DESCRIPT": null,
                "FEATUREKEY": 95203.0,
                "FEATUREK_1": null,
                "FEATURETYP": "Photo_Panel",
                "FID_": null,
                "FID_Cross_": null,
                "FID_FanGeo": null,
                "FID_Fan_De": null,
                "FID_GIS_Re": null,
                "FID_Photo_": null,
                "FID_ftrip_": null,
                "FID_measur": null,
                "FID_patter": null,
                "FOURTH_ORD": null,
                "FOURTH_O_1": null,
                "FanID": null,
                "Fan_Del": null,
                "Fan_Del_sh": null,
                "FeatureT_1": null,
                "Geo_short": null,
                "Geography": null,
                "Gradient": null,
                "Hyperlink": "P3longview_west.jpg",
                "ID": 349,
                "Id": null,
                "Id_1": null,
                "LENGTH": 763.0,
                "Location": null,
                "MAPSYMBOL": "P3W",
                "MAP_SYMBOL": null,
                "MS_ID": null,
                "MidptX": null,
                "MidptY": null,
                "Mod_names": null,
                "NAME": "P3_longview_West",
                "NAME_1": null,
                "Name": null,
                "OBJECTID": null,
                "OBJECTID_1": null,
                "ORDERBY": null,
                "ORIG_FID": null,
                "Offset": null,
                "PATTERNID": null,
                "PERSON": null,
                "PMLABEL": null,
                "PM_NAME": "P3longview_West",
                "PM_NAME_NE": null,
                "Pattern": null,
                "Profile": null,
                "REGION": null,
                "SECTIONARC": null,
                "SECTION_AB": null,
                "SOURCE": null,
                "STRAT_INTE": "F3-5",
                "SectionArc": null,
                "Shape_Ar_1": null,
                "Shape_Area": null,
                "Shape_Le_1": null,
                "Shape_Leng": 746.979104164,
                "Shape_Length": null,
                "Stop": null,
                "Stop_Num": null,
                "Symbology": "Present"
            }
        },
        {
            "type": "Feature",
            "geometry": {
                "type": "LineString",
                "coordinates": [
                    [
                        -104.6474347299879,
                        31.466206169891006
                    ],
                    [
                        -104.64591681247714,
                        31.46665185932203
                    ]
                ]
            },
            "properties": {
                "Abbrev": null,
                "Alpha": null,
                "Area": null,
                "CS_ID": null,
                "CYCLE": null,
                "CycleDsolv": null,
                "DESCRIPT": null,
                "FEATUREKEY": 95204.0,
                "FEATUREK_1": null,
                "FEATURETYP": "Photo_Panel",
                "FID_": null,
                "FID_Cross_": null,
                "FID_FanGeo": null,
                "FID_Fan_De": null,
                "FID_GIS_Re": null,
                "FID_Photo_": null,
                "FID_ftrip_": null,
                "FID_measur": null,
                "FID_patter": null,
                "FOURTH_ORD": null,
                "FOURTH_O_1": null,
                "FanID": null,
                "Fan_Del": null,
                "Fan_Del_sh": null,
                "FeatureT_1": null,
                "Geo_short": null,
                "Geography": null,
                "Gradient": null,
                "Hyperlink": "F1lowerP3conclobe.jpg",
                "ID": 347,
                "Id": null,
                "Id_1": null,
                "LENGTH": 50.0,
                "Location": null,
                "MAPSYMBOL": "P3cl",
                "MAP_SYMBOL": null,
                "MS_ID": null,
                "MidptX": null,
                "MidptY": null,
                "Mod_names": null,
                "NAME": "P3_ConcLobe",
                "NAME_1": null,
                "Name": null,
                "OBJECTID": null,
                "OBJECTID_1": null,
                "ORDERBY": null,
                "ORIG_FID": null,
                "Offset": null,
                "PATTERNID": null,
                "PERSON": null,
                "PMLABEL": null,
                "PM_NAME": "P3ConcLobe",
                "PM_NAME_NE": null,
                "Pattern": null,
                "Profile": null,
                "REGION": null,
                "SECTIONARC": null,
                "SECTION_AB": null,
                "SOURCE": null,
                "STRAT_INTE": "F1-2",
                "SectionArc": null,
                "Shape_Ar_1": null,
                "Shape_Area": null,
                "Shape_Le_1": null,
                "Shape_Leng": 152.426159148,
                "Shape_Length": null,
                "Stop": null,
                "Stop_Num": null,
                "Symbology": "Present"
            }
        },
        {
            "type": "Feature",
            "geometry": {
                "type": "LineString",
                "coordinates": [
                    [
                        -104.64109914740565,
                        31.46069018717578
                    ],
                    [
                        -104.63993975273887,
                        31.458887456703636
                    ]
                ]
            },
            "properties": {
                "Abbrev": null,
                "Alpha": null,
                "Area": null,
                "CS_ID": null,
                "CYCLE": null,
                "CycleDsolv": null,
                "DESCRIPT": null,
                "FEATUREKEY": 95205.0,
                "FEATUREK_1": null,
                "FEATURETYP": "Photo_Panel",
                "FID_": null,
                "FID_Cross_": null,
                "FID_FanGeo": null,
                "FID_Fan_De": null,
                "FID_GIS_Re": null,
                "FID_Photo_": null,
                "FID_ftrip_": null,
                "FID_measur": null,
                "FID_patter": null,
                "FOURTH_ORD": null,
                "FOURTH_O_1": null,
                "FanID": null,
                "Fan_Del": null,
                "Fan_Del_sh": null,
                "FeatureT_1": null,
                "Geo_short": null,
                "Geography": null,
                "Gradient": null,
                "Hyperlink": "Wface_middlebuckmesa_Nmargin_F62channel.jpg",
                "ID": 334,
                "Id": null,
                "Id_1": null,
                "LENGTH": 230.0,
                "Location": null,
                "MAPSYMBOL": "SDMRF6ch",
                "MAP_SYMBOL": null,
                "MS_ID": null,
                "MidptX": null,
                "MidptY": null,
                "Mod_names": null,
                "NAME": "BuckMesa_midWestFace",
                "NAME_1": null,
                "Name": null,
                "OBJECTID": null,
                "OBJECTID_1": null,
                "ORDERBY": null,
                "ORIG_FID": null,
                "Offset": null,
                "PATTERNID": null,
                "PERSON": null,
                "PMLABEL": null,
                "PM_NAME": "BuckMesa_midWestFace",
                "PM_NAME_NE": null,
                "Pattern": null,
                "Profile": null,
                "REGION": null,
                "SECTIONARC": null,
                "SECTION_AB": null,
                "SOURCE": null,
                "STRAT_INTE": "F6-7",
                "SectionArc": null,
                "Shape_Ar_1": null,
                "Shape_Area": null,
                "Shape_Le_1": null,
                "Shape_Leng": 228.152057507,
                "Shape_Length": null,
                "Stop": null,
                "Stop_Num": null,
                "Symbology": "Present"
            }
        },
        {
            "type": "Feature",
            "geometry": {
                "type": "LineString",
                "coordinates": [
                    [
                        -104.64877526530624,
                        31.466409789405983
                    ],
                    [
                        -104.64819414936098,
                        31.465858356232726
                    ],
                    [
                        -104.64726108824951,
                        31.465855794075505
                    ]
                ]
            },
            "properties": {
                "Abbrev": null,
                "Alpha": null,
                "Area": null,
                "CS_ID": null,
                "CYCLE": null,
                "CycleDsolv": null,
                "DESCRIPT": null,
                "FEATUREKEY": 95206.0,
                "FEATUREK_1": null,
                "FEATURETYP": "Photo_Panel",
                "FID_": null,
                "FID_Cross_": null,
                "FID_FanGeo": null,
                "FID_Fan_De": null,
                "FID_GIS_Re": null,
                "FID_Photo_": null,
                "FID_ftrip_": null,
                "FID_measur": null,
                "FID_patter": null,
                "FOURTH_ORD": null,
                "FOURTH_O_1": null,
                "FanID": null,
                "Fan_Del": null,
                "Fan_Del_sh": null,
                "FeatureT_1": null,
                "Geo_short": null,
                "Geography": null,
                "Gradient": null,
                "Hyperlink": "F1lowerP3.jpg",
                "ID": 323,
                "Id": null,
                "Id_1": null,
                "LENGTH": 150.0,
                "Location": null,
                "MAPSYMBOL": "P3f1",
                "MAP_SYMBOL": null,
                "MS_ID": null,
                "MidptX": null,
                "MidptY": null,
                "Mod_names": null,
                "NAME": "P3_Lower",
                "NAME_1": null,
                "Name": null,
                "OBJECTID": null,
                "OBJECTID_1": null,
                "ORDERBY": null,
                "ORIG_FID": null,
                "Offset": null,
                "PATTERNID": null,
                "PERSON": null,
                "PMLABEL": null,
                "PM_NAME": "Fan1LowerP3",
                "PM_NAME_NE": null,
                "Pattern": null,
                "Profile": null,
                "REGION": null,
                "SECTIONARC": null,
                "SECTION_AB": null,
                "SOURCE": null,
                "STRAT_INTE": "F1-2",
                "SectionArc": null,
                "Shape_Ar_1": null,
                "Shape_Area": null,
                "Shape_Le_1": null,
                "Shape_Leng": 170.998703382,
                "Shape_Length": null,
                "Stop": null,
                "Stop_Num": null,
                "Symbology": "Present"
            }
        },
        {
            "type": "Feature",
            "geometry": {
                "type": "LineString",
                "coordinates": [
                    [
                        -104.6395893078092,
                        31.45903642982448
                    ],
                    [
                        -104.63113152974852,
                        31.459662203194853
                    ]
                ]
            },
            "properties": {
                "Abbrev": null,
                "Alpha": null,
                "Area": null,
                "CS_ID": null,
                "CYCLE": null,
                "CycleDsolv": null,
                "DESCRIPT": null,
                "FEATUREKEY": 95207.0,
                "FEATUREK_1": null,
                "FEATURETYP": "Photo_Panel",
                "FID_": null,
                "FID_Cross_": null,
                "FID_FanGeo": null,
                "FID_Fan_De": null,
                "FID_GIS_Re": null,
                "FID_Photo_": null,
                "FID_ftrip_": null,
                "FID_measur": null,
                "FID_patter": null,
                "FOURTH_ORD": null,
                "FOURTH_O_1": null,
                "FanID": null,
                "Fan_Del": null,
                "Fan_Del_sh": null,
                "FeatureT_1": null,
                "Geo_short": null,
                "Geography": null,
                "Gradient": null,
                "Hyperlink": null,
                "ID": 301,
                "Id": null,
                "Id_1": null,
                "LENGTH": 1055.0,
                "Location": null,
                "MAPSYMBOL": "RHCubc",
                "MAP_SYMBOL": null,
                "MS_ID": null,
                "MidptX": null,
                "MidptY": null,
                "Mod_names": null,
                "NAME": "RHC_ChannelDip",
                "NAME_1": null,
                "Name": null,
                "OBJECTID": null,
                "OBJECTID_1": null,
                "ORDERBY": null,
                "ORIG_FID": null,
                "Offset": null,
                "PATTERNID": null,
                "PERSON": null,
                "PMLABEL": null,
                "PM_NAME": "RHC_ChannelDip",
                "PM_NAME_NE": null,
                "Pattern": null,
                "Profile": null,
                "REGION": null,
                "SECTIONARC": null,
                "SECTION_AB": null,
                "SOURCE": null,
                "STRAT_INTE": "F5-7",
                "SectionArc": null,
                "Shape_Ar_1": null,
                "Shape_Area": null,
                "Shape_Le_1": null,
                "Shape_Leng": 806.525334632,
                "Shape_Length": null,
                "Stop": null,
                "Stop_Num": null,
                "Symbology": "Present"
            }
        },
        {
            "type": "Feature",
            "geometry": {
                "type": "LineString",
                "coordinates": [
                    [
                        -104.64956546983875,
                        31.520575960572703
                    ],
                    [
                        -104.64590816736242,
                        31.515567426841386
                    ]
                ]
            },
            "properties": {
                "Abbrev": null,
                "Alpha": null,
                "Area": null,
                "CS_ID": null,
                "CYCLE": null,
                "CycleDsolv": null,
                "DESCRIPT": null,
                "FEATUREKEY": 95208.0,
                "FEATUREK_1": null,
                "FEATURETYP": "Photo_Panel",
                "FID_": null,
                "FID_Cross_": null,
                "FID_FanGeo": null,
                "FID_Fan_De": null,
                "FID_GIS_Re": null,
                "FID_Photo_": null,
                "FID_ftrip_": null,
                "FID_measur": null,
                "FID_patter": null,
                "FOURTH_ORD": null,
                "FOURTH_O_1": null,
                "FanID": null,
                "Fan_Del": null,
                "Fan_Del_sh": null,
                "FeatureT_1": null,
                "Geo_short": null,
                "Geography": null,
                "Gradient": null,
                "Hyperlink": "lower_bloatedangry_goat_canyon.jpg",
                "ID": 331,
                "Id": null,
                "Id_1": null,
                "LENGTH": 647.0,
                "Location": null,
                "MAPSYMBOL": "LBAGC",
                "MAP_SYMBOL": null,
                "MS_ID": null,
                "MidptX": null,
                "MidptY": null,
                "Mod_names": null,
                "NAME": "BloatedAngry_Goat_Canyon_Lower",
                "NAME_1": null,
                "Name": null,
                "OBJECTID": null,
                "OBJECTID_1": null,
                "ORDERBY": null,
                "ORIG_FID": null,
                "Offset": null,
                "PATTERNID": null,
                "PERSON": null,
                "PMLABEL": null,
                "PM_NAME": "BloatedAngry_Goat_Canyon_Lower",
                "PM_NAME_NE": null,
                "Pattern": null,
                "Profile": null,
                "REGION": null,
                "SECTIONARC": null,
                "SECTION_AB": null,
                "SOURCE": null,
                "STRAT_INTE": "F7",
                "SectionArc": null,
                "Shape_Ar_1": null,
                "Shape_Area": null,
                "Shape_Le_1": null,
                "Shape_Leng": 654.778111472,
                "Shape_Length": null,
                "Stop": null,
                "Stop_Num": null,
                "Symbology": "Present"
            }
        },
        {
            "type": "Feature",
            "geometry": {
                "type": "LineString",
                "coordinates": [
                    [
                        -104.65111931890196,
                        31.51064320494905
                    ],
                    [
                        -104.64639850732318,
                        31.509280679918657
                    ],
                    [
                        -104.64302273129039,
                        31.50712197355499
                    ],
                    [
                        -104.63964119565021,
                        31.506512695605164
                    ],
                    [
                        -104.63648941113385,
                        31.50685369239688
                    ],
                    [
                        -104.63253113409975,
                        31.50454310239636
                    ],
                    [
                        -104.63008065080916,
                        31.504586040390453
                    ],
                    [
                        -104.62733550441162,
                        31.505377849678588
                    ],
                    [
                        -104.62639334792021,
                        31.50757444367024
                    ],
                    [
                        -104.62784243557692,
                        31.509977933308978
                    ],
                    [
                        -104.63191283376176,
                        31.513488625128797
                    ]
                ]
            },
            "properties": {
                "Abbrev": null,
                "Alpha": null,
                "Area": null,
                "CS_ID": null,
                "CYCLE": null,
                "CycleDsolv": null,
                "DESCRIPT": null,
                "FEATUREKEY": 95209.0,
                "FEATUREK_1": null,
                "FEATURETYP": "Photo_Panel",
                "FID_": null,
                "FID_Cross_": null,
                "FID_FanGeo": null,
                "FID_Fan_De": null,
                "FID_GIS_Re": null,
                "FID_Photo_": null,
                "FID_ftrip_": null,
                "FID_measur": null,
                "FID_patter": null,
                "FOURTH_ORD": null,
                "FOURTH_O_1": null,
                "FanID": null,
                "Fan_Del": null,
                "Fan_Del_sh": null,
                "FeatureT_1": null,
                "Geo_short": null,
                "Geography": null,
                "Gradient": null,
                "Hyperlink": "themess_southof_pipelineroad.jpg",
                "ID": 333,
                "Id": null,
                "Id_1": null,
                "LENGTH": 2000.0,
                "Location": null,
                "MAPSYMBOL": "SofPLrd",
                "MAP_SYMBOL": null,
                "MS_ID": null,
                "MidptX": null,
                "MidptY": null,
                "Mod_names": null,
                "NAME": "Mess_South_of_PipelineRd",
                "NAME_1": null,
                "Name": null,
                "OBJECTID": null,
                "OBJECTID_1": null,
                "ORDERBY": null,
                "ORIG_FID": null,
                "Offset": null,
                "PATTERNID": null,
                "PERSON": null,
                "PMLABEL": null,
                "PM_NAME": "Mess_South_of_PipelineRd",
                "PM_NAME_NE": null,
                "Pattern": null,
                "Profile": null,
                "REGION": null,
                "SECTIONARC": null,
                "SECTION_AB": null,
                "SOURCE": null,
                "STRAT_INTE": "F6-GT",
                "SectionArc": null,
                "Shape_Ar_1": null,
                "Shape_Area": null,
                "Shape_Le_1": null,
                "Shape_Leng": 3573.0649592,
                "Shape_Length": null,
                "Stop": null,
                "Stop_Num": null,
                "Symbology": "Present"
            }
        },
        {
            "type": "Feature",
            "geometry": {
                "type": "LineString",
                "coordinates": [
                    [
                        -104.64911994655563,
                        31.452129837938305
                    ],
                    [
                        -104.64568991748794,
                        31.449421185177698
                    ]
                ]
            },
            "properties": {
                "Abbrev": null,
                "Alpha": null,
                "Area": null,
                "CS_ID": null,
                "CYCLE": null,
                "CycleDsolv": null,
                "DESCRIPT": null,
                "FEATUREKEY": 95210.0,
                "FEATUREK_1": null,
                "FEATURETYP": "Photo_Panel",
                "FID_": null,
                "FID_Cross_": null,
                "FID_FanGeo": null,
                "FID_Fan_De": null,
                "FID_GIS_Re": null,
                "FID_Photo_": null,
                "FID_ftrip_": null,
                "FID_measur": null,
                "FID_patter": null,
                "FOURTH_ORD": null,
                "FOURTH_O_1": null,
                "FanID": null,
                "Fan_Del": null,
                "Fan_Del_sh": null,
                "FeatureT_1": null,
                "Geo_short": null,
                "Geography": null,
                "Gradient": null,
                "Hyperlink": "DMRSouth_MiddleMesaEastface_outfront.jpg",
                "ID": 335,
                "Id": null,
                "Id_1": null,
                "LENGTH": 443.0,
                "Location": null,
                "MAPSYMBOL": "MMof",
                "MAP_SYMBOL": null,
                "MS_ID": null,
                "MidptX": null,
                "MidptY": null,
                "Mod_names": null,
                "NAME": "MiddleMesa_EastFace",
                "NAME_1": null,
                "Name": null,
                "OBJECTID": null,
                "OBJECTID_1": null,
                "ORDERBY": null,
                "ORIG_FID": null,
                "Offset": null,
                "PATTERNID": null,
                "PERSON": null,
                "PMLABEL": null,
                "PM_NAME": "MiddleMesa_EastFace",
                "PM_NAME_NE": null,
                "Pattern": null,
                "Profile": null,
                "REGION": null,
                "SECTIONARC": null,
                "SECTION_AB": null,
                "SOURCE": null,
                "STRAT_INTE": "F7",
                "SectionArc": null,
                "Shape_Ar_1": null,
                "Shape_Area": null,
                "Shape_Le_1": null,
                "Shape_Leng": 443.097881989,
                "Shape_Length": null,
                "Stop": null,
                "Stop_Num": null,
                "Symbology": "Present"
            }
        },
        {
            "type": "Feature",
            "geometry": {
                "type": "LineString",
                "coordinates": [
                    [
                        -104.63771923642318,
                        31.460095856213286
                    ],
                    [
                        -104.63368305044007,
                        31.46333345694757
                    ],
                    [
                        -104.62982859786723,
                        31.464771973878445
                    ],
                    [
                        -104.62487734650968,
                        31.463357995360738
                    ],
                    [
                        -104.61947183088938,
                        31.458943344727164
                    ],
                    [
                        -104.61651681806605,
                        31.45428588457513
                    ],
                    [
                        -104.61478917520667,
                        31.448982232563345
                    ],
                    [
                        -104.6157438339055,
                        31.44363662921209
                    ],
                    [
                        -104.61598029606587,
                        31.44283756575173
                    ]
                ]
            },
            "properties": {
                "Abbrev": null,
                "Alpha": null,
                "Area": null,
                "CS_ID": null,
                "CYCLE": null,
                "CycleDsolv": null,
                "DESCRIPT": null,
                "FEATUREKEY": 95211.0,
                "FEATUREK_1": null,
                "FEATURETYP": "Photo_Panel",
                "FID_": null,
                "FID_Cross_": null,
                "FID_FanGeo": null,
                "FID_Fan_De": null,
                "FID_GIS_Re": null,
                "FID_Photo_": null,
                "FID_ftrip_": null,
                "FID_measur": null,
                "FID_patter": null,
                "FOURTH_ORD": null,
                "FOURTH_O_1": null,
                "FanID": null,
                "Fan_Del": null,
                "Fan_Del_sh": null,
                "FeatureT_1": null,
                "Geo_short": null,
                "Geography": null,
                "Gradient": null,
                "Hyperlink": "DMRSouth_veiwNfromNSplitPeak.jpg",
                "ID": 309,
                "Id": null,
                "Id_1": null,
                "LENGTH": 4000.0,
                "Location": null,
                "MAPSYMBOL": "NfromSP",
                "MAP_SYMBOL": null,
                "MS_ID": null,
                "MidptX": null,
                "MidptY": null,
                "Mod_names": null,
                "NAME": "SDMR_from_SplitPeak",
                "NAME_1": null,
                "Name": null,
                "OBJECTID": null,
                "OBJECTID_1": null,
                "ORDERBY": null,
                "ORIG_FID": null,
                "Offset": null,
                "PATTERNID": null,
                "PERSON": null,
                "PMLABEL": null,
                "PM_NAME": "SDMR_from_SplitPeak",
                "PM_NAME_NE": null,
                "Pattern": null,
                "Profile": null,
                "REGION": null,
                "SECTIONARC": null,
                "SECTION_AB": null,
                "SOURCE": null,
                "STRAT_INTE": "F4-GT",
                "SectionArc": null,
                "Shape_Ar_1": null,
                "Shape_Area": null,
                "Shape_Le_1": null,
                "Shape_Leng": 4018.31424723,
                "Shape_Length": null,
                "Stop": null,
                "Stop_Num": null,
                "Symbology": "Present"
            }
        },
        {
            "type": "Feature",
            "geometry": {
                "type": "LineString",
                "coordinates": [
                    [
                        -104.64413872152969,
                        31.45876421084615
                    ],
                    [
                        -104.63638786776805,
                        31.45754282313955
                    ],
                    [
                        -104.63033389472955,
                        31.45487628407499
                    ],
                    [
                        -104.62878057585964,
                        31.449523334961548
                    ],
                    [
                        -104.62177203548477,
                        31.452452018061553
                    ],
                    [
                        -104.62032841318069,
                        31.44894875889281
                    ],
                    [
                        -104.6216209543568,
                        31.446503279694422
                    ],
                    [
                        -104.6236160487033,
                        31.44331006295184
                    ],
                    [
                        -104.62403809423667,
                        31.43981230056078
                    ],
                    [
                        -104.6230036588822,
                        31.436060334478928
                    ],
                    [
                        -104.62028332040862,
                        31.431163703964984
                    ]
                ]
            },
            "properties": {
                "Abbrev": null,
                "Alpha": null,
                "Area": null,
                "CS_ID": null,
                "CYCLE": null,
                "CycleDsolv": null,
                "DESCRIPT": null,
                "FEATUREKEY": 95212.0,
                "FEATUREK_1": null,
                "FEATURETYP": "Photo_Panel",
                "FID_": null,
                "FID_Cross_": null,
                "FID_FanGeo": null,
                "FID_Fan_De": null,
                "FID_GIS_Re": null,
                "FID_Photo_": null,
                "FID_ftrip_": null,
                "FID_measur": null,
                "FID_patter": null,
                "FOURTH_ORD": null,
                "FOURTH_O_1": null,
                "FanID": null,
                "Fan_Del": null,
                "Fan_Del_sh": null,
                "FeatureT_1": null,
                "Geo_short": null,
                "Geography": null,
                "Gradient": null,
                "Hyperlink": "DMRSouth_westfaces_fromdownlow.jpg",
                "ID": 358,
                "Id": null,
                "Id_1": null,
                "LENGTH": 5000.0,
                "Location": null,
                "MAPSYMBOL": "SDMRwf",
                "MAP_SYMBOL": null,
                "MS_ID": null,
                "MidptX": null,
                "MidptY": null,
                "Mod_names": null,
                "NAME": "SDMR_WestFace",
                "NAME_1": null,
                "Name": null,
                "OBJECTID": null,
                "OBJECTID_1": null,
                "ORDERBY": null,
                "ORIG_FID": null,
                "Offset": null,
                "PATTERNID": null,
                "PERSON": null,
                "PMLABEL": null,
                "PM_NAME": "westFacesSDMR",
                "PM_NAME_NE": null,
                "Pattern": null,
                "Profile": null,
                "REGION": null,
                "SECTIONARC": null,
                "SECTION_AB": null,
                "SOURCE": null,
                "STRAT_INTE": "F3-GT",
                "SectionArc": null,
                "Shape_Ar_1": null,
                "Shape_Area": null,
                "Shape_Le_1": null,
                "Shape_Leng": 5276.58080056,
                "Shape_Length": null,
                "Stop": null,
                "Stop_Num": null,
                "Symbology": "Present"
            }
        },
        {
            "type": "Feature",
            "geometry": {
                "type": "LineString",
                "coordinates": [
                    [
                        -104.63002584912672,
                        31.459084184551546
                    ],
                    [
                        -104.63195540894672,
                        31.457740123542937
                    ],
                    [
                        -104.63307051140947,
                        31.45589385016393
                    ]
                ]
            },
            "properties": {
                "Abbrev": null,
                "Alpha": null,
                "Area": null,
                "CS_ID": null,
                "CYCLE": null,
                "CycleDsolv": null,
                "DESCRIPT": null,
                "FEATUREKEY": 95213.0,
                "FEATUREK_1": null,
                "FEATURETYP": "Photo_Panel",
                "FID_": null,
                "FID_Cross_": null,
                "FID_FanGeo": null,
                "FID_Fan_De": null,
                "FID_GIS_Re": null,
                "FID_Photo_": null,
                "FID_ftrip_": null,
                "FID_measur": null,
                "FID_patter": null,
                "FOURTH_ORD": null,
                "FOURTH_O_1": null,
                "FanID": null,
                "Fan_Del": null,
                "Fan_Del_sh": null,
                "FeatureT_1": null,
                "Geo_short": null,
                "Geography": null,
                "Gradient": null,
                "Hyperlink": null,
                "ID": 299,
                "Id": null,
                "Id_1": null,
                "LENGTH": 465.0,
                "Location": null,
                "MAPSYMBOL": "RHCNWubc",
                "MAP_SYMBOL": null,
                "MS_ID": null,
                "MidptX": null,
                "MidptY": null,
                "Mod_names": null,
                "NAME": "RHC_ChannelMargin",
                "NAME_1": null,
                "Name": null,
                "OBJECTID": null,
                "OBJECTID_1": null,
                "ORDERBY": null,
                "ORIG_FID": null,
                "Offset": null,
                "PATTERNID": null,
                "PERSON": null,
                "PMLABEL": null,
                "PM_NAME": "RHC_ChannelMargin",
                "PM_NAME_NE": null,
                "Pattern": null,
                "Profile": null,
                "REGION": null,
                "SECTIONARC": null,
                "SECTION_AB": null,
                "SOURCE": null,
                "STRAT_INTE": "F6-7",
                "SectionArc": null,
                "Shape_Ar_1": null,
                "Shape_Area": null,
                "Shape_Le_1": null,
                "Shape_Leng": 466.643184112,
                "Shape_Length": null,
                "Stop": null,
                "Stop_Num": null,
                "Symbology": "Missing"
            }
        },
        {
            "type": "Feature",
            "geometry": {
                "type": "LineString",
                "coordinates": [
                    [
                        -104.61901800265528,
                        31.441357048051472
                    ],
                    [
                        -104.62134302540356,
                        31.443113430288463
                    ],
                    [
                        -104.62285528523141,
                        31.444017626776
                    ],
                    [
                        -104.62588781442984,
                        31.443826561579527
                    ],
                    [
                        -104.62898216948626,
                        31.442735860470975
                    ],
                    [
                        -104.63148993069511,
                        31.442543144009672
                    ],
                    [
                        -104.63329631501855,
                        31.442798247512805
                    ]
                ]
            },
            "properties": {
                "Abbrev": null,
                "Alpha": null,
                "Area": null,
                "CS_ID": null,
                "CYCLE": null,
                "CycleDsolv": null,
                "DESCRIPT": null,
                "FEATUREKEY": 95214.0,
                "FEATUREK_1": null,
                "FEATURETYP": "Photo_Panel",
                "FID_": null,
                "FID_Cross_": null,
                "FID_FanGeo": null,
                "FID_Fan_De": null,
                "FID_GIS_Re": null,
                "FID_Photo_": null,
                "FID_ftrip_": null,
                "FID_measur": null,
                "FID_patter": null,
                "FOURTH_ORD": null,
                "FOURTH_O_1": null,
                "FanID": null,
                "Fan_Del": null,
                "Fan_Del_sh": null,
                "FeatureT_1": null,
                "Geo_short": null,
                "Geography": null,
                "Gradient": null,
                "Hyperlink": "EastFaceSplitPeak_ViewWestDownMysteryCanyon.jpg",
                "ID": 320,
                "Id": null,
                "Id_1": null,
                "LENGTH": 1500.0,
                "Location": null,
                "MAPSYMBOL": "NSPef",
                "MAP_SYMBOL": null,
                "MS_ID": null,
                "MidptX": null,
                "MidptY": null,
                "Mod_names": null,
                "NAME": "SplitPeak_EastFace",
                "NAME_1": null,
                "Name": null,
                "OBJECTID": null,
                "OBJECTID_1": null,
                "ORDERBY": null,
                "ORIG_FID": null,
                "Offset": null,
                "PATTERNID": null,
                "PERSON": null,
                "PMLABEL": null,
                "PM_NAME": "SplitPeak_EastFace",
                "PM_NAME_NE": null,
                "Pattern": null,
                "Profile": null,
                "REGION": null,
                "SECTIONARC": null,
                "SECTION_AB": null,
                "SOURCE": null,
                "STRAT_INTE": "F4-GT",
                "SectionArc": null,
                "Shape_Ar_1": null,
                "Shape_Area": null,
                "Shape_Le_1": null,
                "Shape_Leng": 1489.70147421,
                "Shape_Length": null,
                "Stop": null,
                "Stop_Num": null,
                "Symbology": "Present"
            }
        },
        {
            "type": "Feature",
            "geometry": {
                "type": "LineString",
                "coordinates": [
                    [
                        -104.63473016076034,
                        31.463996252248634
                    ],
                    [
                        -104.63444032751862,
                        31.463545556584137
                    ]
                ]
            },
            "properties": {
                "Abbrev": null,
                "Alpha": null,
                "Area": null,
                "CS_ID": null,
                "CYCLE": null,
                "CycleDsolv": null,
                "DESCRIPT": null,
                "FEATUREKEY": 95215.0,
                "FEATUREK_1": null,
                "FEATURETYP": "Photo_Panel",
                "FID_": null,
                "FID_Cross_": null,
                "FID_FanGeo": null,
                "FID_Fan_De": null,
                "FID_GIS_Re": null,
                "FID_Photo_": null,
                "FID_ftrip_": null,
                "FID_measur": null,
                "FID_patter": null,
                "FOURTH_ORD": null,
                "FOURTH_O_1": null,
                "FanID": null,
                "Fan_Del": null,
                "Fan_Del_sh": null,
                "FeatureT_1": null,
                "Geo_short": null,
                "Geography": null,
                "Gradient": null,
                "Hyperlink": "MiddleBuckMesa_GTS_motherofallgraybands.jpg",
                "ID": 336,
                "Id": null,
                "Id_1": null,
                "LENGTH": 15.0,
                "Location": null,
                "MAPSYMBOL": "MGB",
                "MAP_SYMBOL": null,
                "MS_ID": null,
                "MidptX": null,
                "MidptY": null,
                "Mod_names": null,
                "NAME": "BuckMesa_Middle_GreyBand",
                "NAME_1": null,
                "Name": null,
                "OBJECTID": null,
                "OBJECTID_1": null,
                "ORDERBY": null,
                "ORIG_FID": null,
                "Offset": null,
                "PATTERNID": null,
                "PERSON": null,
                "PMLABEL": null,
                "PM_NAME": "MotherGrayBand",
                "PM_NAME_NE": null,
                "Pattern": null,
                "Profile": null,
                "REGION": null,
                "SECTIONARC": null,
                "SECTION_AB": null,
                "SOURCE": null,
                "STRAT_INTE": "GT",
                "SectionArc": null,
                "Shape_Ar_1": null,
                "Shape_Area": null,
                "Shape_Le_1": null,
                "Shape_Leng": 57.0380629419,
                "Shape_Length": null,
                "Stop": null,
                "Stop_Num": null,
                "Symbology": "Present"
            }
        },
        {
            "type": "Feature",
            "geometry": {
                "type": "LineString",
                "coordinates": [
                    [
                        -104.61429909785525,
                        31.44049319273697
                    ],
                    [
                        -104.61418821569055,
                        31.4390932587657
                    ],
                    [
                        -104.61460284030474,
                        31.437494961720137
                    ],
                    [
                        -104.61577226745624,
                        31.436648711027768
                    ],
                    [
                        -104.61751938642944,
                        31.437103802218317
                    ],
                    [
                        -104.61897664292589,
                        31.437158124023025
                    ],
                    [
                        -104.62119799417982,
                        31.435665127831257
                    ]
                ]
            },
            "properties": {
                "Abbrev": null,
                "Alpha": null,
                "Area": null,
                "CS_ID": null,
                "CYCLE": null,
                "CycleDsolv": null,
                "DESCRIPT": null,
                "FEATUREKEY": 95216.0,
                "FEATUREK_1": null,
                "FEATURETYP": "Photo_Panel",
                "FID_": null,
                "FID_Cross_": null,
                "FID_FanGeo": null,
                "FID_Fan_De": null,
                "FID_GIS_Re": null,
                "FID_Photo_": null,
                "FID_ftrip_": null,
                "FID_measur": null,
                "FID_patter": null,
                "FOURTH_ORD": null,
                "FOURTH_O_1": null,
                "FanID": null,
                "Fan_Del": null,
                "Fan_Del_sh": null,
                "FeatureT_1": null,
                "Geo_short": null,
                "Geography": null,
                "Gradient": null,
                "Hyperlink": "Nface_SSplitPeak.jpg",
                "ID": 338,
                "Id": null,
                "Id_1": null,
                "LENGTH": 1000.0,
                "Location": null,
                "MAPSYMBOL": "SSPnf",
                "MAP_SYMBOL": null,
                "MS_ID": null,
                "MidptX": null,
                "MidptY": null,
                "Mod_names": null,
                "NAME": "SplitPeak_NorthFace",
                "NAME_1": null,
                "Name": null,
                "OBJECTID": null,
                "OBJECTID_1": null,
                "ORDERBY": null,
                "ORIG_FID": null,
                "Offset": null,
                "PATTERNID": null,
                "PERSON": null,
                "PMLABEL": null,
                "PM_NAME": "SplitPeak_NorthFace",
                "PM_NAME_NE": null,
                "Pattern": null,
                "Profile": null,
                "REGION": null,
                "SECTIONARC": null,
                "SECTION_AB": null,
                "SOURCE": null,
                "STRAT_INTE": "F5-GT",
                "SectionArc": null,
                "Shape_Ar_1": null,
                "Shape_Area": null,
                "Shape_Le_1": null,
                "Shape_Leng": 1062.75704769,
                "Shape_Length": null,
                "Stop": null,
                "Stop_Num": null,
                "Symbology": "Present"
            }
        },
        {
            "type": "Feature",
            "geometry": {
                "type": "LineString",
                "coordinates": [
                    [
                        -104.61907974841338,
                        31.454953330149237
                    ],
                    [
                        -104.62247848692178,
                        31.450764583910022
                    ]
                ]
            },
            "properties": {
                "Abbrev": null,
                "Alpha": null,
                "Area": null,
                "CS_ID": null,
                "CYCLE": null,
                "CycleDsolv": null,
                "DESCRIPT": null,
                "FEATUREKEY": 95217.0,
                "FEATUREK_1": null,
                "FEATURETYP": "Photo_Panel",
                "FID_": null,
                "FID_Cross_": null,
                "FID_FanGeo": null,
                "FID_Fan_De": null,
                "FID_GIS_Re": null,
                "FID_Photo_": null,
                "FID_ftrip_": null,
                "FID_measur": null,
                "FID_patter": null,
                "FOURTH_ORD": null,
                "FOURTH_O_1": null,
                "FanID": null,
                "Fan_Del": null,
                "Fan_Del_sh": null,
                "FeatureT_1": null,
                "Geo_short": null,
                "Geography": null,
                "Gradient": null,
                "Hyperlink": "Nwall_MysteryCanyon.jpg",
                "ID": 342,
                "Id": null,
                "Id_1": null,
                "LENGTH": 580.0,
                "Location": null,
                "MAPSYMBOL": "MCNW",
                "MAP_SYMBOL": null,
                "MS_ID": null,
                "MidptX": null,
                "MidptY": null,
                "Mod_names": null,
                "NAME": "MysteryCanyon_NorthWall",
                "NAME_1": null,
                "Name": null,
                "OBJECTID": null,
                "OBJECTID_1": null,
                "ORDERBY": null,
                "ORIG_FID": null,
                "Offset": null,
                "PATTERNID": null,
                "PERSON": null,
                "PMLABEL": null,
                "PM_NAME": "MysteryCanyon_NorthWall",
                "PM_NAME_NE": null,
                "Pattern": null,
                "Profile": null,
                "REGION": null,
                "SECTIONARC": null,
                "SECTION_AB": null,
                "SOURCE": null,
                "STRAT_INTE": "F4-GT",
                "SectionArc": null,
                "Shape_Ar_1": null,
                "Shape_Area": null,
                "Shape_Le_1": null,
                "Shape_Leng": 565.516701848,
                "Shape_Length": null,
                "Stop": null,
                "Stop_Num": null,
                "Symbology": "Present"
            }
        },
        {
            "type": "Feature",
            "geometry": {
                "type": "LineString",
                "coordinates": [
                    [
                        -104.64974458356265,
                        31.47235572165053
                    ],
                    [
                        -104.64933782840941,
                        31.4719547259798
                    ],
                    [
                        -104.64881350601866,
                        31.471803335634355
                    ],
                    [
                        -104.64764710593727,
                        31.471800137063862
                    ]
                ]
            },
            "properties": {
                "Abbrev": null,
                "Alpha": null,
                "Area": null,
                "CS_ID": null,
                "CYCLE": null,
                "CycleDsolv": null,
                "DESCRIPT": null,
                "FEATUREKEY": 95218.0,
                "FEATUREK_1": null,
                "FEATURETYP": "Photo_Panel",
                "FID_": null,
                "FID_Cross_": null,
                "FID_FanGeo": null,
                "FID_Fan_De": null,
                "FID_GIS_Re": null,
                "FID_Photo_": null,
                "FID_ftrip_": null,
                "FID_measur": null,
                "FID_patter": null,
                "FOURTH_ORD": null,
                "FOURTH_O_1": null,
                "FanID": null,
                "Fan_Del": null,
                "Fan_Del_sh": null,
                "FeatureT_1": null,
                "Geo_short": null,
                "Geography": null,
                "Gradient": null,
                "Hyperlink": "Swall_P3P2cyn.jpg",
                "ID": 346,
                "Id": null,
                "Id_1": null,
                "LENGTH": 190.0,
                "Location": null,
                "MAPSYMBOL": "P2swf34",
                "MAP_SYMBOL": null,
                "MS_ID": null,
                "MidptX": null,
                "MidptY": null,
                "Mod_names": null,
                "NAME": "P2Canyon_Southwall",
                "NAME_1": null,
                "Name": null,
                "OBJECTID": null,
                "OBJECTID_1": null,
                "ORDERBY": null,
                "ORIG_FID": null,
                "Offset": null,
                "PATTERNID": null,
                "PERSON": null,
                "PMLABEL": null,
                "PM_NAME": "P2Canyon_Southwall",
                "PM_NAME_NE": null,
                "Pattern": null,
                "Profile": null,
                "REGION": null,
                "SECTIONARC": null,
                "SECTION_AB": null,
                "SOURCE": null,
                "STRAT_INTE": "F3-4",
                "SectionArc": null,
                "Shape_Ar_1": null,
                "Shape_Area": null,
                "Shape_Le_1": null,
                "Shape_Leng": 222.248968617,
                "Shape_Length": null,
                "Stop": null,
                "Stop_Num": null,
                "Symbology": "Present"
            }
        },
        {
            "type": "Feature",
            "geometry": {
                "type": "LineString",
                "coordinates": [
                    [
                        -104.6276933897959,
                        31.459072438100794
                    ],
                    [
                        -104.62589324906338,
                        31.457167748218712
                    ],
                    [
                        -104.62298470027451,
                        31.455409738203656
                    ]
                ]
            },
            "properties": {
                "Abbrev": null,
                "Alpha": null,
                "Area": null,
                "CS_ID": null,
                "CYCLE": null,
                "CycleDsolv": null,
                "DESCRIPT": null,
                "FEATUREKEY": 95219.0,
                "FEATUREK_1": null,
                "FEATURETYP": "Photo_Panel",
                "FID_": null,
                "FID_Cross_": null,
                "FID_FanGeo": null,
                "FID_Fan_De": null,
                "FID_GIS_Re": null,
                "FID_Photo_": null,
                "FID_ftrip_": null,
                "FID_measur": null,
                "FID_patter": null,
                "FOURTH_ORD": null,
                "FOURTH_O_1": null,
                "FanID": null,
                "Fan_Del": null,
                "Fan_Del_sh": null,
                "FeatureT_1": null,
                "Geo_short": null,
                "Geography": null,
                "Gradient": null,
                "Hyperlink": "RidgelineSouthtoMysteryCanyon_UBC.jpg",
                "ID": 351,
                "Id": null,
                "Id_1": null,
                "LENGTH": 630.0,
                "Location": null,
                "MAPSYMBOL": "RStoMC",
                "MAP_SYMBOL": null,
                "MS_ID": null,
                "MidptX": null,
                "MidptY": null,
                "Mod_names": null,
                "NAME": "Ridgeline_SouthtoMysteryCanyon",
                "NAME_1": null,
                "Name": null,
                "OBJECTID": null,
                "OBJECTID_1": null,
                "ORDERBY": null,
                "ORIG_FID": null,
                "Offset": null,
                "PATTERNID": null,
                "PERSON": null,
                "PMLABEL": null,
                "PM_NAME": "Ridgeline_SouthtoMysteryCanyon",
                "PM_NAME_NE": null,
                "Pattern": null,
                "Profile": null,
                "REGION": null,
                "SECTIONARC": null,
                "SECTION_AB": null,
                "SOURCE": null,
                "STRAT_INTE": "F6-7",
                "SectionArc": null,
                "Shape_Ar_1": null,
                "Shape_Area": null,
                "Shape_Le_1": null,
                "Shape_Leng": 609.81006135,
                "Shape_Length": null,
                "Stop": null,
                "Stop_Num": null,
                "Symbology": "Present"
            }
        },
        {
            "type": "Feature",
            "geometry": {
                "type": "LineString",
                "coordinates": [
                    [
                        -104.62537162688875,
                        31.456366456932844
                    ],
                    [
                        -104.62281316693294,
                        31.454559478433502
                    ],
                    [
                        -104.61996286289923,
                        31.45285155534053
                    ],
                    [
                        -104.61874889196935,
                        31.45024870042611
                    ],
                    [
                        -104.6182326243126,
                        31.448147768415623
                    ],
                    [
                        -104.6178433047762,
                        31.443497940741736
                    ],
                    [
                        -104.61802266052543,
                        31.442398789442016
                    ]
                ]
            },
            "properties": {
                "Abbrev": null,
                "Alpha": null,
                "Area": null,
                "CS_ID": null,
                "CYCLE": null,
                "CycleDsolv": null,
                "DESCRIPT": null,
                "FEATUREKEY": 95220.0,
                "FEATUREK_1": null,
                "FEATURETYP": "Photo_Panel",
                "FID_": null,
                "FID_Cross_": null,
                "FID_FanGeo": null,
                "FID_Fan_De": null,
                "FID_GIS_Re": null,
                "FID_Photo_": null,
                "FID_ftrip_": null,
                "FID_measur": null,
                "FID_patter": null,
                "FOURTH_ORD": null,
                "FOURTH_O_1": null,
                "FanID": null,
                "Fan_Del": null,
                "Fan_Del_sh": null,
                "FeatureT_1": null,
                "Geo_short": null,
                "Geography": null,
                "Gradient": null,
                "Hyperlink": "RidgelineSouthtoSplitPeak.jpg",
                "ID": 352,
                "Id": null,
                "Id_1": null,
                "LENGTH": 1800.0,
                "Location": null,
                "MAPSYMBOL": "RStoSP",
                "MAP_SYMBOL": null,
                "MS_ID": null,
                "MidptX": null,
                "MidptY": null,
                "Mod_names": null,
                "NAME": "Ridgeline_SouthtoSplitPeak",
                "NAME_1": null,
                "Name": null,
                "OBJECTID": null,
                "OBJECTID_1": null,
                "ORDERBY": null,
                "ORIG_FID": null,
                "Offset": null,
                "PATTERNID": null,
                "PERSON": null,
                "PMLABEL": null,
                "PM_NAME": "Ridgeline_SouthtoSplitPeak",
                "PM_NAME_NE": null,
                "Pattern": null,
                "Profile": null,
                "REGION": null,
                "SECTIONARC": null,
                "SECTION_AB": null,
                "SOURCE": null,
                "STRAT_INTE": "F5-7",
                "SectionArc": null,
                "Shape_Ar_1": null,
                "Shape_Area": null,
                "Shape_Le_1": null,
                "Shape_Leng": 1833.70163495,
                "Shape_Length": null,
                "Stop": null,
                "Stop_Num": null,
                "Symbology": "Present"
            }
        },
        {
            "type": "Feature",
            "geometry": {
                "type": "LineString",
                "coordinates": [
                    [
                        -104.6184405891258,
                        31.454396590965263
                    ],
                    [
                        -104.6174546034304,
                        31.453094028629238
                    ],
                    [
                        -104.61815854862353,
                        31.452046427461397
                    ],
                    [
                        -104.61897989847729,
                        31.45079922918883
                    ],
                    [
                        -104.61956719652203,
                        31.449751273296854
                    ],
                    [
                        -104.61974694757204,
                        31.448552149997212
                    ],
                    [
                        -104.61951614338538,
                        31.447951638472134
                    ]
                ]
            },
            "properties": {
                "Abbrev": null,
                "Alpha": null,
                "Area": null,
                "CS_ID": null,
                "CYCLE": null,
                "CycleDsolv": null,
                "DESCRIPT": null,
                "FEATUREKEY": 95221.0,
                "FEATUREK_1": null,
                "FEATURETYP": "Photo_Panel",
                "FID_": null,
                "FID_Cross_": null,
                "FID_FanGeo": null,
                "FID_Fan_De": null,
                "FID_GIS_Re": null,
                "FID_Photo_": null,
                "FID_ftrip_": null,
                "FID_measur": null,
                "FID_patter": null,
                "FOURTH_ORD": null,
                "FOURTH_O_1": null,
                "FanID": null,
                "Fan_Del": null,
                "Fan_Del_sh": null,
                "FeatureT_1": null,
                "Geo_short": null,
                "Geography": null,
                "Gradient": null,
                "Hyperlink": "Swall_Mysterycanyon.jpg",
                "ID": 337,
                "Id": null,
                "Id_1": null,
                "LENGTH": 800.0,
                "Location": null,
                "MAPSYMBOL": "MCSW",
                "MAP_SYMBOL": null,
                "MS_ID": null,
                "MidptX": null,
                "MidptY": null,
                "Mod_names": null,
                "NAME": "MysteryCanyon_SouthWall",
                "NAME_1": null,
                "Name": null,
                "OBJECTID": null,
                "OBJECTID_1": null,
                "ORDERBY": null,
                "ORIG_FID": null,
                "Offset": null,
                "PATTERNID": null,
                "PERSON": null,
                "PMLABEL": null,
                "PM_NAME": "MysteryCanyon_SouthWall",
                "PM_NAME_NE": null,
                "Pattern": null,
                "Profile": null,
                "REGION": null,
                "SECTIONARC": null,
                "SECTION_AB": null,
                "SOURCE": null,
                "STRAT_INTE": "F5-GT",
                "SectionArc": null,
                "Shape_Ar_1": null,
                "Shape_Area": null,
                "Shape_Le_1": null,
                "Shape_Leng": 797.761095748,
                "Shape_Length": null,
                "Stop": null,
                "Stop_Num": null,
                "Symbology": "Present"
            }
        },
        {
            "type": "Feature",
            "geometry": {
                "type": "LineString",
                "coordinates": [
                    [
                        -104.62919765763213,
                        31.47692662537371
                    ],
                    [
                        -104.62896672541189,
                        31.476326132705328
                    ]
                ]
            },
            "properties": {
                "Abbrev": null,
                "Alpha": null,
                "Area": null,
                "CS_ID": null,
                "CYCLE": null,
                "CycleDsolv": null,
                "DESCRIPT": null,
                "FEATUREKEY": 95222.0,
                "FEATUREK_1": null,
                "FEATURETYP": "Photo_Panel",
                "FID_": null,
                "FID_Cross_": null,
                "FID_FanGeo": null,
                "FID_Fan_De": null,
                "FID_GIS_Re": null,
                "FID_Photo_": null,
                "FID_ftrip_": null,
                "FID_measur": null,
                "FID_patter": null,
                "FOURTH_ORD": null,
                "FOURTH_O_1": null,
                "FanID": null,
                "Fan_Del": null,
                "Fan_Del_sh": null,
                "FeatureT_1": null,
                "Geo_short": null,
                "Geography": null,
                "Gradient": null,
                "Hyperlink": "F5_scour_BtoT.jpg",
                "ID": 321,
                "Id": null,
                "Id_1": null,
                "LENGTH": 8.0,
                "Location": null,
                "MAPSYMBOL": "BTf5scr",
                "MAP_SYMBOL": null,
                "MS_ID": null,
                "MidptX": null,
                "MidptY": null,
                "Mod_names": null,
                "NAME": "F5_scour_BtoT",
                "NAME_1": null,
                "Name": null,
                "OBJECTID": null,
                "OBJECTID_1": null,
                "ORDERBY": null,
                "ORIG_FID": null,
                "Offset": null,
                "PATTERNID": null,
                "PERSON": null,
                "PMLABEL": null,
                "PM_NAME": "F5_scour_BtoT",
                "PM_NAME_NE": null,
                "Pattern": null,
                "Profile": null,
                "REGION": null,
                "SECTIONARC": null,
                "SECTION_AB": null,
                "SOURCE": null,
                "STRAT_INTE": "F5",
                "SectionArc": null,
                "Shape_Ar_1": null,
                "Shape_Area": null,
                "Shape_Le_1": null,
                "Shape_Leng": 70.0762943089,
                "Shape_Length": null,
                "Stop": null,
                "Stop_Num": null,
                "Symbology": "Present"
            }
        },
        {
            "type": "Feature",
            "geometry": {
                "type": "LineString",
                "coordinates": [
                    [
                        -104.63267508470908,
                        31.497540605404335
                    ],
                    [
                        -104.63555209922743,
                        31.492750223786096
                    ],
                    [
                        -104.63592758302248,
                        31.486153221780935
                    ],
                    [
                        -104.63402233066019,
                        31.481099272319373
                    ],
                    [
                        -104.62920626587434,
                        31.47473728696484
                    ],
                    [
                        -104.62898536694709,
                        31.47158756302422
                    ],
                    [
                        -104.63215353987422,
                        31.466748092469295
                    ],
                    [
                        -104.63840492965609,
                        31.463766732370953
                    ],
                    [
                        -104.65001350551141,
                        31.46274923031348
                    ],
                    [
                        -104.65595975269116,
                        31.46326516956234
                    ]
                ]
            },
            "properties": {
                "Abbrev": null,
                "Alpha": null,
                "Area": null,
                "CS_ID": null,
                "CYCLE": null,
                "CycleDsolv": null,
                "DESCRIPT": null,
                "FEATUREKEY": 95223.0,
                "FEATUREK_1": null,
                "FEATURETYP": "Photo_Panel",
                "FID_": null,
                "FID_Cross_": null,
                "FID_FanGeo": null,
                "FID_Fan_De": null,
                "FID_GIS_Re": null,
                "FID_Photo_": null,
                "FID_ftrip_": null,
                "FID_measur": null,
                "FID_patter": null,
                "FOURTH_ORD": null,
                "FOURTH_O_1": null,
                "FanID": null,
                "Fan_Del": null,
                "Fan_Del_sh": null,
                "FeatureT_1": null,
                "Geo_short": null,
                "Geography": null,
                "Gradient": null,
                "Hyperlink": "DMR_fromKM.jpg",
                "ID": 319,
                "Id": null,
                "Id_1": null,
                "LENGTH": 6040.0,
                "Location": null,
                "MAPSYMBOL": "DMRkm",
                "MAP_SYMBOL": null,
                "MS_ID": null,
                "MidptX": null,
                "MidptY": null,
                "Mod_names": null,
                "NAME": "DMR_fromKM",
                "NAME_1": null,
                "Name": null,
                "OBJECTID": null,
                "OBJECTID_1": null,
                "ORDERBY": null,
                "ORIG_FID": null,
                "Offset": null,
                "PATTERNID": null,
                "PERSON": null,
                "PMLABEL": null,
                "PM_NAME": "DMR_fromKM",
                "PM_NAME_NE": null,
                "Pattern": null,
                "Profile": null,
                "REGION": null,
                "SECTIONARC": null,
                "SECTION_AB": null,
                "SOURCE": null,
                "STRAT_INTE": null,
                "SectionArc": null,
                "Shape_Ar_1": null,
                "Shape_Area": null,
                "Shape_Le_1": null,
                "Shape_Leng": 6079.08341678,
                "Shape_Length": null,
                "Stop": null,
                "Stop_Num": null,
                "Symbology": "Present"
            }
        },
        {
            "type": "Feature",
            "geometry": {
                "type": "LineString",
                "coordinates": [
                    [
                        -104.6361090158864,
                        31.469368619337057
                    ],
                    [
                        -104.63430695903386,
                        31.467863928487247
                    ]
                ]
            },
            "properties": {
                "Abbrev": null,
                "Alpha": null,
                "Area": null,
                "CS_ID": null,
                "CYCLE": null,
                "CycleDsolv": null,
                "DESCRIPT": null,
                "FEATUREKEY": 95224.0,
                "FEATUREK_1": null,
                "FEATURETYP": "Photo_Panel",
                "FID_": null,
                "FID_Cross_": null,
                "FID_FanGeo": null,
                "FID_Fan_De": null,
                "FID_GIS_Re": null,
                "FID_Photo_": null,
                "FID_ftrip_": null,
                "FID_measur": null,
                "FID_patter": null,
                "FOURTH_ORD": null,
                "FOURTH_O_1": null,
                "FanID": null,
                "Fan_Del": null,
                "Fan_Del_sh": null,
                "FeatureT_1": null,
                "Geo_short": null,
                "Geography": null,
                "Gradient": null,
                "Hyperlink": "F6maindrawofP3.jpg",
                "ID": 324,
                "Id": null,
                "Id_1": null,
                "LENGTH": 200.0,
                "Location": null,
                "MAPSYMBOL": "P3f6",
                "MAP_SYMBOL": null,
                "MS_ID": null,
                "MidptX": null,
                "MidptY": null,
                "Mod_names": null,
                "NAME": "P3_maindraw",
                "NAME_1": null,
                "Name": null,
                "OBJECTID": null,
                "OBJECTID_1": null,
                "ORDERBY": null,
                "ORIG_FID": null,
                "Offset": null,
                "PATTERNID": null,
                "PERSON": null,
                "PMLABEL": null,
                "PM_NAME": "P3_maindraw",
                "PM_NAME_NE": null,
                "Pattern": null,
                "Profile": null,
                "REGION": null,
                "SECTIONARC": null,
                "SECTION_AB": null,
                "SOURCE": null,
                "STRAT_INTE": null,
                "SectionArc": null,
                "Shape_Ar_1": null,
                "Shape_Area": null,
                "Shape_Le_1": null,
                "Shape_Leng": 238.992762897,
                "Shape_Length": null,
                "Stop": null,
                "Stop_Num": null,
                "Symbology": "Present"
            }
        },
        {
            "type": "Feature",
            "geometry": {
                "type": "LineString",
                "coordinates": [
                    [
                        -104.6483562996877,
                        31.4692928084685
                    ],
                    [
                        -104.63972097734668,
                        31.47036852795455
                    ],
                    [
                        -104.63506001976148,
                        31.469175694095764
                    ],
                    [
                        -104.63038476680032,
                        31.471661582620047
                    ],
                    [
                        -104.62792291303361,
                        31.474803550700358
                    ],
                    [
                        -104.62867066404006,
                        31.47745494700967
                    ],
                    [
                        -104.62772987290339,
                        31.47938165699801
                    ],
                    [
                        -104.62602458378703,
                        31.482875674868275
                    ],
                    [
                        -104.62500777778801,
                        31.48922084829863
                    ],
                    [
                        -104.62458233997276,
                        31.49351834235927
                    ],
                    [
                        -104.62462693530703,
                        31.496967458044704
                    ],
                    [
                        -104.62539611664243,
                        31.50893612113565
                    ],
                    [
                        -104.63055144553589,
                        31.518448204271703
                    ]
                ]
            },
            "properties": {
                "Abbrev": null,
                "Alpha": null,
                "Area": null,
                "CS_ID": null,
                "CYCLE": null,
                "CycleDsolv": null,
                "DESCRIPT": null,
                "FEATUREKEY": 95225.0,
                "FEATUREK_1": null,
                "FEATURETYP": "Photo_Panel",
                "FID_": null,
                "FID_Cross_": null,
                "FID_FanGeo": null,
                "FID_Fan_De": null,
                "FID_GIS_Re": null,
                "FID_Photo_": null,
                "FID_ftrip_": null,
                "FID_measur": null,
                "FID_patter": null,
                "FOURTH_ORD": null,
                "FOURTH_O_1": null,
                "FanID": null,
                "Fan_Del": null,
                "Fan_Del_sh": null,
                "FeatureT_1": null,
                "Geo_short": null,
                "Geography": null,
                "Gradient": null,
                "Hyperlink": "WestPointViewNorth.jpg",
                "ID": 298,
                "Id": null,
                "Id_1": null,
                "LENGTH": 8000.0,
                "Location": null,
                "MAPSYMBOL": "WPVN",
                "MAP_SYMBOL": null,
                "MS_ID": null,
                "MidptX": null,
                "MidptY": null,
                "Mod_names": null,
                "NAME": "West Point Overview_N",
                "NAME_1": null,
                "Name": null,
                "OBJECTID": null,
                "OBJECTID_1": null,
                "ORDERBY": null,
                "ORIG_FID": null,
                "Offset": null,
                "PATTERNID": null,
                "PERSON": null,
                "PMLABEL": null,
                "PM_NAME": "West Point Overview_N",
                "PM_NAME_NE": null,
                "Pattern": null,
                "Profile": null,
                "REGION": null,
                "SECTIONARC": null,
                "SECTION_AB": null,
                "SOURCE": null,
                "STRAT_INTE": "F4-GT",
                "SectionArc": null,
                "Shape_Ar_1": null,
                "Shape_Area": null,
                "Shape_Le_1": null,
                "Shape_Leng": 7247.79756881,
                "Shape_Length": null,
                "Stop": null,
                "Stop_Num": null,
                "Symbology": "Present"
            }
        },
        {
            "type": "Feature",
            "geometry": {
                "type": "LineString",
                "coordinates": [
                    [
                        -104.63084143467582,
                        31.45928647652316
                    ],
                    [
                        -104.63306468133182,
                        31.45739340137995
                    ],
                    [
                        -104.63371677084666,
                        31.45464605575229
                    ],
                    [
                        -104.62948413330055,
                        31.4485356518325
                    ],
                    [
                        -104.62362377906607,
                        31.4413706406279
                    ],
                    [
                        -104.62051770387104,
                        31.430864482807838
                    ],
                    [
                        -104.62682653980966,
                        31.42758391864285
                    ],
                    [
                        -104.63428449924879,
                        31.428505132219502
                    ],
                    [
                        -104.64699427490514,
                        31.428040860261056
                    ]
                ]
            },
            "properties": {
                "Abbrev": null,
                "Alpha": null,
                "Area": null,
                "CS_ID": null,
                "CYCLE": null,
                "CycleDsolv": null,
                "DESCRIPT": null,
                "FEATUREKEY": 95226.0,
                "FEATUREK_1": null,
                "FEATURETYP": "Photo_Panel",
                "FID_": null,
                "FID_Cross_": null,
                "FID_FanGeo": null,
                "FID_Fan_De": null,
                "FID_GIS_Re": null,
                "FID_Photo_": null,
                "FID_ftrip_": null,
                "FID_measur": null,
                "FID_patter": null,
                "FOURTH_ORD": null,
                "FOURTH_O_1": null,
                "FanID": null,
                "Fan_Del": null,
                "Fan_Del_sh": null,
                "FeatureT_1": null,
                "Geo_short": null,
                "Geography": null,
                "Gradient": null,
                "Hyperlink": "WestPointViewSouth.jpg",
                "ID": 300,
                "Id": null,
                "Id_1": null,
                "LENGTH": 7000.0,
                "Location": null,
                "MAPSYMBOL": "WPVS",
                "MAP_SYMBOL": null,
                "MS_ID": null,
                "MidptX": null,
                "MidptY": null,
                "Mod_names": null,
                "NAME": "West Point Overview_S",
                "NAME_1": null,
                "Name": null,
                "OBJECTID": null,
                "OBJECTID_1": null,
                "ORDERBY": null,
                "ORIG_FID": null,
                "Offset": null,
                "PATTERNID": null,
                "PERSON": null,
                "PMLABEL": null,
                "PM_NAME": "WestPointViewS",
                "PM_NAME_NE": null,
                "Pattern": null,
                "Profile": null,
                "REGION": null,
                "SECTIONARC": null,
                "SECTION_AB": null,
                "SOURCE": null,
                "STRAT_INTE": "F4-GT",
                "SectionArc": null,
                "Shape_Ar_1": null,
                "Shape_Area": null,
                "Shape_Le_1": null,
                "Shape_Leng": 6193.5443245,
                "Shape_Length": null,
                "Stop": null,
                "Stop_Num": null,
                "Symbology": "Present"
            }
        },
        {
            "type": "Feature",
            "geometry": {
                "type": "LineString",
                "coordinates": [
                    [
                        -104.75659727076167,
                        31.633027261907294
                    ],
                    [
                        -104.75699276720869,
                        31.625775046338553
                    ]
                ]
            },
            "properties": {
                "Abbrev": null,
                "Alpha": null,
                "Area": null,
                "CS_ID": null,
                "CYCLE": null,
                "CycleDsolv": null,
                "DESCRIPT": null,
                "FEATUREKEY": 95227.0,
                "FEATUREK_1": null,
                "FEATURETYP": "Photo_Panel",
                "FID_": null,
                "FID_Cross_": null,
                "FID_FanGeo": null,
                "FID_Fan_De": null,
                "FID_GIS_Re": null,
                "FID_Photo_": null,
                "FID_ftrip_": null,
                "FID_measur": null,
                "FID_patter": null,
                "FOURTH_ORD": null,
                "FOURTH_O_1": null,
                "FanID": null,
                "Fan_Del": null,
                "Fan_Del_sh": null,
                "FeatureT_1": null,
                "Geo_short": null,
                "Geography": null,
                "Gradient": null,
                "Hyperlink": null,
                "ID": 202,
                "Id": null,
                "Id_1": null,
                "LENGTH": 804.681,
                "Location": null,
                "MAPSYMBOL": "EhogM",
                "MAP_SYMBOL": null,
                "MS_ID": null,
                "MidptX": null,
                "MidptY": null,
                "Mod_names": null,
                "NAME": "HogKnob_Mesa",
                "NAME_1": null,
                "Name": null,
                "OBJECTID": null,
                "OBJECTID_1": null,
                "ORDERBY": null,
                "ORIG_FID": null,
                "Offset": null,
                "PATTERNID": null,
                "PERSON": null,
                "PMLABEL": null,
                "PM_NAME": "EHogMesa",
                "PM_NAME_NE": null,
                "Pattern": null,
                "Profile": null,
                "REGION": null,
                "SECTIONARC": null,
                "SECTION_AB": null,
                "SOURCE": null,
                "STRAT_INTE": "F1-3",
                "SectionArc": null,
                "Shape_Ar_1": null,
                "Shape_Area": null,
                "Shape_Le_1": null,
                "Shape_Leng": 804.680874426,
                "Shape_Length": null,
                "Stop": null,
                "Stop_Num": null,
                "Symbology": "Missing"
            }
        },
        {
            "type": "Feature",
            "geometry": {
                "type": "LineString",
                "coordinates": [
                    [
                        -104.76572196136509,
                        31.63771839588094
                    ],
                    [
                        -104.76123217251698,
                        31.625299478997682
                    ]
                ]
            },
            "properties": {
                "Abbrev": null,
                "Alpha": null,
                "Area": null,
                "CS_ID": null,
                "CYCLE": null,
                "CycleDsolv": null,
                "DESCRIPT": null,
                "FEATUREKEY": 95228.0,
                "FEATUREK_1": null,
                "FEATURETYP": "Photo_Panel",
                "FID_": null,
                "FID_Cross_": null,
                "FID_FanGeo": null,
                "FID_Fan_De": null,
                "FID_GIS_Re": null,
                "FID_Photo_": null,
                "FID_ftrip_": null,
                "FID_measur": null,
                "FID_patter": null,
                "FOURTH_ORD": null,
                "FOURTH_O_1": null,
                "FanID": null,
                "Fan_Del": null,
                "Fan_Del_sh": null,
                "FeatureT_1": null,
                "Geo_short": null,
                "Geography": null,
                "Gradient": null,
                "Hyperlink": null,
                "ID": 204,
                "Id": null,
                "Id_1": null,
                "LENGTH": 1440.809,
                "Location": null,
                "MAPSYMBOL": "SHogM",
                "MAP_SYMBOL": null,
                "MS_ID": null,
                "MidptX": null,
                "MidptY": null,
                "Mod_names": null,
                "NAME": "Hogue_South_Mesa",
                "NAME_1": null,
                "Name": null,
                "OBJECTID": null,
                "OBJECTID_1": null,
                "ORDERBY": null,
                "ORIG_FID": null,
                "Offset": null,
                "PATTERNID": null,
                "PERSON": null,
                "PMLABEL": null,
                "PM_NAME": "Hogue_South_Mesa",
                "PM_NAME_NE": null,
                "Pattern": null,
                "Profile": null,
                "REGION": null,
                "SECTIONARC": null,
                "SECTION_AB": null,
                "SOURCE": null,
                "STRAT_INTE": "F1-3",
                "SectionArc": null,
                "Shape_Ar_1": null,
                "Shape_Area": null,
                "Shape_Le_1": null,
                "Shape_Leng": 1440.80884201,
                "Shape_Length": null,
                "Stop": null,
                "Stop_Num": null,
                "Symbology": "Missing"
            }
        },
        {
            "type": "Feature",
            "geometry": {
                "type": "LineString",
                "coordinates": [
                    [
                        -104.75337899502838,
                        31.63906524255131
                    ],
                    [
                        -104.75461719983899,
                        31.633829370840143
                    ]
                ]
            },
            "properties": {
                "Abbrev": null,
                "Alpha": null,
                "Area": null,
                "CS_ID": null,
                "CYCLE": null,
                "CycleDsolv": null,
                "DESCRIPT": null,
                "FEATUREKEY": 95229.0,
                "FEATUREK_1": null,
                "FEATURETYP": "Photo_Panel",
                "FID_": null,
                "FID_Cross_": null,
                "FID_FanGeo": null,
                "FID_Fan_De": null,
                "FID_GIS_Re": null,
                "FID_Photo_": null,
                "FID_ftrip_": null,
                "FID_measur": null,
                "FID_patter": null,
                "FOURTH_ORD": null,
                "FOURTH_O_1": null,
                "FanID": null,
                "Fan_Del": null,
                "Fan_Del_sh": null,
                "FeatureT_1": null,
                "Geo_short": null,
                "Geography": null,
                "Gradient": null,
                "Hyperlink": null,
                "ID": 203,
                "Id": null,
                "Id_1": null,
                "LENGTH": 592.083,
                "Location": null,
                "MAPSYMBOL": "EHKb",
                "MAP_SYMBOL": null,
                "MS_ID": null,
                "MidptX": null,
                "MidptY": null,
                "Mod_names": null,
                "NAME": "HogKnob_east",
                "NAME_1": null,
                "Name": null,
                "OBJECTID": null,
                "OBJECTID_1": null,
                "ORDERBY": null,
                "ORIG_FID": null,
                "Offset": null,
                "PATTERNID": null,
                "PERSON": null,
                "PMLABEL": null,
                "PM_NAME": "EHogKnob",
                "PM_NAME_NE": null,
                "Pattern": null,
                "Profile": null,
                "REGION": null,
                "SECTIONARC": null,
                "SECTION_AB": null,
                "SOURCE": null,
                "STRAT_INTE": "F1-3",
                "SectionArc": null,
                "Shape_Ar_1": null,
                "Shape_Area": null,
                "Shape_Le_1": null,
                "Shape_Leng": 592.08333915,
                "Shape_Length": null,
                "Stop": null,
                "Stop_Num": null,
                "Symbology": "Missing"
            }
        },
        {
            "type": "Feature",
            "geometry": {
                "type": "LineString",
                "coordinates": [
                    [
                        -104.77101192262948,
                        31.631522638427537
                    ],
                    [
                        -104.77409494564503,
                        31.64200461360869
                    ]
                ]
            },
            "properties": {
                "Abbrev": null,
                "Alpha": null,
                "Area": null,
                "CS_ID": null,
                "CYCLE": null,
                "CycleDsolv": null,
                "DESCRIPT": null,
                "FEATUREKEY": 95230.0,
                "FEATUREK_1": null,
                "FEATURETYP": "Photo_Panel",
                "FID_": null,
                "FID_Cross_": null,
                "FID_FanGeo": null,
                "FID_Fan_De": null,
                "FID_GIS_Re": null,
                "FID_Photo_": null,
                "FID_ftrip_": null,
                "FID_measur": null,
                "FID_patter": null,
                "FOURTH_ORD": null,
                "FOURTH_O_1": null,
                "FanID": null,
                "Fan_Del": null,
                "Fan_Del_sh": null,
                "FeatureT_1": null,
                "Geo_short": null,
                "Geography": null,
                "Gradient": null,
                "Hyperlink": null,
                "ID": 0,
                "Id": null,
                "Id_1": null,
                "LENGTH": 1197.998,
                "Location": null,
                "MAPSYMBOL": "NBwM",
                "MAP_SYMBOL": null,
                "MS_ID": null,
                "MidptX": null,
                "MidptY": null,
                "Mod_names": null,
                "NAME": "NorthBitterwellMtn",
                "NAME_1": null,
                "Name": null,
                "OBJECTID": null,
                "OBJECTID_1": null,
                "ORDERBY": null,
                "ORIG_FID": null,
                "Offset": null,
                "PATTERNID": null,
                "PERSON": null,
                "PMLABEL": null,
                "PM_NAME": "N Bitt Mesa",
                "PM_NAME_NE": null,
                "Pattern": null,
                "Profile": null,
                "REGION": null,
                "SECTIONARC": null,
                "SECTION_AB": null,
                "SOURCE": null,
                "STRAT_INTE": "F1-3",
                "SectionArc": null,
                "Shape_Ar_1": null,
                "Shape_Area": null,
                "Shape_Le_1": null,
                "Shape_Leng": 1197.99836635,
                "Shape_Length": null,
                "Stop": null,
                "Stop_Num": null,
                "Symbology": "Missing"
            }
        },
        {
            "type": "Feature",
            "geometry": {
                "type": "LineString",
                "coordinates": [
                    [
                        -104.77116695890822,
                        31.645222956911176
                    ],
                    [
                        -104.76778705984434,
                        31.640623338211782
                    ]
                ]
            },
            "properties": {
                "Abbrev": null,
                "Alpha": null,
                "Area": null,
                "CS_ID": null,
                "CYCLE": null,
                "CycleDsolv": null,
                "DESCRIPT": null,
                "FEATUREKEY": 95231.0,
                "FEATUREK_1": null,
                "FEATURETYP": "Photo_Panel",
                "FID_": null,
                "FID_Cross_": null,
                "FID_FanGeo": null,
                "FID_Fan_De": null,
                "FID_GIS_Re": null,
                "FID_Photo_": null,
                "FID_ftrip_": null,
                "FID_measur": null,
                "FID_patter": null,
                "FOURTH_ORD": null,
                "FOURTH_O_1": null,
                "FanID": null,
                "Fan_Del": null,
                "Fan_Del_sh": null,
                "FeatureT_1": null,
                "Geo_short": null,
                "Geography": null,
                "Gradient": null,
                "Hyperlink": null,
                "ID": 222,
                "Id": null,
                "Id_1": null,
                "LENGTH": 602.171,
                "Location": null,
                "MAPSYMBOL": "NHogM",
                "MAP_SYMBOL": null,
                "MS_ID": null,
                "MidptX": null,
                "MidptY": null,
                "Mod_names": null,
                "NAME": "Hogue_North_Mesa",
                "NAME_1": null,
                "Name": null,
                "OBJECTID": null,
                "OBJECTID_1": null,
                "ORDERBY": null,
                "ORIG_FID": null,
                "Offset": null,
                "PATTERNID": null,
                "PERSON": null,
                "PMLABEL": null,
                "PM_NAME": "NHogue Mesa",
                "PM_NAME_NE": null,
                "Pattern": null,
                "Profile": null,
                "REGION": null,
                "SECTIONARC": null,
                "SECTION_AB": null,
                "SOURCE": null,
                "STRAT_INTE": "F1-3",
                "SectionArc": null,
                "Shape_Ar_1": null,
                "Shape_Area": null,
                "Shape_Le_1": null,
                "Shape_Leng": 602.17072901,
                "Shape_Length": null,
                "Stop": null,
                "Stop_Num": null,
                "Symbology": "Missing"
            }
        },
        {
            "type": "Feature",
            "geometry": {
                "type": "LineString",
                "coordinates": [
                    [
                        -104.75448091971147,
                        31.64994678117725
                    ],
                    [
                        -104.75280407774034,
                        31.642771198339098
                    ],
                    [
                        -104.7505841388131,
                        31.62737450847991
                    ]
                ]
            },
            "properties": {
                "Abbrev": null,
                "Alpha": null,
                "Area": null,
                "CS_ID": null,
                "CYCLE": null,
                "CycleDsolv": null,
                "DESCRIPT": null,
                "FEATUREKEY": 95232.0,
                "FEATUREK_1": null,
                "FEATURETYP": "Photo_Panel",
                "FID_": null,
                "FID_Cross_": null,
                "FID_FanGeo": null,
                "FID_Fan_De": null,
                "FID_GIS_Re": null,
                "FID_Photo_": null,
                "FID_ftrip_": null,
                "FID_measur": null,
                "FID_patter": null,
                "FOURTH_ORD": null,
                "FOURTH_O_1": null,
                "FanID": null,
                "Fan_Del": null,
                "Fan_Del_sh": null,
                "FeatureT_1": null,
                "Geo_short": null,
                "Geography": null,
                "Gradient": null,
                "Hyperlink": null,
                "ID": 205,
                "Id": null,
                "Id_1": null,
                "LENGTH": 2530.494,
                "Location": null,
                "MAPSYMBOL": "NEHog",
                "MAP_SYMBOL": null,
                "MS_ID": null,
                "MidptX": null,
                "MidptY": null,
                "Mod_names": null,
                "NAME": "HogueCanyon_east",
                "NAME_1": null,
                "Name": null,
                "OBJECTID": null,
                "OBJECTID_1": null,
                "ORDERBY": null,
                "ORIG_FID": null,
                "Offset": null,
                "PATTERNID": null,
                "PERSON": null,
                "PMLABEL": null,
                "PM_NAME": "HogueCanyon_east",
                "PM_NAME_NE": null,
                "Pattern": null,
                "Profile": null,
                "REGION": null,
                "SECTIONARC": null,
                "SECTION_AB": null,
                "SOURCE": null,
                "STRAT_INTE": "F1-3",
                "SectionArc": null,
                "Shape_Ar_1": null,
                "Shape_Area": null,
                "Shape_Le_1": null,
                "Shape_Leng": 2530.49406385,
                "Shape_Length": null,
                "Stop": null,
                "Stop_Num": null,
                "Symbology": "Present"
            }
        },
        {
            "type": "Feature",
            "geometry": {
                "type": "LineString",
                "coordinates": [
                    [
                        -104.75674394698838,
                        31.65590889214871
                    ],
                    [
                        -104.75154886058137,
                        31.65144500753935
                    ],
                    [
                        -104.7504850094876,
                        31.650244231652525
                    ]
                ]
            },
            "properties": {
                "Abbrev": null,
                "Alpha": null,
                "Area": null,
                "CS_ID": null,
                "CYCLE": null,
                "CycleDsolv": null,
                "DESCRIPT": null,
                "FEATUREKEY": 95233.0,
                "FEATUREK_1": null,
                "FEATURETYP": "Photo_Panel",
                "FID_": null,
                "FID_Cross_": null,
                "FID_FanGeo": null,
                "FID_Fan_De": null,
                "FID_GIS_Re": null,
                "FID_Photo_": null,
                "FID_ftrip_": null,
                "FID_measur": null,
                "FID_patter": null,
                "FOURTH_ORD": null,
                "FOURTH_O_1": null,
                "FanID": null,
                "Fan_Del": null,
                "Fan_Del_sh": null,
                "FeatureT_1": null,
                "Geo_short": null,
                "Geography": null,
                "Gradient": null,
                "Hyperlink": null,
                "ID": 260,
                "Id": null,
                "Id_1": null,
                "LENGTH": 865.127,
                "Location": null,
                "MAPSYMBOL": "QAHd",
                "MAP_SYMBOL": null,
                "MS_ID": null,
                "MidptX": null,
                "MidptY": null,
                "Mod_names": null,
                "NAME": "Hogue_QueenAnt",
                "NAME_1": null,
                "Name": null,
                "OBJECTID": null,
                "OBJECTID_1": null,
                "ORDERBY": null,
                "ORIG_FID": null,
                "Offset": null,
                "PATTERNID": null,
                "PERSON": null,
                "PMLABEL": null,
                "PM_NAME": "Hogue_QueenAnt",
                "PM_NAME_NE": null,
                "Pattern": null,
                "Profile": null,
                "REGION": null,
                "SECTIONARC": null,
                "SECTION_AB": null,
                "SOURCE": null,
                "STRAT_INTE": "F1-3",
                "SectionArc": null,
                "Shape_Ar_1": null,
                "Shape_Area": null,
                "Shape_Le_1": null,
                "Shape_Leng": 865.126506214,
                "Shape_Length": null,
                "Stop": null,
                "Stop_Num": null,
                "Symbology": "Present"
            }
        },
        {
            "type": "Feature",
            "geometry": {
                "type": "LineString",
                "coordinates": [
                    [
                        -104.76185033531156,
                        31.66005347796521
                    ],
                    [
                        -104.76066524737787,
                        31.660931053766095
                    ]
                ]
            },
            "properties": {
                "Abbrev": null,
                "Alpha": null,
                "Area": null,
                "CS_ID": null,
                "CYCLE": null,
                "CycleDsolv": null,
                "DESCRIPT": null,
                "FEATUREKEY": 95234.0,
                "FEATUREK_1": null,
                "FEATURETYP": "Photo_Panel",
                "FID_": null,
                "FID_Cross_": null,
                "FID_FanGeo": null,
                "FID_Fan_De": null,
                "FID_GIS_Re": null,
                "FID_Photo_": null,
                "FID_ftrip_": null,
                "FID_measur": null,
                "FID_patter": null,
                "FOURTH_ORD": null,
                "FOURTH_O_1": null,
                "FanID": null,
                "Fan_Del": null,
                "Fan_Del_sh": null,
                "FeatureT_1": null,
                "Geo_short": null,
                "Geography": null,
                "Gradient": null,
                "Hyperlink": null,
                "ID": 242,
                "Id": null,
                "Id_1": null,
                "LENGTH": 148.606,
                "Location": null,
                "MAPSYMBOL": "SPs",
                "MAP_SYMBOL": null,
                "MS_ID": null,
                "MidptX": null,
                "MidptY": null,
                "Mod_names": null,
                "NAME": "Colleen_SouthPoint_S",
                "NAME_1": null,
                "Name": null,
                "OBJECTID": null,
                "OBJECTID_1": null,
                "ORDERBY": null,
                "ORIG_FID": null,
                "Offset": null,
                "PATTERNID": null,
                "PERSON": null,
                "PMLABEL": null,
                "PM_NAME": "S Point S",
                "PM_NAME_NE": null,
                "Pattern": null,
                "Profile": null,
                "REGION": null,
                "SECTIONARC": null,
                "SECTION_AB": null,
                "SOURCE": null,
                "STRAT_INTE": "F1-3",
                "SectionArc": null,
                "Shape_Ar_1": null,
                "Shape_Area": null,
                "Shape_Le_1": null,
                "Shape_Leng": 148.605856578,
                "Shape_Length": null,
                "Stop": null,
                "Stop_Num": null,
                "Symbology": "Missing"
            }
        },
        {
            "type": "Feature",
            "geometry": {
                "type": "LineString",
                "coordinates": [
                    [
                        -104.76261908824317,
                        31.66111064705262
                    ],
                    [
                        -104.76179834951088,
                        31.660273325733428
                    ]
                ]
            },
            "properties": {
                "Abbrev": null,
                "Alpha": null,
                "Area": null,
                "CS_ID": null,
                "CYCLE": null,
                "CycleDsolv": null,
                "DESCRIPT": null,
                "FEATUREKEY": 95235.0,
                "FEATUREK_1": null,
                "FEATURETYP": "Photo_Panel",
                "FID_": null,
                "FID_Cross_": null,
                "FID_FanGeo": null,
                "FID_Fan_De": null,
                "FID_GIS_Re": null,
                "FID_Photo_": null,
                "FID_ftrip_": null,
                "FID_measur": null,
                "FID_patter": null,
                "FOURTH_ORD": null,
                "FOURTH_O_1": null,
                "FanID": null,
                "Fan_Del": null,
                "Fan_Del_sh": null,
                "FeatureT_1": null,
                "Geo_short": null,
                "Geography": null,
                "Gradient": null,
                "Hyperlink": null,
                "ID": 241,
                "Id": null,
                "Id_1": null,
                "LENGTH": 121.107,
                "Location": null,
                "MAPSYMBOL": "SPw",
                "MAP_SYMBOL": null,
                "MS_ID": null,
                "MidptX": null,
                "MidptY": null,
                "Mod_names": null,
                "NAME": "Colleen_SouthPoint_W",
                "NAME_1": null,
                "Name": null,
                "OBJECTID": null,
                "OBJECTID_1": null,
                "ORDERBY": null,
                "ORIG_FID": null,
                "Offset": null,
                "PATTERNID": null,
                "PERSON": null,
                "PMLABEL": null,
                "PM_NAME": "S Point W",
                "PM_NAME_NE": null,
                "Pattern": null,
                "Profile": null,
                "REGION": null,
                "SECTIONARC": null,
                "SECTION_AB": null,
                "SOURCE": null,
                "STRAT_INTE": "F1-3",
                "SectionArc": null,
                "Shape_Ar_1": null,
                "Shape_Area": null,
                "Shape_Le_1": null,
                "Shape_Leng": 121.107480157,
                "Shape_Length": null,
                "Stop": null,
                "Stop_Num": null,
                "Symbology": "Missing"
            }
        },
        {
            "type": "Feature",
            "geometry": {
                "type": "LineString",
                "coordinates": [
                    [
                        -104.75991891454102,
                        31.66117159677468
                    ],
                    [
                        -104.75419848415146,
                        31.65586004229274
                    ]
                ]
            },
            "properties": {
                "Abbrev": null,
                "Alpha": null,
                "Area": null,
                "CS_ID": null,
                "CYCLE": null,
                "CycleDsolv": null,
                "DESCRIPT": null,
                "FEATUREKEY": 95236.0,
                "FEATUREK_1": null,
                "FEATURETYP": "Photo_Panel",
                "FID_": null,
                "FID_Cross_": null,
                "FID_FanGeo": null,
                "FID_Fan_De": null,
                "FID_GIS_Re": null,
                "FID_Photo_": null,
                "FID_ftrip_": null,
                "FID_measur": null,
                "FID_patter": null,
                "FOURTH_ORD": null,
                "FOURTH_O_1": null,
                "FanID": null,
                "Fan_Del": null,
                "Fan_Del_sh": null,
                "FeatureT_1": null,
                "Geo_short": null,
                "Geography": null,
                "Gradient": null,
                "Hyperlink": null,
                "ID": 211,
                "Id": null,
                "Id_1": null,
                "LENGTH": 800.438,
                "Location": null,
                "MAPSYMBOL": "Hk",
                "MAP_SYMBOL": null,
                "MS_ID": null,
                "MidptX": null,
                "MidptY": null,
                "Mod_names": null,
                "NAME": "HikeoutGully",
                "NAME_1": null,
                "Name": null,
                "OBJECTID": null,
                "OBJECTID_1": null,
                "ORDERBY": null,
                "ORIG_FID": null,
                "Offset": null,
                "PATTERNID": null,
                "PERSON": null,
                "PMLABEL": null,
                "PM_NAME": "Hikeout",
                "PM_NAME_NE": null,
                "Pattern": null,
                "Profile": null,
                "REGION": null,
                "SECTIONARC": null,
                "SECTION_AB": null,
                "SOURCE": null,
                "STRAT_INTE": "F1-3",
                "SectionArc": null,
                "Shape_Ar_1": null,
                "Shape_Area": null,
                "Shape_Le_1": null,
                "Shape_Leng": 800.43766991,
                "Shape_Length": null,
                "Stop": null,
                "Stop_Num": null,
                "Symbology": "Missing"
            }
        },
        {
            "type": "Feature",
            "geometry": {
                "type": "LineString",
                "coordinates": [
                    [
                        -104.76287093173147,
                        31.661746504444913
                    ],
                    [
                        -104.760988303284,
                        31.661925947751424
                    ]
                ]
            },
            "properties": {
                "Abbrev": null,
                "Alpha": null,
                "Area": null,
                "CS_ID": null,
                "CYCLE": null,
                "CycleDsolv": null,
                "DESCRIPT": null,
                "FEATUREKEY": 95237.0,
                "FEATUREK_1": null,
                "FEATURETYP": "Photo_Panel",
                "FID_": null,
                "FID_Cross_": null,
                "FID_FanGeo": null,
                "FID_Fan_De": null,
                "FID_GIS_Re": null,
                "FID_Photo_": null,
                "FID_ftrip_": null,
                "FID_measur": null,
                "FID_patter": null,
                "FOURTH_ORD": null,
                "FOURTH_O_1": null,
                "FanID": null,
                "Fan_Del": null,
                "Fan_Del_sh": null,
                "FeatureT_1": null,
                "Geo_short": null,
                "Geography": null,
                "Gradient": null,
                "Hyperlink": null,
                "ID": 243,
                "Id": null,
                "Id_1": null,
                "LENGTH": 0.0,
                "Location": null,
                "MAPSYMBOL": "SPn",
                "MAP_SYMBOL": null,
                "MS_ID": null,
                "MidptX": null,
                "MidptY": null,
                "Mod_names": null,
                "NAME": "Colleen_SouthPoint_N",
                "NAME_1": null,
                "Name": null,
                "OBJECTID": null,
                "OBJECTID_1": null,
                "ORDERBY": null,
                "ORIG_FID": null,
                "Offset": null,
                "PATTERNID": null,
                "PERSON": null,
                "PMLABEL": null,
                "PM_NAME": "S Point N",
                "PM_NAME_NE": null,
                "Pattern": null,
                "Profile": null,
                "REGION": null,
                "SECTIONARC": null,
                "SECTION_AB": null,
                "SOURCE": null,
                "STRAT_INTE": "F1-3",
                "SectionArc": null,
                "Shape_Ar_1": null,
                "Shape_Area": null,
                "Shape_Le_1": null,
                "Shape_Leng": 179.582097823,
                "Shape_Length": null,
                "Stop": null,
                "Stop_Num": null,
                "Symbology": "Missing"
            }
        },
        {
            "type": "Feature",
            "geometry": {
                "type": "LineString",
                "coordinates": [
                    [
                        -104.7529871275425,
                        31.663700169543624
                    ],
                    [
                        -104.7530892718858,
                        31.662215853517
                    ]
                ]
            },
            "properties": {
                "Abbrev": null,
                "Alpha": null,
                "Area": null,
                "CS_ID": null,
                "CYCLE": null,
                "CycleDsolv": null,
                "DESCRIPT": null,
                "FEATUREKEY": 95238.0,
                "FEATUREK_1": null,
                "FEATURETYP": "Photo_Panel",
                "FID_": null,
                "FID_Cross_": null,
                "FID_FanGeo": null,
                "FID_Fan_De": null,
                "FID_GIS_Re": null,
                "FID_Photo_": null,
                "FID_ftrip_": null,
                "FID_measur": null,
                "FID_patter": null,
                "FOURTH_ORD": null,
                "FOURTH_O_1": null,
                "FanID": null,
                "Fan_Del": null,
                "Fan_Del_sh": null,
                "FeatureT_1": null,
                "Geo_short": null,
                "Geography": null,
                "Gradient": null,
                "Hyperlink": null,
                "ID": 189,
                "Id": null,
                "Id_1": null,
                "LENGTH": 241.266,
                "Location": null,
                "MAPSYMBOL": "DF",
                "MAP_SYMBOL": null,
                "MS_ID": null,
                "MidptX": null,
                "MidptY": null,
                "Mod_names": null,
                "NAME": "ColleenCanyon_Deerfeeder",
                "NAME_1": null,
                "Name": null,
                "OBJECTID": null,
                "OBJECTID_1": null,
                "ORDERBY": null,
                "ORIG_FID": null,
                "Offset": null,
                "PATTERNID": null,
                "PERSON": null,
                "PMLABEL": null,
                "PM_NAME": "DeerFeeder",
                "PM_NAME_NE": null,
                "Pattern": null,
                "Profile": null,
                "REGION": null,
                "SECTIONARC": null,
                "SECTION_AB": null,
                "SOURCE": null,
                "STRAT_INTE": "F4",
                "SectionArc": null,
                "Shape_Ar_1": null,
                "Shape_Area": null,
                "Shape_Le_1": null,
                "Shape_Leng": 164.801274134,
                "Shape_Length": null,
                "Stop": null,
                "Stop_Num": null,
                "Symbology": "Missing"
            }
        },
        {
            "type": "Feature",
            "geometry": {
                "type": "LineString",
                "coordinates": [
                    [
                        -104.7588367967176,
                        31.666861332780865
                    ],
                    [
                        -104.75994365358355,
                        31.66135022017872
                    ]
                ]
            },
            "properties": {
                "Abbrev": null,
                "Alpha": null,
                "Area": null,
                "CS_ID": null,
                "CYCLE": null,
                "CycleDsolv": null,
                "DESCRIPT": null,
                "FEATUREKEY": 95239.0,
                "FEATUREK_1": null,
                "FEATURETYP": "Photo_Panel",
                "FID_": null,
                "FID_Cross_": null,
                "FID_FanGeo": null,
                "FID_Fan_De": null,
                "FID_GIS_Re": null,
                "FID_Photo_": null,
                "FID_ftrip_": null,
                "FID_measur": null,
                "FID_patter": null,
                "FOURTH_ORD": null,
                "FOURTH_O_1": null,
                "FanID": null,
                "Fan_Del": null,
                "Fan_Del_sh": null,
                "FeatureT_1": null,
                "Geo_short": null,
                "Geography": null,
                "Gradient": null,
                "Hyperlink": null,
                "ID": 0,
                "Id": null,
                "Id_1": null,
                "LENGTH": 616.358,
                "Location": null,
                "MAPSYMBOL": "C15",
                "MAP_SYMBOL": null,
                "MS_ID": null,
                "MidptX": null,
                "MidptY": null,
                "Mod_names": null,
                "NAME": "Colleen_15",
                "NAME_1": null,
                "Name": null,
                "OBJECTID": null,
                "OBJECTID_1": null,
                "ORDERBY": null,
                "ORIG_FID": null,
                "Offset": null,
                "PATTERNID": null,
                "PERSON": null,
                "PMLABEL": null,
                "PM_NAME": "Colleen 15",
                "PM_NAME_NE": null,
                "Pattern": null,
                "Profile": null,
                "REGION": null,
                "SECTIONARC": null,
                "SECTION_AB": null,
                "SOURCE": null,
                "STRAT_INTE": "F1-3",
                "SectionArc": null,
                "Shape_Ar_1": null,
                "Shape_Area": null,
                "Shape_Le_1": null,
                "Shape_Leng": 619.780151691,
                "Shape_Length": null,
                "Stop": null,
                "Stop_Num": null,
                "Symbology": "Missing"
            }
        },
        {
            "type": "Feature",
            "geometry": {
                "type": "LineString",
                "coordinates": [
                    [
                        -104.75854073135204,
                        31.667129543229017
                    ],
                    [
                        -104.75476909715033,
                        31.663823186391248
                    ]
                ]
            },
            "properties": {
                "Abbrev": null,
                "Alpha": null,
                "Area": null,
                "CS_ID": null,
                "CYCLE": null,
                "CycleDsolv": null,
                "DESCRIPT": null,
                "FEATUREKEY": 95240.0,
                "FEATUREK_1": null,
                "FEATURETYP": "Photo_Panel",
                "FID_": null,
                "FID_Cross_": null,
                "FID_FanGeo": null,
                "FID_Fan_De": null,
                "FID_GIS_Re": null,
                "FID_Photo_": null,
                "FID_ftrip_": null,
                "FID_measur": null,
                "FID_patter": null,
                "FOURTH_ORD": null,
                "FOURTH_O_1": null,
                "FanID": null,
                "Fan_Del": null,
                "Fan_Del_sh": null,
                "FeatureT_1": null,
                "Geo_short": null,
                "Geography": null,
                "Gradient": null,
                "Hyperlink": null,
                "ID": 185,
                "Id": null,
                "Id_1": null,
                "LENGTH": 511.99,
                "Location": null,
                "MAPSYMBOL": "C14b",
                "MAP_SYMBOL": null,
                "MS_ID": null,
                "MidptX": null,
                "MidptY": null,
                "Mod_names": null,
                "NAME": "Colleen_14b",
                "NAME_1": null,
                "Name": null,
                "OBJECTID": null,
                "OBJECTID_1": null,
                "ORDERBY": null,
                "ORIG_FID": null,
                "Offset": null,
                "PATTERNID": null,
                "PERSON": null,
                "PMLABEL": null,
                "PM_NAME": "Colleen_14b",
                "PM_NAME_NE": null,
                "Pattern": null,
                "Profile": null,
                "REGION": null,
                "SECTIONARC": null,
                "SECTION_AB": null,
                "SOURCE": null,
                "STRAT_INTE": "F1-3",
                "SectionArc": null,
                "Shape_Ar_1": null,
                "Shape_Area": null,
                "Shape_Le_1": null,
                "Shape_Leng": 511.990094492,
                "Shape_Length": null,
                "Stop": null,
                "Stop_Num": null,
                "Symbology": "Present"
            }
        },
        {
            "type": "Feature",
            "geometry": {
                "type": "LineString",
                "coordinates": [
                    [
                        -104.74952663103005,
                        31.667826708320607
                    ],
                    [
                        -104.74799459485943,
                        31.667003592190035
                    ]
                ]
            },
            "properties": {
                "Abbrev": null,
                "Alpha": null,
                "Area": null,
                "CS_ID": null,
                "CYCLE": null,
                "CycleDsolv": null,
                "DESCRIPT": null,
                "FEATUREKEY": 95241.0,
                "FEATUREK_1": null,
                "FEATURETYP": "Photo_Panel",
                "FID_": null,
                "FID_Cross_": null,
                "FID_FanGeo": null,
                "FID_Fan_De": null,
                "FID_GIS_Re": null,
                "FID_Photo_": null,
                "FID_ftrip_": null,
                "FID_measur": null,
                "FID_patter": null,
                "FOURTH_ORD": null,
                "FOURTH_O_1": null,
                "FanID": null,
                "Fan_Del": null,
                "Fan_Del_sh": null,
                "FeatureT_1": null,
                "Geo_short": null,
                "Geography": null,
                "Gradient": null,
                "Hyperlink": null,
                "ID": 154,
                "Id": null,
                "Id_1": null,
                "LENGTH": 171.507,
                "Location": null,
                "MAPSYMBOL": "Coyote",
                "MAP_SYMBOL": null,
                "MS_ID": null,
                "MidptX": null,
                "MidptY": null,
                "Mod_names": null,
                "NAME": "ColleenCanyon_CoyoteCanyon",
                "NAME_1": null,
                "Name": null,
                "OBJECTID": null,
                "OBJECTID_1": null,
                "ORDERBY": null,
                "ORIG_FID": null,
                "Offset": null,
                "PATTERNID": null,
                "PERSON": null,
                "PMLABEL": null,
                "PM_NAME": "Coyote",
                "PM_NAME_NE": null,
                "Pattern": null,
                "Profile": null,
                "REGION": null,
                "SECTIONARC": null,
                "SECTION_AB": null,
                "SOURCE": null,
                "STRAT_INTE": "F4",
                "SectionArc": null,
                "Shape_Ar_1": null,
                "Shape_Area": null,
                "Shape_Le_1": null,
                "Shape_Leng": 171.506501588,
                "Shape_Length": null,
                "Stop": null,
                "Stop_Num": null,
                "Symbology": "Missing"
            }
        },
        {
            "type": "Feature",
            "geometry": {
                "type": "LineString",
                "coordinates": [
                    [
                        -104.75436956561393,
                        31.66910112111937
                    ],
                    [
                        -104.75631934020888,
                        31.670908402850134
                    ]
                ]
            },
            "properties": {
                "Abbrev": null,
                "Alpha": null,
                "Area": null,
                "CS_ID": null,
                "CYCLE": null,
                "CycleDsolv": null,
                "DESCRIPT": null,
                "FEATUREKEY": 95242.0,
                "FEATUREK_1": null,
                "FEATURETYP": "Photo_Panel",
                "FID_": null,
                "FID_Cross_": null,
                "FID_FanGeo": null,
                "FID_Fan_De": null,
                "FID_GIS_Re": null,
                "FID_Photo_": null,
                "FID_ftrip_": null,
                "FID_measur": null,
                "FID_patter": null,
                "FOURTH_ORD": null,
                "FOURTH_O_1": null,
                "FanID": null,
                "Fan_Del": null,
                "Fan_Del_sh": null,
                "FeatureT_1": null,
                "Geo_short": null,
                "Geography": null,
                "Gradient": null,
                "Hyperlink": null,
                "ID": 0,
                "Id": null,
                "Id_1": null,
                "LENGTH": 272.554,
                "Location": null,
                "MAPSYMBOL": "Ce14",
                "MAP_SYMBOL": null,
                "MS_ID": null,
                "MidptX": null,
                "MidptY": null,
                "Mod_names": null,
                "NAME": "ColleenCanyonSection_14",
                "NAME_1": null,
                "Name": null,
                "OBJECTID": null,
                "OBJECTID_1": null,
                "ORDERBY": null,
                "ORIG_FID": null,
                "Offset": null,
                "PATTERNID": null,
                "PERSON": null,
                "PMLABEL": null,
                "PM_NAME": "EastColleen 14",
                "PM_NAME_NE": null,
                "Pattern": null,
                "Profile": null,
                "REGION": null,
                "SECTIONARC": null,
                "SECTION_AB": null,
                "SOURCE": null,
                "STRAT_INTE": "F1-3",
                "SectionArc": null,
                "Shape_Ar_1": null,
                "Shape_Area": null,
                "Shape_Le_1": null,
                "Shape_Leng": 272.554257802,
                "Shape_Length": null,
                "Stop": null,
                "Stop_Num": null,
                "Symbology": "Missing"
            }
        },
        {
            "type": "Feature",
            "geometry": {
                "type": "LineString",
                "coordinates": [
                    [
                        -104.7540284525989,
                        31.67169582741227
                    ],
                    [
                        -104.75217774089685,
                        31.67134034485195
                    ]
                ]
            },
            "properties": {
                "Abbrev": null,
                "Alpha": null,
                "Area": null,
                "CS_ID": null,
                "CYCLE": null,
                "CycleDsolv": null,
                "DESCRIPT": null,
                "FEATUREKEY": 95243.0,
                "FEATUREK_1": null,
                "FEATURETYP": "Photo_Panel",
                "FID_": null,
                "FID_Cross_": null,
                "FID_FanGeo": null,
                "FID_Fan_De": null,
                "FID_GIS_Re": null,
                "FID_Photo_": null,
                "FID_ftrip_": null,
                "FID_measur": null,
                "FID_patter": null,
                "FOURTH_ORD": null,
                "FOURTH_O_1": null,
                "FanID": null,
                "Fan_Del": null,
                "Fan_Del_sh": null,
                "FeatureT_1": null,
                "Geo_short": null,
                "Geography": null,
                "Gradient": null,
                "Hyperlink": null,
                "ID": 259,
                "Id": null,
                "Id_1": null,
                "LENGTH": 179.803,
                "Location": null,
                "MAPSYMBOL": "Cw14",
                "MAP_SYMBOL": null,
                "MS_ID": null,
                "MidptX": null,
                "MidptY": null,
                "Mod_names": null,
                "NAME": "ColleenCanyonSection_14_west",
                "NAME_1": null,
                "Name": null,
                "OBJECTID": null,
                "OBJECTID_1": null,
                "ORDERBY": null,
                "ORIG_FID": null,
                "Offset": null,
                "PATTERNID": null,
                "PERSON": null,
                "PMLABEL": null,
                "PM_NAME": "WestColleen14",
                "PM_NAME_NE": null,
                "Pattern": null,
                "Profile": null,
                "REGION": null,
                "SECTIONARC": null,
                "SECTION_AB": null,
                "SOURCE": null,
                "STRAT_INTE": "F1-3",
                "SectionArc": null,
                "Shape_Ar_1": null,
                "Shape_Area": null,
                "Shape_Le_1": null,
                "Shape_Leng": 179.803243823,
                "Shape_Length": null,
                "Stop": null,
                "Stop_Num": null,
                "Symbology": "Missing"
            }
        },
        {
            "type": "Feature",
            "geometry": {
                "type": "LineString",
                "coordinates": [
                    [
                        -104.74733858935154,
                        31.684279929880294
                    ],
                    [
                        -104.74754105985194,
                        31.67826655049297
                    ],
                    [
                        -104.7480098076986,
                        31.672347778902616
                    ],
                    [
                        -104.75043371920677,
                        31.66528612911989
                    ],
                    [
                        -104.75210216805986,
                        31.664245439838982
                    ],
                    [
                        -104.75549310577709,
                        31.66213021208854
                    ],
                    [
                        -104.76135422691958,
                        31.660774834927796
                    ]
                ]
            },
            "properties": {
                "Abbrev": null,
                "Alpha": null,
                "Area": null,
                "CS_ID": null,
                "CYCLE": null,
                "CycleDsolv": null,
                "DESCRIPT": null,
                "FEATUREKEY": 95244.0,
                "FEATUREK_1": null,
                "FEATURETYP": "Photo_Panel",
                "FID_": null,
                "FID_Cross_": null,
                "FID_FanGeo": null,
                "FID_Fan_De": null,
                "FID_GIS_Re": null,
                "FID_Photo_": null,
                "FID_ftrip_": null,
                "FID_measur": null,
                "FID_patter": null,
                "FOURTH_ORD": null,
                "FOURTH_O_1": null,
                "FanID": null,
                "Fan_Del": null,
                "Fan_Del_sh": null,
                "FeatureT_1": null,
                "Geo_short": null,
                "Geography": null,
                "Gradient": null,
                "Hyperlink": null,
                "ID": 155,
                "Id": null,
                "Id_1": null,
                "LENGTH": 3350.874,
                "Location": null,
                "MAPSYMBOL": "SCol",
                "MAP_SYMBOL": null,
                "MS_ID": null,
                "MidptX": null,
                "MidptY": null,
                "Mod_names": null,
                "NAME": "ColleenCanyon_SWOverview",
                "NAME_1": null,
                "Name": null,
                "OBJECTID": null,
                "OBJECTID_1": null,
                "ORDERBY": null,
                "ORIG_FID": null,
                "Offset": null,
                "PATTERNID": null,
                "PERSON": null,
                "PMLABEL": null,
                "PM_NAME": "ColleenCanyon_SWOverview",
                "PM_NAME_NE": null,
                "Pattern": null,
                "Profile": null,
                "REGION": null,
                "SECTIONARC": null,
                "SECTION_AB": null,
                "SOURCE": null,
                "STRAT_INTE": "F4, F5",
                "SectionArc": null,
                "Shape_Ar_1": null,
                "Shape_Area": null,
                "Shape_Le_1": null,
                "Shape_Leng": 3309.25570537,
                "Shape_Length": null,
                "Stop": null,
                "Stop_Num": null,
                "Symbology": "Present"
            }
        },
        {
            "type": "Feature",
            "geometry": {
                "type": "LineString",
                "coordinates": [
                    [
                        -104.75045177384094,
                        31.67532942305919
                    ],
                    [
                        -104.74811322572664,
                        31.67350294227139
                    ],
                    [
                        -104.746650760121,
                        31.671452131200393
                    ]
                ]
            },
            "properties": {
                "Abbrev": null,
                "Alpha": null,
                "Area": null,
                "CS_ID": null,
                "CYCLE": null,
                "CycleDsolv": null,
                "DESCRIPT": null,
                "FEATUREKEY": 95245.0,
                "FEATUREK_1": null,
                "FEATURETYP": "Photo_Panel",
                "FID_": null,
                "FID_Cross_": null,
                "FID_FanGeo": null,
                "FID_Fan_De": null,
                "FID_GIS_Re": null,
                "FID_Photo_": null,
                "FID_ftrip_": null,
                "FID_measur": null,
                "FID_patter": null,
                "FOURTH_ORD": null,
                "FOURTH_O_1": null,
                "FanID": null,
                "Fan_Del": null,
                "Fan_Del_sh": null,
                "FeatureT_1": null,
                "Geo_short": null,
                "Geography": null,
                "Gradient": null,
                "Hyperlink": null,
                "ID": 266,
                "Id": null,
                "Id_1": null,
                "LENGTH": 476.328,
                "Location": null,
                "MAPSYMBOL": "C13-3/4",
                "MAP_SYMBOL": null,
                "MS_ID": null,
                "MidptX": null,
                "MidptY": null,
                "Mod_names": null,
                "NAME": "Colleen_Shortstep",
                "NAME_1": null,
                "Name": null,
                "OBJECTID": null,
                "OBJECTID_1": null,
                "ORDERBY": null,
                "ORIG_FID": null,
                "Offset": null,
                "PATTERNID": null,
                "PERSON": null,
                "PMLABEL": null,
                "PM_NAME": "Upper Collen 13",
                "PM_NAME_NE": null,
                "Pattern": null,
                "Profile": null,
                "REGION": null,
                "SECTIONARC": null,
                "SECTION_AB": null,
                "SOURCE": null,
                "STRAT_INTE": "F3-4",
                "SectionArc": null,
                "Shape_Ar_1": null,
                "Shape_Area": null,
                "Shape_Le_1": null,
                "Shape_Leng": 566.437729353,
                "Shape_Length": null,
                "Stop": null,
                "Stop_Num": null,
                "Symbology": "Missing"
            }
        },
        {
            "type": "Feature",
            "geometry": {
                "type": "LineString",
                "coordinates": [
                    [
                        -104.75420117936842,
                        31.672779815474065
                    ],
                    [
                        -104.75681755180662,
                        31.67065191667927
                    ],
                    [
                        -104.75896456920279,
                        31.667081103412688
                    ]
                ]
            },
            "properties": {
                "Abbrev": null,
                "Alpha": null,
                "Area": null,
                "CS_ID": null,
                "CYCLE": null,
                "CycleDsolv": null,
                "DESCRIPT": null,
                "FEATUREKEY": 95246.0,
                "FEATUREK_1": null,
                "FEATURETYP": "Photo_Panel",
                "FID_": null,
                "FID_Cross_": null,
                "FID_FanGeo": null,
                "FID_Fan_De": null,
                "FID_GIS_Re": null,
                "FID_Photo_": null,
                "FID_ftrip_": null,
                "FID_measur": null,
                "FID_patter": null,
                "FOURTH_ORD": null,
                "FOURTH_O_1": null,
                "FanID": null,
                "Fan_Del": null,
                "Fan_Del_sh": null,
                "FeatureT_1": null,
                "Geo_short": null,
                "Geography": null,
                "Gradient": null,
                "Hyperlink": null,
                "ID": 184,
                "Id": null,
                "Id_1": null,
                "LENGTH": 661.021,
                "Location": null,
                "MAPSYMBOL": "C14-14a",
                "MAP_SYMBOL": null,
                "MS_ID": null,
                "MidptX": null,
                "MidptY": null,
                "Mod_names": null,
                "NAME": "Colleen_14_14a",
                "NAME_1": null,
                "Name": null,
                "OBJECTID": null,
                "OBJECTID_1": null,
                "ORDERBY": null,
                "ORIG_FID": null,
                "Offset": null,
                "PATTERNID": null,
                "PERSON": null,
                "PMLABEL": null,
                "PM_NAME": "Colleen_14_14a",
                "PM_NAME_NE": null,
                "Pattern": null,
                "Profile": null,
                "REGION": null,
                "SECTIONARC": null,
                "SECTION_AB": null,
                "SOURCE": null,
                "STRAT_INTE": "F1-3",
                "SectionArc": null,
                "Shape_Ar_1": null,
                "Shape_Area": null,
                "Shape_Le_1": null,
                "Shape_Leng": 787.293661096,
                "Shape_Length": null,
                "Stop": null,
                "Stop_Num": null,
                "Symbology": "Missing"
            }
        },
        {
            "type": "Feature",
            "geometry": {
                "type": "LineString",
                "coordinates": [
                    [
                        -104.75158205829425,
                        31.672922799288223
                    ],
                    [
                        -104.7539218945772,
                        31.673103275214874
                    ]
                ]
            },
            "properties": {
                "Abbrev": null,
                "Alpha": null,
                "Area": null,
                "CS_ID": null,
                "CYCLE": null,
                "CycleDsolv": null,
                "DESCRIPT": null,
                "FEATUREKEY": 95247.0,
                "FEATUREK_1": null,
                "FEATURETYP": "Photo_Panel",
                "FID_": null,
                "FID_Cross_": null,
                "FID_FanGeo": null,
                "FID_Fan_De": null,
                "FID_GIS_Re": null,
                "FID_Photo_": null,
                "FID_ftrip_": null,
                "FID_measur": null,
                "FID_patter": null,
                "FOURTH_ORD": null,
                "FOURTH_O_1": null,
                "FanID": null,
                "Fan_Del": null,
                "Fan_Del_sh": null,
                "FeatureT_1": null,
                "Geo_short": null,
                "Geography": null,
                "Gradient": null,
                "Hyperlink": null,
                "ID": 267,
                "Id": null,
                "Id_1": null,
                "LENGTH": 222.695,
                "Location": null,
                "MAPSYMBOL": "Cw13",
                "MAP_SYMBOL": null,
                "MS_ID": null,
                "MidptX": null,
                "MidptY": null,
                "Mod_names": null,
                "NAME": "ColleenCanyon_Wall_13SW",
                "NAME_1": null,
                "Name": null,
                "OBJECTID": null,
                "OBJECTID_1": null,
                "ORDERBY": null,
                "ORIG_FID": null,
                "Offset": null,
                "PATTERNID": null,
                "PERSON": null,
                "PMLABEL": null,
                "PM_NAME": "WColleen13",
                "PM_NAME_NE": null,
                "Pattern": null,
                "Profile": null,
                "REGION": null,
                "SECTIONARC": null,
                "SECTION_AB": null,
                "SOURCE": null,
                "STRAT_INTE": "F1-3",
                "SectionArc": null,
                "Shape_Ar_1": null,
                "Shape_Area": null,
                "Shape_Le_1": null,
                "Shape_Leng": 222.695298786,
                "Shape_Length": null,
                "Stop": null,
                "Stop_Num": null,
                "Symbology": "Missing"
            }
        },
        {
            "type": "Feature",
            "geometry": {
                "type": "LineString",
                "coordinates": [
                    [
                        -104.76317741042632,
                        31.674242453433827
                    ],
                    [
                        -104.76488531403963,
                        31.670044636176172
                    ]
                ]
            },
            "properties": {
                "Abbrev": null,
                "Alpha": null,
                "Area": null,
                "CS_ID": null,
                "CYCLE": null,
                "CycleDsolv": null,
                "DESCRIPT": null,
                "FEATUREKEY": 95248.0,
                "FEATUREK_1": null,
                "FEATURETYP": "Photo_Panel",
                "FID_": null,
                "FID_Cross_": null,
                "FID_FanGeo": null,
                "FID_Fan_De": null,
                "FID_GIS_Re": null,
                "FID_Photo_": null,
                "FID_ftrip_": null,
                "FID_measur": null,
                "FID_patter": null,
                "FOURTH_ORD": null,
                "FOURTH_O_1": null,
                "FanID": null,
                "Fan_Del": null,
                "Fan_Del_sh": null,
                "FeatureT_1": null,
                "Geo_short": null,
                "Geography": null,
                "Gradient": null,
                "Hyperlink": null,
                "ID": 62,
                "Id": null,
                "Id_1": null,
                "LENGTH": 492.635,
                "Location": null,
                "MAPSYMBOL": "LRdc",
                "MAP_SYMBOL": null,
                "MS_ID": null,
                "MidptX": null,
                "MidptY": null,
                "Mod_names": null,
                "NAME": "ColleenCanyonRoadCut",
                "NAME_1": null,
                "Name": null,
                "OBJECTID": null,
                "OBJECTID_1": null,
                "ORDERBY": null,
                "ORIG_FID": null,
                "Offset": null,
                "PATTERNID": null,
                "PERSON": null,
                "PMLABEL": null,
                "PM_NAME": "ColleenCanyonRoadCut",
                "PM_NAME_NE": null,
                "Pattern": null,
                "Profile": null,
                "REGION": null,
                "SECTIONARC": null,
                "SECTION_AB": null,
                "SOURCE": null,
                "STRAT_INTE": "F1-3",
                "SectionArc": null,
                "Shape_Ar_1": null,
                "Shape_Area": null,
                "Shape_Le_1": null,
                "Shape_Leng": 492.634592467,
                "Shape_Length": null,
                "Stop": null,
                "Stop_Num": null,
                "Symbology": "Present"
            }
        },
        {
            "type": "Feature",
            "geometry": {
                "type": "LineString",
                "coordinates": [
                    [
                        -104.75331807768558,
                        31.67463411422375
                    ],
                    [
                        -104.7492443776752,
                        31.671928488403392
                    ]
                ]
            },
            "properties": {
                "Abbrev": null,
                "Alpha": null,
                "Area": null,
                "CS_ID": null,
                "CYCLE": null,
                "CycleDsolv": null,
                "DESCRIPT": null,
                "FEATUREKEY": 95249.0,
                "FEATUREK_1": null,
                "FEATURETYP": "Photo_Panel",
                "FID_": null,
                "FID_Cross_": null,
                "FID_FanGeo": null,
                "FID_Fan_De": null,
                "FID_GIS_Re": null,
                "FID_Photo_": null,
                "FID_ftrip_": null,
                "FID_measur": null,
                "FID_patter": null,
                "FOURTH_ORD": null,
                "FOURTH_O_1": null,
                "FanID": null,
                "Fan_Del": null,
                "Fan_Del_sh": null,
                "FeatureT_1": null,
                "Geo_short": null,
                "Geography": null,
                "Gradient": null,
                "Hyperlink": null,
                "ID": 153,
                "Id": null,
                "Id_1": null,
                "LENGTH": 570.018,
                "Location": null,
                "MAPSYMBOL": "C13",
                "MAP_SYMBOL": null,
                "MS_ID": null,
                "MidptX": null,
                "MidptY": null,
                "Mod_names": null,
                "NAME": "ColleenCanyon_Wall13",
                "NAME_1": null,
                "Name": null,
                "OBJECTID": null,
                "OBJECTID_1": null,
                "ORDERBY": null,
                "ORIG_FID": null,
                "Offset": null,
                "PATTERNID": null,
                "PERSON": null,
                "PMLABEL": null,
                "PM_NAME": "ColleenCanyon_Wall13",
                "PM_NAME_NE": null,
                "Pattern": null,
                "Profile": null,
                "REGION": null,
                "SECTIONARC": null,
                "SECTION_AB": null,
                "SOURCE": null,
                "STRAT_INTE": "F1-3",
                "SectionArc": null,
                "Shape_Ar_1": null,
                "Shape_Area": null,
                "Shape_Le_1": null,
                "Shape_Leng": 488.914369998,
                "Shape_Length": null,
                "Stop": null,
                "Stop_Num": null,
                "Symbology": "Present"
            }
        },
        {
            "type": "Feature",
            "geometry": {
                "type": "LineString",
                "coordinates": [
                    [
                        -104.77097689411511,
                        31.672444246496433
                    ],
                    [
                        -104.76975497578965,
                        31.673157966486382
                    ],
                    [
                        -104.76850526088168,
                        31.673628942256496
                    ],
                    [
                        -104.76776648816758,
                        31.674028028876727
                    ],
                    [
                        -104.76517763212466,
                        31.674563038286916
                    ],
                    [
                        -104.76311031709456,
                        31.67499022518705
                    ]
                ]
            },
            "properties": {
                "Abbrev": null,
                "Alpha": null,
                "Area": null,
                "CS_ID": null,
                "CYCLE": null,
                "CycleDsolv": null,
                "DESCRIPT": null,
                "FEATUREKEY": 95250.0,
                "FEATUREK_1": null,
                "FEATURETYP": "Photo_Panel",
                "FID_": null,
                "FID_Cross_": null,
                "FID_FanGeo": null,
                "FID_Fan_De": null,
                "FID_GIS_Re": null,
                "FID_Photo_": null,
                "FID_ftrip_": null,
                "FID_measur": null,
                "FID_patter": null,
                "FOURTH_ORD": null,
                "FOURTH_O_1": null,
                "FanID": null,
                "Fan_Del": null,
                "Fan_Del_sh": null,
                "FeatureT_1": null,
                "Geo_short": null,
                "Geography": null,
                "Gradient": null,
                "Hyperlink": null,
                "ID": 61,
                "Id": null,
                "Id_1": null,
                "LENGTH": 841.864,
                "Location": null,
                "MAPSYMBOL": "NFC",
                "MAP_SYMBOL": null,
                "MS_ID": null,
                "MidptX": null,
                "MidptY": null,
                "Mod_names": null,
                "NAME": "ColleenCanyon_NorthFace",
                "NAME_1": null,
                "Name": null,
                "OBJECTID": null,
                "OBJECTID_1": null,
                "ORDERBY": null,
                "ORIG_FID": null,
                "Offset": null,
                "PATTERNID": null,
                "PERSON": null,
                "PMLABEL": null,
                "PM_NAME": "ColleenCanyon_NorthFace",
                "PM_NAME_NE": null,
                "Pattern": null,
                "Profile": null,
                "REGION": null,
                "SECTIONARC": null,
                "SECTION_AB": null,
                "SOURCE": null,
                "STRAT_INTE": "F1-3",
                "SectionArc": null,
                "Shape_Ar_1": null,
                "Shape_Area": null,
                "Shape_Le_1": null,
                "Shape_Leng": 806.602796083,
                "Shape_Length": null,
                "Stop": null,
                "Stop_Num": null,
                "Symbology": "Missing"
            }
        },
        {
            "type": "Feature",
            "geometry": {
                "type": "LineString",
                "coordinates": [
                    [
                        -104.7644755001486,
                        31.66938404516014
                    ],
                    [
                        -104.75770038073519,
                        31.676225781837015
                    ]
                ]
            },
            "properties": {
                "Abbrev": null,
                "Alpha": null,
                "Area": null,
                "CS_ID": null,
                "CYCLE": null,
                "CycleDsolv": null,
                "DESCRIPT": null,
                "FEATUREKEY": 95251.0,
                "FEATUREK_1": null,
                "FEATURETYP": "Photo_Panel",
                "FID_": null,
                "FID_Cross_": null,
                "FID_FanGeo": null,
                "FID_Fan_De": null,
                "FID_GIS_Re": null,
                "FID_Photo_": null,
                "FID_ftrip_": null,
                "FID_measur": null,
                "FID_patter": null,
                "FOURTH_ORD": null,
                "FOURTH_O_1": null,
                "FanID": null,
                "Fan_Del": null,
                "Fan_Del_sh": null,
                "FeatureT_1": null,
                "Geo_short": null,
                "Geography": null,
                "Gradient": null,
                "Hyperlink": null,
                "ID": 63,
                "Id": null,
                "Id_1": null,
                "LENGTH": 1441.121,
                "Location": null,
                "MAPSYMBOL": "GrbnW",
                "MAP_SYMBOL": null,
                "MS_ID": null,
                "MidptX": null,
                "MidptY": null,
                "Mod_names": null,
                "NAME": "ColleenCanyon_WestGrabenFace",
                "NAME_1": null,
                "Name": null,
                "OBJECTID": null,
                "OBJECTID_1": null,
                "ORDERBY": null,
                "ORIG_FID": null,
                "Offset": null,
                "PATTERNID": null,
                "PERSON": null,
                "PMLABEL": null,
                "PM_NAME": "ColleenCanyon_WestGrabenFace",
                "PM_NAME_NE": null,
                "Pattern": null,
                "Profile": null,
                "REGION": null,
                "SECTIONARC": null,
                "SECTION_AB": null,
                "SOURCE": null,
                "STRAT_INTE": "F1-3",
                "SectionArc": null,
                "Shape_Ar_1": null,
                "Shape_Area": null,
                "Shape_Le_1": null,
                "Shape_Leng": 993.728070112,
                "Shape_Length": null,
                "Stop": null,
                "Stop_Num": null,
                "Symbology": "Present"
            }
        },
        {
            "type": "Feature",
            "geometry": {
                "type": "LineString",
                "coordinates": [
                    [
                        -104.77473807853512,
                        31.677789916817538
                    ],
                    [
                        -104.77223932670942,
                        31.672567839359353
                    ]
                ]
            },
            "properties": {
                "Abbrev": null,
                "Alpha": null,
                "Area": null,
                "CS_ID": null,
                "CYCLE": null,
                "CycleDsolv": null,
                "DESCRIPT": null,
                "FEATUREKEY": 95252.0,
                "FEATUREK_1": null,
                "FEATURETYP": "Photo_Panel",
                "FID_": null,
                "FID_Cross_": null,
                "FID_FanGeo": null,
                "FID_Fan_De": null,
                "FID_GIS_Re": null,
                "FID_Photo_": null,
                "FID_ftrip_": null,
                "FID_measur": null,
                "FID_patter": null,
                "FOURTH_ORD": null,
                "FOURTH_O_1": null,
                "FanID": null,
                "Fan_Del": null,
                "Fan_Del_sh": null,
                "FeatureT_1": null,
                "Geo_short": null,
                "Geography": null,
                "Gradient": null,
                "Hyperlink": null,
                "ID": 0,
                "Id": null,
                "Id_1": null,
                "LENGTH": 594.86,
                "Location": null,
                "MAPSYMBOL": "WFC-b",
                "MAP_SYMBOL": null,
                "MS_ID": null,
                "MidptX": null,
                "MidptY": null,
                "Mod_names": null,
                "NAME": "Colleen_WestFace_B",
                "NAME_1": null,
                "Name": null,
                "OBJECTID": null,
                "OBJECTID_1": null,
                "ORDERBY": null,
                "ORIG_FID": null,
                "Offset": null,
                "PATTERNID": null,
                "PERSON": null,
                "PMLABEL": null,
                "PM_NAME": "WestFColleenB",
                "PM_NAME_NE": null,
                "Pattern": null,
                "Profile": null,
                "REGION": null,
                "SECTIONARC": null,
                "SECTION_AB": null,
                "SOURCE": null,
                "STRAT_INTE": "F1-3",
                "SectionArc": null,
                "Shape_Ar_1": null,
                "Shape_Area": null,
                "Shape_Le_1": null,
                "Shape_Leng": 625.383299982,
                "Shape_Length": null,
                "Stop": null,
                "Stop_Num": null,
                "Symbology": "Missing"
            }
        },
        {
            "type": "Feature",
            "geometry": {
                "type": "LineString",
                "coordinates": [
                    [
                        -104.76137516327123,
                        31.678025506327057
                    ],
                    [
                        -104.76246883425047,
                        31.67617817617788
                    ],
                    [
                        -104.76301056989968,
                        31.67515991703648
                    ]
                ]
            },
            "properties": {
                "Abbrev": null,
                "Alpha": null,
                "Area": null,
                "CS_ID": null,
                "CYCLE": null,
                "CycleDsolv": null,
                "DESCRIPT": null,
                "FEATUREKEY": 95253.0,
                "FEATUREK_1": null,
                "FEATURETYP": "Photo_Panel",
                "FID_": null,
                "FID_Cross_": null,
                "FID_FanGeo": null,
                "FID_Fan_De": null,
                "FID_GIS_Re": null,
                "FID_Photo_": null,
                "FID_ftrip_": null,
                "FID_measur": null,
                "FID_patter": null,
                "FOURTH_ORD": null,
                "FOURTH_O_1": null,
                "FanID": null,
                "Fan_Del": null,
                "Fan_Del_sh": null,
                "FeatureT_1": null,
                "Geo_short": null,
                "Geography": null,
                "Gradient": null,
                "Hyperlink": null,
                "ID": 170,
                "Id": null,
                "Id_1": null,
                "LENGTH": 0.0,
                "Location": null,
                "MAPSYMBOL": "URdc",
                "MAP_SYMBOL": null,
                "MS_ID": null,
                "MidptX": null,
                "MidptY": null,
                "Mod_names": null,
                "NAME": "ColleenCanyon_UpperRoadcut",
                "NAME_1": null,
                "Name": null,
                "OBJECTID": null,
                "OBJECTID_1": null,
                "ORDERBY": null,
                "ORIG_FID": null,
                "Offset": null,
                "PATTERNID": null,
                "PERSON": null,
                "PMLABEL": null,
                "PM_NAME": "ColleenCanyon_UpperRoadcut",
                "PM_NAME_NE": null,
                "Pattern": null,
                "Profile": null,
                "REGION": null,
                "SECTIONARC": null,
                "SECTION_AB": null,
                "SOURCE": null,
                "STRAT_INTE": "F1-3",
                "SectionArc": null,
                "Shape_Ar_1": null,
                "Shape_Area": null,
                "Shape_Le_1": null,
                "Shape_Leng": 353.493383079,
                "Shape_Length": null,
                "Stop": null,
                "Stop_Num": null,
                "Symbology": "Present"
            }
        },
        {
            "type": "Feature",
            "geometry": {
                "type": "LineString",
                "coordinates": [
                    [
                        -104.7588135853045,
                        31.675898590031483
                    ],
                    [
                        -104.75837850578488,
                        31.67871506088612
                    ]
                ]
            },
            "properties": {
                "Abbrev": null,
                "Alpha": null,
                "Area": null,
                "CS_ID": null,
                "CYCLE": null,
                "CycleDsolv": null,
                "DESCRIPT": null,
                "FEATUREKEY": 95254.0,
                "FEATUREK_1": null,
                "FEATURETYP": "Photo_Panel",
                "FID_": null,
                "FID_Cross_": null,
                "FID_FanGeo": null,
                "FID_Fan_De": null,
                "FID_GIS_Re": null,
                "FID_Photo_": null,
                "FID_ftrip_": null,
                "FID_measur": null,
                "FID_patter": null,
                "FOURTH_ORD": null,
                "FOURTH_O_1": null,
                "FanID": null,
                "Fan_Del": null,
                "Fan_Del_sh": null,
                "FeatureT_1": null,
                "Geo_short": null,
                "Geography": null,
                "Gradient": null,
                "Hyperlink": null,
                "ID": 148,
                "Id": null,
                "Id_1": null,
                "LENGTH": 0.0,
                "Location": null,
                "MAPSYMBOL": "POG",
                "MAP_SYMBOL": null,
                "MS_ID": null,
                "MidptX": null,
                "MidptY": null,
                "Mod_names": null,
                "NAME": "Colleen_PinchOutGully_West",
                "NAME_1": null,
                "Name": null,
                "OBJECTID": null,
                "OBJECTID_1": null,
                "ORDERBY": null,
                "ORIG_FID": null,
                "Offset": null,
                "PATTERNID": null,
                "PERSON": null,
                "PMLABEL": null,
                "PM_NAME": "Pinchout Gully",
                "PM_NAME_NE": null,
                "Pattern": null,
                "Profile": null,
                "REGION": null,
                "SECTIONARC": null,
                "SECTION_AB": null,
                "SOURCE": null,
                "STRAT_INTE": "F1-3",
                "SectionArc": null,
                "Shape_Ar_1": null,
                "Shape_Area": null,
                "Shape_Le_1": null,
                "Shape_Leng": 314.881008709,
                "Shape_Length": null,
                "Stop": null,
                "Stop_Num": null,
                "Symbology": "Present"
            }
        },
        {
            "type": "Feature",
            "geometry": {
                "type": "LineString",
                "coordinates": [
                    [
                        -104.75735811648944,
                        31.676225133504836
                    ],
                    [
                        -104.75543240545792,
                        31.6764044083613
                    ],
                    [
                        -104.7537154180959,
                        31.678559820544542
                    ],
                    [
                        -104.75281656872879,
                        31.67870444017957
                    ]
                ]
            },
            "properties": {
                "Abbrev": null,
                "Alpha": null,
                "Area": null,
                "CS_ID": null,
                "CYCLE": null,
                "CycleDsolv": null,
                "DESCRIPT": null,
                "FEATUREKEY": 95255.0,
                "FEATUREK_1": null,
                "FEATURETYP": "Photo_Panel",
                "FID_": null,
                "FID_Cross_": null,
                "FID_FanGeo": null,
                "FID_Fan_De": null,
                "FID_GIS_Re": null,
                "FID_Photo_": null,
                "FID_ftrip_": null,
                "FID_measur": null,
                "FID_patter": null,
                "FOURTH_ORD": null,
                "FOURTH_O_1": null,
                "FanID": null,
                "Fan_Del": null,
                "Fan_Del_sh": null,
                "FeatureT_1": null,
                "Geo_short": null,
                "Geography": null,
                "Gradient": null,
                "Hyperlink": null,
                "ID": 64,
                "Id": null,
                "Id_1": null,
                "LENGTH": 0.0,
                "Location": null,
                "MAPSYMBOL": "GrbnE",
                "MAP_SYMBOL": null,
                "MS_ID": null,
                "MidptX": null,
                "MidptY": null,
                "Mod_names": null,
                "NAME": "ColleenCanyon_EastGrabenFace",
                "NAME_1": null,
                "Name": null,
                "OBJECTID": null,
                "OBJECTID_1": null,
                "ORDERBY": null,
                "ORIG_FID": null,
                "Offset": null,
                "PATTERNID": null,
                "PERSON": null,
                "PMLABEL": null,
                "PM_NAME": "ColleenCanyon_EastGrabenFace",
                "PM_NAME_NE": null,
                "Pattern": null,
                "Profile": null,
                "REGION": null,
                "SECTIONARC": null,
                "SECTION_AB": null,
                "SOURCE": null,
                "STRAT_INTE": "F1-3",
                "SectionArc": null,
                "Shape_Ar_1": null,
                "Shape_Area": null,
                "Shape_Le_1": null,
                "Shape_Leng": 559.371571864,
                "Shape_Length": null,
                "Stop": null,
                "Stop_Num": null,
                "Symbology": "Present"
            }
        },
        {
            "type": "Feature",
            "geometry": {
                "type": "LineString",
                "coordinates": [
                    [
                        -104.75241292990394,
                        31.679676735039266
                    ],
                    [
                        -104.75331807768558,
                        31.67463411422375
                    ]
                ]
            },
            "properties": {
                "Abbrev": null,
                "Alpha": null,
                "Area": null,
                "CS_ID": null,
                "CYCLE": null,
                "CycleDsolv": null,
                "DESCRIPT": null,
                "FEATUREKEY": 95256.0,
                "FEATUREK_1": null,
                "FEATURETYP": "Photo_Panel",
                "FID_": null,
                "FID_Cross_": null,
                "FID_FanGeo": null,
                "FID_Fan_De": null,
                "FID_GIS_Re": null,
                "FID_Photo_": null,
                "FID_ftrip_": null,
                "FID_measur": null,
                "FID_patter": null,
                "FOURTH_ORD": null,
                "FOURTH_O_1": null,
                "FanID": null,
                "Fan_Del": null,
                "Fan_Del_sh": null,
                "FeatureT_1": null,
                "Geo_short": null,
                "Geography": null,
                "Gradient": null,
                "Hyperlink": null,
                "ID": 183,
                "Id": null,
                "Id_1": null,
                "LENGTH": 717.463,
                "Location": null,
                "MAPSYMBOL": "C12-13",
                "MAP_SYMBOL": null,
                "MS_ID": null,
                "MidptX": null,
                "MidptY": null,
                "Mod_names": null,
                "NAME": "ColleenCanyon_Wall12_13",
                "NAME_1": null,
                "Name": null,
                "OBJECTID": null,
                "OBJECTID_1": null,
                "ORDERBY": null,
                "ORIG_FID": null,
                "Offset": null,
                "PATTERNID": null,
                "PERSON": null,
                "PMLABEL": null,
                "PM_NAME": "ColleenCanyon_Wall12_13",
                "PM_NAME_NE": null,
                "Pattern": null,
                "Profile": null,
                "REGION": null,
                "SECTIONARC": null,
                "SECTION_AB": null,
                "SOURCE": null,
                "STRAT_INTE": "F1-3",
                "SectionArc": null,
                "Shape_Ar_1": null,
                "Shape_Area": null,
                "Shape_Le_1": null,
                "Shape_Leng": 565.455333663,
                "Shape_Length": null,
                "Stop": null,
                "Stop_Num": null,
                "Symbology": "Present"
            }
        },
        {
            "type": "Feature",
            "geometry": {
                "type": "LineString",
                "coordinates": [
                    [
                        -104.76229013610576,
                        31.679321553192306
                    ],
                    [
                        -104.75781099996958,
                        31.680852775717184
                    ]
                ]
            },
            "properties": {
                "Abbrev": null,
                "Alpha": null,
                "Area": null,
                "CS_ID": null,
                "CYCLE": null,
                "CycleDsolv": null,
                "DESCRIPT": null,
                "FEATUREKEY": 95257.0,
                "FEATUREK_1": null,
                "FEATURETYP": "Photo_Panel",
                "FID_": null,
                "FID_Cross_": null,
                "FID_FanGeo": null,
                "FID_Fan_De": null,
                "FID_GIS_Re": null,
                "FID_Photo_": null,
                "FID_ftrip_": null,
                "FID_measur": null,
                "FID_patter": null,
                "FOURTH_ORD": null,
                "FOURTH_O_1": null,
                "FanID": null,
                "Fan_Del": null,
                "Fan_Del_sh": null,
                "FeatureT_1": null,
                "Geo_short": null,
                "Geography": null,
                "Gradient": null,
                "Hyperlink": null,
                "ID": 186,
                "Id": null,
                "Id_1": null,
                "LENGTH": 457.216,
                "Location": null,
                "MAPSYMBOL": "C8A",
                "MAP_SYMBOL": null,
                "MS_ID": null,
                "MidptX": null,
                "MidptY": null,
                "Mod_names": null,
                "NAME": "Colleen_8A",
                "NAME_1": null,
                "Name": null,
                "OBJECTID": null,
                "OBJECTID_1": null,
                "ORDERBY": null,
                "ORIG_FID": null,
                "Offset": null,
                "PATTERNID": null,
                "PERSON": null,
                "PMLABEL": null,
                "PM_NAME": "Colleen_8A",
                "PM_NAME_NE": null,
                "Pattern": null,
                "Profile": null,
                "REGION": null,
                "SECTIONARC": null,
                "SECTION_AB": null,
                "SOURCE": null,
                "STRAT_INTE": "F1-3",
                "SectionArc": null,
                "Shape_Ar_1": null,
                "Shape_Area": null,
                "Shape_Le_1": null,
                "Shape_Leng": 457.215910096,
                "Shape_Length": null,
                "Stop": null,
                "Stop_Num": null,
                "Symbology": "Present"
            }
        },
        {
            "type": "Feature",
            "geometry": {
                "type": "LineString",
                "coordinates": [
                    [
                        -104.75584041938922,
                        31.677065969608087
                    ],
                    [
                        -104.7544202529314,
                        31.679218717018333
                    ],
                    [
                        -104.75492889645851,
                        31.681419146530075
                    ]
                ]
            },
            "properties": {
                "Abbrev": null,
                "Alpha": null,
                "Area": null,
                "CS_ID": null,
                "CYCLE": null,
                "CycleDsolv": null,
                "DESCRIPT": null,
                "FEATUREKEY": 95258.0,
                "FEATUREK_1": null,
                "FEATURETYP": "Photo_Panel",
                "FID_": null,
                "FID_Cross_": null,
                "FID_FanGeo": null,
                "FID_Fan_De": null,
                "FID_GIS_Re": null,
                "FID_Photo_": null,
                "FID_ftrip_": null,
                "FID_measur": null,
                "FID_patter": null,
                "FOURTH_ORD": null,
                "FOURTH_O_1": null,
                "FanID": null,
                "Fan_Del": null,
                "Fan_Del_sh": null,
                "FeatureT_1": null,
                "Geo_short": null,
                "Geography": null,
                "Gradient": null,
                "Hyperlink": null,
                "ID": 182,
                "Id": null,
                "Id_1": null,
                "LENGTH": 522.565,
                "Location": null,
                "MAPSYMBOL": "C10A",
                "MAP_SYMBOL": null,
                "MS_ID": null,
                "MidptX": null,
                "MidptY": null,
                "Mod_names": null,
                "NAME": "Colleen 10A",
                "NAME_1": null,
                "Name": null,
                "OBJECTID": null,
                "OBJECTID_1": null,
                "ORDERBY": null,
                "ORIG_FID": null,
                "Offset": null,
                "PATTERNID": null,
                "PERSON": null,
                "PMLABEL": null,
                "PM_NAME": "Colleen 10A",
                "PM_NAME_NE": null,
                "Pattern": null,
                "Profile": null,
                "REGION": null,
                "SECTIONARC": null,
                "SECTION_AB": null,
                "SOURCE": null,
                "STRAT_INTE": "F1-3",
                "SectionArc": null,
                "Shape_Ar_1": null,
                "Shape_Area": null,
                "Shape_Le_1": null,
                "Shape_Leng": 522.564668293,
                "Shape_Length": null,
                "Stop": null,
                "Stop_Num": null,
                "Symbology": "Missing"
            }
        },
        {
            "type": "Feature",
            "geometry": {
                "type": "LineString",
                "coordinates": [
                    [
                        -104.77631190757329,
                        31.68223875961772
                    ],
                    [
                        -104.77630838262273,
                        31.682215734860666
                    ],
                    [
                        -104.77237873576712,
                        31.67358735052509
                    ],
                    [
                        -104.77131731559018,
                        31.672481257253903
                    ]
                ]
            },
            "properties": {
                "Abbrev": null,
                "Alpha": null,
                "Area": null,
                "CS_ID": null,
                "CYCLE": null,
                "CycleDsolv": null,
                "DESCRIPT": null,
                "FEATUREKEY": 95259.0,
                "FEATUREK_1": null,
                "FEATURETYP": "Photo_Panel",
                "FID_": null,
                "FID_Cross_": null,
                "FID_FanGeo": null,
                "FID_Fan_De": null,
                "FID_GIS_Re": null,
                "FID_Photo_": null,
                "FID_ftrip_": null,
                "FID_measur": null,
                "FID_patter": null,
                "FOURTH_ORD": null,
                "FOURTH_O_1": null,
                "FanID": null,
                "Fan_Del": null,
                "Fan_Del_sh": null,
                "FeatureT_1": null,
                "Geo_short": null,
                "Geography": null,
                "Gradient": null,
                "Hyperlink": null,
                "ID": 0,
                "Id": null,
                "Id_1": null,
                "LENGTH": 1082.361,
                "Location": null,
                "MAPSYMBOL": "WFC-a",
                "MAP_SYMBOL": null,
                "MS_ID": null,
                "MidptX": null,
                "MidptY": null,
                "Mod_names": null,
                "NAME": "Colleen_WestFace_A",
                "NAME_1": null,
                "Name": null,
                "OBJECTID": null,
                "OBJECTID_1": null,
                "ORDERBY": null,
                "ORIG_FID": null,
                "Offset": null,
                "PATTERNID": null,
                "PERSON": null,
                "PMLABEL": null,
                "PM_NAME": "WestFColleenA",
                "PM_NAME_NE": null,
                "Pattern": null,
                "Profile": null,
                "REGION": null,
                "SECTIONARC": null,
                "SECTION_AB": null,
                "SOURCE": null,
                "STRAT_INTE": "F1-3",
                "SectionArc": null,
                "Shape_Ar_1": null,
                "Shape_Area": null,
                "Shape_Le_1": null,
                "Shape_Leng": 1187.48390821,
                "Shape_Length": null,
                "Stop": null,
                "Stop_Num": null,
                "Symbology": "Missing"
            }
        },
        {
            "type": "Feature",
            "geometry": {
                "type": "LineString",
                "coordinates": [
                    [
                        -104.76642200389341,
                        31.685638983450986
                    ],
                    [
                        -104.7664136507682,
                        31.685634707879494
                    ],
                    [
                        -104.77040011410791,
                        31.682480204138635
                    ],
                    [
                        -104.77594677456283,
                        31.682180735627938
                    ]
                ]
            },
            "properties": {
                "Abbrev": null,
                "Alpha": null,
                "Area": null,
                "CS_ID": null,
                "CYCLE": null,
                "CycleDsolv": null,
                "DESCRIPT": null,
                "FEATUREKEY": 95261.0,
                "FEATUREK_1": null,
                "FEATURETYP": "Photo_Panel",
                "FID_": null,
                "FID_Cross_": null,
                "FID_FanGeo": null,
                "FID_Fan_De": null,
                "FID_GIS_Re": null,
                "FID_Photo_": null,
                "FID_ftrip_": null,
                "FID_measur": null,
                "FID_patter": null,
                "FOURTH_ORD": null,
                "FOURTH_O_1": null,
                "FanID": null,
                "Fan_Del": null,
                "Fan_Del_sh": null,
                "FeatureT_1": null,
                "Geo_short": null,
                "Geography": null,
                "Gradient": null,
                "Hyperlink": null,
                "ID": 158,
                "Id": null,
                "Id_1": null,
                "LENGTH": 1042.477,
                "Location": null,
                "MAPSYMBOL": "SVtg",
                "MAP_SYMBOL": null,
                "MS_ID": null,
                "MidptX": null,
                "MidptY": null,
                "Mod_names": null,
                "NAME": "VertigoCanyon_SouthWall",
                "NAME_1": null,
                "Name": null,
                "OBJECTID": null,
                "OBJECTID_1": null,
                "ORDERBY": null,
                "ORIG_FID": null,
                "Offset": null,
                "PATTERNID": null,
                "PERSON": null,
                "PMLABEL": null,
                "PM_NAME": "VertigoCanyon_SouthWall",
                "PM_NAME_NE": null,
                "Pattern": null,
                "Profile": null,
                "REGION": null,
                "SECTIONARC": null,
                "SECTION_AB": null,
                "SOURCE": null,
                "STRAT_INTE": "F1-3",
                "SectionArc": null,
                "Shape_Ar_1": null,
                "Shape_Area": null,
                "Shape_Le_1": null,
                "Shape_Leng": 1042.47726848,
                "Shape_Length": null,
                "Stop": null,
                "Stop_Num": null,
                "Symbology": "Present"
            }
        },
        {
            "type": "Feature",
            "geometry": {
                "type": "LineString",
                "coordinates": [
                    [
                        -104.76025252253318,
                        31.681583191700618
                    ],
                    [
                        -104.75033764634551,
                        31.686337045526663
                    ]
                ]
            },
            "properties": {
                "Abbrev": null,
                "Alpha": null,
                "Area": null,
                "CS_ID": null,
                "CYCLE": null,
                "CycleDsolv": null,
                "DESCRIPT": null,
                "FEATUREKEY": 95262.0,
                "FEATUREK_1": null,
                "FEATURETYP": "Photo_Panel",
                "FID_": null,
                "FID_Cross_": null,
                "FID_FanGeo": null,
                "FID_Fan_De": null,
                "FID_GIS_Re": null,
                "FID_Photo_": null,
                "FID_ftrip_": null,
                "FID_measur": null,
                "FID_patter": null,
                "FOURTH_ORD": null,
                "FOURTH_O_1": null,
                "FanID": null,
                "Fan_Del": null,
                "Fan_Del_sh": null,
                "FeatureT_1": null,
                "Geo_short": null,
                "Geography": null,
                "Gradient": null,
                "Hyperlink": null,
                "ID": 263,
                "Id": null,
                "Id_1": null,
                "LENGTH": 1077.37,
                "Location": null,
                "MAPSYMBOL": "WT11",
                "MAP_SYMBOL": null,
                "MS_ID": null,
                "MidptX": null,
                "MidptY": null,
                "Mod_names": null,
                "NAME": "Windtower11_Overview",
                "NAME_1": null,
                "Name": null,
                "OBJECTID": null,
                "OBJECTID_1": null,
                "ORDERBY": null,
                "ORIG_FID": null,
                "Offset": null,
                "PATTERNID": null,
                "PERSON": null,
                "PMLABEL": null,
                "PM_NAME": "Windtower11_Overview",
                "PM_NAME_NE": null,
                "Pattern": null,
                "Profile": null,
                "REGION": null,
                "SECTIONARC": null,
                "SECTION_AB": null,
                "SOURCE": null,
                "STRAT_INTE": "F4-5",
                "SectionArc": null,
                "Shape_Ar_1": null,
                "Shape_Area": null,
                "Shape_Le_1": null,
                "Shape_Leng": 1077.36957034,
                "Shape_Length": null,
                "Stop": null,
                "Stop_Num": null,
                "Symbology": "Present"
            }
        },
        {
            "type": "Feature",
            "geometry": {
                "type": "LineString",
                "coordinates": [
                    [
                        -104.77681472414096,
                        31.688986814860602
                    ],
                    [
                        -104.77339926659485,
                        31.68867151556847
                    ],
                    [
                        -104.76830016535602,
                        31.6866003979068
                    ],
                    [
                        -104.76642200389341,
                        31.685638983450986
                    ]
                ]
            },
            "properties": {
                "Abbrev": null,
                "Alpha": null,
                "Area": null,
                "CS_ID": null,
                "CYCLE": null,
                "CycleDsolv": null,
                "DESCRIPT": null,
                "FEATUREKEY": 95266.0,
                "FEATUREK_1": null,
                "FEATURETYP": "Photo_Panel",
                "FID_": null,
                "FID_Cross_": null,
                "FID_FanGeo": null,
                "FID_Fan_De": null,
                "FID_GIS_Re": null,
                "FID_Photo_": null,
                "FID_ftrip_": null,
                "FID_measur": null,
                "FID_patter": null,
                "FOURTH_ORD": null,
                "FOURTH_O_1": null,
                "FanID": null,
                "Fan_Del": null,
                "Fan_Del_sh": null,
                "FeatureT_1": null,
                "Geo_short": null,
                "Geography": null,
                "Gradient": null,
                "Hyperlink": null,
                "ID": 233,
                "Id": null,
                "Id_1": null,
                "LENGTH": 1068.065,
                "Location": null,
                "MAPSYMBOL": "NVtg",
                "MAP_SYMBOL": null,
                "MS_ID": null,
                "MidptX": null,
                "MidptY": null,
                "Mod_names": null,
                "NAME": "VertigoCanyon_NorthWall",
                "NAME_1": null,
                "Name": null,
                "OBJECTID": null,
                "OBJECTID_1": null,
                "ORDERBY": null,
                "ORIG_FID": null,
                "Offset": null,
                "PATTERNID": null,
                "PERSON": null,
                "PMLABEL": null,
                "PM_NAME": "NoVertigo",
                "PM_NAME_NE": null,
                "Pattern": null,
                "Profile": null,
                "REGION": null,
                "SECTIONARC": null,
                "SECTION_AB": null,
                "SOURCE": null,
                "STRAT_INTE": "F1-3",
                "SectionArc": null,
                "Shape_Ar_1": null,
                "Shape_Area": null,
                "Shape_Le_1": null,
                "Shape_Leng": 1068.06542008,
                "Shape_Length": null,
                "Stop": null,
                "Stop_Num": null,
                "Symbology": "Missing"
            }
        },
        {
            "type": "Feature",
            "geometry": {
                "type": "LineString",
                "coordinates": [
                    [
                        -104.75849034237902,
                        31.68346705598092
                    ],
                    [
                        -104.7578367559712,
                        31.68402349673064
                    ],
                    [
                        -104.75825265238413,
                        31.686386200666544
                    ],
                    [
                        -104.75705661212747,
                        31.689008287708344
                    ],
                    [
                        -104.75659539592202,
                        31.689335454982672
                    ]
                ]
            },
            "properties": {
                "Abbrev": null,
                "Alpha": null,
                "Area": null,
                "CS_ID": null,
                "CYCLE": null,
                "CycleDsolv": null,
                "DESCRIPT": null,
                "FEATUREKEY": 95267.0,
                "FEATUREK_1": null,
                "FEATURETYP": "Photo_Panel",
                "FID_": null,
                "FID_Cross_": null,
                "FID_FanGeo": null,
                "FID_Fan_De": null,
                "FID_GIS_Re": null,
                "FID_Photo_": null,
                "FID_ftrip_": null,
                "FID_measur": null,
                "FID_patter": null,
                "FOURTH_ORD": null,
                "FOURTH_O_1": null,
                "FanID": null,
                "Fan_Del": null,
                "Fan_Del_sh": null,
                "FeatureT_1": null,
                "Geo_short": null,
                "Geography": null,
                "Gradient": null,
                "Hyperlink": null,
                "ID": 188,
                "Id": null,
                "Id_1": null,
                "LENGTH": 720.983,
                "Location": null,
                "MAPSYMBOL": "Culv",
                "MAP_SYMBOL": null,
                "MS_ID": null,
                "MidptX": null,
                "MidptY": null,
                "Mod_names": null,
                "NAME": "ColleenCanyon_Culverts",
                "NAME_1": null,
                "Name": null,
                "OBJECTID": null,
                "OBJECTID_1": null,
                "ORDERBY": null,
                "ORIG_FID": null,
                "Offset": null,
                "PATTERNID": null,
                "PERSON": null,
                "PMLABEL": null,
                "PM_NAME": "Culverts",
                "PM_NAME_NE": null,
                "Pattern": null,
                "Profile": null,
                "REGION": null,
                "SECTIONARC": null,
                "SECTION_AB": null,
                "SOURCE": null,
                "STRAT_INTE": "F4",
                "SectionArc": null,
                "Shape_Ar_1": null,
                "Shape_Area": null,
                "Shape_Le_1": null,
                "Shape_Leng": 720.982739386,
                "Shape_Length": null,
                "Stop": null,
                "Stop_Num": null,
                "Symbology": "Present"
            }
        },
        {
            "type": "Feature",
            "geometry": {
                "type": "LineString",
                "coordinates": [
                    [
                        -104.76222998615582,
                        31.693215611097397
                    ],
                    [
                        -104.76106108365543,
                        31.692029198041794
                    ]
                ]
            },
            "properties": {
                "Abbrev": null,
                "Alpha": null,
                "Area": null,
                "CS_ID": null,
                "CYCLE": null,
                "CycleDsolv": null,
                "DESCRIPT": null,
                "FEATUREKEY": 95268.0,
                "FEATUREK_1": null,
                "FEATURETYP": "Photo_Panel",
                "FID_": null,
                "FID_Cross_": null,
                "FID_FanGeo": null,
                "FID_Fan_De": null,
                "FID_GIS_Re": null,
                "FID_Photo_": null,
                "FID_ftrip_": null,
                "FID_measur": null,
                "FID_patter": null,
                "FOURTH_ORD": null,
                "FOURTH_O_1": null,
                "FanID": null,
                "Fan_Del": null,
                "Fan_Del_sh": null,
                "FeatureT_1": null,
                "Geo_short": null,
                "Geography": null,
                "Gradient": null,
                "Hyperlink": null,
                "ID": 268,
                "Id": null,
                "Id_1": null,
                "LENGTH": 91.767,
                "Location": null,
                "MAPSYMBOL": "UVC",
                "MAP_SYMBOL": null,
                "MS_ID": null,
                "MidptX": null,
                "MidptY": null,
                "Mod_names": null,
                "NAME": "RockArt_South_Upper",
                "NAME_1": null,
                "Name": null,
                "OBJECTID": null,
                "OBJECTID_1": null,
                "ORDERBY": null,
                "ORIG_FID": null,
                "Offset": null,
                "PATTERNID": null,
                "PERSON": null,
                "PMLABEL": null,
                "PM_NAME": "UpperVertigoCyn",
                "PM_NAME_NE": null,
                "Pattern": null,
                "Profile": null,
                "REGION": null,
                "SECTIONARC": null,
                "SECTION_AB": null,
                "SOURCE": null,
                "STRAT_INTE": "F5",
                "SectionArc": null,
                "Shape_Ar_1": null,
                "Shape_Area": null,
                "Shape_Le_1": null,
                "Shape_Leng": 171.940247116,
                "Shape_Length": null,
                "Stop": null,
                "Stop_Num": null,
                "Symbology": "Missing"
            }
        },
        {
            "type": "Feature",
            "geometry": {
                "type": "LineString",
                "coordinates": [
                    [
                        -104.74971755469838,
                        31.69332432076041
                    ],
                    [
                        -104.74776185360636,
                        31.682328360156497
                    ]
                ]
            },
            "properties": {
                "Abbrev": null,
                "Alpha": null,
                "Area": null,
                "CS_ID": null,
                "CYCLE": null,
                "CycleDsolv": null,
                "DESCRIPT": null,
                "FEATUREKEY": 95269.0,
                "FEATUREK_1": null,
                "FEATURETYP": "Photo_Panel",
                "FID_": null,
                "FID_Cross_": null,
                "FID_FanGeo": null,
                "FID_Fan_De": null,
                "FID_GIS_Re": null,
                "FID_Photo_": null,
                "FID_ftrip_": null,
                "FID_measur": null,
                "FID_patter": null,
                "FOURTH_ORD": null,
                "FOURTH_O_1": null,
                "FanID": null,
                "Fan_Del": null,
                "Fan_Del_sh": null,
                "FeatureT_1": null,
                "Geo_short": null,
                "Geography": null,
                "Gradient": null,
                "Hyperlink": null,
                "ID": 102,
                "Id": null,
                "Id_1": null,
                "LENGTH": 1232.772,
                "Location": null,
                "MAPSYMBOL": "A-A'",
                "MAP_SYMBOL": null,
                "MS_ID": null,
                "MidptX": null,
                "MidptY": null,
                "Mod_names": null,
                "NAME": "Colleen_CigarWall",
                "NAME_1": null,
                "Name": null,
                "OBJECTID": null,
                "OBJECTID_1": null,
                "ORDERBY": null,
                "ORIG_FID": null,
                "Offset": null,
                "PATTERNID": null,
                "PERSON": null,
                "PMLABEL": null,
                "PM_NAME": "Colleen_CigarWall",
                "PM_NAME_NE": null,
                "Pattern": null,
                "Profile": null,
                "REGION": null,
                "SECTIONARC": null,
                "SECTION_AB": null,
                "SOURCE": null,
                "STRAT_INTE": "F4-5",
                "SectionArc": null,
                "Shape_Ar_1": null,
                "Shape_Area": null,
                "Shape_Le_1": null,
                "Shape_Leng": 1232.77234948,
                "Shape_Length": null,
                "Stop": null,
                "Stop_Num": null,
                "Symbology": "Present"
            }
        },
        {
            "type": "Feature",
            "geometry": {
                "type": "LineString",
                "coordinates": [
                    [
                        -104.76471630404518,
                        31.694238499729938
                    ],
                    [
                        -104.76533655992571,
                        31.69168089669073
                    ]
                ]
            },
            "properties": {
                "Abbrev": null,
                "Alpha": null,
                "Area": null,
                "CS_ID": null,
                "CYCLE": null,
                "CycleDsolv": null,
                "DESCRIPT": null,
                "FEATUREKEY": 95270.0,
                "FEATUREK_1": null,
                "FEATURETYP": "Photo_Panel",
                "FID_": null,
                "FID_Cross_": null,
                "FID_FanGeo": null,
                "FID_Fan_De": null,
                "FID_GIS_Re": null,
                "FID_Photo_": null,
                "FID_ftrip_": null,
                "FID_measur": null,
                "FID_patter": null,
                "FOURTH_ORD": null,
                "FOURTH_O_1": null,
                "FanID": null,
                "Fan_Del": null,
                "Fan_Del_sh": null,
                "FeatureT_1": null,
                "Geo_short": null,
                "Geography": null,
                "Gradient": null,
                "Hyperlink": null,
                "ID": 147,
                "Id": null,
                "Id_1": null,
                "LENGTH": 289.508,
                "Location": null,
                "MAPSYMBOL": "SPetro",
                "MAP_SYMBOL": null,
                "MS_ID": null,
                "MidptX": null,
                "MidptY": null,
                "Mod_names": null,
                "NAME": "RockArtCanyon_SouthPetroglyph",
                "NAME_1": null,
                "Name": null,
                "OBJECTID": null,
                "OBJECTID_1": null,
                "ORDERBY": null,
                "ORIG_FID": null,
                "Offset": null,
                "PATTERNID": null,
                "PERSON": null,
                "PMLABEL": null,
                "PM_NAME": "RockArtCanyon_SouthPetroglyph",
                "PM_NAME_NE": null,
                "Pattern": null,
                "Profile": null,
                "REGION": null,
                "SECTIONARC": null,
                "SECTION_AB": null,
                "SOURCE": null,
                "STRAT_INTE": "F4",
                "SectionArc": null,
                "Shape_Ar_1": null,
                "Shape_Area": null,
                "Shape_Le_1": null,
                "Shape_Leng": 289.507778334,
                "Shape_Length": null,
                "Stop": null,
                "Stop_Num": null,
                "Symbology": "Present"
            }
        },
        {
            "type": "Feature",
            "geometry": {
                "type": "LineString",
                "coordinates": [
                    [
                        -104.76946149618075,
                        31.695383127555683
                    ],
                    [
                        -104.76921248645657,
                        31.6922360985362
                    ]
                ]
            },
            "properties": {
                "Abbrev": null,
                "Alpha": null,
                "Area": null,
                "CS_ID": null,
                "CYCLE": null,
                "CycleDsolv": null,
                "DESCRIPT": null,
                "FEATUREKEY": 95271.0,
                "FEATUREK_1": null,
                "FEATURETYP": "Photo_Panel",
                "FID_": null,
                "FID_Cross_": null,
                "FID_FanGeo": null,
                "FID_Fan_De": null,
                "FID_GIS_Re": null,
                "FID_Photo_": null,
                "FID_ftrip_": null,
                "FID_measur": null,
                "FID_patter": null,
                "FOURTH_ORD": null,
                "FOURTH_O_1": null,
                "FanID": null,
                "Fan_Del": null,
                "Fan_Del_sh": null,
                "FeatureT_1": null,
                "Geo_short": null,
                "Geography": null,
                "Gradient": null,
                "Hyperlink": null,
                "ID": 160,
                "Id": null,
                "Id_1": null,
                "LENGTH": 0.0,
                "Location": null,
                "MAPSYMBOL": "DNA",
                "MAP_SYMBOL": null,
                "MS_ID": null,
                "MidptX": null,
                "MidptY": null,
                "Mod_names": null,
                "NAME": "RockArtCanyon_DNAChannel",
                "NAME_1": null,
                "Name": null,
                "OBJECTID": null,
                "OBJECTID_1": null,
                "ORDERBY": null,
                "ORIG_FID": null,
                "Offset": null,
                "PATTERNID": null,
                "PERSON": null,
                "PMLABEL": null,
                "PM_NAME": "RockArtCanyon_DNAChannel",
                "PM_NAME_NE": null,
                "Pattern": null,
                "Profile": null,
                "REGION": null,
                "SECTIONARC": null,
                "SECTION_AB": null,
                "SOURCE": null,
                "STRAT_INTE": "F1-3",
                "SectionArc": null,
                "Shape_Ar_1": null,
                "Shape_Area": null,
                "Shape_Le_1": null,
                "Shape_Leng": 349.604351424,
                "Shape_Length": null,
                "Stop": null,
                "Stop_Num": null,
                "Symbology": "Present"
            }
        },
        {
            "type": "Feature",
            "geometry": {
                "type": "LineString",
                "coordinates": [
                    [
                        -104.75808964448198,
                        31.690092790598932
                    ],
                    [
                        -104.757692361864,
                        31.69537354241595
                    ]
                ]
            },
            "properties": {
                "Abbrev": null,
                "Alpha": null,
                "Area": null,
                "CS_ID": null,
                "CYCLE": null,
                "CycleDsolv": null,
                "DESCRIPT": null,
                "FEATUREKEY": 95272.0,
                "FEATUREK_1": null,
                "FEATURETYP": "Photo_Panel",
                "FID_": null,
                "FID_Cross_": null,
                "FID_FanGeo": null,
                "FID_Fan_De": null,
                "FID_GIS_Re": null,
                "FID_Photo_": null,
                "FID_ftrip_": null,
                "FID_measur": null,
                "FID_patter": null,
                "FOURTH_ORD": null,
                "FOURTH_O_1": null,
                "FanID": null,
                "Fan_Del": null,
                "Fan_Del_sh": null,
                "FeatureT_1": null,
                "Geo_short": null,
                "Geography": null,
                "Gradient": null,
                "Hyperlink": null,
                "ID": 197,
                "Id": null,
                "Id_1": null,
                "LENGTH": 586.513,
                "Location": null,
                "MAPSYMBOL": "ERkln",
                "MAP_SYMBOL": null,
                "MS_ID": null,
                "MidptX": null,
                "MidptY": null,
                "Mod_names": null,
                "NAME": "EastRockleen",
                "NAME_1": null,
                "Name": null,
                "OBJECTID": null,
                "OBJECTID_1": null,
                "ORDERBY": null,
                "ORIG_FID": null,
                "Offset": null,
                "PATTERNID": null,
                "PERSON": null,
                "PMLABEL": null,
                "PM_NAME": "EastRockleen",
                "PM_NAME_NE": null,
                "Pattern": null,
                "Profile": null,
                "REGION": null,
                "SECTIONARC": null,
                "SECTION_AB": null,
                "SOURCE": null,
                "STRAT_INTE": "F4",
                "SectionArc": null,
                "Shape_Ar_1": null,
                "Shape_Area": null,
                "Shape_Le_1": null,
                "Shape_Leng": 586.512883718,
                "Shape_Length": null,
                "Stop": null,
                "Stop_Num": null,
                "Symbology": "Present"
            }
        },
        {
            "type": "Feature",
            "geometry": {
                "type": "LineString",
                "coordinates": [
                    [
                        -104.76417647102797,
                        31.69628419843414
                    ],
                    [
                        -104.7695642899341,
                        31.695537955495126
                    ],
                    [
                        -104.77761047331921,
                        31.692390481210627
                    ]
                ]
            },
            "properties": {
                "Abbrev": null,
                "Alpha": null,
                "Area": null,
                "CS_ID": null,
                "CYCLE": null,
                "CycleDsolv": null,
                "DESCRIPT": null,
                "FEATUREKEY": 95273.0,
                "FEATUREK_1": null,
                "FEATURETYP": "Photo_Panel",
                "FID_": null,
                "FID_Cross_": null,
                "FID_FanGeo": null,
                "FID_Fan_De": null,
                "FID_GIS_Re": null,
                "FID_Photo_": null,
                "FID_ftrip_": null,
                "FID_measur": null,
                "FID_patter": null,
                "FOURTH_ORD": null,
                "FOURTH_O_1": null,
                "FanID": null,
                "Fan_Del": null,
                "Fan_Del_sh": null,
                "FeatureT_1": null,
                "Geo_short": null,
                "Geography": null,
                "Gradient": null,
                "Hyperlink": null,
                "ID": 0,
                "Id": null,
                "Id_1": null,
                "LENGTH": 1355.795,
                "Location": null,
                "MAPSYMBOL": "Srac",
                "MAP_SYMBOL": null,
                "MS_ID": null,
                "MidptX": null,
                "MidptY": null,
                "Mod_names": null,
                "NAME": "RockArt_Low_South",
                "NAME_1": null,
                "Name": null,
                "OBJECTID": null,
                "OBJECTID_1": null,
                "ORDERBY": null,
                "ORIG_FID": null,
                "Offset": null,
                "PATTERNID": null,
                "PERSON": null,
                "PMLABEL": null,
                "PM_NAME": "SoRockArtLow",
                "PM_NAME_NE": null,
                "Pattern": null,
                "Profile": null,
                "REGION": null,
                "SECTIONARC": null,
                "SECTION_AB": null,
                "SOURCE": null,
                "STRAT_INTE": "F1-3",
                "SectionArc": null,
                "Shape_Ar_1": null,
                "Shape_Area": null,
                "Shape_Le_1": null,
                "Shape_Leng": 1355.79505948,
                "Shape_Length": null,
                "Stop": null,
                "Stop_Num": null,
                "Symbology": "Missing"
            }
        },
        {
            "type": "Feature",
            "geometry": {
                "type": "LineString",
                "coordinates": [
                    [
                        -104.77892546780318,
                        31.69921687096302
                    ],
                    [
                        -104.7773452404403,
                        31.688987738878
                    ],
                    [
                        -104.77631190757329,
                        31.68223875961772
                    ]
                ]
            },
            "properties": {
                "Abbrev": null,
                "Alpha": null,
                "Area": null,
                "CS_ID": null,
                "CYCLE": null,
                "CycleDsolv": null,
                "DESCRIPT": null,
                "FEATUREKEY": 95274.0,
                "FEATUREK_1": null,
                "FEATURETYP": "Photo_Panel",
                "FID_": null,
                "FID_Cross_": null,
                "FID_FanGeo": null,
                "FID_Fan_De": null,
                "FID_GIS_Re": null,
                "FID_Photo_": null,
                "FID_ftrip_": null,
                "FID_measur": null,
                "FID_patter": null,
                "FOURTH_ORD": null,
                "FOURTH_O_1": null,
                "FanID": null,
                "Fan_Del": null,
                "Fan_Del_sh": null,
                "FeatureT_1": null,
                "Geo_short": null,
                "Geography": null,
                "Gradient": null,
                "Hyperlink": null,
                "ID": 233,
                "Id": null,
                "Id_1": null,
                "LENGTH": 1898.031,
                "Location": null,
                "MAPSYMBOL": "WFVtg",
                "MAP_SYMBOL": null,
                "MS_ID": null,
                "MidptX": null,
                "MidptY": null,
                "Mod_names": null,
                "NAME": "VertigoColleen",
                "NAME_1": null,
                "Name": null,
                "OBJECTID": null,
                "OBJECTID_1": null,
                "ORDERBY": null,
                "ORIG_FID": null,
                "Offset": null,
                "PATTERNID": null,
                "PERSON": null,
                "PMLABEL": null,
                "PM_NAME": "VertigoColleen",
                "PM_NAME_NE": null,
                "Pattern": null,
                "Profile": null,
                "REGION": null,
                "SECTIONARC": null,
                "SECTION_AB": null,
                "SOURCE": null,
                "STRAT_INTE": "F1-3",
                "SectionArc": null,
                "Shape_Ar_1": null,
                "Shape_Area": null,
                "Shape_Le_1": null,
                "Shape_Leng": 1898.03058515,
                "Shape_Length": null,
                "Stop": null,
                "Stop_Num": null,
                "Symbology": "Present"
            }
        },
        {
            "type": "Feature",
            "geometry": {
                "type": "LineString",
                "coordinates": [
                    [
                        -104.77778892969421,
                        31.69913677643041
                    ],
                    [
                        -104.77381559723841,
                        31.699360213001366
                    ],
                    [
                        -104.7663857583225,
                        31.696838114316282
                    ]
                ]
            },
            "properties": {
                "Abbrev": null,
                "Alpha": null,
                "Area": null,
                "CS_ID": null,
                "CYCLE": null,
                "CycleDsolv": null,
                "DESCRIPT": null,
                "FEATUREKEY": 95275.0,
                "FEATUREK_1": null,
                "FEATURETYP": "Photo_Panel",
                "FID_": null,
                "FID_Cross_": null,
                "FID_FanGeo": null,
                "FID_Fan_De": null,
                "FID_GIS_Re": null,
                "FID_Photo_": null,
                "FID_ftrip_": null,
                "FID_measur": null,
                "FID_patter": null,
                "FOURTH_ORD": null,
                "FOURTH_O_1": null,
                "FanID": null,
                "Fan_Del": null,
                "Fan_Del_sh": null,
                "FeatureT_1": null,
                "Geo_short": null,
                "Geography": null,
                "Gradient": null,
                "Hyperlink": null,
                "ID": 0,
                "Id": null,
                "Id_1": null,
                "LENGTH": 1211.615,
                "Location": null,
                "MAPSYMBOL": "Nrac-b",
                "MAP_SYMBOL": null,
                "MS_ID": null,
                "MidptX": null,
                "MidptY": null,
                "Mod_names": null,
                "NAME": "RockArt_Low_North_B",
                "NAME_1": null,
                "Name": null,
                "OBJECTID": null,
                "OBJECTID_1": null,
                "ORDERBY": null,
                "ORIG_FID": null,
                "Offset": null,
                "PATTERNID": null,
                "PERSON": null,
                "PMLABEL": null,
                "PM_NAME": "NRockArtLowB",
                "PM_NAME_NE": null,
                "Pattern": null,
                "Profile": null,
                "REGION": null,
                "SECTIONARC": null,
                "SECTION_AB": null,
                "SOURCE": null,
                "STRAT_INTE": "F1-3",
                "SectionArc": null,
                "Shape_Ar_1": null,
                "Shape_Area": null,
                "Shape_Le_1": null,
                "Shape_Leng": 1134.89700452,
                "Shape_Length": null,
                "Stop": null,
                "Stop_Num": null,
                "Symbology": "Missing"
            }
        },
        {
            "type": "Feature",
            "geometry": {
                "type": "LineString",
                "coordinates": [
                    [
                        -104.77827154535383,
                        31.69927525035766
                    ],
                    [
                        -104.77405627134642,
                        31.699566836962013
                    ],
                    [
                        -104.76839045018797,
                        31.698869378343282
                    ]
                ]
            },
            "properties": {
                "Abbrev": null,
                "Alpha": null,
                "Area": null,
                "CS_ID": null,
                "CYCLE": null,
                "CycleDsolv": null,
                "DESCRIPT": null,
                "FEATUREKEY": 95276.0,
                "FEATUREK_1": null,
                "FEATURETYP": "Photo_Panel",
                "FID_": null,
                "FID_Cross_": null,
                "FID_FanGeo": null,
                "FID_Fan_De": null,
                "FID_GIS_Re": null,
                "FID_Photo_": null,
                "FID_ftrip_": null,
                "FID_measur": null,
                "FID_patter": null,
                "FOURTH_ORD": null,
                "FOURTH_O_1": null,
                "FanID": null,
                "Fan_Del": null,
                "Fan_Del_sh": null,
                "FeatureT_1": null,
                "Geo_short": null,
                "Geography": null,
                "Gradient": null,
                "Hyperlink": null,
                "ID": 144,
                "Id": null,
                "Id_1": null,
                "LENGTH": 985.633,
                "Location": null,
                "MAPSYMBOL": "Nrac-a",
                "MAP_SYMBOL": null,
                "MS_ID": null,
                "MidptX": null,
                "MidptY": null,
                "Mod_names": null,
                "NAME": "RockArt_Low_North_A",
                "NAME_1": null,
                "Name": null,
                "OBJECTID": null,
                "OBJECTID_1": null,
                "ORDERBY": null,
                "ORIG_FID": null,
                "Offset": null,
                "PATTERNID": null,
                "PERSON": null,
                "PMLABEL": null,
                "PM_NAME": "RockArt_Low_North_A",
                "PM_NAME_NE": null,
                "Pattern": null,
                "Profile": null,
                "REGION": null,
                "SECTIONARC": null,
                "SECTION_AB": null,
                "SOURCE": null,
                "STRAT_INTE": "F1-3",
                "SectionArc": null,
                "Shape_Ar_1": null,
                "Shape_Area": null,
                "Shape_Le_1": null,
                "Shape_Leng": 943.215922335,
                "Shape_Length": null,
                "Stop": null,
                "Stop_Num": null,
                "Symbology": "Present"
            }
        },
        {
            "type": "Feature",
            "geometry": {
                "type": "LineString",
                "coordinates": [
                    [
                        -104.76067322859173,
                        31.699971764832036
                    ],
                    [
                        -104.76221818999517,
                        31.695939709438075
                    ],
                    [
                        -104.76594606102942,
                        31.693420646325357
                    ]
                ]
            },
            "properties": {
                "Abbrev": null,
                "Alpha": null,
                "Area": null,
                "CS_ID": null,
                "CYCLE": null,
                "CycleDsolv": null,
                "DESCRIPT": null,
                "FEATUREKEY": 95277.0,
                "FEATUREK_1": null,
                "FEATURETYP": "Photo_Panel",
                "FID_": null,
                "FID_Cross_": null,
                "FID_FanGeo": null,
                "FID_Fan_De": null,
                "FID_GIS_Re": null,
                "FID_Photo_": null,
                "FID_ftrip_": null,
                "FID_measur": null,
                "FID_patter": null,
                "FOURTH_ORD": null,
                "FOURTH_O_1": null,
                "FanID": null,
                "Fan_Del": null,
                "Fan_Del_sh": null,
                "FeatureT_1": null,
                "Geo_short": null,
                "Geography": null,
                "Gradient": null,
                "Hyperlink": null,
                "ID": 146,
                "Id": null,
                "Id_1": null,
                "LENGTH": 920.572,
                "Location": null,
                "MAPSYMBOL": "SRA",
                "MAP_SYMBOL": null,
                "MS_ID": null,
                "MidptX": null,
                "MidptY": null,
                "Mod_names": null,
                "NAME": "RockArtCanyon_South",
                "NAME_1": null,
                "Name": null,
                "OBJECTID": null,
                "OBJECTID_1": null,
                "ORDERBY": null,
                "ORIG_FID": null,
                "Offset": null,
                "PATTERNID": null,
                "PERSON": null,
                "PMLABEL": null,
                "PM_NAME": "RockArtCanyon_South",
                "PM_NAME_NE": null,
                "Pattern": null,
                "Profile": null,
                "REGION": null,
                "SECTIONARC": null,
                "SECTION_AB": null,
                "SOURCE": null,
                "STRAT_INTE": "F4",
                "SectionArc": null,
                "Shape_Ar_1": null,
                "Shape_Area": null,
                "Shape_Le_1": null,
                "Shape_Leng": 920.571680158,
                "Shape_Length": null,
                "Stop": null,
                "Stop_Num": null,
                "Symbology": "Present"
            }
        },
        {
            "type": "Feature",
            "geometry": {
                "type": "LineString",
                "coordinates": [
                    [
                        -104.76101080520968,
                        31.700887000376696
                    ],
                    [
                        -104.76208754253813,
                        31.699937682544967
                    ]
                ]
            },
            "properties": {
                "Abbrev": null,
                "Alpha": null,
                "Area": null,
                "CS_ID": null,
                "CYCLE": null,
                "CycleDsolv": null,
                "DESCRIPT": null,
                "FEATUREKEY": 95278.0,
                "FEATUREK_1": null,
                "FEATURETYP": "Photo_Panel",
                "FID_": null,
                "FID_Cross_": null,
                "FID_FanGeo": null,
                "FID_Fan_De": null,
                "FID_GIS_Re": null,
                "FID_Photo_": null,
                "FID_ftrip_": null,
                "FID_measur": null,
                "FID_patter": null,
                "FOURTH_ORD": null,
                "FOURTH_O_1": null,
                "FanID": null,
                "Fan_Del": null,
                "Fan_Del_sh": null,
                "FeatureT_1": null,
                "Geo_short": null,
                "Geography": null,
                "Gradient": null,
                "Hyperlink": null,
                "ID": 232,
                "Id": null,
                "Id_1": null,
                "LENGTH": 146.569,
                "Location": null,
                "MAPSYMBOL": "SRC",
                "MAP_SYMBOL": null,
                "MS_ID": null,
                "MidptX": null,
                "MidptY": null,
                "Mod_names": null,
                "NAME": "RockArt_RedChannel",
                "NAME_1": null,
                "Name": null,
                "OBJECTID": null,
                "OBJECTID_1": null,
                "ORDERBY": null,
                "ORIG_FID": null,
                "Offset": null,
                "PATTERNID": null,
                "PERSON": null,
                "PMLABEL": null,
                "PM_NAME": "RockArt_RedChannel",
                "PM_NAME_NE": null,
                "Pattern": null,
                "Profile": null,
                "REGION": null,
                "SECTIONARC": null,
                "SECTION_AB": null,
                "SOURCE": null,
                "STRAT_INTE": "F4",
                "SectionArc": null,
                "Shape_Ar_1": null,
                "Shape_Area": null,
                "Shape_Le_1": null,
                "Shape_Leng": 146.569015392,
                "Shape_Length": null,
                "Stop": null,
                "Stop_Num": null,
                "Symbology": "Present"
            }
        },
        {
            "type": "Feature",
            "geometry": {
                "type": "LineString",
                "coordinates": [
                    [
                        -104.76535147876436,
                        31.701054775041314
                    ],
                    [
                        -104.7669384702526,
                        31.69933544752088
                    ],
                    [
                        -104.76665295464574,
                        31.698432807146087
                    ]
                ]
            },
            "properties": {
                "Abbrev": null,
                "Alpha": null,
                "Area": null,
                "CS_ID": null,
                "CYCLE": null,
                "CycleDsolv": null,
                "DESCRIPT": null,
                "FEATUREKEY": 95279.0,
                "FEATUREK_1": null,
                "FEATURETYP": "Photo_Panel",
                "FID_": null,
                "FID_Cross_": null,
                "FID_FanGeo": null,
                "FID_Fan_De": null,
                "FID_GIS_Re": null,
                "FID_Photo_": null,
                "FID_ftrip_": null,
                "FID_measur": null,
                "FID_patter": null,
                "FOURTH_ORD": null,
                "FOURTH_O_1": null,
                "FanID": null,
                "Fan_Del": null,
                "Fan_Del_sh": null,
                "FeatureT_1": null,
                "Geo_short": null,
                "Geography": null,
                "Gradient": null,
                "Hyperlink": null,
                "ID": 0,
                "Id": null,
                "Id_1": null,
                "LENGTH": 346.4,
                "Location": null,
                "MAPSYMBOL": "NRA",
                "MAP_SYMBOL": null,
                "MS_ID": null,
                "MidptX": null,
                "MidptY": null,
                "Mod_names": null,
                "NAME": "RockArt_NW",
                "NAME_1": null,
                "Name": null,
                "OBJECTID": null,
                "OBJECTID_1": null,
                "ORDERBY": null,
                "ORIG_FID": null,
                "Offset": null,
                "PATTERNID": null,
                "PERSON": null,
                "PMLABEL": null,
                "PM_NAME": "NoRockArt",
                "PM_NAME_NE": null,
                "Pattern": null,
                "Profile": null,
                "REGION": null,
                "SECTIONARC": null,
                "SECTION_AB": null,
                "SOURCE": null,
                "STRAT_INTE": "F4",
                "SectionArc": null,
                "Shape_Ar_1": null,
                "Shape_Area": null,
                "Shape_Le_1": null,
                "Shape_Leng": 346.399605955,
                "Shape_Length": null,
                "Stop": null,
                "Stop_Num": null,
                "Symbology": "Missing"
            }
        },
        {
            "type": "Feature",
            "geometry": {
                "type": "LineString",
                "coordinates": [
                    [
                        -104.76631795213103,
                        31.6981451574428
                    ],
                    [
                        -104.7642547661742,
                        31.698510419080208
                    ],
                    [
                        -104.76219021284413,
                        31.699408718283042
                    ],
                    [
                        -104.7606405827671,
                        31.700650038405076
                    ]
                ]
            },
            "properties": {
                "Abbrev": null,
                "Alpha": null,
                "Area": null,
                "CS_ID": null,
                "CYCLE": null,
                "CycleDsolv": null,
                "DESCRIPT": null,
                "FEATUREKEY": 95280.0,
                "FEATUREK_1": null,
                "FEATURETYP": "Photo_Panel",
                "FID_": null,
                "FID_Cross_": null,
                "FID_FanGeo": null,
                "FID_Fan_De": null,
                "FID_GIS_Re": null,
                "FID_Photo_": null,
                "FID_ftrip_": null,
                "FID_measur": null,
                "FID_patter": null,
                "FOURTH_ORD": null,
                "FOURTH_O_1": null,
                "FanID": null,
                "Fan_Del": null,
                "Fan_Del_sh": null,
                "FeatureT_1": null,
                "Geo_short": null,
                "Geography": null,
                "Gradient": null,
                "Hyperlink": null,
                "ID": 110,
                "Id": null,
                "Id_1": null,
                "LENGTH": 813.425,
                "Location": null,
                "MAPSYMBOL": "RAC",
                "MAP_SYMBOL": null,
                "MS_ID": null,
                "MidptX": null,
                "MidptY": null,
                "Mod_names": null,
                "NAME": "RockArtCanyon_NorthFace",
                "NAME_1": null,
                "Name": null,
                "OBJECTID": null,
                "OBJECTID_1": null,
                "ORDERBY": null,
                "ORIG_FID": null,
                "Offset": null,
                "PATTERNID": null,
                "PERSON": null,
                "PMLABEL": null,
                "PM_NAME": "RockArt Canyon",
                "PM_NAME_NE": null,
                "Pattern": null,
                "Profile": null,
                "REGION": null,
                "SECTIONARC": null,
                "SECTION_AB": null,
                "SOURCE": null,
                "STRAT_INTE": "F4",
                "SectionArc": null,
                "Shape_Ar_1": null,
                "Shape_Area": null,
                "Shape_Le_1": null,
                "Shape_Leng": 620.422324671,
                "Shape_Length": null,
                "Stop": null,
                "Stop_Num": null,
                "Symbology": "Missing"
            }
        },
        {
            "type": "Feature",
            "geometry": {
                "type": "LineString",
                "coordinates": [
                    [
                        -104.76137071694217,
                        31.70104741066327
                    ],
                    [
                        -104.76036144109555,
                        31.701865630560583
                    ],
                    [
                        -104.75853711414021,
                        31.70255929117733
                    ]
                ]
            },
            "properties": {
                "Abbrev": null,
                "Alpha": null,
                "Area": null,
                "CS_ID": null,
                "CYCLE": null,
                "CycleDsolv": null,
                "DESCRIPT": null,
                "FEATUREKEY": 95281.0,
                "FEATUREK_1": null,
                "FEATURETYP": "Photo_Panel",
                "FID_": null,
                "FID_Cross_": null,
                "FID_FanGeo": null,
                "FID_Fan_De": null,
                "FID_GIS_Re": null,
                "FID_Photo_": null,
                "FID_ftrip_": null,
                "FID_measur": null,
                "FID_patter": null,
                "FOURTH_ORD": null,
                "FOURTH_O_1": null,
                "FanID": null,
                "Fan_Del": null,
                "Fan_Del_sh": null,
                "FeatureT_1": null,
                "Geo_short": null,
                "Geography": null,
                "Gradient": null,
                "Hyperlink": null,
                "ID": 236,
                "Id": null,
                "Id_1": null,
                "LENGTH": 321.004,
                "Location": null,
                "MAPSYMBOL": "URA",
                "MAP_SYMBOL": null,
                "MS_ID": null,
                "MidptX": null,
                "MidptY": null,
                "Mod_names": null,
                "NAME": "RockArt_Upper_F5",
                "NAME_1": null,
                "Name": null,
                "OBJECTID": null,
                "OBJECTID_1": null,
                "ORDERBY": null,
                "ORIG_FID": null,
                "Offset": null,
                "PATTERNID": null,
                "PERSON": null,
                "PMLABEL": null,
                "PM_NAME": "UpperRockArt",
                "PM_NAME_NE": null,
                "Pattern": null,
                "Profile": null,
                "REGION": null,
                "SECTIONARC": null,
                "SECTION_AB": null,
                "SOURCE": null,
                "STRAT_INTE": "F5",
                "SectionArc": null,
                "Shape_Ar_1": null,
                "Shape_Area": null,
                "Shape_Le_1": null,
                "Shape_Leng": 321.004005274,
                "Shape_Length": null,
                "Stop": null,
                "Stop_Num": null,
                "Symbology": "Missing"
            }
        },
        {
            "type": "Feature",
            "geometry": {
                "type": "LineString",
                "coordinates": [
                    [
                        -104.76795457805117,
                        31.7013557634786
                    ],
                    [
                        -104.7644822082009,
                        31.703431490287393
                    ]
                ]
            },
            "properties": {
                "Abbrev": null,
                "Alpha": null,
                "Area": null,
                "CS_ID": null,
                "CYCLE": null,
                "CycleDsolv": null,
                "DESCRIPT": null,
                "FEATUREKEY": 95282.0,
                "FEATUREK_1": null,
                "FEATURETYP": "Photo_Panel",
                "FID_": null,
                "FID_Cross_": null,
                "FID_FanGeo": null,
                "FID_Fan_De": null,
                "FID_GIS_Re": null,
                "FID_Photo_": null,
                "FID_ftrip_": null,
                "FID_measur": null,
                "FID_patter": null,
                "FOURTH_ORD": null,
                "FOURTH_O_1": null,
                "FanID": null,
                "Fan_Del": null,
                "Fan_Del_sh": null,
                "FeatureT_1": null,
                "Geo_short": null,
                "Geography": null,
                "Gradient": null,
                "Hyperlink": null,
                "ID": 234,
                "Id": null,
                "Id_1": null,
                "LENGTH": 466.535,
                "Location": null,
                "MAPSYMBOL": "NRARd",
                "MAP_SYMBOL": null,
                "MS_ID": null,
                "MidptX": null,
                "MidptY": null,
                "Mod_names": null,
                "NAME": "RockArtRoad_North",
                "NAME_1": null,
                "Name": null,
                "OBJECTID": null,
                "OBJECTID_1": null,
                "ORDERBY": null,
                "ORIG_FID": null,
                "Offset": null,
                "PATTERNID": null,
                "PERSON": null,
                "PMLABEL": null,
                "PM_NAME": "RockArtRoad_North",
                "PM_NAME_NE": null,
                "Pattern": null,
                "Profile": null,
                "REGION": null,
                "SECTIONARC": null,
                "SECTION_AB": null,
                "SOURCE": null,
                "STRAT_INTE": "F4",
                "SectionArc": null,
                "Shape_Ar_1": null,
                "Shape_Area": null,
                "Shape_Le_1": null,
                "Shape_Leng": 401.501201196,
                "Shape_Length": null,
                "Stop": null,
                "Stop_Num": null,
                "Symbology": "Present"
            }
        },
        {
            "type": "Feature",
            "geometry": {
                "type": "LineString",
                "coordinates": [
                    [
                        -104.76390583666388,
                        31.703758470905647
                    ],
                    [
                        -104.76429716150362,
                        31.700724793294196
                    ]
                ]
            },
            "properties": {
                "Abbrev": null,
                "Alpha": null,
                "Area": null,
                "CS_ID": null,
                "CYCLE": null,
                "CycleDsolv": null,
                "DESCRIPT": null,
                "FEATUREKEY": 95283.0,
                "FEATUREK_1": null,
                "FEATURETYP": "Photo_Panel",
                "FID_": null,
                "FID_Cross_": null,
                "FID_FanGeo": null,
                "FID_Fan_De": null,
                "FID_GIS_Re": null,
                "FID_Photo_": null,
                "FID_ftrip_": null,
                "FID_measur": null,
                "FID_patter": null,
                "FOURTH_ORD": null,
                "FOURTH_O_1": null,
                "FanID": null,
                "Fan_Del": null,
                "Fan_Del_sh": null,
                "FeatureT_1": null,
                "Geo_short": null,
                "Geography": null,
                "Gradient": null,
                "Hyperlink": null,
                "ID": 235,
                "Id": null,
                "Id_1": null,
                "LENGTH": 338.283,
                "Location": null,
                "MAPSYMBOL": "SRARd",
                "MAP_SYMBOL": null,
                "MS_ID": null,
                "MidptX": null,
                "MidptY": null,
                "Mod_names": null,
                "NAME": "RockArtRoad_South",
                "NAME_1": null,
                "Name": null,
                "OBJECTID": null,
                "OBJECTID_1": null,
                "ORDERBY": null,
                "ORIG_FID": null,
                "Offset": null,
                "PATTERNID": null,
                "PERSON": null,
                "PMLABEL": null,
                "PM_NAME": "RockArtRoad_South",
                "PM_NAME_NE": null,
                "Pattern": null,
                "Profile": null,
                "REGION": null,
                "SECTIONARC": null,
                "SECTION_AB": null,
                "SOURCE": null,
                "STRAT_INTE": "F4",
                "SectionArc": null,
                "Shape_Ar_1": null,
                "Shape_Area": null,
                "Shape_Le_1": null,
                "Shape_Leng": 338.283059113,
                "Shape_Length": null,
                "Stop": null,
                "Stop_Num": null,
                "Symbology": "Present"
            }
        },
        {
            "type": "Feature",
            "geometry": {
                "type": "LineString",
                "coordinates": [
                    [
                        -104.78013239418513,
                        31.70702805856207
                    ],
                    [
                        -104.77892546780318,
                        31.69921687096302
                    ]
                ]
            },
            "properties": {
                "Abbrev": null,
                "Alpha": null,
                "Area": null,
                "CS_ID": null,
                "CYCLE": null,
                "CycleDsolv": null,
                "DESCRIPT": null,
                "FEATUREKEY": 95284.0,
                "FEATUREK_1": null,
                "FEATURETYP": "Photo_Panel",
                "FID_": null,
                "FID_Cross_": null,
                "FID_FanGeo": null,
                "FID_Fan_De": null,
                "FID_GIS_Re": null,
                "FID_Photo_": null,
                "FID_ftrip_": null,
                "FID_measur": null,
                "FID_patter": null,
                "FOURTH_ORD": null,
                "FOURTH_O_1": null,
                "FanID": null,
                "Fan_Del": null,
                "Fan_Del_sh": null,
                "FeatureT_1": null,
                "Geo_short": null,
                "Geography": null,
                "Gradient": null,
                "Hyperlink": null,
                "ID": 152,
                "Id": null,
                "Id_1": null,
                "LENGTH": 873.29,
                "Location": null,
                "MAPSYMBOL": "PPt",
                "MAP_SYMBOL": null,
                "MS_ID": null,
                "MidptX": null,
                "MidptY": null,
                "Mod_names": null,
                "NAME": "PanoramaPt_RockArt",
                "NAME_1": null,
                "Name": null,
                "OBJECTID": null,
                "OBJECTID_1": null,
                "ORDERBY": null,
                "ORIG_FID": null,
                "Offset": null,
                "PATTERNID": null,
                "PERSON": null,
                "PMLABEL": null,
                "PM_NAME": "PanoramaPt_RockArt",
                "PM_NAME_NE": null,
                "Pattern": null,
                "Profile": null,
                "REGION": null,
                "SECTIONARC": null,
                "SECTION_AB": null,
                "SOURCE": null,
                "STRAT_INTE": "F1-4",
                "SectionArc": null,
                "Shape_Ar_1": null,
                "Shape_Area": null,
                "Shape_Le_1": null,
                "Shape_Leng": 873.289636784,
                "Shape_Length": null,
                "Stop": null,
                "Stop_Num": null,
                "Symbology": "Present"
            }
        },
        {
            "type": "Feature",
            "geometry": {
                "type": "LineString",
                "coordinates": [
                    [
                        -104.74814646939893,
                        31.692599545981903
                    ],
                    [
                        -104.74844847179038,
                        31.694437182882314
                    ],
                    [
                        -104.74981156782353,
                        31.701230349819983
                    ],
                    [
                        -104.7532866621734,
                        31.707502720572794
                    ]
                ]
            },
            "properties": {
                "Abbrev": null,
                "Alpha": null,
                "Area": null,
                "CS_ID": null,
                "CYCLE": null,
                "CycleDsolv": null,
                "DESCRIPT": null,
                "FEATUREKEY": 95285.0,
                "FEATUREK_1": null,
                "FEATURETYP": "Photo_Panel",
                "FID_": null,
                "FID_Cross_": null,
                "FID_FanGeo": null,
                "FID_Fan_De": null,
                "FID_GIS_Re": null,
                "FID_Photo_": null,
                "FID_ftrip_": null,
                "FID_measur": null,
                "FID_patter": null,
                "FOURTH_ORD": null,
                "FOURTH_O_1": null,
                "FanID": null,
                "Fan_Del": null,
                "Fan_Del_sh": null,
                "FeatureT_1": null,
                "Geo_short": null,
                "Geography": null,
                "Gradient": null,
                "Hyperlink": null,
                "ID": 239,
                "Id": null,
                "Id_1": null,
                "LENGTH": 1738.869,
                "Location": null,
                "MAPSYMBOL": "OFR",
                "MAP_SYMBOL": null,
                "MS_ID": null,
                "MidptX": null,
                "MidptY": null,
                "Mod_names": null,
                "NAME": "OFR",
                "NAME_1": null,
                "Name": null,
                "OBJECTID": null,
                "OBJECTID_1": null,
                "ORDERBY": null,
                "ORIG_FID": null,
                "Offset": null,
                "PATTERNID": null,
                "PERSON": null,
                "PMLABEL": null,
                "PM_NAME": "OFR",
                "PM_NAME_NE": null,
                "Pattern": null,
                "Profile": null,
                "REGION": null,
                "SECTIONARC": null,
                "SECTION_AB": null,
                "SOURCE": null,
                "STRAT_INTE": "F5",
                "SectionArc": null,
                "Shape_Ar_1": null,
                "Shape_Area": null,
                "Shape_Le_1": null,
                "Shape_Leng": 1738.86940029,
                "Shape_Length": null,
                "Stop": null,
                "Stop_Num": null,
                "Symbology": "Present"
            }
        },
        {
            "type": "Feature",
            "geometry": {
                "type": "LineString",
                "coordinates": [
                    [
                        -104.76684426292444,
                        31.70838086757094
                    ],
                    [
                        -104.7659381526302,
                        31.70628793552974
                    ],
                    [
                        -104.76767134651817,
                        31.7036667499128
                    ],
                    [
                        -104.76786837139517,
                        31.701575830745654
                    ]
                ]
            },
            "properties": {
                "Abbrev": null,
                "Alpha": null,
                "Area": null,
                "CS_ID": null,
                "CYCLE": null,
                "CycleDsolv": null,
                "DESCRIPT": null,
                "FEATUREKEY": 95286.0,
                "FEATUREK_1": null,
                "FEATURETYP": "Photo_Panel",
                "FID_": null,
                "FID_Cross_": null,
                "FID_FanGeo": null,
                "FID_Fan_De": null,
                "FID_GIS_Re": null,
                "FID_Photo_": null,
                "FID_ftrip_": null,
                "FID_measur": null,
                "FID_patter": null,
                "FOURTH_ORD": null,
                "FOURTH_O_1": null,
                "FanID": null,
                "Fan_Del": null,
                "Fan_Del_sh": null,
                "FeatureT_1": null,
                "Geo_short": null,
                "Geography": null,
                "Gradient": null,
                "Hyperlink": null,
                "ID": 207,
                "Id": null,
                "Id_1": null,
                "LENGTH": 813.59,
                "Location": null,
                "MAPSYMBOL": "FP",
                "MAP_SYMBOL": null,
                "MS_ID": null,
                "MidptX": null,
                "MidptY": null,
                "Mod_names": null,
                "NAME": "FauxPopo",
                "NAME_1": null,
                "Name": null,
                "OBJECTID": null,
                "OBJECTID_1": null,
                "ORDERBY": null,
                "ORIG_FID": null,
                "Offset": null,
                "PATTERNID": null,
                "PERSON": null,
                "PMLABEL": null,
                "PM_NAME": "Faux Popo",
                "PM_NAME_NE": null,
                "Pattern": null,
                "Profile": null,
                "REGION": null,
                "SECTIONARC": null,
                "SECTION_AB": null,
                "SOURCE": null,
                "STRAT_INTE": "F4",
                "SectionArc": null,
                "Shape_Ar_1": null,
                "Shape_Area": null,
                "Shape_Le_1": null,
                "Shape_Leng": 813.590230139,
                "Shape_Length": null,
                "Stop": null,
                "Stop_Num": null,
                "Symbology": "Present"
            }
        },
        {
            "type": "Feature",
            "geometry": {
                "type": "LineString",
                "coordinates": [
                    [
                        -104.76544964681891,
                        31.711407314368763
                    ],
                    [
                        -104.7638957949765,
                        31.710606411187232
                    ],
                    [
                        -104.76068286546202,
                        31.70962505170077
                    ]
                ]
            },
            "properties": {
                "Abbrev": null,
                "Alpha": null,
                "Area": null,
                "CS_ID": null,
                "CYCLE": null,
                "CycleDsolv": null,
                "DESCRIPT": null,
                "FEATUREKEY": 95287.0,
                "FEATUREK_1": null,
                "FEATURETYP": "Photo_Panel",
                "FID_": null,
                "FID_Cross_": null,
                "FID_FanGeo": null,
                "FID_Fan_De": null,
                "FID_GIS_Re": null,
                "FID_Photo_": null,
                "FID_ftrip_": null,
                "FID_measur": null,
                "FID_patter": null,
                "FOURTH_ORD": null,
                "FOURTH_O_1": null,
                "FanID": null,
                "Fan_Del": null,
                "Fan_Del_sh": null,
                "FeatureT_1": null,
                "Geo_short": null,
                "Geography": null,
                "Gradient": null,
                "Hyperlink": null,
                "ID": 213,
                "Id": null,
                "Id_1": null,
                "LENGTH": 495.204,
                "Location": null,
                "MAPSYMBOL": "LM",
                "MAP_SYMBOL": null,
                "MS_ID": null,
                "MidptX": null,
                "MidptY": null,
                "Mod_names": null,
                "NAME": "LostMan",
                "NAME_1": null,
                "Name": null,
                "OBJECTID": null,
                "OBJECTID_1": null,
                "ORDERBY": null,
                "ORIG_FID": null,
                "Offset": null,
                "PATTERNID": null,
                "PERSON": null,
                "PMLABEL": null,
                "PM_NAME": "Lost Man",
                "PM_NAME_NE": null,
                "Pattern": null,
                "Profile": null,
                "REGION": null,
                "SECTIONARC": null,
                "SECTION_AB": null,
                "SOURCE": null,
                "STRAT_INTE": "F4",
                "SectionArc": null,
                "Shape_Ar_1": null,
                "Shape_Area": null,
                "Shape_Le_1": null,
                "Shape_Leng": 495.204421107,
                "Shape_Length": null,
                "Stop": null,
                "Stop_Num": null,
                "Symbology": "Present"
            }
        },
        {
            "type": "Feature",
            "geometry": {
                "type": "LineString",
                "coordinates": [
                    [
                        -104.75669734178607,
                        31.710463174395045
                    ],
                    [
                        -104.75878017902971,
                        31.71071111117364
                    ],
                    [
                        -104.7607488651305,
                        31.710958798643365
                    ],
                    [
                        -104.76268852603039,
                        31.71140159563155
                    ],
                    [
                        -104.76362865434855,
                        31.712086510010057
                    ],
                    [
                        -104.76456848900413,
                        31.712893412193477
                    ]
                ]
            },
            "properties": {
                "Abbrev": null,
                "Alpha": null,
                "Area": null,
                "CS_ID": null,
                "CYCLE": null,
                "CycleDsolv": null,
                "DESCRIPT": null,
                "FEATUREKEY": 95288.0,
                "FEATUREK_1": null,
                "FEATURETYP": "Photo_Panel",
                "FID_": null,
                "FID_Cross_": null,
                "FID_FanGeo": null,
                "FID_Fan_De": null,
                "FID_GIS_Re": null,
                "FID_Photo_": null,
                "FID_ftrip_": null,
                "FID_measur": null,
                "FID_patter": null,
                "FOURTH_ORD": null,
                "FOURTH_O_1": null,
                "FanID": null,
                "Fan_Del": null,
                "Fan_Del_sh": null,
                "FeatureT_1": null,
                "Geo_short": null,
                "Geography": null,
                "Gradient": null,
                "Hyperlink": null,
                "ID": 271,
                "Id": null,
                "Id_1": null,
                "LENGTH": 821.279,
                "Location": null,
                "MAPSYMBOL": "ULost",
                "MAP_SYMBOL": null,
                "MS_ID": null,
                "MidptX": null,
                "MidptY": null,
                "Mod_names": null,
                "NAME": "LostMan_Upper",
                "NAME_1": null,
                "Name": null,
                "OBJECTID": null,
                "OBJECTID_1": null,
                "ORDERBY": null,
                "ORIG_FID": null,
                "Offset": null,
                "PATTERNID": null,
                "PERSON": null,
                "PMLABEL": null,
                "PM_NAME": "U. Lost Man",
                "PM_NAME_NE": null,
                "Pattern": null,
                "Profile": null,
                "REGION": null,
                "SECTIONARC": null,
                "SECTION_AB": null,
                "SOURCE": null,
                "STRAT_INTE": "F5",
                "SectionArc": null,
                "Shape_Ar_1": null,
                "Shape_Area": null,
                "Shape_Le_1": null,
                "Shape_Leng": 821.278997662,
                "Shape_Length": null,
                "Stop": null,
                "Stop_Num": null,
                "Symbology": "Present"
            }
        },
        {
            "type": "Feature",
            "geometry": {
                "type": "LineString",
                "coordinates": [
                    [
                        -104.75948480880582,
                        31.71417709954207
                    ],
                    [
                        -104.76236703060519,
                        31.714377680728447
                    ],
                    [
                        -104.76567611430902,
                        31.71509135876217
                    ]
                ]
            },
            "properties": {
                "Abbrev": null,
                "Alpha": null,
                "Area": null,
                "CS_ID": null,
                "CYCLE": null,
                "CycleDsolv": null,
                "DESCRIPT": null,
                "FEATUREKEY": 95289.0,
                "FEATUREK_1": null,
                "FEATURETYP": "Photo_Panel",
                "FID_": null,
                "FID_Cross_": null,
                "FID_FanGeo": null,
                "FID_Fan_De": null,
                "FID_GIS_Re": null,
                "FID_Photo_": null,
                "FID_ftrip_": null,
                "FID_measur": null,
                "FID_patter": null,
                "FOURTH_ORD": null,
                "FOURTH_O_1": null,
                "FanID": null,
                "Fan_Del": null,
                "Fan_Del_sh": null,
                "FeatureT_1": null,
                "Geo_short": null,
                "Geography": null,
                "Gradient": null,
                "Hyperlink": null,
                "ID": 221,
                "Id": null,
                "Id_1": null,
                "LENGTH": 597.347,
                "Location": null,
                "MAPSYMBOL": "NGash",
                "MAP_SYMBOL": null,
                "MS_ID": null,
                "MidptX": null,
                "MidptY": null,
                "Mod_names": null,
                "NAME": "Gash_North",
                "NAME_1": null,
                "Name": null,
                "OBJECTID": null,
                "OBJECTID_1": null,
                "ORDERBY": null,
                "ORIG_FID": null,
                "Offset": null,
                "PATTERNID": null,
                "PERSON": null,
                "PMLABEL": null,
                "PM_NAME": "Gash_North",
                "PM_NAME_NE": null,
                "Pattern": null,
                "Profile": null,
                "REGION": null,
                "SECTIONARC": null,
                "SECTION_AB": null,
                "SOURCE": null,
                "STRAT_INTE": "F4-5",
                "SectionArc": null,
                "Shape_Ar_1": null,
                "Shape_Area": null,
                "Shape_Le_1": null,
                "Shape_Leng": 597.346730196,
                "Shape_Length": null,
                "Stop": null,
                "Stop_Num": null,
                "Symbology": "Present"
            }
        },
        {
            "type": "Feature",
            "geometry": {
                "type": "LineString",
                "coordinates": [
                    [
                        -104.76608491118989,
                        31.717962608264692
                    ],
                    [
                        -104.76626989968669,
                        31.717337154617365
                    ],
                    [
                        -104.7662728808054,
                        31.71614160770467
                    ],
                    [
                        -104.76653274028995,
                        31.71494653076814
                    ],
                    [
                        -104.766347426391,
                        31.714638119428695
                    ]
                ]
            },
            "properties": {
                "Abbrev": null,
                "Alpha": null,
                "Area": null,
                "CS_ID": null,
                "CYCLE": null,
                "CycleDsolv": null,
                "DESCRIPT": null,
                "FEATUREKEY": 95290.0,
                "FEATUREK_1": null,
                "FEATURETYP": "Photo_Panel",
                "FID_": null,
                "FID_Cross_": null,
                "FID_FanGeo": null,
                "FID_Fan_De": null,
                "FID_GIS_Re": null,
                "FID_Photo_": null,
                "FID_ftrip_": null,
                "FID_measur": null,
                "FID_patter": null,
                "FOURTH_ORD": null,
                "FOURTH_O_1": null,
                "FanID": null,
                "Fan_Del": null,
                "Fan_Del_sh": null,
                "FeatureT_1": null,
                "Geo_short": null,
                "Geography": null,
                "Gradient": null,
                "Hyperlink": null,
                "ID": 218,
                "Id": null,
                "Id_1": null,
                "LENGTH": 399.862,
                "Location": null,
                "MAPSYMBOL": "SChanC",
                "MAP_SYMBOL": null,
                "MS_ID": null,
                "MidptX": null,
                "MidptY": null,
                "Mod_names": null,
                "NAME": "ChannelCanyon_South",
                "NAME_1": null,
                "Name": null,
                "OBJECTID": null,
                "OBJECTID_1": null,
                "ORDERBY": null,
                "ORIG_FID": null,
                "Offset": null,
                "PATTERNID": null,
                "PERSON": null,
                "PMLABEL": null,
                "PM_NAME": "S Channel Can.",
                "PM_NAME_NE": null,
                "Pattern": null,
                "Profile": null,
                "REGION": null,
                "SECTIONARC": null,
                "SECTION_AB": null,
                "SOURCE": null,
                "STRAT_INTE": "F4",
                "SectionArc": null,
                "Shape_Ar_1": null,
                "Shape_Area": null,
                "Shape_Le_1": null,
                "Shape_Leng": 377.173946029,
                "Shape_Length": null,
                "Stop": null,
                "Stop_Num": null,
                "Symbology": "Missing"
            }
        },
        {
            "type": "Feature",
            "geometry": {
                "type": "LineString",
                "coordinates": [
                    [
                        -104.7726604857885,
                        31.722869319750373
                    ],
                    [
                        -104.76977968566209,
                        31.71570706262849
                    ],
                    [
                        -104.76930597396657,
                        31.711921200630695
                    ],
                    [
                        -104.7696359258119,
                        31.70868733135556
                    ],
                    [
                        -104.77126418975742,
                        31.701189043274347
                    ]
                ]
            },
            "properties": {
                "Abbrev": null,
                "Alpha": null,
                "Area": null,
                "CS_ID": null,
                "CYCLE": null,
                "CycleDsolv": null,
                "DESCRIPT": null,
                "FEATUREKEY": 95291.0,
                "FEATUREK_1": null,
                "FEATURETYP": "Photo_Panel",
                "FID_": null,
                "FID_Cross_": null,
                "FID_FanGeo": null,
                "FID_Fan_De": null,
                "FID_GIS_Re": null,
                "FID_Photo_": null,
                "FID_ftrip_": null,
                "FID_measur": null,
                "FID_patter": null,
                "FOURTH_ORD": null,
                "FOURTH_O_1": null,
                "FanID": null,
                "Fan_Del": null,
                "Fan_Del_sh": null,
                "FeatureT_1": null,
                "Geo_short": null,
                "Geography": null,
                "Gradient": null,
                "Hyperlink": null,
                "ID": 22,
                "Id": null,
                "Id_1": null,
                "LENGTH": 2508.235,
                "Location": null,
                "MAPSYMBOL": "CC-NRA",
                "MAP_SYMBOL": null,
                "MS_ID": null,
                "MidptX": null,
                "MidptY": null,
                "Mod_names": null,
                "NAME": "PanoramaPointOverview",
                "NAME_1": null,
                "Name": null,
                "OBJECTID": null,
                "OBJECTID_1": null,
                "ORDERBY": null,
                "ORIG_FID": null,
                "Offset": null,
                "PATTERNID": null,
                "PERSON": null,
                "PMLABEL": null,
                "PM_NAME": "PanoramaPointOverview",
                "PM_NAME_NE": null,
                "Pattern": null,
                "Profile": null,
                "REGION": null,
                "SECTIONARC": null,
                "SECTION_AB": null,
                "SOURCE": null,
                "STRAT_INTE": "F4",
                "SectionArc": null,
                "Shape_Ar_1": null,
                "Shape_Area": null,
                "Shape_Le_1": null,
                "Shape_Leng": 2466.54755199,
                "Shape_Length": null,
                "Stop": null,
                "Stop_Num": null,
                "Symbology": "Present"
            }
        },
        {
            "type": "Feature",
            "geometry": {
                "type": "LineString",
                "coordinates": [
                    [
                        -104.77108873313094,
                        31.719797138055345
                    ],
                    [
                        -104.77092755093632,
                        31.71927172671668
                    ],
                    [
                        -104.77027705335347,
                        31.719035068119968
                    ]
                ]
            },
            "properties": {
                "Abbrev": null,
                "Alpha": null,
                "Area": null,
                "CS_ID": null,
                "CYCLE": null,
                "CycleDsolv": null,
                "DESCRIPT": null,
                "FEATUREKEY": 95292.0,
                "FEATUREK_1": null,
                "FEATURETYP": "Photo_Panel",
                "FID_": null,
                "FID_Cross_": null,
                "FID_FanGeo": null,
                "FID_Fan_De": null,
                "FID_GIS_Re": null,
                "FID_Photo_": null,
                "FID_ftrip_": null,
                "FID_measur": null,
                "FID_patter": null,
                "FOURTH_ORD": null,
                "FOURTH_O_1": null,
                "FanID": null,
                "Fan_Del": null,
                "Fan_Del_sh": null,
                "FeatureT_1": null,
                "Geo_short": null,
                "Geography": null,
                "Gradient": null,
                "Hyperlink": null,
                "ID": 85,
                "Id": null,
                "Id_1": null,
                "LENGTH": 774.175,
                "Location": null,
                "MAPSYMBOL": "NChanC",
                "MAP_SYMBOL": null,
                "MS_ID": null,
                "MidptX": null,
                "MidptY": null,
                "Mod_names": null,
                "NAME": "ChannelCanyon_Nose",
                "NAME_1": null,
                "Name": null,
                "OBJECTID": null,
                "OBJECTID_1": null,
                "ORDERBY": null,
                "ORIG_FID": null,
                "Offset": null,
                "PATTERNID": null,
                "PERSON": null,
                "PMLABEL": null,
                "PM_NAME": "ChannelCanyon_Nose",
                "PM_NAME_NE": null,
                "Pattern": null,
                "Profile": null,
                "REGION": null,
                "SECTIONARC": null,
                "SECTION_AB": null,
                "SOURCE": null,
                "STRAT_INTE": "F4",
                "SectionArc": null,
                "Shape_Ar_1": null,
                "Shape_Area": null,
                "Shape_Le_1": null,
                "Shape_Leng": 127.184583281,
                "Shape_Length": null,
                "Stop": null,
                "Stop_Num": null,
                "Symbology": "Present"
            }
        },
        {
            "type": "Feature",
            "geometry": {
                "type": "LineString",
                "coordinates": [
                    [
                        -104.7705489735002,
                        31.71910135114302
                    ],
                    [
                        -104.77000528628105,
                        31.718856667151087
                    ],
                    [
                        -104.7677196491469,
                        31.719912560211963
                    ],
                    [
                        -104.76592727588385,
                        31.719852542030257
                    ],
                    [
                        -104.76481023038497,
                        31.719372837233493
                    ],
                    [
                        -104.76465883715893,
                        31.7189161910426
                    ]
                ]
            },
            "properties": {
                "Abbrev": null,
                "Alpha": null,
                "Area": null,
                "CS_ID": null,
                "CYCLE": null,
                "CycleDsolv": null,
                "DESCRIPT": null,
                "FEATUREKEY": 95293.0,
                "FEATUREK_1": null,
                "FEATURETYP": "Photo_Panel",
                "FID_": null,
                "FID_Cross_": null,
                "FID_FanGeo": null,
                "FID_Fan_De": null,
                "FID_GIS_Re": null,
                "FID_Photo_": null,
                "FID_ftrip_": null,
                "FID_measur": null,
                "FID_patter": null,
                "FOURTH_ORD": null,
                "FOURTH_O_1": null,
                "FanID": null,
                "Fan_Del": null,
                "Fan_Del_sh": null,
                "FeatureT_1": null,
                "Geo_short": null,
                "Geography": null,
                "Gradient": null,
                "Hyperlink": null,
                "ID": 101,
                "Id": null,
                "Id_1": null,
                "LENGTH": 774.175,
                "Location": null,
                "MAPSYMBOL": "NChanC",
                "MAP_SYMBOL": null,
                "MS_ID": null,
                "MidptX": null,
                "MidptY": null,
                "Mod_names": null,
                "NAME": "ChannelCanyon_North",
                "NAME_1": null,
                "Name": null,
                "OBJECTID": null,
                "OBJECTID_1": null,
                "ORDERBY": null,
                "ORIG_FID": null,
                "Offset": null,
                "PATTERNID": null,
                "PERSON": null,
                "PMLABEL": null,
                "PM_NAME": "ChannelCanyon_North",
                "PM_NAME_NE": null,
                "Pattern": null,
                "Profile": null,
                "REGION": null,
                "SECTIONARC": null,
                "SECTION_AB": null,
                "SOURCE": null,
                "STRAT_INTE": "F4",
                "SectionArc": null,
                "Shape_Ar_1": null,
                "Shape_Area": null,
                "Shape_Le_1": null,
                "Shape_Leng": 645.356880875,
                "Shape_Length": null,
                "Stop": null,
                "Stop_Num": null,
                "Symbology": "Missing"
            }
        },
        {
            "type": "Feature",
            "geometry": {
                "type": "LineString",
                "coordinates": [
                    [
                        -104.76478813166605,
                        31.72204344378222
                    ],
                    [
                        -104.76810028094332,
                        31.72163471213682
                    ],
                    [
                        -104.76935688016133,
                        31.721368596312363
                    ],
                    [
                        -104.7701857322981,
                        31.720930907878156
                    ],
                    [
                        -104.77070119275852,
                        31.72024866103207
                    ],
                    [
                        -104.77096346571061,
                        31.720025408369338
                    ]
                ]
            },
            "properties": {
                "Abbrev": null,
                "Alpha": null,
                "Area": null,
                "CS_ID": null,
                "CYCLE": null,
                "CycleDsolv": null,
                "DESCRIPT": null,
                "FEATUREKEY": 95294.0,
                "FEATUREK_1": null,
                "FEATURETYP": "Photo_Panel",
                "FID_": null,
                "FID_Cross_": null,
                "FID_FanGeo": null,
                "FID_Fan_De": null,
                "FID_GIS_Re": null,
                "FID_Photo_": null,
                "FID_ftrip_": null,
                "FID_measur": null,
                "FID_patter": null,
                "FOURTH_ORD": null,
                "FOURTH_O_1": null,
                "FanID": null,
                "Fan_Del": null,
                "Fan_Del_sh": null,
                "FeatureT_1": null,
                "Geo_short": null,
                "Geography": null,
                "Gradient": null,
                "Hyperlink": null,
                "ID": 219,
                "Id": null,
                "Id_1": null,
                "LENGTH": 675.568,
                "Location": null,
                "MAPSYMBOL": "SRA",
                "MAP_SYMBOL": null,
                "MS_ID": null,
                "MidptX": null,
                "MidptY": null,
                "Mod_names": null,
                "NAME": "RogersAmp_South",
                "NAME_1": null,
                "Name": null,
                "OBJECTID": null,
                "OBJECTID_1": null,
                "ORDERBY": null,
                "ORIG_FID": null,
                "Offset": null,
                "PATTERNID": null,
                "PERSON": null,
                "PMLABEL": null,
                "PM_NAME": "S. Rogers Amp",
                "PM_NAME_NE": null,
                "Pattern": null,
                "Profile": null,
                "REGION": null,
                "SECTIONARC": null,
                "SECTION_AB": null,
                "SOURCE": null,
                "STRAT_INTE": "F4",
                "SectionArc": null,
                "Shape_Ar_1": null,
                "Shape_Area": null,
                "Shape_Le_1": null,
                "Shape_Leng": 657.093186673,
                "Shape_Length": null,
                "Stop": null,
                "Stop_Num": null,
                "Symbology": "Missing"
            }
        },
        {
            "type": "Feature",
            "geometry": {
                "type": "LineString",
                "coordinates": [
                    [
                        -104.77277280929736,
                        31.725229756320193
                    ],
                    [
                        -104.76883544532357,
                        31.72446632726122
                    ],
                    [
                        -104.76381560061331,
                        31.722846816702816
                    ]
                ]
            },
            "properties": {
                "Abbrev": null,
                "Alpha": null,
                "Area": null,
                "CS_ID": null,
                "CYCLE": null,
                "CycleDsolv": null,
                "DESCRIPT": null,
                "FEATUREKEY": 95295.0,
                "FEATUREK_1": null,
                "FEATURETYP": "Photo_Panel",
                "FID_": null,
                "FID_Cross_": null,
                "FID_FanGeo": null,
                "FID_Fan_De": null,
                "FID_GIS_Re": null,
                "FID_Photo_": null,
                "FID_ftrip_": null,
                "FID_measur": null,
                "FID_patter": null,
                "FOURTH_ORD": null,
                "FOURTH_O_1": null,
                "FanID": null,
                "Fan_Del": null,
                "Fan_Del_sh": null,
                "FeatureT_1": null,
                "Geo_short": null,
                "Geography": null,
                "Gradient": null,
                "Hyperlink": null,
                "ID": 212,
                "Id": null,
                "Id_1": null,
                "LENGTH": 890.821,
                "Location": null,
                "MAPSYMBOL": "LRA",
                "MAP_SYMBOL": null,
                "MS_ID": null,
                "MidptX": null,
                "MidptY": null,
                "Mod_names": null,
                "NAME": "RogersAmp_lower",
                "NAME_1": null,
                "Name": null,
                "OBJECTID": null,
                "OBJECTID_1": null,
                "ORDERBY": null,
                "ORIG_FID": null,
                "Offset": null,
                "PATTERNID": null,
                "PERSON": null,
                "PMLABEL": null,
                "PM_NAME": "L. Rogers Amp",
                "PM_NAME_NE": null,
                "Pattern": null,
                "Profile": null,
                "REGION": null,
                "SECTIONARC": null,
                "SECTION_AB": null,
                "SOURCE": null,
                "STRAT_INTE": "F4",
                "SectionArc": null,
                "Shape_Ar_1": null,
                "Shape_Area": null,
                "Shape_Le_1": null,
                "Shape_Leng": 890.821267551,
                "Shape_Length": null,
                "Stop": null,
                "Stop_Num": null,
                "Symbology": "Missing"
            }
        },
        {
            "type": "Feature",
            "geometry": {
                "type": "LineString",
                "coordinates": [
                    [
                        -104.77584084635386,
                        31.727029986807356
                    ],
                    [
                        -104.77235864241365,
                        31.71882277166756
                    ]
                ]
            },
            "properties": {
                "Abbrev": null,
                "Alpha": null,
                "Area": null,
                "CS_ID": null,
                "CYCLE": null,
                "CycleDsolv": null,
                "DESCRIPT": null,
                "FEATUREKEY": 95296.0,
                "FEATUREK_1": null,
                "FEATURETYP": "Photo_Panel",
                "FID_": null,
                "FID_Cross_": null,
                "FID_FanGeo": null,
                "FID_Fan_De": null,
                "FID_GIS_Re": null,
                "FID_Photo_": null,
                "FID_ftrip_": null,
                "FID_measur": null,
                "FID_patter": null,
                "FOURTH_ORD": null,
                "FOURTH_O_1": null,
                "FanID": null,
                "Fan_Del": null,
                "Fan_Del_sh": null,
                "FeatureT_1": null,
                "Geo_short": null,
                "Geography": null,
                "Gradient": null,
                "Hyperlink": null,
                "ID": 240,
                "Id": null,
                "Id_1": null,
                "LENGTH": 967.64,
                "Location": null,
                "MAPSYMBOL": "16",
                "MAP_SYMBOL": null,
                "MS_ID": null,
                "MidptX": null,
                "MidptY": null,
                "Mod_names": null,
                "NAME": "ChannelCanyon_Front",
                "NAME_1": null,
                "Name": null,
                "OBJECTID": null,
                "OBJECTID_1": null,
                "ORDERBY": null,
                "ORIG_FID": null,
                "Offset": null,
                "PATTERNID": null,
                "PERSON": null,
                "PMLABEL": null,
                "PM_NAME": "Channel Cyn Fron",
                "PM_NAME_NE": null,
                "Pattern": null,
                "Profile": null,
                "REGION": null,
                "SECTIONARC": null,
                "SECTION_AB": null,
                "SOURCE": null,
                "STRAT_INTE": "F3-4",
                "SectionArc": null,
                "Shape_Ar_1": null,
                "Shape_Area": null,
                "Shape_Le_1": null,
                "Shape_Leng": 967.639768215,
                "Shape_Length": null,
                "Stop": null,
                "Stop_Num": null,
                "Symbology": "Missing"
            }
        },
        {
            "type": "Feature",
            "geometry": {
                "type": "LineString",
                "coordinates": [
                    [
                        -104.76110052447774,
                        31.724159316891985
                    ],
                    [
                        -104.76460896058322,
                        31.725190582393868
                    ],
                    [
                        -104.7674894149814,
                        31.7262450114179
                    ],
                    [
                        -104.76880154277328,
                        31.72663777549241
                    ],
                    [
                        -104.7699975220472,
                        31.727835482914706
                    ]
                ]
            },
            "properties": {
                "Abbrev": null,
                "Alpha": null,
                "Area": null,
                "CS_ID": null,
                "CYCLE": null,
                "CycleDsolv": null,
                "DESCRIPT": null,
                "FEATUREKEY": 95297.0,
                "FEATUREK_1": null,
                "FEATURETYP": "Photo_Panel",
                "FID_": null,
                "FID_Cross_": null,
                "FID_FanGeo": null,
                "FID_Fan_De": null,
                "FID_GIS_Re": null,
                "FID_Photo_": null,
                "FID_ftrip_": null,
                "FID_measur": null,
                "FID_patter": null,
                "FOURTH_ORD": null,
                "FOURTH_O_1": null,
                "FanID": null,
                "Fan_Del": null,
                "Fan_Del_sh": null,
                "FeatureT_1": null,
                "Geo_short": null,
                "Geography": null,
                "Gradient": null,
                "Hyperlink": null,
                "ID": 269,
                "Id": null,
                "Id_1": null,
                "LENGTH": 954.585,
                "Location": null,
                "MAPSYMBOL": "URA",
                "MAP_SYMBOL": null,
                "MS_ID": null,
                "MidptX": null,
                "MidptY": null,
                "Mod_names": null,
                "NAME": "RogersAmp_Upper",
                "NAME_1": null,
                "Name": null,
                "OBJECTID": null,
                "OBJECTID_1": null,
                "ORDERBY": null,
                "ORIG_FID": null,
                "Offset": null,
                "PATTERNID": null,
                "PERSON": null,
                "PMLABEL": null,
                "PM_NAME": "U. Rogers Amp",
                "PM_NAME_NE": null,
                "Pattern": null,
                "Profile": null,
                "REGION": null,
                "SECTIONARC": null,
                "SECTION_AB": null,
                "SOURCE": null,
                "STRAT_INTE": "F5",
                "SectionArc": null,
                "Shape_Ar_1": null,
                "Shape_Area": null,
                "Shape_Le_1": null,
                "Shape_Leng": 954.584731083,
                "Shape_Length": null,
                "Stop": null,
                "Stop_Num": null,
                "Symbology": "Missing"
            }
        },
        {
            "type": "Feature",
            "geometry": {
                "type": "LineString",
                "coordinates": [
                    [
                        -104.75881113121068,
                        31.720173789128538
                    ],
                    [
                        -104.75891061475411,
                        31.72484409476763
                    ],
                    [
                        -104.76169406983986,
                        31.72647832745116
                    ],
                    [
                        -104.76431970413391,
                        31.726702786358278
                    ],
                    [
                        -104.76568842879932,
                        31.727290878232544
                    ],
                    [
                        -104.76648433289567,
                        31.728289261623818
                    ]
                ]
            },
            "properties": {
                "Abbrev": null,
                "Alpha": null,
                "Area": null,
                "CS_ID": null,
                "CYCLE": null,
                "CycleDsolv": null,
                "DESCRIPT": null,
                "FEATUREKEY": 95298.0,
                "FEATUREK_1": null,
                "FEATURETYP": "Photo_Panel",
                "FID_": null,
                "FID_Cross_": null,
                "FID_FanGeo": null,
                "FID_Fan_De": null,
                "FID_GIS_Re": null,
                "FID_Photo_": null,
                "FID_ftrip_": null,
                "FID_measur": null,
                "FID_patter": null,
                "FOURTH_ORD": null,
                "FOURTH_O_1": null,
                "FanID": null,
                "Fan_Del": null,
                "Fan_Del_sh": null,
                "FeatureT_1": null,
                "Geo_short": null,
                "Geography": null,
                "Gradient": null,
                "Hyperlink": null,
                "ID": 261,
                "Id": null,
                "Id_1": null,
                "LENGTH": 1366.664,
                "Location": null,
                "MAPSYMBOL": "TwinM",
                "MAP_SYMBOL": null,
                "MS_ID": null,
                "MidptX": null,
                "MidptY": null,
                "Mod_names": null,
                "NAME": "Twin_Mills",
                "NAME_1": null,
                "Name": null,
                "OBJECTID": null,
                "OBJECTID_1": null,
                "ORDERBY": null,
                "ORIG_FID": null,
                "Offset": null,
                "PATTERNID": null,
                "PERSON": null,
                "PMLABEL": null,
                "PM_NAME": "Twin Mills",
                "PM_NAME_NE": null,
                "Pattern": null,
                "Profile": null,
                "REGION": null,
                "SECTIONARC": null,
                "SECTION_AB": null,
                "SOURCE": null,
                "STRAT_INTE": "F5",
                "SectionArc": null,
                "Shape_Ar_1": null,
                "Shape_Area": null,
                "Shape_Le_1": null,
                "Shape_Leng": 1366.66396564,
                "Shape_Length": null,
                "Stop": null,
                "Stop_Num": null,
                "Symbology": "Present"
            }
        },
        {
            "type": "Feature",
            "geometry": {
                "type": "LineString",
                "coordinates": [
                    [
                        -104.77171063880233,
                        31.733547912245857
                    ],
                    [
                        -104.77219956996146,
                        31.73206044930043
                    ],
                    [
                        -104.77540227109374,
                        31.730733103950886
                    ],
                    [
                        -104.77389374859865,
                        31.72796442967974
                    ],
                    [
                        -104.77235345112189,
                        31.72747371550396
                    ],
                    [
                        -104.77322900062771,
                        31.725450155967813
                    ]
                ]
            },
            "properties": {
                "Abbrev": null,
                "Alpha": null,
                "Area": null,
                "CS_ID": null,
                "CYCLE": null,
                "CycleDsolv": null,
                "DESCRIPT": null,
                "FEATUREKEY": 95299.0,
                "FEATUREK_1": null,
                "FEATURETYP": "Photo_Panel",
                "FID_": null,
                "FID_Cross_": null,
                "FID_FanGeo": null,
                "FID_Fan_De": null,
                "FID_GIS_Re": null,
                "FID_Photo_": null,
                "FID_ftrip_": null,
                "FID_measur": null,
                "FID_patter": null,
                "FOURTH_ORD": null,
                "FOURTH_O_1": null,
                "FanID": null,
                "Fan_Del": null,
                "Fan_Del_sh": null,
                "FeatureT_1": null,
                "Geo_short": null,
                "Geography": null,
                "Gradient": null,
                "Hyperlink": null,
                "ID": 292,
                "Id": null,
                "Id_1": null,
                "LENGTH": 1241.813,
                "Location": null,
                "MAPSYMBOL": "MolW",
                "MAP_SYMBOL": null,
                "MS_ID": null,
                "MidptX": null,
                "MidptY": null,
                "Mod_names": null,
                "NAME": "MolarWall",
                "NAME_1": null,
                "Name": null,
                "OBJECTID": null,
                "OBJECTID_1": null,
                "ORDERBY": null,
                "ORIG_FID": null,
                "Offset": null,
                "PATTERNID": null,
                "PERSON": null,
                "PMLABEL": null,
                "PM_NAME": "MolarWall",
                "PM_NAME_NE": null,
                "Pattern": null,
                "Profile": null,
                "REGION": null,
                "SECTIONARC": null,
                "SECTION_AB": null,
                "SOURCE": null,
                "STRAT_INTE": "F4-5",
                "SectionArc": null,
                "Shape_Ar_1": null,
                "Shape_Area": null,
                "Shape_Le_1": null,
                "Shape_Leng": 1241.81321537,
                "Shape_Length": null,
                "Stop": null,
                "Stop_Num": null,
                "Symbology": "Present"
            }
        },
        {
            "type": "Feature",
            "geometry": {
                "type": "LineString",
                "coordinates": [
                    [
                        -104.77608781094584,
                        31.735605169731063
                    ],
                    [
                        -104.77437438190212,
                        31.735821745207467
                    ],
                    [
                        -104.77300287808535,
                        31.736307295820524
                    ],
                    [
                        -104.77126076171534,
                        31.736572577731398
                    ],
                    [
                        -104.77048713987355,
                        31.737717939933717
                    ]
                ]
            },
            "properties": {
                "Abbrev": null,
                "Alpha": null,
                "Area": null,
                "CS_ID": null,
                "CYCLE": null,
                "CycleDsolv": null,
                "DESCRIPT": null,
                "FEATUREKEY": 95300.0,
                "FEATUREK_1": null,
                "FEATURETYP": "Photo_Panel",
                "FID_": null,
                "FID_Cross_": null,
                "FID_FanGeo": null,
                "FID_Fan_De": null,
                "FID_GIS_Re": null,
                "FID_Photo_": null,
                "FID_ftrip_": null,
                "FID_measur": null,
                "FID_patter": null,
                "FOURTH_ORD": null,
                "FOURTH_O_1": null,
                "FanID": null,
                "Fan_Del": null,
                "Fan_Del_sh": null,
                "FeatureT_1": null,
                "Geo_short": null,
                "Geography": null,
                "Gradient": null,
                "Hyperlink": null,
                "ID": 220,
                "Id": null,
                "Id_1": null,
                "LENGTH": 618.906,
                "Location": null,
                "MAPSYMBOL": "NBV",
                "MAP_SYMBOL": null,
                "MS_ID": null,
                "MidptX": null,
                "MidptY": null,
                "Mod_names": null,
                "NAME": "BuenaVista_Middle_North",
                "NAME_1": null,
                "Name": null,
                "OBJECTID": null,
                "OBJECTID_1": null,
                "ORDERBY": null,
                "ORIG_FID": null,
                "Offset": null,
                "PATTERNID": null,
                "PERSON": null,
                "PMLABEL": null,
                "PM_NAME": "BuenaVista_Middle_North",
                "PM_NAME_NE": null,
                "Pattern": null,
                "Profile": null,
                "REGION": null,
                "SECTIONARC": null,
                "SECTION_AB": null,
                "SOURCE": null,
                "STRAT_INTE": null,
                "SectionArc": null,
                "Shape_Ar_1": null,
                "Shape_Area": null,
                "Shape_Le_1": null,
                "Shape_Leng": 618.90567799,
                "Shape_Length": null,
                "Stop": null,
                "Stop_Num": null,
                "Symbology": "Present"
            }
        },
        {
            "type": "Feature",
            "geometry": {
                "type": "LineString",
                "coordinates": [
                    [
                        -104.77061303860708,
                        31.738494739039414
                    ],
                    [
                        -104.7690002258887,
                        31.73677628381502
                    ],
                    [
                        -104.76827960268812,
                        31.73505942724546
                    ],
                    [
                        -104.76805952008115,
                        31.73386767326247
                    ],
                    [
                        -104.76739303522857,
                        31.732818069500052
                    ],
                    [
                        -104.76706110078896,
                        31.731769072405207
                    ],
                    [
                        -104.76711910804582,
                        31.730863748082136
                    ],
                    [
                        -104.76790381758366,
                        31.72919727859921
                    ],
                    [
                        -104.76807226202048,
                        31.728721041006278
                    ]
                ]
            },
            "properties": {
                "Abbrev": null,
                "Alpha": null,
                "Area": null,
                "CS_ID": null,
                "CYCLE": null,
                "CycleDsolv": null,
                "DESCRIPT": null,
                "FEATUREKEY": 95301.0,
                "FEATUREK_1": null,
                "FEATURETYP": "Photo_Panel",
                "FID_": null,
                "FID_Cross_": null,
                "FID_FanGeo": null,
                "FID_Fan_De": null,
                "FID_GIS_Re": null,
                "FID_Photo_": null,
                "FID_ftrip_": null,
                "FID_measur": null,
                "FID_patter": null,
                "FOURTH_ORD": null,
                "FOURTH_O_1": null,
                "FanID": null,
                "Fan_Del": null,
                "Fan_Del_sh": null,
                "FeatureT_1": null,
                "Geo_short": null,
                "Geography": null,
                "Gradient": null,
                "Hyperlink": null,
                "ID": 135,
                "Id": null,
                "Id_1": null,
                "LENGTH": 1187.613,
                "Location": null,
                "MAPSYMBOL": "BVAx",
                "MAP_SYMBOL": null,
                "MS_ID": null,
                "MidptX": null,
                "MidptY": null,
                "Mod_names": null,
                "NAME": "BuenaVista_fan_5",
                "NAME_1": null,
                "Name": null,
                "OBJECTID": null,
                "OBJECTID_1": null,
                "ORDERBY": null,
                "ORIG_FID": null,
                "Offset": null,
                "PATTERNID": null,
                "PERSON": null,
                "PMLABEL": null,
                "PM_NAME": "BV axis",
                "PM_NAME_NE": null,
                "Pattern": null,
                "Profile": null,
                "REGION": null,
                "SECTIONARC": null,
                "SECTION_AB": null,
                "SOURCE": null,
                "STRAT_INTE": null,
                "SectionArc": null,
                "Shape_Ar_1": null,
                "Shape_Area": null,
                "Shape_Le_1": null,
                "Shape_Leng": 1187.61334859,
                "Shape_Length": null,
                "Stop": null,
                "Stop_Num": null,
                "Symbology": "Missing"
            }
        },
        {
            "type": "Feature",
            "geometry": {
                "type": "LineString",
                "coordinates": [
                    [
                        -104.77778261524745,
                        31.737218458002936
                    ],
                    [
                        -104.77555265054204,
                        31.738532103646275
                    ],
                    [
                        -104.77486400900582,
                        31.739970430532363
                    ],
                    [
                        -104.7748318810321,
                        31.741458707705164
                    ],
                    [
                        -104.77514218174535,
                        31.74302078577168
                    ],
                    [
                        -104.77665582831202,
                        31.742828249703024
                    ],
                    [
                        -104.77805561456202,
                        31.742489103401077
                    ],
                    [
                        -104.7793128104039,
                        31.742076500000223
                    ],
                    [
                        -104.77991248193354,
                        31.742028735888063
                    ]
                ]
            },
            "properties": {
                "Abbrev": null,
                "Alpha": null,
                "Area": null,
                "CS_ID": null,
                "CYCLE": null,
                "CycleDsolv": null,
                "DESCRIPT": null,
                "FEATUREKEY": 95302.0,
                "FEATUREK_1": null,
                "FEATURETYP": "Photo_Panel",
                "FID_": null,
                "FID_Cross_": null,
                "FID_FanGeo": null,
                "FID_Fan_De": null,
                "FID_GIS_Re": null,
                "FID_Photo_": null,
                "FID_ftrip_": null,
                "FID_measur": null,
                "FID_patter": null,
                "FOURTH_ORD": null,
                "FOURTH_O_1": null,
                "FanID": null,
                "Fan_Del": null,
                "Fan_Del_sh": null,
                "FeatureT_1": null,
                "Geo_short": null,
                "Geography": null,
                "Gradient": null,
                "Hyperlink": null,
                "ID": 214,
                "Id": null,
                "Id_1": null,
                "LENGTH": 1236.78,
                "Location": null,
                "MAPSYMBOL": "MDM",
                "MAP_SYMBOL": null,
                "MS_ID": null,
                "MidptX": null,
                "MidptY": null,
                "Mod_names": null,
                "NAME": "DelawareCanyon_Middle",
                "NAME_1": null,
                "Name": null,
                "OBJECTID": null,
                "OBJECTID_1": null,
                "ORDERBY": null,
                "ORIG_FID": null,
                "Offset": null,
                "PATTERNID": null,
                "PERSON": null,
                "PMLABEL": null,
                "PM_NAME": "M . DelMt",
                "PM_NAME_NE": null,
                "Pattern": null,
                "Profile": null,
                "REGION": null,
                "SECTIONARC": null,
                "SECTION_AB": null,
                "SOURCE": null,
                "STRAT_INTE": "F4-5",
                "SectionArc": null,
                "Shape_Ar_1": null,
                "Shape_Area": null,
                "Shape_Le_1": null,
                "Shape_Leng": 1236.78043594,
                "Shape_Length": null,
                "Stop": null,
                "Stop_Num": null,
                "Symbology": "Missing"
            }
        },
        {
            "type": "Feature",
            "geometry": {
                "type": "LineString",
                "coordinates": [
                    [
                        -104.77249793366195,
                        31.744382443497248
                    ],
                    [
                        -104.7738951066985,
                        31.74514129017883
                    ],
                    [
                        -104.77512456717662,
                        31.744411493693224
                    ],
                    [
                        -104.7761237942138,
                        31.74443764650457
                    ]
                ]
            },
            "properties": {
                "Abbrev": null,
                "Alpha": null,
                "Area": null,
                "CS_ID": null,
                "CYCLE": null,
                "CycleDsolv": null,
                "DESCRIPT": null,
                "FEATUREKEY": 95303.0,
                "FEATUREK_1": null,
                "FEATURETYP": "Photo_Panel",
                "FID_": null,
                "FID_Cross_": null,
                "FID_FanGeo": null,
                "FID_Fan_De": null,
                "FID_GIS_Re": null,
                "FID_Photo_": null,
                "FID_ftrip_": null,
                "FID_measur": null,
                "FID_patter": null,
                "FOURTH_ORD": null,
                "FOURTH_O_1": null,
                "FanID": null,
                "Fan_Del": null,
                "Fan_Del_sh": null,
                "FeatureT_1": null,
                "Geo_short": null,
                "Geography": null,
                "Gradient": null,
                "Hyperlink": null,
                "ID": 215,
                "Id": null,
                "Id_1": null,
                "LENGTH": 393.283,
                "Location": null,
                "MAPSYMBOL": "MadD",
                "MAP_SYMBOL": null,
                "MS_ID": null,
                "MidptX": null,
                "MidptY": null,
                "Mod_names": null,
                "NAME": "MadDog",
                "NAME_1": null,
                "Name": null,
                "OBJECTID": null,
                "OBJECTID_1": null,
                "ORDERBY": null,
                "ORIG_FID": null,
                "Offset": null,
                "PATTERNID": null,
                "PERSON": null,
                "PMLABEL": null,
                "PM_NAME": "Mad Dog",
                "PM_NAME_NE": null,
                "Pattern": null,
                "Profile": null,
                "REGION": null,
                "SECTIONARC": null,
                "SECTION_AB": null,
                "SOURCE": null,
                "STRAT_INTE": "F5",
                "SectionArc": null,
                "Shape_Ar_1": null,
                "Shape_Area": null,
                "Shape_Le_1": null,
                "Shape_Leng": 393.283221506,
                "Shape_Length": null,
                "Stop": null,
                "Stop_Num": null,
                "Symbology": "Present"
            }
        },
        {
            "type": "Feature",
            "geometry": {
                "type": "LineString",
                "coordinates": [
                    [
                        -104.77149093580164,
                        31.74829368485726
                    ],
                    [
                        -104.77165862275939,
                        31.744889014659975
                    ],
                    [
                        -104.76964810850984,
                        31.741525833369003
                    ],
                    [
                        -104.7701302354803,
                        31.739892314948637
                    ],
                    [
                        -104.76901678127052,
                        31.73902771351055
                    ],
                    [
                        -104.76880574889339,
                        31.738437136299904
                    ],
                    [
                        -104.76700106677224,
                        31.73784366430546
                    ],
                    [
                        -104.76753588971047,
                        31.736391849305864
                    ],
                    [
                        -104.76674111054639,
                        31.735573206126546
                    ],
                    [
                        -104.76685164596763,
                        31.733848221084717
                    ]
                ]
            },
            "properties": {
                "Abbrev": null,
                "Alpha": null,
                "Area": null,
                "CS_ID": null,
                "CYCLE": null,
                "CycleDsolv": null,
                "DESCRIPT": null,
                "FEATUREKEY": 95304.0,
                "FEATUREK_1": null,
                "FEATURETYP": "Photo_Panel",
                "FID_": null,
                "FID_Cross_": null,
                "FID_FanGeo": null,
                "FID_Fan_De": null,
                "FID_GIS_Re": null,
                "FID_Photo_": null,
                "FID_ftrip_": null,
                "FID_measur": null,
                "FID_patter": null,
                "FOURTH_ORD": null,
                "FOURTH_O_1": null,
                "FanID": null,
                "Fan_Del": null,
                "Fan_Del_sh": null,
                "FeatureT_1": null,
                "Geo_short": null,
                "Geography": null,
                "Gradient": null,
                "Hyperlink": null,
                "ID": 50,
                "Id": null,
                "Id_1": null,
                "LENGTH": 1855.22,
                "Location": null,
                "MAPSYMBOL": "DelMt",
                "MAP_SYMBOL": null,
                "MS_ID": null,
                "MidptX": null,
                "MidptY": null,
                "Mod_names": null,
                "NAME": "DelawareMountains_BuenaVista_Overview",
                "NAME_1": null,
                "Name": null,
                "OBJECTID": null,
                "OBJECTID_1": null,
                "ORDERBY": null,
                "ORIG_FID": null,
                "Offset": null,
                "PATTERNID": null,
                "PERSON": null,
                "PMLABEL": null,
                "PM_NAME": "DelawareMtn",
                "PM_NAME_NE": null,
                "Pattern": null,
                "Profile": null,
                "REGION": null,
                "SECTIONARC": null,
                "SECTION_AB": null,
                "SOURCE": null,
                "STRAT_INTE": "F6-7",
                "SectionArc": null,
                "Shape_Ar_1": null,
                "Shape_Area": null,
                "Shape_Le_1": null,
                "Shape_Leng": 1855.21963086,
                "Shape_Length": null,
                "Stop": null,
                "Stop_Num": null,
                "Symbology": "Present"
            }
        },
        {
            "type": "Feature",
            "geometry": {
                "type": "LineString",
                "coordinates": [
                    [
                        -104.78607602330496,
                        31.755971031639522
                    ],
                    [
                        -104.78415479857938,
                        31.753283899953423
                    ],
                    [
                        -104.78270361366012,
                        31.75110991961496
                    ],
                    [
                        -104.78145349520716,
                        31.748448297110038
                    ],
                    [
                        -104.77922699538922,
                        31.74820048011399
                    ],
                    [
                        -104.77957786295035,
                        31.743847786702663
                    ],
                    [
                        -104.78025283814455,
                        31.74137093073058
                    ]
                ]
            },
            "properties": {
                "Abbrev": null,
                "Alpha": null,
                "Area": null,
                "CS_ID": null,
                "CYCLE": null,
                "CycleDsolv": null,
                "DESCRIPT": null,
                "FEATUREKEY": 95305.0,
                "FEATUREK_1": null,
                "FEATURETYP": "Photo_Panel",
                "FID_": null,
                "FID_Cross_": null,
                "FID_FanGeo": null,
                "FID_Fan_De": null,
                "FID_GIS_Re": null,
                "FID_Photo_": null,
                "FID_ftrip_": null,
                "FID_measur": null,
                "FID_patter": null,
                "FOURTH_ORD": null,
                "FOURTH_O_1": null,
                "FanID": null,
                "Fan_Del": null,
                "Fan_Del_sh": null,
                "FeatureT_1": null,
                "Geo_short": null,
                "Geography": null,
                "Gradient": null,
                "Hyperlink": null,
                "ID": 193,
                "Id": null,
                "Id_1": null,
                "LENGTH": 1922.423,
                "Location": null,
                "MAPSYMBOL": "DHJ_DM",
                "MAP_SYMBOL": null,
                "MS_ID": null,
                "MidptX": null,
                "MidptY": null,
                "Mod_names": null,
                "NAME": "DanceHallJunct_DelawareCan",
                "NAME_1": null,
                "Name": null,
                "OBJECTID": null,
                "OBJECTID_1": null,
                "ORDERBY": null,
                "ORIG_FID": null,
                "Offset": null,
                "PATTERNID": null,
                "PERSON": null,
                "PMLABEL": null,
                "PM_NAME": "DHJ_DM",
                "PM_NAME_NE": null,
                "Pattern": null,
                "Profile": null,
                "REGION": null,
                "SECTIONARC": null,
                "SECTION_AB": null,
                "SOURCE": null,
                "STRAT_INTE": "F4",
                "SectionArc": null,
                "Shape_Ar_1": null,
                "Shape_Area": null,
                "Shape_Le_1": null,
                "Shape_Leng": 1922.4232357,
                "Shape_Length": null,
                "Stop": null,
                "Stop_Num": null,
                "Symbology": "Missing"
            }
        },
        {
            "type": "Feature",
            "geometry": {
                "type": "LineString",
                "coordinates": [
                    [
                        -104.78847251380571,
                        31.7627033496957
                    ],
                    [
                        -104.78741225018558,
                        31.761623341987498
                    ],
                    [
                        -104.7878157987149,
                        31.75941076770797
                    ],
                    [
                        -104.78575033494253,
                        31.754799330447874
                    ]
                ]
            },
            "properties": {
                "Abbrev": null,
                "Alpha": null,
                "Area": null,
                "CS_ID": null,
                "CYCLE": null,
                "CycleDsolv": null,
                "DESCRIPT": null,
                "FEATUREKEY": 95306.0,
                "FEATUREK_1": null,
                "FEATURETYP": "Photo_Panel",
                "FID_": null,
                "FID_Cross_": null,
                "FID_FanGeo": null,
                "FID_Fan_De": null,
                "FID_GIS_Re": null,
                "FID_Photo_": null,
                "FID_ftrip_": null,
                "FID_measur": null,
                "FID_patter": null,
                "FOURTH_ORD": null,
                "FOURTH_O_1": null,
                "FanID": null,
                "Fan_Del": null,
                "Fan_Del_sh": null,
                "FeatureT_1": null,
                "Geo_short": null,
                "Geography": null,
                "Gradient": null,
                "Hyperlink": null,
                "ID": 20,
                "Id": null,
                "Id_1": null,
                "LENGTH": 951.706,
                "Location": null,
                "MAPSYMBOL": "Popo",
                "MAP_SYMBOL": null,
                "MS_ID": null,
                "MidptX": null,
                "MidptY": null,
                "Mod_names": null,
                "NAME": "Popo",
                "NAME_1": null,
                "Name": null,
                "OBJECTID": null,
                "OBJECTID_1": null,
                "ORDERBY": null,
                "ORIG_FID": null,
                "Offset": null,
                "PATTERNID": null,
                "PERSON": null,
                "PMLABEL": null,
                "PM_NAME": "Popo",
                "PM_NAME_NE": null,
                "Pattern": null,
                "Profile": null,
                "REGION": null,
                "SECTIONARC": null,
                "SECTION_AB": null,
                "SOURCE": null,
                "STRAT_INTE": "F4",
                "SectionArc": null,
                "Shape_Ar_1": null,
                "Shape_Area": null,
                "Shape_Le_1": null,
                "Shape_Leng": 951.705689629,
                "Shape_Length": null,
                "Stop": null,
                "Stop_Num": null,
                "Symbology": "Present"
            }
        },
        {
            "type": "Feature",
            "geometry": {
                "type": "LineString",
                "coordinates": [
                    [
                        -104.78249405351364,
                        31.762977058340926
                    ],
                    [
                        -104.78078153117144,
                        31.75684514278827
                    ],
                    [
                        -104.78032129679175,
                        31.754858105016535
                    ]
                ]
            },
            "properties": {
                "Abbrev": null,
                "Alpha": null,
                "Area": null,
                "CS_ID": null,
                "CYCLE": null,
                "CycleDsolv": null,
                "DESCRIPT": null,
                "FEATUREKEY": 95307.0,
                "FEATUREK_1": null,
                "FEATURETYP": "Photo_Panel",
                "FID_": null,
                "FID_Cross_": null,
                "FID_FanGeo": null,
                "FID_Fan_De": null,
                "FID_GIS_Re": null,
                "FID_Photo_": null,
                "FID_ftrip_": null,
                "FID_measur": null,
                "FID_patter": null,
                "FOURTH_ORD": null,
                "FOURTH_O_1": null,
                "FanID": null,
                "Fan_Del": null,
                "Fan_Del_sh": null,
                "FeatureT_1": null,
                "Geo_short": null,
                "Geography": null,
                "Gradient": null,
                "Hyperlink": null,
                "ID": 226,
                "Id": null,
                "Id_1": null,
                "LENGTH": 923.235,
                "Location": null,
                "MAPSYMBOL": "Ppc",
                "MAP_SYMBOL": null,
                "MS_ID": null,
                "MidptX": null,
                "MidptY": null,
                "Mod_names": null,
                "NAME": "Popocito",
                "NAME_1": null,
                "Name": null,
                "OBJECTID": null,
                "OBJECTID_1": null,
                "ORDERBY": null,
                "ORIG_FID": null,
                "Offset": null,
                "PATTERNID": null,
                "PERSON": null,
                "PMLABEL": null,
                "PM_NAME": "Popocito",
                "PM_NAME_NE": null,
                "Pattern": null,
                "Profile": null,
                "REGION": null,
                "SECTIONARC": null,
                "SECTION_AB": null,
                "SOURCE": null,
                "STRAT_INTE": null,
                "SectionArc": null,
                "Shape_Ar_1": null,
                "Shape_Area": null,
                "Shape_Le_1": null,
                "Shape_Leng": 923.235090423,
                "Shape_Length": null,
                "Stop": null,
                "Stop_Num": null,
                "Symbology": "Present"
            }
        },
        {
            "type": "Feature",
            "geometry": {
                "type": "LineString",
                "coordinates": [
                    [
                        -104.78813860967105,
                        31.763497295051522
                    ],
                    [
                        -104.78674779844049,
                        31.761735733514044
                    ],
                    [
                        -104.7858908591836,
                        31.758896806556603
                    ],
                    [
                        -104.78403892547962,
                        31.755545444260477
                    ],
                    [
                        -104.7827124783111,
                        31.754748695890324
                    ]
                ]
            },
            "properties": {
                "Abbrev": null,
                "Alpha": null,
                "Area": null,
                "CS_ID": null,
                "CYCLE": null,
                "CycleDsolv": null,
                "DESCRIPT": null,
                "FEATUREKEY": 95308.0,
                "FEATUREK_1": null,
                "FEATURETYP": "Photo_Panel",
                "FID_": null,
                "FID_Cross_": null,
                "FID_FanGeo": null,
                "FID_Fan_De": null,
                "FID_GIS_Re": null,
                "FID_Photo_": null,
                "FID_ftrip_": null,
                "FID_measur": null,
                "FID_patter": null,
                "FOURTH_ORD": null,
                "FOURTH_O_1": null,
                "FanID": null,
                "Fan_Del": null,
                "Fan_Del_sh": null,
                "FeatureT_1": null,
                "Geo_short": null,
                "Geography": null,
                "Gradient": null,
                "Hyperlink": null,
                "ID": 225,
                "Id": null,
                "Id_1": null,
                "LENGTH": 1124.81,
                "Location": null,
                "MAPSYMBOL": "UPopo",
                "MAP_SYMBOL": null,
                "MS_ID": null,
                "MidptX": null,
                "MidptY": null,
                "Mod_names": null,
                "NAME": "Popo_Upper",
                "NAME_1": null,
                "Name": null,
                "OBJECTID": null,
                "OBJECTID_1": null,
                "ORDERBY": null,
                "ORIG_FID": null,
                "Offset": null,
                "PATTERNID": null,
                "PERSON": null,
                "PMLABEL": null,
                "PM_NAME": "Popo_Upper",
                "PM_NAME_NE": null,
                "Pattern": null,
                "Profile": null,
                "REGION": null,
                "SECTIONARC": null,
                "SECTION_AB": null,
                "SOURCE": null,
                "STRAT_INTE": "F5",
                "SectionArc": null,
                "Shape_Ar_1": null,
                "Shape_Area": null,
                "Shape_Le_1": null,
                "Shape_Leng": 1124.81025094,
                "Shape_Length": null,
                "Stop": null,
                "Stop_Num": null,
                "Symbology": "Present"
            }
        },
        {
            "type": "Feature",
            "geometry": {
                "type": "LineString",
                "coordinates": [
                    [
                        -104.79152048092213,
                        31.765999853326875
                    ],
                    [
                        -104.78807605692782,
                        31.761794695293652
                    ]
                ]
            },
            "properties": {
                "Abbrev": null,
                "Alpha": null,
                "Area": null,
                "CS_ID": null,
                "CYCLE": null,
                "CycleDsolv": null,
                "DESCRIPT": null,
                "FEATUREKEY": 95309.0,
                "FEATUREK_1": null,
                "FEATURETYP": "Photo_Panel",
                "FID_": null,
                "FID_Cross_": null,
                "FID_FanGeo": null,
                "FID_Fan_De": null,
                "FID_GIS_Re": null,
                "FID_Photo_": null,
                "FID_ftrip_": null,
                "FID_measur": null,
                "FID_patter": null,
                "FOURTH_ORD": null,
                "FOURTH_O_1": null,
                "FanID": null,
                "Fan_Del": null,
                "Fan_Del_sh": null,
                "FeatureT_1": null,
                "Geo_short": null,
                "Geography": null,
                "Gradient": null,
                "Hyperlink": null,
                "ID": 0,
                "Id": null,
                "Id_1": null,
                "LENGTH": 568.887,
                "Location": null,
                "MAPSYMBOL": "NPopo",
                "MAP_SYMBOL": null,
                "MS_ID": null,
                "MidptX": null,
                "MidptY": null,
                "Mod_names": null,
                "NAME": "Popo_North",
                "NAME_1": null,
                "Name": null,
                "OBJECTID": null,
                "OBJECTID_1": null,
                "ORDERBY": null,
                "ORIG_FID": null,
                "Offset": null,
                "PATTERNID": null,
                "PERSON": null,
                "PMLABEL": null,
                "PM_NAME": "NorthPopo",
                "PM_NAME_NE": null,
                "Pattern": null,
                "Profile": null,
                "REGION": null,
                "SECTIONARC": null,
                "SECTION_AB": null,
                "SOURCE": null,
                "STRAT_INTE": "F4-5",
                "SectionArc": null,
                "Shape_Ar_1": null,
                "Shape_Area": null,
                "Shape_Le_1": null,
                "Shape_Leng": 568.886827099,
                "Shape_Length": null,
                "Stop": null,
                "Stop_Num": null,
                "Symbology": "Missing"
            }
        },
        {
            "type": "Feature",
            "geometry": {
                "type": "LineString",
                "coordinates": [
                    [
                        -104.77712583240194,
                        31.769142181682685
                    ],
                    [
                        -104.77516032192663,
                        31.768866337851325
                    ],
                    [
                        -104.77372687732891,
                        31.768319006021837
                    ]
                ]
            },
            "properties": {
                "Abbrev": null,
                "Alpha": null,
                "Area": null,
                "CS_ID": null,
                "CYCLE": null,
                "CycleDsolv": null,
                "DESCRIPT": null,
                "FEATUREKEY": 95310.0,
                "FEATUREK_1": null,
                "FEATURETYP": "Photo_Panel",
                "FID_": null,
                "FID_Cross_": null,
                "FID_FanGeo": null,
                "FID_Fan_De": null,
                "FID_GIS_Re": null,
                "FID_Photo_": null,
                "FID_ftrip_": null,
                "FID_measur": null,
                "FID_patter": null,
                "FOURTH_ORD": null,
                "FOURTH_O_1": null,
                "FanID": null,
                "Fan_Del": null,
                "Fan_Del_sh": null,
                "FeatureT_1": null,
                "Geo_short": null,
                "Geography": null,
                "Gradient": null,
                "Hyperlink": null,
                "ID": 94,
                "Id": null,
                "Id_1": null,
                "LENGTH": 337.293,
                "Location": null,
                "MAPSYMBOL": "PCCSo",
                "MAP_SYMBOL": null,
                "MS_ID": null,
                "MidptX": null,
                "MidptY": null,
                "Mod_names": null,
                "NAME": "PlaneCrashCanyonSouthWall",
                "NAME_1": null,
                "Name": null,
                "OBJECTID": null,
                "OBJECTID_1": null,
                "ORDERBY": null,
                "ORIG_FID": null,
                "Offset": null,
                "PATTERNID": null,
                "PERSON": null,
                "PMLABEL": null,
                "PM_NAME": "PlaneCrashCynSo",
                "PM_NAME_NE": null,
                "Pattern": null,
                "Profile": null,
                "REGION": null,
                "SECTIONARC": null,
                "SECTION_AB": null,
                "SOURCE": null,
                "STRAT_INTE": "F6-7",
                "SectionArc": null,
                "Shape_Ar_1": null,
                "Shape_Area": null,
                "Shape_Le_1": null,
                "Shape_Leng": 337.293482261,
                "Shape_Length": null,
                "Stop": null,
                "Stop_Num": null,
                "Symbology": "Missing"
            }
        },
        {
            "type": "Feature",
            "geometry": {
                "type": "LineString",
                "coordinates": [
                    [
                        -104.77840086058242,
                        31.769280600681927
                    ],
                    [
                        -104.77601731458148,
                        31.766053052933533
                    ],
                    [
                        -104.77421865118232,
                        31.762735695696634
                    ],
                    [
                        -104.77299873313562,
                        31.761825535292168
                    ],
                    [
                        -104.7733742126374,
                        31.76037340667547
                    ],
                    [
                        -104.77236953013988,
                        31.75837402435371
                    ],
                    [
                        -104.7733293525821,
                        31.756968333502574
                    ],
                    [
                        -104.77174537094456,
                        31.752879519439126
                    ],
                    [
                        -104.77196720461316,
                        31.74906632961701
                    ]
                ]
            },
            "properties": {
                "Abbrev": null,
                "Alpha": null,
                "Area": null,
                "CS_ID": null,
                "CYCLE": null,
                "CycleDsolv": null,
                "DESCRIPT": null,
                "FEATUREKEY": 95311.0,
                "FEATUREK_1": null,
                "FEATURETYP": "Photo_Panel",
                "FID_": null,
                "FID_Cross_": null,
                "FID_FanGeo": null,
                "FID_Fan_De": null,
                "FID_GIS_Re": null,
                "FID_Photo_": null,
                "FID_ftrip_": null,
                "FID_measur": null,
                "FID_patter": null,
                "FOURTH_ORD": null,
                "FOURTH_O_1": null,
                "FanID": null,
                "Fan_Del": null,
                "Fan_Del_sh": null,
                "FeatureT_1": null,
                "Geo_short": null,
                "Geography": null,
                "Gradient": null,
                "Hyperlink": null,
                "ID": 238,
                "Id": null,
                "Id_1": null,
                "LENGTH": 2468.503,
                "Location": null,
                "MAPSYMBOL": "Wall",
                "MAP_SYMBOL": null,
                "MS_ID": null,
                "MidptX": null,
                "MidptY": null,
                "Mod_names": null,
                "NAME": "TheWall",
                "NAME_1": null,
                "Name": null,
                "OBJECTID": null,
                "OBJECTID_1": null,
                "ORDERBY": null,
                "ORIG_FID": null,
                "Offset": null,
                "PATTERNID": null,
                "PERSON": null,
                "PMLABEL": null,
                "PM_NAME": "TheWall",
                "PM_NAME_NE": null,
                "Pattern": null,
                "Profile": null,
                "REGION": null,
                "SECTIONARC": null,
                "SECTION_AB": null,
                "SOURCE": null,
                "STRAT_INTE": "F6-7",
                "SectionArc": null,
                "Shape_Ar_1": null,
                "Shape_Area": null,
                "Shape_Le_1": null,
                "Shape_Leng": 2468.50310188,
                "Shape_Length": null,
                "Stop": null,
                "Stop_Num": null,
                "Symbology": "Present"
            }
        },
        {
            "type": "Feature",
            "geometry": {
                "type": "LineString",
                "coordinates": [
                    [
                        -104.77895655062414,
                        31.770242145887856
                    ],
                    [
                        -104.77782610293166,
                        31.770750932716144
                    ],
                    [
                        -104.77596699995654,
                        31.770407185553594
                    ],
                    [
                        -104.77424103770706,
                        31.76995014593182
                    ],
                    [
                        -104.77311305276893,
                        31.769437398745136
                    ]
                ]
            },
            "properties": {
                "Abbrev": null,
                "Alpha": null,
                "Area": null,
                "CS_ID": null,
                "CYCLE": null,
                "CycleDsolv": null,
                "DESCRIPT": null,
                "FEATUREKEY": 95312.0,
                "FEATUREK_1": null,
                "FEATURETYP": "Photo_Panel",
                "FID_": null,
                "FID_Cross_": null,
                "FID_FanGeo": null,
                "FID_Fan_De": null,
                "FID_GIS_Re": null,
                "FID_Photo_": null,
                "FID_ftrip_": null,
                "FID_measur": null,
                "FID_patter": null,
                "FOURTH_ORD": null,
                "FOURTH_O_1": null,
                "FanID": null,
                "Fan_Del": null,
                "Fan_Del_sh": null,
                "FeatureT_1": null,
                "Geo_short": null,
                "Geography": null,
                "Gradient": null,
                "Hyperlink": null,
                "ID": 95,
                "Id": null,
                "Id_1": null,
                "LENGTH": 593.204,
                "Location": null,
                "MAPSYMBOL": "PCCNo",
                "MAP_SYMBOL": null,
                "MS_ID": null,
                "MidptX": null,
                "MidptY": null,
                "Mod_names": null,
                "NAME": "PlaneCrashCanyonNorthWall",
                "NAME_1": null,
                "Name": null,
                "OBJECTID": null,
                "OBJECTID_1": null,
                "ORDERBY": null,
                "ORIG_FID": null,
                "Offset": null,
                "PATTERNID": null,
                "PERSON": null,
                "PMLABEL": null,
                "PM_NAME": "PlaneCrashCynNo",
                "PM_NAME_NE": null,
                "Pattern": null,
                "Profile": null,
                "REGION": null,
                "SECTIONARC": null,
                "SECTION_AB": null,
                "SOURCE": null,
                "STRAT_INTE": null,
                "SectionArc": null,
                "Shape_Ar_1": null,
                "Shape_Area": null,
                "Shape_Le_1": null,
                "Shape_Leng": 593.203977132,
                "Shape_Length": null,
                "Stop": null,
                "Stop_Num": null,
                "Symbology": "Missing"
            }
        },
        {
            "type": "Feature",
            "geometry": {
                "type": "LineString",
                "coordinates": [
                    [
                        -104.7895087294331,
                        31.77445227274319
                    ],
                    [
                        -104.78439964529467,
                        31.77189000930949
                    ],
                    [
                        -104.78327210754419,
                        31.771150353843954
                    ],
                    [
                        -104.78294354356527,
                        31.769617551137433
                    ],
                    [
                        -104.78208161096863,
                        31.768935085229117
                    ],
                    [
                        -104.78062013914686,
                        31.76898933372447
                    ]
                ]
            },
            "properties": {
                "Abbrev": null,
                "Alpha": null,
                "Area": null,
                "CS_ID": null,
                "CYCLE": null,
                "CycleDsolv": null,
                "DESCRIPT": null,
                "FEATUREKEY": 95313.0,
                "FEATUREK_1": null,
                "FEATURETYP": "Photo_Panel",
                "FID_": null,
                "FID_Cross_": null,
                "FID_FanGeo": null,
                "FID_Fan_De": null,
                "FID_GIS_Re": null,
                "FID_Photo_": null,
                "FID_ftrip_": null,
                "FID_measur": null,
                "FID_patter": null,
                "FOURTH_ORD": null,
                "FOURTH_O_1": null,
                "FanID": null,
                "Fan_Del": null,
                "Fan_Del_sh": null,
                "FeatureT_1": null,
                "Geo_short": null,
                "Geography": null,
                "Gradient": null,
                "Hyperlink": null,
                "ID": 178,
                "Id": null,
                "Id_1": null,
                "LENGTH": 1118.105,
                "Location": null,
                "MAPSYMBOL": "ChW",
                "MAP_SYMBOL": null,
                "MS_ID": null,
                "MidptX": null,
                "MidptY": null,
                "Mod_names": null,
                "NAME": "ChineseWall",
                "NAME_1": null,
                "Name": null,
                "OBJECTID": null,
                "OBJECTID_1": null,
                "ORDERBY": null,
                "ORIG_FID": null,
                "Offset": null,
                "PATTERNID": null,
                "PERSON": null,
                "PMLABEL": null,
                "PM_NAME": "ChineseWall",
                "PM_NAME_NE": null,
                "Pattern": null,
                "Profile": null,
                "REGION": null,
                "SECTIONARC": null,
                "SECTION_AB": null,
                "SOURCE": null,
                "STRAT_INTE": "F6-7",
                "SectionArc": null,
                "Shape_Ar_1": null,
                "Shape_Area": null,
                "Shape_Le_1": null,
                "Shape_Leng": 1118.10510364,
                "Shape_Length": null,
                "Stop": null,
                "Stop_Num": null,
                "Symbology": "Missing"
            }
        },
        {
            "type": "Feature",
            "geometry": {
                "type": "LineString",
                "coordinates": [
                    [
                        -104.79562330810272,
                        31.77594585235639
                    ],
                    [
                        -104.79406444381243,
                        31.774561372373977
                    ],
                    [
                        -104.79125289873942,
                        31.77212643609819
                    ],
                    [
                        -104.79014007831036,
                        31.77088559979808
                    ]
                ]
            },
            "properties": {
                "Abbrev": null,
                "Alpha": null,
                "Area": null,
                "CS_ID": null,
                "CYCLE": null,
                "CycleDsolv": null,
                "DESCRIPT": null,
                "FEATUREKEY": 95314.0,
                "FEATUREK_1": null,
                "FEATURETYP": "Photo_Panel",
                "FID_": null,
                "FID_Cross_": null,
                "FID_FanGeo": null,
                "FID_Fan_De": null,
                "FID_GIS_Re": null,
                "FID_Photo_": null,
                "FID_ftrip_": null,
                "FID_measur": null,
                "FID_patter": null,
                "FOURTH_ORD": null,
                "FOURTH_O_1": null,
                "FanID": null,
                "Fan_Del": null,
                "Fan_Del_sh": null,
                "FeatureT_1": null,
                "Geo_short": null,
                "Geography": null,
                "Gradient": null,
                "Hyperlink": null,
                "ID": 180,
                "Id": null,
                "Id_1": null,
                "LENGTH": 765.268,
                "Location": null,
                "MAPSYMBOL": "CH",
                "MAP_SYMBOL": null,
                "MS_ID": null,
                "MidptX": null,
                "MidptY": null,
                "Mod_names": null,
                "NAME": "Chinaman_from_Hat",
                "NAME_1": null,
                "Name": null,
                "OBJECTID": null,
                "OBJECTID_1": null,
                "ORDERBY": null,
                "ORIG_FID": null,
                "Offset": null,
                "PATTERNID": null,
                "PERSON": null,
                "PMLABEL": null,
                "PM_NAME": "Chinaman_from_Hat",
                "PM_NAME_NE": null,
                "Pattern": null,
                "Profile": null,
                "REGION": null,
                "SECTIONARC": null,
                "SECTION_AB": null,
                "SOURCE": null,
                "STRAT_INTE": "F4-5",
                "SectionArc": null,
                "Shape_Ar_1": null,
                "Shape_Area": null,
                "Shape_Le_1": null,
                "Shape_Leng": 765.268450169,
                "Shape_Length": null,
                "Stop": null,
                "Stop_Num": null,
                "Symbology": "Present"
            }
        },
        {
            "type": "Feature",
            "geometry": {
                "type": "LineString",
                "coordinates": [
                    [
                        -104.7993040442788,
                        31.776380578539626
                    ],
                    [
                        -104.79590618321379,
                        31.774135441006912
                    ],
                    [
                        -104.793676393845,
                        31.773464696019563
                    ],
                    [
                        -104.79228568523075,
                        31.771746885703486
                    ],
                    [
                        -104.79022492659023,
                        31.77036154082623
                    ]
                ]
            },
            "properties": {
                "Abbrev": null,
                "Alpha": null,
                "Area": null,
                "CS_ID": null,
                "CYCLE": null,
                "CycleDsolv": null,
                "DESCRIPT": null,
                "FEATUREKEY": 95315.0,
                "FEATUREK_1": null,
                "FEATURETYP": "Photo_Panel",
                "FID_": null,
                "FID_Cross_": null,
                "FID_FanGeo": null,
                "FID_Fan_De": null,
                "FID_GIS_Re": null,
                "FID_Photo_": null,
                "FID_ftrip_": null,
                "FID_measur": null,
                "FID_patter": null,
                "FOURTH_ORD": null,
                "FOURTH_O_1": null,
                "FanID": null,
                "Fan_Del": null,
                "Fan_Del_sh": null,
                "FeatureT_1": null,
                "Geo_short": null,
                "Geography": null,
                "Gradient": null,
                "Hyperlink": null,
                "ID": 179,
                "Id": null,
                "Id_1": null,
                "LENGTH": 1110.384,
                "Location": null,
                "MAPSYMBOL": "CH",
                "MAP_SYMBOL": null,
                "MS_ID": null,
                "MidptX": null,
                "MidptY": null,
                "Mod_names": null,
                "NAME": "Chinaman_from_Pollo",
                "NAME_1": null,
                "Name": null,
                "OBJECTID": null,
                "OBJECTID_1": null,
                "ORDERBY": null,
                "ORIG_FID": null,
                "Offset": null,
                "PATTERNID": null,
                "PERSON": null,
                "PMLABEL": null,
                "PM_NAME": "Chinaman_from_Pollo",
                "PM_NAME_NE": null,
                "Pattern": null,
                "Profile": null,
                "REGION": null,
                "SECTIONARC": null,
                "SECTION_AB": null,
                "SOURCE": null,
                "STRAT_INTE": "F4-5",
                "SectionArc": null,
                "Shape_Ar_1": null,
                "Shape_Area": null,
                "Shape_Le_1": null,
                "Shape_Leng": 1110.38388163,
                "Shape_Length": null,
                "Stop": null,
                "Stop_Num": null,
                "Symbology": "Present"
            }
        },
        {
            "type": "Feature",
            "geometry": {
                "type": "LineString",
                "coordinates": [
                    [
                        -104.80702545612735,
                        31.77858457813403
                    ],
                    [
                        -104.80190119104712,
                        31.774859694594934
                    ],
                    [
                        -104.79889317110086,
                        31.77290116536096
                    ],
                    [
                        -104.7960021513991,
                        31.7685123786042
                    ]
                ]
            },
            "properties": {
                "Abbrev": null,
                "Alpha": null,
                "Area": null,
                "CS_ID": null,
                "CYCLE": null,
                "CycleDsolv": null,
                "DESCRIPT": null,
                "FEATUREKEY": 95316.0,
                "FEATUREK_1": null,
                "FEATURETYP": "Photo_Panel",
                "FID_": null,
                "FID_Cross_": null,
                "FID_FanGeo": null,
                "FID_Fan_De": null,
                "FID_GIS_Re": null,
                "FID_Photo_": null,
                "FID_ftrip_": null,
                "FID_measur": null,
                "FID_patter": null,
                "FOURTH_ORD": null,
                "FOURTH_O_1": null,
                "FanID": null,
                "Fan_Del": null,
                "Fan_Del_sh": null,
                "FeatureT_1": null,
                "Geo_short": null,
                "Geography": null,
                "Gradient": null,
                "Hyperlink": null,
                "ID": 60,
                "Id": null,
                "Id_1": null,
                "LENGTH": 1553.371,
                "Location": null,
                "MAPSYMBOL": "CH",
                "MAP_SYMBOL": null,
                "MS_ID": null,
                "MidptX": null,
                "MidptY": null,
                "Mod_names": null,
                "NAME": "ChinamanHat_LBC",
                "NAME_1": null,
                "Name": null,
                "OBJECTID": null,
                "OBJECTID_1": null,
                "ORDERBY": null,
                "ORIG_FID": null,
                "Offset": null,
                "PATTERNID": null,
                "PERSON": null,
                "PMLABEL": null,
                "PM_NAME": "ChinamanHat_LBC",
                "PM_NAME_NE": null,
                "Pattern": null,
                "Profile": null,
                "REGION": null,
                "SECTIONARC": null,
                "SECTION_AB": null,
                "SOURCE": null,
                "STRAT_INTE": "F3-4",
                "SectionArc": null,
                "Shape_Ar_1": null,
                "Shape_Area": null,
                "Shape_Le_1": null,
                "Shape_Leng": 1553.37131608,
                "Shape_Length": null,
                "Stop": null,
                "Stop_Num": null,
                "Symbology": "Present"
            }
        },
        {
            "type": "Feature",
            "geometry": {
                "type": "LineString",
                "coordinates": [
                    [
                        -104.80842838287992,
                        31.780554277664194
                    ],
                    [
                        -104.8065044183818,
                        31.779302884486604
                    ],
                    [
                        -104.8052425672241,
                        31.779130715828348
                    ],
                    [
                        -104.80344890657689,
                        31.779127967994253
                    ],
                    [
                        -104.80046068732383,
                        31.778555836640674
                    ]
                ]
            },
            "properties": {
                "Abbrev": null,
                "Alpha": null,
                "Area": null,
                "CS_ID": null,
                "CYCLE": null,
                "CycleDsolv": null,
                "DESCRIPT": null,
                "FEATUREKEY": 95317.0,
                "FEATUREK_1": null,
                "FEATURETYP": "Photo_Panel",
                "FID_": null,
                "FID_Cross_": null,
                "FID_FanGeo": null,
                "FID_Fan_De": null,
                "FID_GIS_Re": null,
                "FID_Photo_": null,
                "FID_ftrip_": null,
                "FID_measur": null,
                "FID_patter": null,
                "FOURTH_ORD": null,
                "FOURTH_O_1": null,
                "FanID": null,
                "Fan_Del": null,
                "Fan_Del_sh": null,
                "FeatureT_1": null,
                "Geo_short": null,
                "Geography": null,
                "Gradient": null,
                "Hyperlink": null,
                "ID": 90,
                "Id": null,
                "Id_1": null,
                "LENGTH": 809.732,
                "Location": null,
                "MAPSYMBOL": "PatP",
                "MAP_SYMBOL": null,
                "MS_ID": null,
                "MidptX": null,
                "MidptY": null,
                "Mod_names": null,
                "NAME": "PattersonPothole",
                "NAME_1": null,
                "Name": null,
                "OBJECTID": null,
                "OBJECTID_1": null,
                "ORDERBY": null,
                "ORIG_FID": null,
                "Offset": null,
                "PATTERNID": null,
                "PERSON": null,
                "PMLABEL": null,
                "PM_NAME": "PattersonPothole",
                "PM_NAME_NE": null,
                "Pattern": null,
                "Profile": null,
                "REGION": null,
                "SECTIONARC": null,
                "SECTION_AB": null,
                "SOURCE": null,
                "STRAT_INTE": "F1-3",
                "SectionArc": null,
                "Shape_Ar_1": null,
                "Shape_Area": null,
                "Shape_Le_1": null,
                "Shape_Leng": 809.731954062,
                "Shape_Length": null,
                "Stop": null,
                "Stop_Num": null,
                "Symbology": "Present"
            }
        },
        {
            "type": "Feature",
            "geometry": {
                "type": "LineString",
                "coordinates": [
                    [
                        -104.80921978583959,
                        31.78800631414395
                    ],
                    [
                        -104.81033804553103,
                        31.787094114976668
                    ],
                    [
                        -104.80996850558884,
                        31.78582209889581
                    ],
                    [
                        -104.80890401607596,
                        31.783198111140834
                    ]
                ]
            },
            "properties": {
                "Abbrev": null,
                "Alpha": null,
                "Area": null,
                "CS_ID": null,
                "CYCLE": null,
                "CycleDsolv": null,
                "DESCRIPT": null,
                "FEATUREKEY": 95318.0,
                "FEATUREK_1": null,
                "FEATURETYP": "Photo_Panel",
                "FID_": null,
                "FID_Cross_": null,
                "FID_FanGeo": null,
                "FID_Fan_De": null,
                "FID_GIS_Re": null,
                "FID_Photo_": null,
                "FID_ftrip_": null,
                "FID_measur": null,
                "FID_patter": null,
                "FOURTH_ORD": null,
                "FOURTH_O_1": null,
                "FanID": null,
                "Fan_Del": null,
                "Fan_Del_sh": null,
                "FeatureT_1": null,
                "Geo_short": null,
                "Geography": null,
                "Gradient": null,
                "Hyperlink": null,
                "ID": 59,
                "Id": null,
                "Id_1": null,
                "LENGTH": 599.459,
                "Location": null,
                "MAPSYMBOL": "WBM",
                "MAP_SYMBOL": null,
                "MS_ID": null,
                "MidptX": null,
                "MidptY": null,
                "Mod_names": null,
                "NAME": "WestBrushyMesa",
                "NAME_1": null,
                "Name": null,
                "OBJECTID": null,
                "OBJECTID_1": null,
                "ORDERBY": null,
                "ORIG_FID": null,
                "Offset": null,
                "PATTERNID": null,
                "PERSON": null,
                "PMLABEL": null,
                "PM_NAME": "WestBrushyMesa",
                "PM_NAME_NE": null,
                "Pattern": null,
                "Profile": null,
                "REGION": null,
                "SECTIONARC": null,
                "SECTION_AB": null,
                "SOURCE": null,
                "STRAT_INTE": "F1-3",
                "SectionArc": null,
                "Shape_Ar_1": null,
                "Shape_Area": null,
                "Shape_Le_1": null,
                "Shape_Leng": 599.459452552,
                "Shape_Length": null,
                "Stop": null,
                "Stop_Num": null,
                "Symbology": "Present"
            }
        },
        {
            "type": "Feature",
            "geometry": {
                "type": "LineString",
                "coordinates": [
                    [
                        -104.80953028350628,
                        31.79400559933107
                    ],
                    [
                        -104.8079348442694,
                        31.794400455370003
                    ],
                    [
                        -104.80693773180715,
                        31.794625950791072
                    ],
                    [
                        -104.80600776627125,
                        31.794511042611216
                    ],
                    [
                        -104.80514543202001,
                        31.793828732982043
                    ],
                    [
                        -104.80328540311832,
                        31.79365563331016
                    ],
                    [
                        -104.80049932124474,
                        31.79155157337619
                    ]
                ]
            },
            "properties": {
                "Abbrev": null,
                "Alpha": null,
                "Area": null,
                "CS_ID": null,
                "CYCLE": null,
                "CycleDsolv": null,
                "DESCRIPT": null,
                "FEATUREKEY": 95319.0,
                "FEATUREK_1": null,
                "FEATURETYP": "Photo_Panel",
                "FID_": null,
                "FID_Cross_": null,
                "FID_FanGeo": null,
                "FID_Fan_De": null,
                "FID_GIS_Re": null,
                "FID_Photo_": null,
                "FID_ftrip_": null,
                "FID_measur": null,
                "FID_patter": null,
                "FOURTH_ORD": null,
                "FOURTH_O_1": null,
                "FanID": null,
                "Fan_Del": null,
                "Fan_Del_sh": null,
                "FeatureT_1": null,
                "Geo_short": null,
                "Geography": null,
                "Gradient": null,
                "Hyperlink": null,
                "ID": 262,
                "Id": null,
                "Id_1": null,
                "LENGTH": 984.329,
                "Location": null,
                "MAPSYMBOL": "SBM",
                "MAP_SYMBOL": null,
                "MS_ID": null,
                "MidptX": null,
                "MidptY": null,
                "Mod_names": null,
                "NAME": "BrushyMesa_Upper_South",
                "NAME_1": null,
                "Name": null,
                "OBJECTID": null,
                "OBJECTID_1": null,
                "ORDERBY": null,
                "ORIG_FID": null,
                "Offset": null,
                "PATTERNID": null,
                "PERSON": null,
                "PMLABEL": null,
                "PM_NAME": "BrushyMesa_Upper_South",
                "PM_NAME_NE": null,
                "Pattern": null,
                "Profile": null,
                "REGION": null,
                "SECTIONARC": null,
                "SECTION_AB": null,
                "SOURCE": null,
                "STRAT_INTE": "F4-5",
                "SectionArc": null,
                "Shape_Ar_1": null,
                "Shape_Area": null,
                "Shape_Le_1": null,
                "Shape_Leng": 984.328993841,
                "Shape_Length": null,
                "Stop": null,
                "Stop_Num": null,
                "Symbology": "Present"
            }
        },
        {
            "type": "Feature",
            "geometry": {
                "type": "LineString",
                "coordinates": [
                    [
                        -104.81078670495641,
                        31.796958445217424
                    ],
                    [
                        -104.81092304644824,
                        31.795256159219
                    ],
                    [
                        -104.81032747818317,
                        31.794063533946396
                    ],
                    [
                        -104.80986295908524,
                        31.79377909593448
                    ]
                ]
            },
            "properties": {
                "Abbrev": null,
                "Alpha": null,
                "Area": null,
                "CS_ID": null,
                "CYCLE": null,
                "CycleDsolv": null,
                "DESCRIPT": null,
                "FEATUREKEY": 95320.0,
                "FEATUREK_1": null,
                "FEATURETYP": "Photo_Panel",
                "FID_": null,
                "FID_Cross_": null,
                "FID_FanGeo": null,
                "FID_Fan_De": null,
                "FID_GIS_Re": null,
                "FID_Photo_": null,
                "FID_ftrip_": null,
                "FID_measur": null,
                "FID_patter": null,
                "FOURTH_ORD": null,
                "FOURTH_O_1": null,
                "FanID": null,
                "Fan_Del": null,
                "Fan_Del_sh": null,
                "FeatureT_1": null,
                "Geo_short": null,
                "Geography": null,
                "Gradient": null,
                "Hyperlink": null,
                "ID": 47,
                "Id": null,
                "Id_1": null,
                "LENGTH": 386.936,
                "Location": null,
                "MAPSYMBOL": "WBM",
                "MAP_SYMBOL": null,
                "MS_ID": null,
                "MidptX": null,
                "MidptY": null,
                "Mod_names": null,
                "NAME": "BrushyMesa_Upper_West",
                "NAME_1": null,
                "Name": null,
                "OBJECTID": null,
                "OBJECTID_1": null,
                "ORDERBY": null,
                "ORIG_FID": null,
                "Offset": null,
                "PATTERNID": null,
                "PERSON": null,
                "PMLABEL": null,
                "PM_NAME": "WestBrushyMesa",
                "PM_NAME_NE": null,
                "Pattern": null,
                "Profile": null,
                "REGION": null,
                "SECTIONARC": null,
                "SECTION_AB": null,
                "SOURCE": null,
                "STRAT_INTE": "F4-5",
                "SectionArc": null,
                "Shape_Ar_1": null,
                "Shape_Area": null,
                "Shape_Le_1": null,
                "Shape_Leng": 386.935848162,
                "Shape_Length": null,
                "Stop": null,
                "Stop_Num": null,
                "Symbology": "Present"
            }
        },
        {
            "type": "Feature",
            "geometry": {
                "type": "LineString",
                "coordinates": [
                    [
                        -104.7863870876181,
                        31.803219147703555
                    ],
                    [
                        -104.77784574999156,
                        31.790379171104764
                    ]
                ]
            },
            "properties": {
                "Abbrev": null,
                "Alpha": null,
                "Area": null,
                "CS_ID": null,
                "CYCLE": null,
                "CycleDsolv": null,
                "DESCRIPT": null,
                "FEATUREKEY": 95321.0,
                "FEATUREK_1": null,
                "FEATURETYP": "Photo_Panel",
                "FID_": null,
                "FID_Cross_": null,
                "FID_FanGeo": null,
                "FID_Fan_De": null,
                "FID_GIS_Re": null,
                "FID_Photo_": null,
                "FID_ftrip_": null,
                "FID_measur": null,
                "FID_patter": null,
                "FOURTH_ORD": null,
                "FOURTH_O_1": null,
                "FanID": null,
                "Fan_Del": null,
                "Fan_Del_sh": null,
                "FeatureT_1": null,
                "Geo_short": null,
                "Geography": null,
                "Gradient": null,
                "Hyperlink": null,
                "ID": 45,
                "Id": null,
                "Id_1": null,
                "LENGTH": 1636.809,
                "Location": null,
                "MAPSYMBOL": "RegE-E'",
                "MAP_SYMBOL": null,
                "MS_ID": null,
                "MidptX": null,
                "MidptY": null,
                "Mod_names": null,
                "NAME": "NDelawareMountainsEtoEprime",
                "NAME_1": null,
                "Name": null,
                "OBJECTID": null,
                "OBJECTID_1": null,
                "ORDERBY": null,
                "ORIG_FID": null,
                "Offset": null,
                "PATTERNID": null,
                "PERSON": null,
                "PMLABEL": null,
                "PM_NAME": "RegionalE-E'",
                "PM_NAME_NE": null,
                "Pattern": null,
                "Profile": null,
                "REGION": null,
                "SECTIONARC": null,
                "SECTION_AB": null,
                "SOURCE": null,
                "STRAT_INTE": null,
                "SectionArc": null,
                "Shape_Ar_1": null,
                "Shape_Area": null,
                "Shape_Le_1": null,
                "Shape_Leng": 1636.80926742,
                "Shape_Length": null,
                "Stop": null,
                "Stop_Num": null,
                "Symbology": "Present"
            }
        },
        {
            "type": "Feature",
            "geometry": {
                "type": "LineString",
                "coordinates": [
                    [
                        -104.81655344184354,
                        31.80406055490302
                    ],
                    [
                        -104.80593476765966,
                        31.7729960575505
                    ]
                ]
            },
            "properties": {
                "Abbrev": null,
                "Alpha": null,
                "Area": null,
                "CS_ID": null,
                "CYCLE": null,
                "CycleDsolv": null,
                "DESCRIPT": null,
                "FEATUREKEY": 95322.0,
                "FEATUREK_1": null,
                "FEATURETYP": "Photo_Panel",
                "FID_": null,
                "FID_Cross_": null,
                "FID_FanGeo": null,
                "FID_Fan_De": null,
                "FID_GIS_Re": null,
                "FID_Photo_": null,
                "FID_ftrip_": null,
                "FID_measur": null,
                "FID_patter": null,
                "FOURTH_ORD": null,
                "FOURTH_O_1": null,
                "FanID": null,
                "Fan_Del": null,
                "Fan_Del_sh": null,
                "FeatureT_1": null,
                "Geo_short": null,
                "Geography": null,
                "Gradient": null,
                "Hyperlink": null,
                "ID": 91,
                "Id": null,
                "Id_1": null,
                "LENGTH": 3586.87,
                "Location": null,
                "MAPSYMBOL": "BMO",
                "MAP_SYMBOL": null,
                "MS_ID": null,
                "MidptX": null,
                "MidptY": null,
                "Mod_names": null,
                "NAME": "BrushyMesaWFace_Overview",
                "NAME_1": null,
                "Name": null,
                "OBJECTID": null,
                "OBJECTID_1": null,
                "ORDERBY": null,
                "ORIG_FID": null,
                "Offset": null,
                "PATTERNID": null,
                "PERSON": null,
                "PMLABEL": null,
                "PM_NAME": "BrushyMesaWFace_Overview",
                "PM_NAME_NE": null,
                "Pattern": null,
                "Profile": null,
                "REGION": null,
                "SECTIONARC": null,
                "SECTION_AB": null,
                "SOURCE": null,
                "STRAT_INTE": "F1-3",
                "SectionArc": null,
                "Shape_Ar_1": null,
                "Shape_Area": null,
                "Shape_Le_1": null,
                "Shape_Leng": 3586.86955152,
                "Shape_Length": null,
                "Stop": null,
                "Stop_Num": null,
                "Symbology": "Present"
            }
        },
        {
            "type": "Feature",
            "geometry": {
                "type": "LineString",
                "coordinates": [
                    [
                        -104.8083059956965,
                        31.80574527523916
                    ],
                    [
                        -104.80705843616501,
                        31.801965515758248
                    ]
                ]
            },
            "properties": {
                "Abbrev": null,
                "Alpha": null,
                "Area": null,
                "CS_ID": null,
                "CYCLE": null,
                "CycleDsolv": null,
                "DESCRIPT": null,
                "FEATUREKEY": 95323.0,
                "FEATUREK_1": null,
                "FEATURETYP": "Photo_Panel",
                "FID_": null,
                "FID_Cross_": null,
                "FID_FanGeo": null,
                "FID_Fan_De": null,
                "FID_GIS_Re": null,
                "FID_Photo_": null,
                "FID_ftrip_": null,
                "FID_measur": null,
                "FID_patter": null,
                "FOURTH_ORD": null,
                "FOURTH_O_1": null,
                "FanID": null,
                "Fan_Del": null,
                "Fan_Del_sh": null,
                "FeatureT_1": null,
                "Geo_short": null,
                "Geography": null,
                "Gradient": null,
                "Hyperlink": null,
                "ID": 89,
                "Id": null,
                "Id_1": null,
                "LENGTH": 478.037,
                "Location": null,
                "MAPSYMBOL": "NBMFB",
                "MAP_SYMBOL": null,
                "MS_ID": null,
                "MidptX": null,
                "MidptY": null,
                "Mod_names": null,
                "NAME": "BrushyMesaFaultBlock",
                "NAME_1": null,
                "Name": null,
                "OBJECTID": null,
                "OBJECTID_1": null,
                "ORDERBY": null,
                "ORIG_FID": null,
                "Offset": null,
                "PATTERNID": null,
                "PERSON": null,
                "PMLABEL": null,
                "PM_NAME": "BrushyMesaFaultBlock",
                "PM_NAME_NE": null,
                "Pattern": null,
                "Profile": null,
                "REGION": null,
                "SECTIONARC": null,
                "SECTION_AB": null,
                "SOURCE": null,
                "STRAT_INTE": "F3",
                "SectionArc": null,
                "Shape_Ar_1": null,
                "Shape_Area": null,
                "Shape_Le_1": null,
                "Shape_Leng": 435.265538625,
                "Shape_Length": null,
                "Stop": null,
                "Stop_Num": null,
                "Symbology": "Present"
            }
        },
        {
            "type": "Feature",
            "geometry": {
                "type": "LineString",
                "coordinates": [
                    [
                        -104.81111770274995,
                        31.80575036377792
                    ],
                    [
                        -104.81576608379594,
                        31.802314792258592
                    ]
                ]
            },
            "properties": {
                "Abbrev": null,
                "Alpha": null,
                "Area": null,
                "CS_ID": null,
                "CYCLE": null,
                "CycleDsolv": null,
                "DESCRIPT": null,
                "FEATUREKEY": 95324.0,
                "FEATUREK_1": null,
                "FEATURETYP": "Photo_Panel",
                "FID_": null,
                "FID_Cross_": null,
                "FID_FanGeo": null,
                "FID_Fan_De": null,
                "FID_GIS_Re": null,
                "FID_Photo_": null,
                "FID_ftrip_": null,
                "FID_measur": null,
                "FID_patter": null,
                "FOURTH_ORD": null,
                "FOURTH_O_1": null,
                "FanID": null,
                "Fan_Del": null,
                "Fan_Del_sh": null,
                "FeatureT_1": null,
                "Geo_short": null,
                "Geography": null,
                "Gradient": null,
                "Hyperlink": null,
                "ID": 58,
                "Id": null,
                "Id_1": null,
                "LENGTH": 625.544,
                "Location": null,
                "MAPSYMBOL": "NBM",
                "MAP_SYMBOL": null,
                "MS_ID": null,
                "MidptX": null,
                "MidptY": null,
                "Mod_names": null,
                "NAME": "NorthBrushyMesa",
                "NAME_1": null,
                "Name": null,
                "OBJECTID": null,
                "OBJECTID_1": null,
                "ORDERBY": null,
                "ORIG_FID": null,
                "Offset": null,
                "PATTERNID": null,
                "PERSON": null,
                "PMLABEL": null,
                "PM_NAME": "NorthBrushyMesa",
                "PM_NAME_NE": null,
                "Pattern": null,
                "Profile": null,
                "REGION": null,
                "SECTIONARC": null,
                "SECTION_AB": null,
                "SOURCE": null,
                "STRAT_INTE": "F3",
                "SectionArc": null,
                "Shape_Ar_1": null,
                "Shape_Area": null,
                "Shape_Le_1": null,
                "Shape_Leng": 581.898774878,
                "Shape_Length": null,
                "Stop": null,
                "Stop_Num": null,
                "Symbology": "Present"
            }
        },
        {
            "type": "Feature",
            "geometry": {
                "type": "LineString",
                "coordinates": [
                    [
                        -104.79999014654754,
                        31.82247420063975
                    ],
                    [
                        -104.80037039919937,
                        31.82072061020071
                    ],
                    [
                        -104.79798331932903,
                        31.81816313306429
                    ],
                    [
                        -104.79532741838696,
                        31.817023911735905
                    ],
                    [
                        -104.7927429683002,
                        31.813671526247777
                    ],
                    [
                        -104.79241599881912,
                        31.81128751956944
                    ],
                    [
                        -104.79175512839751,
                        31.809640709333465
                    ],
                    [
                        -104.78923183152548,
                        31.80660066539949
                    ]
                ]
            },
            "properties": {
                "Abbrev": null,
                "Alpha": null,
                "Area": null,
                "CS_ID": null,
                "CYCLE": null,
                "CycleDsolv": null,
                "DESCRIPT": null,
                "FEATUREKEY": 95325.0,
                "FEATUREK_1": null,
                "FEATURETYP": "Photo_Panel",
                "FID_": null,
                "FID_Cross_": null,
                "FID_FanGeo": null,
                "FID_Fan_De": null,
                "FID_GIS_Re": null,
                "FID_Photo_": null,
                "FID_ftrip_": null,
                "FID_measur": null,
                "FID_patter": null,
                "FOURTH_ORD": null,
                "FOURTH_O_1": null,
                "FanID": null,
                "Fan_Del": null,
                "Fan_Del_sh": null,
                "FeatureT_1": null,
                "Geo_short": null,
                "Geography": null,
                "Gradient": null,
                "Hyperlink": null,
                "ID": 44,
                "Id": null,
                "Id_1": null,
                "LENGTH": 2608.889,
                "Location": null,
                "MAPSYMBOL": "RegD-D'",
                "MAP_SYMBOL": null,
                "MS_ID": null,
                "MidptX": null,
                "MidptY": null,
                "Mod_names": null,
                "NAME": "NDelawareMountainsDtoDprime",
                "NAME_1": null,
                "Name": null,
                "OBJECTID": null,
                "OBJECTID_1": null,
                "ORDERBY": null,
                "ORIG_FID": null,
                "Offset": null,
                "PATTERNID": null,
                "PERSON": null,
                "PMLABEL": null,
                "PM_NAME": "RegionalD-D'",
                "PM_NAME_NE": null,
                "Pattern": null,
                "Profile": null,
                "REGION": null,
                "SECTIONARC": null,
                "SECTION_AB": null,
                "SOURCE": null,
                "STRAT_INTE": null,
                "SectionArc": null,
                "Shape_Ar_1": null,
                "Shape_Area": null,
                "Shape_Le_1": null,
                "Shape_Leng": 2158.31003878,
                "Shape_Length": null,
                "Stop": null,
                "Stop_Num": null,
                "Symbology": "Present"
            }
        },
        {
            "type": "Feature",
            "geometry": {
                "type": "LineString",
                "coordinates": [
                    [
                        -104.81045064521155,
                        31.83151834954942
                    ],
                    [
                        -104.80799957899858,
                        31.82748548620473
                    ],
                    [
                        -104.80534530478994,
                        31.825381741909013
                    ],
                    [
                        -104.80355122598544,
                        31.825151994747756
                    ],
                    [
                        -104.80129384016973,
                        31.82401351408427
                    ],
                    [
                        -104.79999014654754,
                        31.82247420063975
                    ]
                ]
            },
            "properties": {
                "Abbrev": null,
                "Alpha": null,
                "Area": null,
                "CS_ID": null,
                "CYCLE": null,
                "CycleDsolv": null,
                "DESCRIPT": null,
                "FEATUREKEY": 95326.0,
                "FEATUREK_1": null,
                "FEATURETYP": "Photo_Panel",
                "FID_": null,
                "FID_Cross_": null,
                "FID_FanGeo": null,
                "FID_Fan_De": null,
                "FID_GIS_Re": null,
                "FID_Photo_": null,
                "FID_ftrip_": null,
                "FID_measur": null,
                "FID_patter": null,
                "FOURTH_ORD": null,
                "FOURTH_O_1": null,
                "FanID": null,
                "Fan_Del": null,
                "Fan_Del_sh": null,
                "FeatureT_1": null,
                "Geo_short": null,
                "Geography": null,
                "Gradient": null,
                "Hyperlink": null,
                "ID": 30,
                "Id": null,
                "Id_1": null,
                "LENGTH": 1482.545,
                "Location": null,
                "MAPSYMBOL": "RegC-C'",
                "MAP_SYMBOL": null,
                "MS_ID": null,
                "MidptX": null,
                "MidptY": null,
                "Mod_names": null,
                "NAME": "NDelawareMountainsCtoCprime",
                "NAME_1": null,
                "Name": null,
                "OBJECTID": null,
                "OBJECTID_1": null,
                "ORDERBY": null,
                "ORIG_FID": null,
                "Offset": null,
                "PATTERNID": null,
                "PERSON": null,
                "PMLABEL": null,
                "PM_NAME": "N.DelawareMountains_C_to_C'",
                "PM_NAME_NE": null,
                "Pattern": null,
                "Profile": null,
                "REGION": null,
                "SECTIONARC": null,
                "SECTION_AB": null,
                "SOURCE": null,
                "STRAT_INTE": null,
                "SectionArc": null,
                "Shape_Ar_1": null,
                "Shape_Area": null,
                "Shape_Le_1": null,
                "Shape_Leng": 1476.67239947,
                "Shape_Length": null,
                "Stop": null,
                "Stop_Num": null,
                "Symbology": "Present"
            }
        },
        {
            "type": "Feature",
            "geometry": {
                "type": "LineString",
                "coordinates": [
                    [
                        -104.81874304215124,
                        31.848441661553277
                    ],
                    [
                        -104.81735062425957,
                        31.8380829506155
                    ],
                    [
                        -104.81403580512637,
                        31.833623347665686
                    ],
                    [
                        -104.81031759015889,
                        31.831574901308944
                    ]
                ]
            },
            "properties": {
                "Abbrev": null,
                "Alpha": null,
                "Area": null,
                "CS_ID": null,
                "CYCLE": null,
                "CycleDsolv": null,
                "DESCRIPT": null,
                "FEATUREKEY": 95327.0,
                "FEATUREK_1": null,
                "FEATURETYP": "Photo_Panel",
                "FID_": null,
                "FID_Cross_": null,
                "FID_FanGeo": null,
                "FID_Fan_De": null,
                "FID_GIS_Re": null,
                "FID_Photo_": null,
                "FID_ftrip_": null,
                "FID_measur": null,
                "FID_patter": null,
                "FOURTH_ORD": null,
                "FOURTH_O_1": null,
                "FanID": null,
                "Fan_Del": null,
                "Fan_Del_sh": null,
                "FeatureT_1": null,
                "Geo_short": null,
                "Geography": null,
                "Gradient": null,
                "Hyperlink": null,
                "ID": 29,
                "Id": null,
                "Id_1": null,
                "LENGTH": 2159.837,
                "Location": null,
                "MAPSYMBOL": "RegB-B'",
                "MAP_SYMBOL": null,
                "MS_ID": null,
                "MidptX": null,
                "MidptY": null,
                "Mod_names": null,
                "NAME": "NDelawareMountainsBtoBprime",
                "NAME_1": null,
                "Name": null,
                "OBJECTID": null,
                "OBJECTID_1": null,
                "ORDERBY": null,
                "ORIG_FID": null,
                "Offset": null,
                "PATTERNID": null,
                "PERSON": null,
                "PMLABEL": null,
                "PM_NAME": "N.DelawareMountains_B_to_B'",
                "PM_NAME_NE": null,
                "Pattern": null,
                "Profile": null,
                "REGION": null,
                "SECTIONARC": null,
                "SECTION_AB": null,
                "SOURCE": null,
                "STRAT_INTE": null,
                "SectionArc": null,
                "Shape_Ar_1": null,
                "Shape_Area": null,
                "Shape_Le_1": null,
                "Shape_Leng": 2159.83728797,
                "Shape_Length": null,
                "Stop": null,
                "Stop_Num": null,
                "Symbology": "Present"
            }
        },
        {
            "type": "Feature",
            "geometry": {
                "type": "LineString",
                "coordinates": [
                    [
                        -104.83110237282187,
                        31.86108529162646
                    ],
                    [
                        -104.82953243587126,
                        31.856046724110808
                    ],
                    [
                        -104.82430325990029,
                        31.852492813171516
                    ],
                    [
                        -104.82272803118073,
                        31.850504415409713
                    ],
                    [
                        -104.82115082415699,
                        31.849580041844774
                    ],
                    [
                        -104.8188262815678,
                        31.848370843123714
                    ]
                ]
            },
            "properties": {
                "Abbrev": null,
                "Alpha": null,
                "Area": null,
                "CS_ID": null,
                "CYCLE": null,
                "CycleDsolv": null,
                "DESCRIPT": null,
                "FEATUREKEY": 95328.0,
                "FEATUREK_1": null,
                "FEATURETYP": "Photo_Panel",
                "FID_": null,
                "FID_Cross_": null,
                "FID_FanGeo": null,
                "FID_Fan_De": null,
                "FID_GIS_Re": null,
                "FID_Photo_": null,
                "FID_ftrip_": null,
                "FID_measur": null,
                "FID_patter": null,
                "FOURTH_ORD": null,
                "FOURTH_O_1": null,
                "FanID": null,
                "Fan_Del": null,
                "Fan_Del_sh": null,
                "FeatureT_1": null,
                "Geo_short": null,
                "Geography": null,
                "Gradient": null,
                "Hyperlink": null,
                "ID": 38,
                "Id": null,
                "Id_1": null,
                "LENGTH": 1914.864,
                "Location": null,
                "MAPSYMBOL": "RegA-A'",
                "MAP_SYMBOL": null,
                "MS_ID": null,
                "MidptX": null,
                "MidptY": null,
                "Mod_names": null,
                "NAME": "NDelawareMountainsAtoAprime",
                "NAME_1": null,
                "Name": null,
                "OBJECTID": null,
                "OBJECTID_1": null,
                "ORDERBY": null,
                "ORIG_FID": null,
                "Offset": null,
                "PATTERNID": null,
                "PERSON": null,
                "PMLABEL": null,
                "PM_NAME": "N.DelawareMountains_A_to_A'",
                "PM_NAME_NE": null,
                "Pattern": null,
                "Profile": null,
                "REGION": null,
                "SECTIONARC": null,
                "SECTION_AB": null,
                "SOURCE": null,
                "STRAT_INTE": null,
                "SectionArc": null,
                "Shape_Ar_1": null,
                "Shape_Area": null,
                "Shape_Le_1": null,
                "Shape_Leng": 1914.86383344,
                "Shape_Length": null,
                "Stop": null,
                "Stop_Num": null,
                "Symbology": "Present"
            }
        },
        {
            "type": "Feature",
            "geometry": {
                "type": "LineString",
                "coordinates": [
                    [
                        -104.83222354359141,
                        31.861565589788842
                    ],
                    [
                        -104.83056545722432,
                        31.859257970133545
                    ],
                    [
                        -104.82969943183525,
                        31.855621330306395
                    ],
                    [
                        -104.82787350027131,
                        31.854288822704245
                    ],
                    [
                        -104.82444983160929,
                        31.851890056840567
                    ],
                    [
                        -104.82217070209174,
                        31.84860609176853
                    ]
                ]
            },
            "properties": {
                "Abbrev": null,
                "Alpha": null,
                "Area": null,
                "CS_ID": null,
                "CYCLE": null,
                "CycleDsolv": null,
                "DESCRIPT": null,
                "FEATUREKEY": 95329.0,
                "FEATUREK_1": null,
                "FEATURETYP": "Photo_Panel",
                "FID_": null,
                "FID_Cross_": null,
                "FID_FanGeo": null,
                "FID_Fan_De": null,
                "FID_GIS_Re": null,
                "FID_Photo_": null,
                "FID_ftrip_": null,
                "FID_measur": null,
                "FID_patter": null,
                "FOURTH_ORD": null,
                "FOURTH_O_1": null,
                "FanID": null,
                "Fan_Del": null,
                "Fan_Del_sh": null,
                "FeatureT_1": null,
                "Geo_short": null,
                "Geography": null,
                "Gradient": null,
                "Hyperlink": null,
                "ID": 210,
                "Id": null,
                "Id_1": null,
                "LENGTH": 1780.749,
                "Location": null,
                "MAPSYMBOL": "GC",
                "MAP_SYMBOL": null,
                "MS_ID": null,
                "MidptX": null,
                "MidptY": null,
                "Mod_names": null,
                "NAME": "GuadalupeCanyon",
                "NAME_1": null,
                "Name": null,
                "OBJECTID": null,
                "OBJECTID_1": null,
                "ORDERBY": null,
                "ORIG_FID": null,
                "Offset": null,
                "PATTERNID": null,
                "PERSON": null,
                "PMLABEL": null,
                "PM_NAME": "GuadalupeCanyon",
                "PM_NAME_NE": null,
                "Pattern": null,
                "Profile": null,
                "REGION": null,
                "SECTIONARC": null,
                "SECTION_AB": null,
                "SOURCE": null,
                "STRAT_INTE": null,
                "SectionArc": null,
                "Shape_Ar_1": null,
                "Shape_Area": null,
                "Shape_Le_1": null,
                "Shape_Leng": 1780.74916331,
                "Shape_Length": null,
                "Stop": null,
                "Stop_Num": null,
                "Symbology": "Present"
            }
        },
        {
            "type": "Feature",
            "geometry": {
                "type": "LineString",
                "coordinates": [
                    [
                        -104.86337743969024,
                        31.871090465588225
                    ],
                    [
                        -104.8602699047473,
                        31.86470283820847
                    ],
                    [
                        -104.85684337182181,
                        31.863368987397827
                    ],
                    [
                        -104.85102781985637,
                        31.861766265420776
                    ],
                    [
                        -104.84666446724613,
                        31.861672428087704
                    ],
                    [
                        -104.84054375230572,
                        31.8564333743155
                    ],
                    [
                        -104.83504324759022,
                        31.853322916852363
                    ]
                ]
            },
            "properties": {
                "Abbrev": null,
                "Alpha": null,
                "Area": null,
                "CS_ID": null,
                "CYCLE": null,
                "CycleDsolv": null,
                "DESCRIPT": null,
                "FEATUREKEY": 95330.0,
                "FEATUREK_1": null,
                "FEATURETYP": "Photo_Panel",
                "FID_": null,
                "FID_Cross_": null,
                "FID_FanGeo": null,
                "FID_Fan_De": null,
                "FID_GIS_Re": null,
                "FID_Photo_": null,
                "FID_ftrip_": null,
                "FID_measur": null,
                "FID_patter": null,
                "FOURTH_ORD": null,
                "FOURTH_O_1": null,
                "FanID": null,
                "Fan_Del": null,
                "Fan_Del_sh": null,
                "FeatureT_1": null,
                "Geo_short": null,
                "Geography": null,
                "Gradient": null,
                "Hyperlink": null,
                "ID": 51,
                "Id": null,
                "Id_1": null,
                "LENGTH": 3558.115,
                "Location": null,
                "MAPSYMBOL": "SFB",
                "MAP_SYMBOL": null,
                "MS_ID": null,
                "MidptX": null,
                "MidptY": null,
                "Mod_names": null,
                "NAME": "SaltFlatBench",
                "NAME_1": null,
                "Name": null,
                "OBJECTID": null,
                "OBJECTID_1": null,
                "ORDERBY": null,
                "ORIG_FID": null,
                "Offset": null,
                "PATTERNID": null,
                "PERSON": null,
                "PMLABEL": null,
                "PM_NAME": "Salt Flat Bench",
                "PM_NAME_NE": null,
                "Pattern": null,
                "Profile": null,
                "REGION": null,
                "SECTIONARC": null,
                "SECTION_AB": null,
                "SOURCE": null,
                "STRAT_INTE": null,
                "SectionArc": null,
                "Shape_Ar_1": null,
                "Shape_Area": null,
                "Shape_Le_1": null,
                "Shape_Leng": 3558.11548817,
                "Shape_Length": null,
                "Stop": null,
                "Stop_Num": null,
                "Symbology": "Present"
            }
        },
        {
            "type": "Feature",
            "geometry": {
                "type": "LineString",
                "coordinates": [
                    [
                        -104.87754668161196,
                        31.889803378594614
                    ],
                    [
                        -104.880933596064,
                        31.882442096020878
                    ],
                    [
                        -104.87868902938673,
                        31.877103394945113
                    ],
                    [
                        -104.87431926871648,
                        31.871228916961158
                    ],
                    [
                        -104.86944758318535,
                        31.86695475224637
                    ],
                    [
                        -104.85270255806516,
                        31.8585047027002
                    ]
                ]
            },
            "properties": {
                "Abbrev": null,
                "Alpha": null,
                "Area": null,
                "CS_ID": null,
                "CYCLE": null,
                "CycleDsolv": null,
                "DESCRIPT": null,
                "FEATUREKEY": 95331.0,
                "FEATUREK_1": null,
                "FEATURETYP": "Photo_Panel",
                "FID_": null,
                "FID_Cross_": null,
                "FID_FanGeo": null,
                "FID_Fan_De": null,
                "FID_GIS_Re": null,
                "FID_Photo_": null,
                "FID_ftrip_": null,
                "FID_measur": null,
                "FID_patter": null,
                "FOURTH_ORD": null,
                "FOURTH_O_1": null,
                "FanID": null,
                "Fan_Del": null,
                "Fan_Del_sh": null,
                "FeatureT_1": null,
                "Geo_short": null,
                "Geography": null,
                "Gradient": null,
                "Hyperlink": null,
                "ID": 231,
                "Id": null,
                "Id_1": null,
                "LENGTH": 4777.525,
                "Location": null,
                "MAPSYMBOL": "RegSo",
                "MAP_SYMBOL": null,
                "MS_ID": null,
                "MidptX": null,
                "MidptY": null,
                "Mod_names": null,
                "NAME": "WesternEscarpment_RegionalSouth",
                "NAME_1": null,
                "Name": null,
                "OBJECTID": null,
                "OBJECTID_1": null,
                "ORDERBY": null,
                "ORIG_FID": null,
                "Offset": null,
                "PATTERNID": null,
                "PERSON": null,
                "PMLABEL": null,
                "PM_NAME": "RegionalSorth",
                "PM_NAME_NE": null,
                "Pattern": null,
                "Profile": null,
                "REGION": null,
                "SECTIONARC": null,
                "SECTION_AB": null,
                "SOURCE": null,
                "STRAT_INTE": null,
                "SectionArc": null,
                "Shape_Ar_1": null,
                "Shape_Area": null,
                "Shape_Le_1": null,
                "Shape_Leng": 4777.52475605,
                "Shape_Length": null,
                "Stop": null,
                "Stop_Num": null,
                "Symbology": "Missing"
            }
        },
        {
            "type": "Feature",
            "geometry": {
                "type": "LineString",
                "coordinates": [
                    [
                        -104.87351593074621,
                        31.88721120894131
                    ],
                    [
                        -104.86375346435167,
                        31.89093676823072
                    ]
                ]
            },
            "properties": {
                "Abbrev": null,
                "Alpha": null,
                "Area": null,
                "CS_ID": null,
                "CYCLE": null,
                "CycleDsolv": null,
                "DESCRIPT": null,
                "FEATUREKEY": 95332.0,
                "FEATUREK_1": null,
                "FEATURETYP": "Photo_Panel",
                "FID_": null,
                "FID_Cross_": null,
                "FID_FanGeo": null,
                "FID_Fan_De": null,
                "FID_GIS_Re": null,
                "FID_Photo_": null,
                "FID_ftrip_": null,
                "FID_measur": null,
                "FID_patter": null,
                "FOURTH_ORD": null,
                "FOURTH_O_1": null,
                "FanID": null,
                "Fan_Del": null,
                "Fan_Del_sh": null,
                "FeatureT_1": null,
                "Geo_short": null,
                "Geography": null,
                "Gradient": null,
                "Hyperlink": null,
                "ID": 32,
                "Id": null,
                "Id_1": null,
                "LENGTH": 1011.38,
                "Location": null,
                "MAPSYMBOL": "BspgC",
                "MAP_SYMBOL": null,
                "MS_ID": null,
                "MidptX": null,
                "MidptY": null,
                "Mod_names": null,
                "NAME": "Bone Canyon",
                "NAME_1": null,
                "Name": null,
                "OBJECTID": null,
                "OBJECTID_1": null,
                "ORDERBY": null,
                "ORIG_FID": null,
                "Offset": null,
                "PATTERNID": null,
                "PERSON": null,
                "PMLABEL": null,
                "PM_NAME": "Bone Canyon",
                "PM_NAME_NE": null,
                "Pattern": null,
                "Profile": null,
                "REGION": null,
                "SECTIONARC": null,
                "SECTION_AB": null,
                "SOURCE": null,
                "STRAT_INTE": null,
                "SectionArc": null,
                "Shape_Ar_1": null,
                "Shape_Area": null,
                "Shape_Le_1": null,
                "Shape_Leng": 1011.38000169,
                "Shape_Length": null,
                "Stop": null,
                "Stop_Num": null,
                "Symbology": "Present"
            }
        },
        {
            "type": "Feature",
            "geometry": {
                "type": "LineString",
                "coordinates": [
                    [
                        -104.88905008068737,
                        31.894189884510624
                    ],
                    [
                        -104.87444892982187,
                        31.86781362288278
                    ],
                    [
                        -104.85158491551364,
                        31.8535937304577
                    ]
                ]
            },
            "properties": {
                "Abbrev": null,
                "Alpha": null,
                "Area": null,
                "CS_ID": null,
                "CYCLE": null,
                "CycleDsolv": null,
                "DESCRIPT": null,
                "FEATUREKEY": 95333.0,
                "FEATUREK_1": null,
                "FEATURETYP": "Photo_Panel",
                "FID_": null,
                "FID_Cross_": null,
                "FID_FanGeo": null,
                "FID_Fan_De": null,
                "FID_GIS_Re": null,
                "FID_Photo_": null,
                "FID_ftrip_": null,
                "FID_measur": null,
                "FID_patter": null,
                "FOURTH_ORD": null,
                "FOURTH_O_1": null,
                "FanID": null,
                "Fan_Del": null,
                "Fan_Del_sh": null,
                "FeatureT_1": null,
                "Geo_short": null,
                "Geography": null,
                "Gradient": null,
                "Hyperlink": null,
                "ID": 27,
                "Id": null,
                "Id_1": null,
                "LENGTH": 5909.507,
                "Location": null,
                "MAPSYMBOL": "WEsc",
                "MAP_SYMBOL": null,
                "MS_ID": null,
                "MidptX": null,
                "MidptY": null,
                "Mod_names": null,
                "NAME": "WesternEscarpment_Overview",
                "NAME_1": null,
                "Name": null,
                "OBJECTID": null,
                "OBJECTID_1": null,
                "ORDERBY": null,
                "ORIG_FID": null,
                "Offset": null,
                "PATTERNID": null,
                "PERSON": null,
                "PMLABEL": null,
                "PM_NAME": "WesternEscarpment_Overview",
                "PM_NAME_NE": null,
                "Pattern": null,
                "Profile": null,
                "REGION": null,
                "SECTIONARC": null,
                "SECTION_AB": null,
                "SOURCE": null,
                "STRAT_INTE": null,
                "SectionArc": null,
                "Shape_Ar_1": null,
                "Shape_Area": null,
                "Shape_Le_1": null,
                "Shape_Leng": 5909.5068622,
                "Shape_Length": null,
                "Stop": null,
                "Stop_Num": null,
                "Symbology": "Present"
            }
        },
        {
            "type": "Feature",
            "geometry": {
                "type": "LineString",
                "coordinates": [
                    [
                        -104.89165377039235,
                        31.914364349586478
                    ],
                    [
                        -104.8926587110832,
                        31.91094979810418
                    ],
                    [
                        -104.89053488672894,
                        31.908172982708454
                    ],
                    [
                        -104.886787162363,
                        31.90336680410271
                    ],
                    [
                        -104.88661298846665,
                        31.896435006419328
                    ],
                    [
                        -104.88667513346287,
                        31.892586826050987
                    ],
                    [
                        -104.87842275323518,
                        31.88948402220743
                    ]
                ]
            },
            "properties": {
                "Abbrev": null,
                "Alpha": null,
                "Area": null,
                "CS_ID": null,
                "CYCLE": null,
                "CycleDsolv": null,
                "DESCRIPT": null,
                "FEATUREKEY": 95334.0,
                "FEATUREK_1": null,
                "FEATURETYP": "Photo_Panel",
                "FID_": null,
                "FID_Cross_": null,
                "FID_FanGeo": null,
                "FID_Fan_De": null,
                "FID_GIS_Re": null,
                "FID_Photo_": null,
                "FID_ftrip_": null,
                "FID_measur": null,
                "FID_patter": null,
                "FOURTH_ORD": null,
                "FOURTH_O_1": null,
                "FanID": null,
                "Fan_Del": null,
                "Fan_Del_sh": null,
                "FeatureT_1": null,
                "Geo_short": null,
                "Geography": null,
                "Gradient": null,
                "Hyperlink": null,
                "ID": 230,
                "Id": null,
                "Id_1": null,
                "LENGTH": 3445.399,
                "Location": null,
                "MAPSYMBOL": "RegNo",
                "MAP_SYMBOL": null,
                "MS_ID": null,
                "MidptX": null,
                "MidptY": null,
                "Mod_names": null,
                "NAME": "WesternEscarpment_RegionalNorth",
                "NAME_1": null,
                "Name": null,
                "OBJECTID": null,
                "OBJECTID_1": null,
                "ORDERBY": null,
                "ORIG_FID": null,
                "Offset": null,
                "PATTERNID": null,
                "PERSON": null,
                "PMLABEL": null,
                "PM_NAME": "RegionalNorth",
                "PM_NAME_NE": null,
                "Pattern": null,
                "Profile": null,
                "REGION": null,
                "SECTIONARC": null,
                "SECTION_AB": null,
                "SOURCE": null,
                "STRAT_INTE": null,
                "SectionArc": null,
                "Shape_Ar_1": null,
                "Shape_Area": null,
                "Shape_Le_1": null,
                "Shape_Leng": 3445.39915484,
                "Shape_Length": null,
                "Stop": null,
                "Stop_Num": null,
                "Symbology": "Missing"
            }
        },
        {
            "type": "Feature",
            "geometry": {
                "type": "LineString",
                "coordinates": [
                    [
                        -104.69386790172548,
                        31.54540139227626
                    ],
                    [
                        -104.69138878509246,
                        31.54445066228112
                    ]
                ]
            },
            "properties": {
                "Abbrev": null,
                "Alpha": null,
                "Area": null,
                "CS_ID": null,
                "CYCLE": null,
                "CycleDsolv": null,
                "DESCRIPT": null,
                "FEATUREKEY": 95335.0,
                "FEATUREK_1": null,
                "FEATURETYP": "Photo_Panel",
                "FID_": null,
                "FID_Cross_": null,
                "FID_FanGeo": null,
                "FID_Fan_De": null,
                "FID_GIS_Re": null,
                "FID_Photo_": null,
                "FID_ftrip_": null,
                "FID_measur": null,
                "FID_patter": null,
                "FOURTH_ORD": null,
                "FOURTH_O_1": null,
                "FanID": null,
                "Fan_Del": null,
                "Fan_Del_sh": null,
                "FeatureT_1": null,
                "Geo_short": null,
                "Geography": null,
                "Gradient": null,
                "Hyperlink": null,
                "ID": 68,
                "Id": null,
                "Id_1": null,
                "LENGTH": 257.83,
                "Location": null,
                "MAPSYMBOL": "NApT",
                "MAP_SYMBOL": null,
                "MS_ID": null,
                "MidptX": null,
                "MidptY": null,
                "Mod_names": null,
                "NAME": "ApacheTanks_North",
                "NAME_1": null,
                "Name": null,
                "OBJECTID": null,
                "OBJECTID_1": null,
                "ORDERBY": null,
                "ORIG_FID": null,
                "Offset": null,
                "PATTERNID": null,
                "PERSON": null,
                "PMLABEL": null,
                "PM_NAME": "ApacheTanks_North",
                "PM_NAME_NE": null,
                "Pattern": null,
                "Profile": null,
                "REGION": null,
                "SECTIONARC": null,
                "SECTION_AB": null,
                "SOURCE": null,
                "STRAT_INTE": "F1-3",
                "SectionArc": null,
                "Shape_Ar_1": null,
                "Shape_Area": null,
                "Shape_Le_1": null,
                "Shape_Leng": 257.830385117,
                "Shape_Length": null,
                "Stop": null,
                "Stop_Num": null,
                "Symbology": "Present"
            }
        },
        {
            "type": "Feature",
            "geometry": {
                "type": "LineString",
                "coordinates": [
                    [
                        -104.70779215374772,
                        31.55157499358361
                    ],
                    [
                        -104.6950930898748,
                        31.54558801933963
                    ]
                ]
            },
            "properties": {
                "Abbrev": null,
                "Alpha": null,
                "Area": null,
                "CS_ID": null,
                "CYCLE": null,
                "CycleDsolv": null,
                "DESCRIPT": null,
                "FEATUREKEY": 95336.0,
                "FEATUREK_1": null,
                "FEATURETYP": "Photo_Panel",
                "FID_": null,
                "FID_Cross_": null,
                "FID_FanGeo": null,
                "FID_Fan_De": null,
                "FID_GIS_Re": null,
                "FID_Photo_": null,
                "FID_ftrip_": null,
                "FID_measur": null,
                "FID_patter": null,
                "FOURTH_ORD": null,
                "FOURTH_O_1": null,
                "FanID": null,
                "Fan_Del": null,
                "Fan_Del_sh": null,
                "FeatureT_1": null,
                "Geo_short": null,
                "Geography": null,
                "Gradient": null,
                "Hyperlink": null,
                "ID": 297,
                "Id": null,
                "Id_1": null,
                "LENGTH": 1375.913,
                "Location": null,
                "MAPSYMBOL": "SJM",
                "MAP_SYMBOL": null,
                "MS_ID": null,
                "MidptX": null,
                "MidptY": null,
                "Mod_names": null,
                "NAME": "Janes_Mesa_South",
                "NAME_1": null,
                "Name": null,
                "OBJECTID": null,
                "OBJECTID_1": null,
                "ORDERBY": null,
                "ORIG_FID": null,
                "Offset": null,
                "PATTERNID": null,
                "PERSON": null,
                "PMLABEL": null,
                "PM_NAME": "South Janes Mesa",
                "PM_NAME_NE": null,
                "Pattern": null,
                "Profile": null,
                "REGION": null,
                "SECTIONARC": null,
                "SECTION_AB": null,
                "SOURCE": null,
                "STRAT_INTE": "F1-3",
                "SectionArc": null,
                "Shape_Ar_1": null,
                "Shape_Area": null,
                "Shape_Le_1": null,
                "Shape_Leng": 1375.91322743,
                "Shape_Length": null,
                "Stop": null,
                "Stop_Num": null,
                "Symbology": "Present"
            }
        },
        {
            "type": "Feature",
            "geometry": {
                "type": "LineString",
                "coordinates": [
                    [
                        -104.70449865381983,
                        31.556133908441456
                    ],
                    [
                        -104.70751429999304,
                        31.552230462048946
                    ]
                ]
            },
            "properties": {
                "Abbrev": null,
                "Alpha": null,
                "Area": null,
                "CS_ID": null,
                "CYCLE": null,
                "CycleDsolv": null,
                "DESCRIPT": null,
                "FEATUREKEY": 95337.0,
                "FEATUREK_1": null,
                "FEATURETYP": "Photo_Panel",
                "FID_": null,
                "FID_Cross_": null,
                "FID_FanGeo": null,
                "FID_Fan_De": null,
                "FID_GIS_Re": null,
                "FID_Photo_": null,
                "FID_ftrip_": null,
                "FID_measur": null,
                "FID_patter": null,
                "FOURTH_ORD": null,
                "FOURTH_O_1": null,
                "FanID": null,
                "Fan_Del": null,
                "Fan_Del_sh": null,
                "FeatureT_1": null,
                "Geo_short": null,
                "Geography": null,
                "Gradient": null,
                "Hyperlink": null,
                "ID": 78,
                "Id": null,
                "Id_1": null,
                "LENGTH": 518.744,
                "Location": null,
                "MAPSYMBOL": "SJWin",
                "MAP_SYMBOL": null,
                "MS_ID": null,
                "MidptX": null,
                "MidptY": null,
                "Mod_names": null,
                "NAME": "SouthJanesWindow",
                "NAME_1": null,
                "Name": null,
                "OBJECTID": null,
                "OBJECTID_1": null,
                "ORDERBY": null,
                "ORIG_FID": null,
                "Offset": null,
                "PATTERNID": null,
                "PERSON": null,
                "PMLABEL": null,
                "PM_NAME": "SouthJane'sWindow",
                "PM_NAME_NE": null,
                "Pattern": null,
                "Profile": null,
                "REGION": null,
                "SECTIONARC": null,
                "SECTION_AB": null,
                "SOURCE": null,
                "STRAT_INTE": "F1-3",
                "SectionArc": null,
                "Shape_Ar_1": null,
                "Shape_Area": null,
                "Shape_Le_1": null,
                "Shape_Leng": 518.744276101,
                "Shape_Length": null,
                "Stop": null,
                "Stop_Num": null,
                "Symbology": "Present"
            }
        },
        {
            "type": "Feature",
            "geometry": {
                "type": "LineString",
                "coordinates": [
                    [
                        -104.67537891063054,
                        31.558624955845005
                    ],
                    [
                        -104.6729288334465,
                        31.559505210532294
                    ]
                ]
            },
            "properties": {
                "Abbrev": null,
                "Alpha": null,
                "Area": null,
                "CS_ID": null,
                "CYCLE": null,
                "CycleDsolv": null,
                "DESCRIPT": null,
                "FEATUREKEY": 95338.0,
                "FEATUREK_1": null,
                "FEATURETYP": "Photo_Panel",
                "FID_": null,
                "FID_Cross_": null,
                "FID_FanGeo": null,
                "FID_Fan_De": null,
                "FID_GIS_Re": null,
                "FID_Photo_": null,
                "FID_ftrip_": null,
                "FID_measur": null,
                "FID_patter": null,
                "FOURTH_ORD": null,
                "FOURTH_O_1": null,
                "FanID": null,
                "Fan_Del": null,
                "Fan_Del_sh": null,
                "FeatureT_1": null,
                "Geo_short": null,
                "Geography": null,
                "Gradient": null,
                "Hyperlink": null,
                "ID": 165,
                "Id": null,
                "Id_1": null,
                "LENGTH": 252.163,
                "Location": null,
                "MAPSYMBOL": "SSo",
                "MAP_SYMBOL": null,
                "MS_ID": null,
                "MidptX": null,
                "MidptY": null,
                "Mod_names": null,
                "NAME": "SibleySouth_Fan5Channel",
                "NAME_1": null,
                "Name": null,
                "OBJECTID": null,
                "OBJECTID_1": null,
                "ORDERBY": null,
                "ORIG_FID": null,
                "Offset": null,
                "PATTERNID": null,
                "PERSON": null,
                "PMLABEL": null,
                "PM_NAME": "SibleySouth_Fan5Channel",
                "PM_NAME_NE": null,
                "Pattern": null,
                "Profile": null,
                "REGION": null,
                "SECTIONARC": null,
                "SECTION_AB": null,
                "SOURCE": null,
                "STRAT_INTE": "F5",
                "SectionArc": null,
                "Shape_Ar_1": null,
                "Shape_Area": null,
                "Shape_Le_1": null,
                "Shape_Leng": 252.163337665,
                "Shape_Length": null,
                "Stop": null,
                "Stop_Num": null,
                "Symbology": "Present"
            }
        },
        {
            "type": "Feature",
            "geometry": {
                "type": "LineString",
                "coordinates": [
                    [
                        -104.69458767714822,
                        31.559706111734258
                    ],
                    [
                        -104.69235363500809,
                        31.548270793620688
                    ]
                ]
            },
            "properties": {
                "Abbrev": null,
                "Alpha": null,
                "Area": null,
                "CS_ID": null,
                "CYCLE": null,
                "CycleDsolv": null,
                "DESCRIPT": null,
                "FEATUREKEY": 95339.0,
                "FEATUREK_1": null,
                "FEATURETYP": "Photo_Panel",
                "FID_": null,
                "FID_Cross_": null,
                "FID_FanGeo": null,
                "FID_Fan_De": null,
                "FID_GIS_Re": null,
                "FID_Photo_": null,
                "FID_ftrip_": null,
                "FID_measur": null,
                "FID_patter": null,
                "FOURTH_ORD": null,
                "FOURTH_O_1": null,
                "FanID": null,
                "Fan_Del": null,
                "Fan_Del_sh": null,
                "FeatureT_1": null,
                "Geo_short": null,
                "Geography": null,
                "Gradient": null,
                "Hyperlink": null,
                "ID": 163,
                "Id": null,
                "Id_1": null,
                "LENGTH": 1285.045,
                "Location": null,
                "MAPSYMBOL": "LW",
                "MAP_SYMBOL": null,
                "MS_ID": null,
                "MidptX": null,
                "MidptY": null,
                "Mod_names": null,
                "NAME": "Lobewall",
                "NAME_1": null,
                "Name": null,
                "OBJECTID": null,
                "OBJECTID_1": null,
                "ORDERBY": null,
                "ORIG_FID": null,
                "Offset": null,
                "PATTERNID": null,
                "PERSON": null,
                "PMLABEL": null,
                "PM_NAME": "Lobewall",
                "PM_NAME_NE": null,
                "Pattern": null,
                "Profile": null,
                "REGION": null,
                "SECTIONARC": null,
                "SECTION_AB": null,
                "SOURCE": null,
                "STRAT_INTE": "F4",
                "SectionArc": null,
                "Shape_Ar_1": null,
                "Shape_Area": null,
                "Shape_Le_1": null,
                "Shape_Leng": 1285.04467956,
                "Shape_Length": null,
                "Stop": null,
                "Stop_Num": null,
                "Symbology": "Present"
            }
        },
        {
            "type": "Feature",
            "geometry": {
                "type": "LineString",
                "coordinates": [
                    [
                        -104.71478077312723,
                        31.561327268101227
                    ],
                    [
                        -104.71023484876422,
                        31.55451987133519
                    ]
                ]
            },
            "properties": {
                "Abbrev": null,
                "Alpha": null,
                "Area": null,
                "CS_ID": null,
                "CYCLE": null,
                "CycleDsolv": null,
                "DESCRIPT": null,
                "FEATUREKEY": 95340.0,
                "FEATUREK_1": null,
                "FEATURETYP": "Photo_Panel",
                "FID_": null,
                "FID_Cross_": null,
                "FID_FanGeo": null,
                "FID_Fan_De": null,
                "FID_GIS_Re": null,
                "FID_Photo_": null,
                "FID_ftrip_": null,
                "FID_measur": null,
                "FID_patter": null,
                "FOURTH_ORD": null,
                "FOURTH_O_1": null,
                "FanID": null,
                "Fan_Del": null,
                "Fan_Del_sh": null,
                "FeatureT_1": null,
                "Geo_short": null,
                "Geography": null,
                "Gradient": null,
                "Hyperlink": null,
                "ID": 265,
                "Id": null,
                "Id_1": null,
                "LENGTH": 869.136,
                "Location": null,
                "MAPSYMBOL": "CJM",
                "MAP_SYMBOL": null,
                "MS_ID": null,
                "MidptX": null,
                "MidptY": null,
                "Mod_names": null,
                "NAME": "Janes_Mesa_Central",
                "NAME_1": null,
                "Name": null,
                "OBJECTID": null,
                "OBJECTID_1": null,
                "ORDERBY": null,
                "ORIG_FID": null,
                "Offset": null,
                "PATTERNID": null,
                "PERSON": null,
                "PMLABEL": null,
                "PM_NAME": "Janes_Mesa_Central",
                "PM_NAME_NE": null,
                "Pattern": null,
                "Profile": null,
                "REGION": null,
                "SECTIONARC": null,
                "SECTION_AB": null,
                "SOURCE": null,
                "STRAT_INTE": "F1-3",
                "SectionArc": null,
                "Shape_Ar_1": null,
                "Shape_Area": null,
                "Shape_Le_1": null,
                "Shape_Leng": 869.13568156,
                "Shape_Length": null,
                "Stop": null,
                "Stop_Num": null,
                "Symbology": "Missing"
            }
        },
        {
            "type": "Feature",
            "geometry": {
                "type": "LineString",
                "coordinates": [
                    [
                        -104.68277829509579,
                        31.56521635868254
                    ],
                    [
                        -104.67890915135672,
                        31.561499537360934
                    ],
                    [
                        -104.6727626956207,
                        31.55544208538842
                    ]
                ]
            },
            "properties": {
                "Abbrev": null,
                "Alpha": null,
                "Area": null,
                "CS_ID": null,
                "CYCLE": null,
                "CycleDsolv": null,
                "DESCRIPT": null,
                "FEATUREKEY": 95341.0,
                "FEATUREK_1": null,
                "FEATURETYP": "Photo_Panel",
                "FID_": null,
                "FID_Cross_": null,
                "FID_FanGeo": null,
                "FID_Fan_De": null,
                "FID_GIS_Re": null,
                "FID_Photo_": null,
                "FID_ftrip_": null,
                "FID_measur": null,
                "FID_patter": null,
                "FOURTH_ORD": null,
                "FOURTH_O_1": null,
                "FanID": null,
                "Fan_Del": null,
                "Fan_Del_sh": null,
                "FeatureT_1": null,
                "Geo_short": null,
                "Geography": null,
                "Gradient": null,
                "Hyperlink": null,
                "ID": 258,
                "Id": null,
                "Id_1": null,
                "LENGTH": 1546.21,
                "Location": null,
                "MAPSYMBOL": "SASov",
                "MAP_SYMBOL": null,
                "MS_ID": null,
                "MidptX": null,
                "MidptY": null,
                "Mod_names": null,
                "NAME": "SAS_Overview",
                "NAME_1": null,
                "Name": null,
                "OBJECTID": null,
                "OBJECTID_1": null,
                "ORDERBY": null,
                "ORIG_FID": null,
                "Offset": null,
                "PATTERNID": null,
                "PERSON": null,
                "PMLABEL": null,
                "PM_NAME": "SASOverview",
                "PM_NAME_NE": null,
                "Pattern": null,
                "Profile": null,
                "REGION": null,
                "SECTIONARC": null,
                "SECTION_AB": null,
                "SOURCE": null,
                "STRAT_INTE": "F3-6",
                "SectionArc": null,
                "Shape_Ar_1": null,
                "Shape_Area": null,
                "Shape_Le_1": null,
                "Shape_Leng": 1441.23287148,
                "Shape_Length": null,
                "Stop": null,
                "Stop_Num": null,
                "Symbology": "Missing"
            }
        },
        {
            "type": "Feature",
            "geometry": {
                "type": "LineString",
                "coordinates": [
                    [
                        -104.67310616078517,
                        31.56264864163457
                    ],
                    [
                        -104.67038459338397,
                        31.56038517318291
                    ]
                ]
            },
            "properties": {
                "Abbrev": null,
                "Alpha": null,
                "Area": null,
                "CS_ID": null,
                "CYCLE": null,
                "CycleDsolv": null,
                "DESCRIPT": null,
                "FEATUREKEY": 95342.0,
                "FEATUREK_1": null,
                "FEATURETYP": "Photo_Panel",
                "FID_": null,
                "FID_Cross_": null,
                "FID_FanGeo": null,
                "FID_Fan_De": null,
                "FID_GIS_Re": null,
                "FID_Photo_": null,
                "FID_ftrip_": null,
                "FID_measur": null,
                "FID_patter": null,
                "FOURTH_ORD": null,
                "FOURTH_O_1": null,
                "FanID": null,
                "Fan_Del": null,
                "Fan_Del_sh": null,
                "FeatureT_1": null,
                "Geo_short": null,
                "Geography": null,
                "Gradient": null,
                "Hyperlink": null,
                "ID": 0,
                "Id": null,
                "Id_1": null,
                "LENGTH": 360.064,
                "Location": null,
                "MAPSYMBOL": "SREF",
                "MAP_SYMBOL": null,
                "MS_ID": null,
                "MidptX": null,
                "MidptY": null,
                "Mod_names": null,
                "NAME": "Sibley_Reference",
                "NAME_1": null,
                "Name": null,
                "OBJECTID": null,
                "OBJECTID_1": null,
                "ORDERBY": null,
                "ORIG_FID": null,
                "Offset": null,
                "PATTERNID": null,
                "PERSON": null,
                "PMLABEL": null,
                "PM_NAME": "Sibley Ref",
                "PM_NAME_NE": null,
                "Pattern": null,
                "Profile": null,
                "REGION": null,
                "SECTIONARC": null,
                "SECTION_AB": null,
                "SOURCE": null,
                "STRAT_INTE": "F5-7",
                "SectionArc": null,
                "Shape_Ar_1": null,
                "Shape_Area": null,
                "Shape_Le_1": null,
                "Shape_Leng": 360.063755171,
                "Shape_Length": null,
                "Stop": null,
                "Stop_Num": null,
                "Symbology": "Missing"
            }
        },
        {
            "type": "Feature",
            "geometry": {
                "type": "LineString",
                "coordinates": [
                    [
                        -104.68985731213547,
                        31.563334982858848
                    ],
                    [
                        -104.68714655590482,
                        31.55768714757367
                    ]
                ]
            },
            "properties": {
                "Abbrev": null,
                "Alpha": null,
                "Area": null,
                "CS_ID": null,
                "CYCLE": null,
                "CycleDsolv": null,
                "DESCRIPT": null,
                "FEATUREKEY": 95343.0,
                "FEATUREK_1": null,
                "FEATURETYP": "Photo_Panel",
                "FID_": null,
                "FID_Cross_": null,
                "FID_FanGeo": null,
                "FID_Fan_De": null,
                "FID_GIS_Re": null,
                "FID_Photo_": null,
                "FID_ftrip_": null,
                "FID_measur": null,
                "FID_patter": null,
                "FOURTH_ORD": null,
                "FOURTH_O_1": null,
                "FanID": null,
                "Fan_Del": null,
                "Fan_Del_sh": null,
                "FeatureT_1": null,
                "Geo_short": null,
                "Geography": null,
                "Gradient": null,
                "Hyperlink": null,
                "ID": 0,
                "Id": null,
                "Id_1": null,
                "LENGTH": 676.778,
                "Location": null,
                "MAPSYMBOL": "CBNW",
                "MAP_SYMBOL": null,
                "MS_ID": null,
                "MidptX": null,
                "MidptY": null,
                "Mod_names": null,
                "NAME": "Sibley_ChannelBlock_NW",
                "NAME_1": null,
                "Name": null,
                "OBJECTID": null,
                "OBJECTID_1": null,
                "ORDERBY": null,
                "ORIG_FID": null,
                "Offset": null,
                "PATTERNID": null,
                "PERSON": null,
                "PMLABEL": null,
                "PM_NAME": "ChBlock NW",
                "PM_NAME_NE": null,
                "Pattern": null,
                "Profile": null,
                "REGION": null,
                "SECTIONARC": null,
                "SECTION_AB": null,
                "SOURCE": null,
                "STRAT_INTE": "F1-3",
                "SectionArc": null,
                "Shape_Ar_1": null,
                "Shape_Area": null,
                "Shape_Le_1": null,
                "Shape_Leng": 676.778348865,
                "Shape_Length": null,
                "Stop": null,
                "Stop_Num": null,
                "Symbology": "Missing"
            }
        },
        {
            "type": "Feature",
            "geometry": {
                "type": "LineString",
                "coordinates": [
                    [
                        -104.68821450543318,
                        31.5637585873288
                    ],
                    [
                        -104.68329526648935,
                        31.556857477699484
                    ]
                ]
            },
            "properties": {
                "Abbrev": null,
                "Alpha": null,
                "Area": null,
                "CS_ID": null,
                "CYCLE": null,
                "CycleDsolv": null,
                "DESCRIPT": null,
                "FEATUREKEY": 95344.0,
                "FEATUREK_1": null,
                "FEATURETYP": "Photo_Panel",
                "FID_": null,
                "FID_Cross_": null,
                "FID_FanGeo": null,
                "FID_Fan_De": null,
                "FID_GIS_Re": null,
                "FID_Photo_": null,
                "FID_ftrip_": null,
                "FID_measur": null,
                "FID_patter": null,
                "FOURTH_ORD": null,
                "FOURTH_O_1": null,
                "FanID": null,
                "Fan_Del": null,
                "Fan_Del_sh": null,
                "FeatureT_1": null,
                "Geo_short": null,
                "Geography": null,
                "Gradient": null,
                "Hyperlink": null,
                "ID": 164,
                "Id": null,
                "Id_1": null,
                "LENGTH": 896.1,
                "Location": null,
                "MAPSYMBOL": "CBE",
                "MAP_SYMBOL": null,
                "MS_ID": null,
                "MidptX": null,
                "MidptY": null,
                "Mod_names": null,
                "NAME": "SibleyGraben_ChannelMesa_E",
                "NAME_1": null,
                "Name": null,
                "OBJECTID": null,
                "OBJECTID_1": null,
                "ORDERBY": null,
                "ORIG_FID": null,
                "Offset": null,
                "PATTERNID": null,
                "PERSON": null,
                "PMLABEL": null,
                "PM_NAME": "SibleyGraben_ChannelMesa_E",
                "PM_NAME_NE": null,
                "Pattern": null,
                "Profile": null,
                "REGION": null,
                "SECTIONARC": null,
                "SECTION_AB": null,
                "SOURCE": null,
                "STRAT_INTE": "F4",
                "SectionArc": null,
                "Shape_Ar_1": null,
                "Shape_Area": null,
                "Shape_Le_1": null,
                "Shape_Leng": 896.100163428,
                "Shape_Length": null,
                "Stop": null,
                "Stop_Num": null,
                "Symbology": "Present"
            }
        },
        {
            "type": "Feature",
            "geometry": {
                "type": "LineString",
                "coordinates": [
                    [
                        -104.6800307494227,
                        31.562604777703772
                    ],
                    [
                        -104.67629145622664,
                        31.56595976813848
                    ]
                ]
            },
            "properties": {
                "Abbrev": null,
                "Alpha": null,
                "Area": null,
                "CS_ID": null,
                "CYCLE": null,
                "CycleDsolv": null,
                "DESCRIPT": null,
                "FEATUREKEY": 95345.0,
                "FEATUREK_1": null,
                "FEATURETYP": "Photo_Panel",
                "FID_": null,
                "FID_Cross_": null,
                "FID_FanGeo": null,
                "FID_Fan_De": null,
                "FID_GIS_Re": null,
                "FID_Photo_": null,
                "FID_ftrip_": null,
                "FID_measur": null,
                "FID_patter": null,
                "FOURTH_ORD": null,
                "FOURTH_O_1": null,
                "FanID": null,
                "Fan_Del": null,
                "Fan_Del_sh": null,
                "FeatureT_1": null,
                "Geo_short": null,
                "Geography": null,
                "Gradient": null,
                "Hyperlink": null,
                "ID": 166,
                "Id": null,
                "Id_1": null,
                "LENGTH": 586.389,
                "Location": null,
                "MAPSYMBOL": "SAS1",
                "MAP_SYMBOL": null,
                "MS_ID": null,
                "MidptX": null,
                "MidptY": null,
                "Mod_names": null,
                "NAME": "SibleyAmphitheater_SAS1",
                "NAME_1": null,
                "Name": null,
                "OBJECTID": null,
                "OBJECTID_1": null,
                "ORDERBY": null,
                "ORIG_FID": null,
                "Offset": null,
                "PATTERNID": null,
                "PERSON": null,
                "PMLABEL": null,
                "PM_NAME": "SibleyAmphitheater_SAS1",
                "PM_NAME_NE": null,
                "Pattern": null,
                "Profile": null,
                "REGION": null,
                "SECTIONARC": null,
                "SECTION_AB": null,
                "SOURCE": null,
                "STRAT_INTE": "F4-5",
                "SectionArc": null,
                "Shape_Ar_1": null,
                "Shape_Area": null,
                "Shape_Le_1": null,
                "Shape_Leng": 514.002613631,
                "Shape_Length": null,
                "Stop": null,
                "Stop_Num": null,
                "Symbology": "Present"
            }
        },
        {
            "type": "Feature",
            "geometry": {
                "type": "LineString",
                "coordinates": [
                    [
                        -104.72203651884892,
                        31.56679354253502
                    ],
                    [
                        -104.71433423206095,
                        31.5615383097427
                    ],
                    [
                        -104.71318291063301,
                        31.56266214743374
                    ],
                    [
                        -104.71321348159199,
                        31.562688460328392
                    ]
                ]
            },
            "properties": {
                "Abbrev": null,
                "Alpha": null,
                "Area": null,
                "CS_ID": null,
                "CYCLE": null,
                "CycleDsolv": null,
                "DESCRIPT": null,
                "FEATUREKEY": 95346.0,
                "FEATUREK_1": null,
                "FEATURETYP": "Photo_Panel",
                "FID_": null,
                "FID_Cross_": null,
                "FID_FanGeo": null,
                "FID_Fan_De": null,
                "FID_GIS_Re": null,
                "FID_Photo_": null,
                "FID_ftrip_": null,
                "FID_measur": null,
                "FID_patter": null,
                "FOURTH_ORD": null,
                "FOURTH_O_1": null,
                "FanID": null,
                "Fan_Del": null,
                "Fan_Del_sh": null,
                "FeatureT_1": null,
                "Geo_short": null,
                "Geography": null,
                "Gradient": null,
                "Hyperlink": null,
                "ID": 264,
                "Id": null,
                "Id_1": null,
                "LENGTH": 1104.436,
                "Location": null,
                "MAPSYMBOL": "NJM",
                "MAP_SYMBOL": null,
                "MS_ID": null,
                "MidptX": null,
                "MidptY": null,
                "Mod_names": null,
                "NAME": "Janes_Mesa_North",
                "NAME_1": null,
                "Name": null,
                "OBJECTID": null,
                "OBJECTID_1": null,
                "ORDERBY": null,
                "ORIG_FID": null,
                "Offset": null,
                "PATTERNID": null,
                "PERSON": null,
                "PMLABEL": null,
                "PM_NAME": "Janes_Mesa_North",
                "PM_NAME_NE": null,
                "Pattern": null,
                "Profile": null,
                "REGION": null,
                "SECTIONARC": null,
                "SECTION_AB": null,
                "SOURCE": null,
                "STRAT_INTE": "F1-3",
                "SectionArc": null,
                "Shape_Ar_1": null,
                "Shape_Area": null,
                "Shape_Le_1": null,
                "Shape_Leng": 1104.43586046,
                "Shape_Length": null,
                "Stop": null,
                "Stop_Num": null,
                "Symbology": "Present"
            }
        },
        {
            "type": "Feature",
            "geometry": {
                "type": "LineString",
                "coordinates": [
                    [
                        -104.67655852766637,
                        31.566288492881608
                    ],
                    [
                        -104.67391912379493,
                        31.5670669993745
                    ]
                ]
            },
            "properties": {
                "Abbrev": null,
                "Alpha": null,
                "Area": null,
                "CS_ID": null,
                "CYCLE": null,
                "CycleDsolv": null,
                "DESCRIPT": null,
                "FEATUREKEY": 95347.0,
                "FEATUREK_1": null,
                "FEATURETYP": "Photo_Panel",
                "FID_": null,
                "FID_Cross_": null,
                "FID_FanGeo": null,
                "FID_Fan_De": null,
                "FID_GIS_Re": null,
                "FID_Photo_": null,
                "FID_ftrip_": null,
                "FID_measur": null,
                "FID_patter": null,
                "FOURTH_ORD": null,
                "FOURTH_O_1": null,
                "FanID": null,
                "Fan_Del": null,
                "Fan_Del_sh": null,
                "FeatureT_1": null,
                "Geo_short": null,
                "Geography": null,
                "Gradient": null,
                "Hyperlink": null,
                "ID": 257,
                "Id": null,
                "Id_1": null,
                "LENGTH": 264.918,
                "Location": null,
                "MAPSYMBOL": "SAS2",
                "MAP_SYMBOL": null,
                "MS_ID": null,
                "MidptX": null,
                "MidptY": null,
                "Mod_names": null,
                "NAME": "SAS_2",
                "NAME_1": null,
                "Name": null,
                "OBJECTID": null,
                "OBJECTID_1": null,
                "ORDERBY": null,
                "ORIG_FID": null,
                "Offset": null,
                "PATTERNID": null,
                "PERSON": null,
                "PMLABEL": null,
                "PM_NAME": "SAS 2",
                "PM_NAME_NE": null,
                "Pattern": null,
                "Profile": null,
                "REGION": null,
                "SECTIONARC": null,
                "SECTION_AB": null,
                "SOURCE": null,
                "STRAT_INTE": "F4-5",
                "SectionArc": null,
                "Shape_Ar_1": null,
                "Shape_Area": null,
                "Shape_Le_1": null,
                "Shape_Leng": 264.918247648,
                "Shape_Length": null,
                "Stop": null,
                "Stop_Num": null,
                "Symbology": "Missing"
            }
        },
        {
            "type": "Feature",
            "geometry": {
                "type": "LineString",
                "coordinates": [
                    [
                        -104.68664382114697,
                        31.567356627832154
                    ],
                    [
                        -104.6805242512903,
                        31.562161969104125
                    ]
                ]
            },
            "properties": {
                "Abbrev": null,
                "Alpha": null,
                "Area": null,
                "CS_ID": null,
                "CYCLE": null,
                "CycleDsolv": null,
                "DESCRIPT": null,
                "FEATUREKEY": 95348.0,
                "FEATUREK_1": null,
                "FEATURETYP": "Photo_Panel",
                "FID_": null,
                "FID_Cross_": null,
                "FID_FanGeo": null,
                "FID_Fan_De": null,
                "FID_GIS_Re": null,
                "FID_Photo_": null,
                "FID_ftrip_": null,
                "FID_measur": null,
                "FID_patter": null,
                "FOURTH_ORD": null,
                "FOURTH_O_1": null,
                "FanID": null,
                "Fan_Del": null,
                "Fan_Del_sh": null,
                "FeatureT_1": null,
                "Geo_short": null,
                "Geography": null,
                "Gradient": null,
                "Hyperlink": null,
                "ID": 134,
                "Id": null,
                "Id_1": null,
                "LENGTH": 877.938,
                "Location": null,
                "MAPSYMBOL": "LWAll",
                "MAP_SYMBOL": null,
                "MS_ID": null,
                "MidptX": null,
                "MidptY": null,
                "Mod_names": null,
                "NAME": "Sibley_LunchLedge",
                "NAME_1": null,
                "Name": null,
                "OBJECTID": null,
                "OBJECTID_1": null,
                "ORDERBY": null,
                "ORIG_FID": null,
                "Offset": null,
                "PATTERNID": null,
                "PERSON": null,
                "PMLABEL": null,
                "PM_NAME": "Lunch WAll",
                "PM_NAME_NE": null,
                "Pattern": null,
                "Profile": null,
                "REGION": null,
                "SECTIONARC": null,
                "SECTION_AB": null,
                "SOURCE": null,
                "STRAT_INTE": "F1-3",
                "SectionArc": null,
                "Shape_Ar_1": null,
                "Shape_Area": null,
                "Shape_Le_1": null,
                "Shape_Leng": 817.767810138,
                "Shape_Length": null,
                "Stop": null,
                "Stop_Num": null,
                "Symbology": "Missing"
            }
        },
        {
            "type": "Feature",
            "geometry": {
                "type": "LineString",
                "coordinates": [
                    [
                        -104.67572180633762,
                        31.568377117155663
                    ],
                    [
                        -104.67233526362604,
                        31.567804379241828
                    ],
                    [
                        -104.67291652249807,
                        31.56305110279807
                    ]
                ]
            },
            "properties": {
                "Abbrev": null,
                "Alpha": null,
                "Area": null,
                "CS_ID": null,
                "CYCLE": null,
                "CycleDsolv": null,
                "DESCRIPT": null,
                "FEATUREKEY": 95349.0,
                "FEATUREK_1": null,
                "FEATURETYP": "Photo_Panel",
                "FID_": null,
                "FID_Cross_": null,
                "FID_FanGeo": null,
                "FID_Fan_De": null,
                "FID_GIS_Re": null,
                "FID_Photo_": null,
                "FID_ftrip_": null,
                "FID_measur": null,
                "FID_patter": null,
                "FOURTH_ORD": null,
                "FOURTH_O_1": null,
                "FanID": null,
                "Fan_Del": null,
                "Fan_Del_sh": null,
                "FeatureT_1": null,
                "Geo_short": null,
                "Geography": null,
                "Gradient": null,
                "Hyperlink": null,
                "ID": 161,
                "Id": null,
                "Id_1": null,
                "LENGTH": 857.288,
                "Location": null,
                "MAPSYMBOL": "SibAmp",
                "MAP_SYMBOL": null,
                "MS_ID": null,
                "MidptX": null,
                "MidptY": null,
                "Mod_names": null,
                "NAME": "SibleyAmphitheater",
                "NAME_1": null,
                "Name": null,
                "OBJECTID": null,
                "OBJECTID_1": null,
                "ORDERBY": null,
                "ORIG_FID": null,
                "Offset": null,
                "PATTERNID": null,
                "PERSON": null,
                "PMLABEL": null,
                "PM_NAME": "SibleyAmphitheater",
                "PM_NAME_NE": null,
                "Pattern": null,
                "Profile": null,
                "REGION": null,
                "SECTIONARC": null,
                "SECTION_AB": null,
                "SOURCE": null,
                "STRAT_INTE": "F5-7",
                "SectionArc": null,
                "Shape_Ar_1": null,
                "Shape_Area": null,
                "Shape_Le_1": null,
                "Shape_Leng": 857.288220709,
                "Shape_Length": null,
                "Stop": null,
                "Stop_Num": null,
                "Symbology": "Present"
            }
        },
        {
            "type": "Feature",
            "geometry": {
                "type": "LineString",
                "coordinates": [
                    [
                        -104.72134643449165,
                        31.570982684102802
                    ],
                    [
                        -104.72242344325733,
                        31.568062507332538
                    ]
                ]
            },
            "properties": {
                "Abbrev": null,
                "Alpha": null,
                "Area": null,
                "CS_ID": null,
                "CYCLE": null,
                "CycleDsolv": null,
                "DESCRIPT": null,
                "FEATUREKEY": 95350.0,
                "FEATUREK_1": null,
                "FEATURETYP": "Photo_Panel",
                "FID_": null,
                "FID_Cross_": null,
                "FID_FanGeo": null,
                "FID_Fan_De": null,
                "FID_GIS_Re": null,
                "FID_Photo_": null,
                "FID_ftrip_": null,
                "FID_measur": null,
                "FID_patter": null,
                "FOURTH_ORD": null,
                "FOURTH_O_1": null,
                "FanID": null,
                "Fan_Del": null,
                "Fan_Del_sh": null,
                "FeatureT_1": null,
                "Geo_short": null,
                "Geography": null,
                "Gradient": null,
                "Hyperlink": null,
                "ID": 249,
                "Id": null,
                "Id_1": null,
                "LENGTH": 339.411,
                "Location": null,
                "MAPSYMBOL": "WFW",
                "MAP_SYMBOL": null,
                "MS_ID": null,
                "MidptX": null,
                "MidptY": null,
                "Mod_names": null,
                "NAME": "Codorniz_WestFaultWall",
                "NAME_1": null,
                "Name": null,
                "OBJECTID": null,
                "OBJECTID_1": null,
                "ORDERBY": null,
                "ORIG_FID": null,
                "Offset": null,
                "PATTERNID": null,
                "PERSON": null,
                "PMLABEL": null,
                "PM_NAME": "W Fault Wall",
                "PM_NAME_NE": null,
                "Pattern": null,
                "Profile": null,
                "REGION": null,
                "SECTIONARC": null,
                "SECTION_AB": null,
                "SOURCE": null,
                "STRAT_INTE": "F2-3",
                "SectionArc": null,
                "Shape_Ar_1": null,
                "Shape_Area": null,
                "Shape_Le_1": null,
                "Shape_Leng": 339.411408276,
                "Shape_Length": null,
                "Stop": null,
                "Stop_Num": null,
                "Symbology": "Present"
            }
        },
        {
            "type": "Feature",
            "geometry": {
                "type": "LineString",
                "coordinates": [
                    [
                        -104.68869644394272,
                        31.57284169127493
                    ],
                    [
                        -104.68673392546397,
                        31.56856568524498
                    ]
                ]
            },
            "properties": {
                "Abbrev": null,
                "Alpha": null,
                "Area": null,
                "CS_ID": null,
                "CYCLE": null,
                "CycleDsolv": null,
                "DESCRIPT": null,
                "FEATUREKEY": 95351.0,
                "FEATUREK_1": null,
                "FEATURETYP": "Photo_Panel",
                "FID_": null,
                "FID_Cross_": null,
                "FID_FanGeo": null,
                "FID_Fan_De": null,
                "FID_GIS_Re": null,
                "FID_Photo_": null,
                "FID_ftrip_": null,
                "FID_measur": null,
                "FID_patter": null,
                "FOURTH_ORD": null,
                "FOURTH_O_1": null,
                "FanID": null,
                "Fan_Del": null,
                "Fan_Del_sh": null,
                "FeatureT_1": null,
                "Geo_short": null,
                "Geography": null,
                "Gradient": null,
                "Hyperlink": null,
                "ID": 176,
                "Id": null,
                "Id_1": null,
                "LENGTH": 509.207,
                "Location": null,
                "MAPSYMBOL": "BuN",
                "MAP_SYMBOL": null,
                "MS_ID": null,
                "MidptX": null,
                "MidptY": null,
                "Mod_names": null,
                "NAME": "Sibley_Burro_North",
                "NAME_1": null,
                "Name": null,
                "OBJECTID": null,
                "OBJECTID_1": null,
                "ORDERBY": null,
                "ORIG_FID": null,
                "Offset": null,
                "PATTERNID": null,
                "PERSON": null,
                "PMLABEL": null,
                "PM_NAME": "Burro North",
                "PM_NAME_NE": null,
                "Pattern": null,
                "Profile": null,
                "REGION": null,
                "SECTIONARC": null,
                "SECTION_AB": null,
                "SOURCE": null,
                "STRAT_INTE": "F1-3",
                "SectionArc": null,
                "Shape_Ar_1": null,
                "Shape_Area": null,
                "Shape_Le_1": null,
                "Shape_Leng": 509.207061667,
                "Shape_Length": null,
                "Stop": null,
                "Stop_Num": null,
                "Symbology": "Present"
            }
        },
        {
            "type": "Feature",
            "geometry": {
                "type": "LineString",
                "coordinates": [
                    [
                        -104.67853108956473,
                        31.573166839979482
                    ],
                    [
                        -104.67442979533448,
                        31.56829791046177
                    ]
                ]
            },
            "properties": {
                "Abbrev": null,
                "Alpha": null,
                "Area": null,
                "CS_ID": null,
                "CYCLE": null,
                "CycleDsolv": null,
                "DESCRIPT": null,
                "FEATUREKEY": 95352.0,
                "FEATUREK_1": null,
                "FEATURETYP": "Photo_Panel",
                "FID_": null,
                "FID_Cross_": null,
                "FID_FanGeo": null,
                "FID_Fan_De": null,
                "FID_GIS_Re": null,
                "FID_Photo_": null,
                "FID_ftrip_": null,
                "FID_measur": null,
                "FID_patter": null,
                "FOURTH_ORD": null,
                "FOURTH_O_1": null,
                "FanID": null,
                "Fan_Del": null,
                "Fan_Del_sh": null,
                "FeatureT_1": null,
                "Geo_short": null,
                "Geography": null,
                "Gradient": null,
                "Hyperlink": null,
                "ID": 253,
                "Id": null,
                "Id_1": null,
                "LENGTH": 665.344,
                "Location": null,
                "MAPSYMBOL": "N2",
                "MAP_SYMBOL": null,
                "MS_ID": null,
                "MidptX": null,
                "MidptY": null,
                "Mod_names": null,
                "NAME": "NIC2",
                "NAME_1": null,
                "Name": null,
                "OBJECTID": null,
                "OBJECTID_1": null,
                "ORDERBY": null,
                "ORIG_FID": null,
                "Offset": null,
                "PATTERNID": null,
                "PERSON": null,
                "PMLABEL": null,
                "PM_NAME": "Nic2",
                "PM_NAME_NE": null,
                "Pattern": null,
                "Profile": null,
                "REGION": null,
                "SECTIONARC": null,
                "SECTION_AB": null,
                "SOURCE": null,
                "STRAT_INTE": "F6-7",
                "SectionArc": null,
                "Shape_Ar_1": null,
                "Shape_Area": null,
                "Shape_Le_1": null,
                "Shape_Leng": 665.34398722,
                "Shape_Length": null,
                "Stop": null,
                "Stop_Num": null,
                "Symbology": "Missing"
            }
        },
        {
            "type": "Feature",
            "geometry": {
                "type": "LineString",
                "coordinates": [
                    [
                        -104.72127017802018,
                        31.5713048739313
                    ],
                    [
                        -104.71727216482817,
                        31.57361708877272
                    ]
                ]
            },
            "properties": {
                "Abbrev": null,
                "Alpha": null,
                "Area": null,
                "CS_ID": null,
                "CYCLE": null,
                "CycleDsolv": null,
                "DESCRIPT": null,
                "FEATUREKEY": 95353.0,
                "FEATUREK_1": null,
                "FEATURETYP": "Photo_Panel",
                "FID_": null,
                "FID_Cross_": null,
                "FID_FanGeo": null,
                "FID_Fan_De": null,
                "FID_GIS_Re": null,
                "FID_Photo_": null,
                "FID_ftrip_": null,
                "FID_measur": null,
                "FID_patter": null,
                "FOURTH_ORD": null,
                "FOURTH_O_1": null,
                "FanID": null,
                "Fan_Del": null,
                "Fan_Del_sh": null,
                "FeatureT_1": null,
                "Geo_short": null,
                "Geography": null,
                "Gradient": null,
                "Hyperlink": null,
                "ID": 71,
                "Id": null,
                "Id_1": null,
                "LENGTH": 457.825,
                "Location": null,
                "MAPSYMBOL": "FW",
                "MAP_SYMBOL": null,
                "MS_ID": null,
                "MidptX": null,
                "MidptY": null,
                "Mod_names": null,
                "NAME": "Codorniz_FaultWall",
                "NAME_1": null,
                "Name": null,
                "OBJECTID": null,
                "OBJECTID_1": null,
                "ORDERBY": null,
                "ORIG_FID": null,
                "Offset": null,
                "PATTERNID": null,
                "PERSON": null,
                "PMLABEL": null,
                "PM_NAME": "Codorniz_FaultWall",
                "PM_NAME_NE": null,
                "Pattern": null,
                "Profile": null,
                "REGION": null,
                "SECTIONARC": null,
                "SECTION_AB": null,
                "SOURCE": null,
                "STRAT_INTE": "F2-3",
                "SectionArc": null,
                "Shape_Ar_1": null,
                "Shape_Area": null,
                "Shape_Le_1": null,
                "Shape_Leng": 457.824849279,
                "Shape_Length": null,
                "Stop": null,
                "Stop_Num": null,
                "Symbology": "Present"
            }
        },
        {
            "type": "Feature",
            "geometry": {
                "type": "LineString",
                "coordinates": [
                    [
                        -104.72136637421254,
                        31.573099058048058
                    ],
                    [
                        -104.71836470021111,
                        31.574411298955805
                    ],
                    [
                        -104.71602725847771,
                        31.57487193309997
                    ]
                ]
            },
            "properties": {
                "Abbrev": null,
                "Alpha": null,
                "Area": null,
                "CS_ID": null,
                "CYCLE": null,
                "CycleDsolv": null,
                "DESCRIPT": null,
                "FEATUREKEY": 95354.0,
                "FEATUREK_1": null,
                "FEATURETYP": "Photo_Panel",
                "FID_": null,
                "FID_Cross_": null,
                "FID_FanGeo": null,
                "FID_Fan_De": null,
                "FID_GIS_Re": null,
                "FID_Photo_": null,
                "FID_ftrip_": null,
                "FID_measur": null,
                "FID_patter": null,
                "FOURTH_ORD": null,
                "FOURTH_O_1": null,
                "FanID": null,
                "Fan_Del": null,
                "Fan_Del_sh": null,
                "FeatureT_1": null,
                "Geo_short": null,
                "Geography": null,
                "Gradient": null,
                "Hyperlink": null,
                "ID": 72,
                "Id": null,
                "Id_1": null,
                "LENGTH": 543.398,
                "Location": null,
                "MAPSYMBOL": "SW",
                "MAP_SYMBOL": null,
                "MS_ID": null,
                "MidptX": null,
                "MidptY": null,
                "Mod_names": null,
                "NAME": "Codorniz_Steamboat",
                "NAME_1": null,
                "Name": null,
                "OBJECTID": null,
                "OBJECTID_1": null,
                "ORDERBY": null,
                "ORIG_FID": null,
                "Offset": null,
                "PATTERNID": null,
                "PERSON": null,
                "PMLABEL": null,
                "PM_NAME": "Steamboat Wall",
                "PM_NAME_NE": null,
                "Pattern": null,
                "Profile": null,
                "REGION": null,
                "SECTIONARC": null,
                "SECTION_AB": null,
                "SOURCE": null,
                "STRAT_INTE": "F2-3",
                "SectionArc": null,
                "Shape_Ar_1": null,
                "Shape_Area": null,
                "Shape_Le_1": null,
                "Shape_Leng": 547.411300978,
                "Shape_Length": null,
                "Stop": null,
                "Stop_Num": null,
                "Symbology": "Present"
            }
        },
        {
            "type": "Feature",
            "geometry": {
                "type": "LineString",
                "coordinates": [
                    [
                        -104.72755350930404,
                        31.57017138887577
                    ],
                    [
                        -104.7134568344253,
                        31.575266434223977
                    ]
                ]
            },
            "properties": {
                "Abbrev": null,
                "Alpha": null,
                "Area": null,
                "CS_ID": null,
                "CYCLE": null,
                "CycleDsolv": null,
                "DESCRIPT": null,
                "FEATUREKEY": 95355.0,
                "FEATUREK_1": null,
                "FEATURETYP": "Photo_Panel",
                "FID_": null,
                "FID_Cross_": null,
                "FID_FanGeo": null,
                "FID_Fan_De": null,
                "FID_GIS_Re": null,
                "FID_Photo_": null,
                "FID_ftrip_": null,
                "FID_measur": null,
                "FID_patter": null,
                "FOURTH_ORD": null,
                "FOURTH_O_1": null,
                "FanID": null,
                "Fan_Del": null,
                "Fan_Del_sh": null,
                "FeatureT_1": null,
                "Geo_short": null,
                "Geography": null,
                "Gradient": null,
                "Hyperlink": null,
                "ID": 181,
                "Id": null,
                "Id_1": null,
                "LENGTH": 1451.963,
                "Location": null,
                "MAPSYMBOL": "FW",
                "MAP_SYMBOL": null,
                "MS_ID": null,
                "MidptX": null,
                "MidptY": null,
                "Mod_names": null,
                "NAME": "Codorniz Overview",
                "NAME_1": null,
                "Name": null,
                "OBJECTID": null,
                "OBJECTID_1": null,
                "ORDERBY": null,
                "ORIG_FID": null,
                "Offset": null,
                "PATTERNID": null,
                "PERSON": null,
                "PMLABEL": null,
                "PM_NAME": "Codorniz Overview",
                "PM_NAME_NE": null,
                "Pattern": null,
                "Profile": null,
                "REGION": null,
                "SECTIONARC": null,
                "SECTION_AB": null,
                "SOURCE": null,
                "STRAT_INTE": "F1-3",
                "SectionArc": null,
                "Shape_Ar_1": null,
                "Shape_Area": null,
                "Shape_Le_1": null,
                "Shape_Leng": 1451.96301293,
                "Shape_Length": null,
                "Stop": null,
                "Stop_Num": null,
                "Symbology": "Present"
            }
        },
        {
            "type": "Feature",
            "geometry": {
                "type": "LineString",
                "coordinates": [
                    [
                        -104.71961200843413,
                        31.575483435197686
                    ],
                    [
                        -104.71666807752146,
                        31.57584437785489
                    ]
                ]
            },
            "properties": {
                "Abbrev": null,
                "Alpha": null,
                "Area": null,
                "CS_ID": null,
                "CYCLE": null,
                "CycleDsolv": null,
                "DESCRIPT": null,
                "FEATUREKEY": 95356.0,
                "FEATUREK_1": null,
                "FEATURETYP": "Photo_Panel",
                "FID_": null,
                "FID_Cross_": null,
                "FID_FanGeo": null,
                "FID_Fan_De": null,
                "FID_GIS_Re": null,
                "FID_Photo_": null,
                "FID_ftrip_": null,
                "FID_measur": null,
                "FID_patter": null,
                "FOURTH_ORD": null,
                "FOURTH_O_1": null,
                "FanID": null,
                "Fan_Del": null,
                "Fan_Del_sh": null,
                "FeatureT_1": null,
                "Geo_short": null,
                "Geography": null,
                "Gradient": null,
                "Hyperlink": null,
                "ID": 250,
                "Id": null,
                "Id_1": null,
                "LENGTH": 282.193,
                "Location": null,
                "MAPSYMBOL": "NoS",
                "MAP_SYMBOL": null,
                "MS_ID": null,
                "MidptX": null,
                "MidptY": null,
                "Mod_names": null,
                "NAME": "Codorniz_North_Steamboat",
                "NAME_1": null,
                "Name": null,
                "OBJECTID": null,
                "OBJECTID_1": null,
                "ORDERBY": null,
                "ORIG_FID": null,
                "Offset": null,
                "PATTERNID": null,
                "PERSON": null,
                "PMLABEL": null,
                "PM_NAME": "Codorniz_North_Steamboat",
                "PM_NAME_NE": null,
                "Pattern": null,
                "Profile": null,
                "REGION": null,
                "SECTIONARC": null,
                "SECTION_AB": null,
                "SOURCE": null,
                "STRAT_INTE": "F2-3",
                "SectionArc": null,
                "Shape_Ar_1": null,
                "Shape_Area": null,
                "Shape_Le_1": null,
                "Shape_Leng": 282.193217888,
                "Shape_Length": null,
                "Stop": null,
                "Stop_Num": null,
                "Symbology": "Present"
            }
        },
        {
            "type": "Feature",
            "geometry": {
                "type": "LineString",
                "coordinates": [
                    [
                        -104.7170339609485,
                        31.57650128469893
                    ],
                    [
                        -104.71568337339042,
                        31.576063484657286
                    ],
                    [
                        -104.715169099299,
                        31.574817542187944
                    ]
                ]
            },
            "properties": {
                "Abbrev": null,
                "Alpha": null,
                "Area": null,
                "CS_ID": null,
                "CYCLE": null,
                "CycleDsolv": null,
                "DESCRIPT": null,
                "FEATUREKEY": 95357.0,
                "FEATUREK_1": null,
                "FEATURETYP": "Photo_Panel",
                "FID_": null,
                "FID_Cross_": null,
                "FID_FanGeo": null,
                "FID_Fan_De": null,
                "FID_GIS_Re": null,
                "FID_Photo_": null,
                "FID_ftrip_": null,
                "FID_measur": null,
                "FID_patter": null,
                "FOURTH_ORD": null,
                "FOURTH_O_1": null,
                "FanID": null,
                "Fan_Del": null,
                "Fan_Del_sh": null,
                "FeatureT_1": null,
                "Geo_short": null,
                "Geography": null,
                "Gradient": null,
                "Hyperlink": null,
                "ID": 74,
                "Id": null,
                "Id_1": null,
                "LENGTH": 283.494,
                "Location": null,
                "MAPSYMBOL": "ENest",
                "MAP_SYMBOL": null,
                "MS_ID": null,
                "MidptX": null,
                "MidptY": null,
                "Mod_names": null,
                "NAME": "Codorniz_EaglesNest",
                "NAME_1": null,
                "Name": null,
                "OBJECTID": null,
                "OBJECTID_1": null,
                "ORDERBY": null,
                "ORIG_FID": null,
                "Offset": null,
                "PATTERNID": null,
                "PERSON": null,
                "PMLABEL": null,
                "PM_NAME": "Eagles Nest",
                "PM_NAME_NE": null,
                "Pattern": null,
                "Profile": null,
                "REGION": null,
                "SECTIONARC": null,
                "SECTION_AB": null,
                "SOURCE": null,
                "STRAT_INTE": "F3",
                "SectionArc": null,
                "Shape_Ar_1": null,
                "Shape_Area": null,
                "Shape_Le_1": null,
                "Shape_Leng": 283.494286856,
                "Shape_Length": null,
                "Stop": null,
                "Stop_Num": null,
                "Symbology": "Present"
            }
        },
        {
            "type": "Feature",
            "geometry": {
                "type": "LineString",
                "coordinates": [
                    [
                        -104.7265383361057,
                        31.57236387906668
                    ],
                    [
                        -104.72262019051136,
                        31.576269425266332
                    ],
                    [
                        -104.72072490297371,
                        31.57742846377721
                    ]
                ]
            },
            "properties": {
                "Abbrev": null,
                "Alpha": null,
                "Area": null,
                "CS_ID": null,
                "CYCLE": null,
                "CycleDsolv": null,
                "DESCRIPT": null,
                "FEATUREKEY": 95358.0,
                "FEATUREK_1": null,
                "FEATURETYP": "Photo_Panel",
                "FID_": null,
                "FID_Cross_": null,
                "FID_FanGeo": null,
                "FID_Fan_De": null,
                "FID_GIS_Re": null,
                "FID_Photo_": null,
                "FID_ftrip_": null,
                "FID_measur": null,
                "FID_patter": null,
                "FOURTH_ORD": null,
                "FOURTH_O_1": null,
                "FanID": null,
                "Fan_Del": null,
                "Fan_Del_sh": null,
                "FeatureT_1": null,
                "Geo_short": null,
                "Geography": null,
                "Gradient": null,
                "Hyperlink": null,
                "ID": 69,
                "Id": null,
                "Id_1": null,
                "LENGTH": 791.627,
                "Location": null,
                "MAPSYMBOL": "CW",
                "MAP_SYMBOL": null,
                "MS_ID": null,
                "MidptX": null,
                "MidptY": null,
                "Mod_names": null,
                "NAME": "Codorniz_ChannelWall",
                "NAME_1": null,
                "Name": null,
                "OBJECTID": null,
                "OBJECTID_1": null,
                "ORDERBY": null,
                "ORIG_FID": null,
                "Offset": null,
                "PATTERNID": null,
                "PERSON": null,
                "PMLABEL": null,
                "PM_NAME": "Codorniz_ChannelWall",
                "PM_NAME_NE": null,
                "Pattern": null,
                "Profile": null,
                "REGION": null,
                "SECTIONARC": null,
                "SECTION_AB": null,
                "SOURCE": null,
                "STRAT_INTE": "F1-3",
                "SectionArc": null,
                "Shape_Ar_1": null,
                "Shape_Area": null,
                "Shape_Le_1": null,
                "Shape_Leng": 791.627427014,
                "Shape_Length": null,
                "Stop": null,
                "Stop_Num": null,
                "Symbology": "Present"
            }
        },
        {
            "type": "Feature",
            "geometry": {
                "type": "LineString",
                "coordinates": [
                    [
                        -104.73404596326691,
                        31.580438584057624
                    ],
                    [
                        -104.72738317076346,
                        31.573171569730057
                    ]
                ]
            },
            "properties": {
                "Abbrev": null,
                "Alpha": null,
                "Area": null,
                "CS_ID": null,
                "CYCLE": null,
                "CycleDsolv": null,
                "DESCRIPT": null,
                "FEATUREKEY": 95359.0,
                "FEATUREK_1": null,
                "FEATURETYP": "Photo_Panel",
                "FID_": null,
                "FID_Cross_": null,
                "FID_FanGeo": null,
                "FID_Fan_De": null,
                "FID_GIS_Re": null,
                "FID_Photo_": null,
                "FID_ftrip_": null,
                "FID_measur": null,
                "FID_patter": null,
                "FOURTH_ORD": null,
                "FOURTH_O_1": null,
                "FanID": null,
                "Fan_Del": null,
                "Fan_Del_sh": null,
                "FeatureT_1": null,
                "Geo_short": null,
                "Geography": null,
                "Gradient": null,
                "Hyperlink": null,
                "ID": 246,
                "Id": null,
                "Id_1": null,
                "LENGTH": 1023.922,
                "Location": null,
                "MAPSYMBOL": "NLwrCod",
                "MAP_SYMBOL": null,
                "MS_ID": null,
                "MidptX": null,
                "MidptY": null,
                "Mod_names": null,
                "NAME": "Codorniz_Lower_East",
                "NAME_1": null,
                "Name": null,
                "OBJECTID": null,
                "OBJECTID_1": null,
                "ORDERBY": null,
                "ORIG_FID": null,
                "Offset": null,
                "PATTERNID": null,
                "PERSON": null,
                "PMLABEL": null,
                "PM_NAME": "NLwrCodorniz",
                "PM_NAME_NE": null,
                "Pattern": null,
                "Profile": null,
                "REGION": null,
                "SECTIONARC": null,
                "SECTION_AB": null,
                "SOURCE": null,
                "STRAT_INTE": "F1-3",
                "SectionArc": null,
                "Shape_Ar_1": null,
                "Shape_Area": null,
                "Shape_Le_1": null,
                "Shape_Leng": 1023.92206732,
                "Shape_Length": null,
                "Stop": null,
                "Stop_Num": null,
                "Symbology": "Present"
            }
        },
        {
            "type": "Feature",
            "geometry": {
                "type": "LineString",
                "coordinates": [
                    [
                        -104.72094872537436,
                        31.57813813504945
                    ],
                    [
                        -104.72214985540054,
                        31.57943017010642
                    ],
                    [
                        -104.72139237561639,
                        31.580911364099745
                    ]
                ]
            },
            "properties": {
                "Abbrev": null,
                "Alpha": null,
                "Area": null,
                "CS_ID": null,
                "CYCLE": null,
                "CycleDsolv": null,
                "DESCRIPT": null,
                "FEATUREKEY": 95360.0,
                "FEATUREK_1": null,
                "FEATURETYP": "Photo_Panel",
                "FID_": null,
                "FID_Cross_": null,
                "FID_FanGeo": null,
                "FID_Fan_De": null,
                "FID_GIS_Re": null,
                "FID_Photo_": null,
                "FID_ftrip_": null,
                "FID_measur": null,
                "FID_patter": null,
                "FOURTH_ORD": null,
                "FOURTH_O_1": null,
                "FanID": null,
                "Fan_Del": null,
                "Fan_Del_sh": null,
                "FeatureT_1": null,
                "Geo_short": null,
                "Geography": null,
                "Gradient": null,
                "Hyperlink": null,
                "ID": 76,
                "Id": null,
                "Id_1": null,
                "LENGTH": 362.231,
                "Location": null,
                "MAPSYMBOL": "SogB",
                "MAP_SYMBOL": null,
                "MS_ID": null,
                "MidptX": null,
                "MidptY": null,
                "Mod_names": null,
                "NAME": "SognefjordBendWall",
                "NAME_1": null,
                "Name": null,
                "OBJECTID": null,
                "OBJECTID_1": null,
                "ORDERBY": null,
                "ORIG_FID": null,
                "Offset": null,
                "PATTERNID": null,
                "PERSON": null,
                "PMLABEL": null,
                "PM_NAME": "Sognefjord Bend",
                "PM_NAME_NE": null,
                "Pattern": null,
                "Profile": null,
                "REGION": null,
                "SECTIONARC": null,
                "SECTION_AB": null,
                "SOURCE": null,
                "STRAT_INTE": "F1-3",
                "SectionArc": null,
                "Shape_Ar_1": null,
                "Shape_Area": null,
                "Shape_Le_1": null,
                "Shape_Leng": 362.230737869,
                "Shape_Length": null,
                "Stop": null,
                "Stop_Num": null,
                "Symbology": "Missing"
            }
        },
        {
            "type": "Feature",
            "geometry": {
                "type": "LineString",
                "coordinates": [
                    [
                        -104.7220705519657,
                        31.580783893933102
                    ],
                    [
                        -104.71879156500299,
                        31.581776047289658
                    ]
                ]
            },
            "properties": {
                "Abbrev": null,
                "Alpha": null,
                "Area": null,
                "CS_ID": null,
                "CYCLE": null,
                "CycleDsolv": null,
                "DESCRIPT": null,
                "FEATUREKEY": 95361.0,
                "FEATUREK_1": null,
                "FEATURETYP": "Photo_Panel",
                "FID_": null,
                "FID_Cross_": null,
                "FID_FanGeo": null,
                "FID_Fan_De": null,
                "FID_GIS_Re": null,
                "FID_Photo_": null,
                "FID_ftrip_": null,
                "FID_measur": null,
                "FID_patter": null,
                "FOURTH_ORD": null,
                "FOURTH_O_1": null,
                "FanID": null,
                "Fan_Del": null,
                "Fan_Del_sh": null,
                "FeatureT_1": null,
                "Geo_short": null,
                "Geography": null,
                "Gradient": null,
                "Hyperlink": null,
                "ID": 75,
                "Id": null,
                "Id_1": null,
                "LENGTH": 329.98,
                "Location": null,
                "MAPSYMBOL": "Werg",
                "MAP_SYMBOL": null,
                "MS_ID": null,
                "MidptX": null,
                "MidptY": null,
                "Mod_names": null,
                "NAME": "WergelandWall",
                "NAME_1": null,
                "Name": null,
                "OBJECTID": null,
                "OBJECTID_1": null,
                "ORDERBY": null,
                "ORIG_FID": null,
                "Offset": null,
                "PATTERNID": null,
                "PERSON": null,
                "PMLABEL": null,
                "PM_NAME": "WergelandWall",
                "PM_NAME_NE": null,
                "Pattern": null,
                "Profile": null,
                "REGION": null,
                "SECTIONARC": null,
                "SECTION_AB": null,
                "SOURCE": null,
                "STRAT_INTE": "F1-3",
                "SectionArc": null,
                "Shape_Ar_1": null,
                "Shape_Area": null,
                "Shape_Le_1": null,
                "Shape_Leng": 329.97972664,
                "Shape_Length": null,
                "Stop": null,
                "Stop_Num": null,
                "Symbology": "Present"
            }
        },
        {
            "type": "Feature",
            "geometry": {
                "type": "LineString",
                "coordinates": [
                    [
                        -104.71983045015591,
                        31.580650074753322
                    ],
                    [
                        -104.71653222895966,
                        31.581771071176977
                    ]
                ]
            },
            "properties": {
                "Abbrev": null,
                "Alpha": null,
                "Area": null,
                "CS_ID": null,
                "CYCLE": null,
                "CycleDsolv": null,
                "DESCRIPT": null,
                "FEATUREKEY": 95362.0,
                "FEATUREK_1": null,
                "FEATURETYP": "Photo_Panel",
                "FID_": null,
                "FID_Cross_": null,
                "FID_FanGeo": null,
                "FID_Fan_De": null,
                "FID_GIS_Re": null,
                "FID_Photo_": null,
                "FID_ftrip_": null,
                "FID_measur": null,
                "FID_patter": null,
                "FOURTH_ORD": null,
                "FOURTH_O_1": null,
                "FanID": null,
                "Fan_Del": null,
                "Fan_Del_sh": null,
                "FeatureT_1": null,
                "Geo_short": null,
                "Geography": null,
                "Gradient": null,
                "Hyperlink": null,
                "ID": 196,
                "Id": null,
                "Id_1": null,
                "LENGTH": 336.705,
                "Location": null,
                "MAPSYMBOL": "EWerg",
                "MAP_SYMBOL": null,
                "MS_ID": null,
                "MidptX": null,
                "MidptY": null,
                "Mod_names": null,
                "NAME": "WergelandWall_east",
                "NAME_1": null,
                "Name": null,
                "OBJECTID": null,
                "OBJECTID_1": null,
                "ORDERBY": null,
                "ORIG_FID": null,
                "Offset": null,
                "PATTERNID": null,
                "PERSON": null,
                "PMLABEL": null,
                "PM_NAME": "E Wergeland",
                "PM_NAME_NE": null,
                "Pattern": null,
                "Profile": null,
                "REGION": null,
                "SECTIONARC": null,
                "SECTION_AB": null,
                "SOURCE": null,
                "STRAT_INTE": "F1-3",
                "SectionArc": null,
                "Shape_Ar_1": null,
                "Shape_Area": null,
                "Shape_Le_1": null,
                "Shape_Leng": 336.705182652,
                "Shape_Length": null,
                "Stop": null,
                "Stop_Num": null,
                "Symbology": "Missing"
            }
        },
        {
            "type": "Feature",
            "geometry": {
                "type": "LineString",
                "coordinates": [
                    [
                        -104.68155441405446,
                        31.585041335487716
                    ],
                    [
                        -104.67697233182537,
                        31.573721871611923
                    ]
                ]
            },
            "properties": {
                "Abbrev": null,
                "Alpha": null,
                "Area": null,
                "CS_ID": null,
                "CYCLE": null,
                "CycleDsolv": null,
                "DESCRIPT": null,
                "FEATUREKEY": 95363.0,
                "FEATUREK_1": null,
                "FEATURETYP": "Photo_Panel",
                "FID_": null,
                "FID_Cross_": null,
                "FID_FanGeo": null,
                "FID_Fan_De": null,
                "FID_GIS_Re": null,
                "FID_Photo_": null,
                "FID_ftrip_": null,
                "FID_measur": null,
                "FID_patter": null,
                "FOURTH_ORD": null,
                "FOURTH_O_1": null,
                "FanID": null,
                "Fan_Del": null,
                "Fan_Del_sh": null,
                "FeatureT_1": null,
                "Geo_short": null,
                "Geography": null,
                "Gradient": null,
                "Hyperlink": null,
                "ID": 174,
                "Id": null,
                "Id_1": null,
                "LENGTH": 1327.792,
                "Location": null,
                "MAPSYMBOL": "SOC",
                "MAP_SYMBOL": null,
                "MS_ID": null,
                "MidptX": null,
                "MidptY": null,
                "Mod_names": null,
                "NAME": "Sibley_UpperCodorniz_South",
                "NAME_1": null,
                "Name": null,
                "OBJECTID": null,
                "OBJECTID_1": null,
                "ORDERBY": null,
                "ORIG_FID": null,
                "Offset": null,
                "PATTERNID": null,
                "PERSON": null,
                "PMLABEL": null,
                "PM_NAME": "Sibley_UpperCodorniz_South",
                "PM_NAME_NE": null,
                "Pattern": null,
                "Profile": null,
                "REGION": null,
                "SECTIONARC": null,
                "SECTION_AB": null,
                "SOURCE": null,
                "STRAT_INTE": "F6-7",
                "SectionArc": null,
                "Shape_Ar_1": null,
                "Shape_Area": null,
                "Shape_Le_1": null,
                "Shape_Leng": 1327.79186554,
                "Shape_Length": null,
                "Stop": null,
                "Stop_Num": null,
                "Symbology": "Present"
            }
        },
        {
            "type": "Feature",
            "geometry": {
                "type": "LineString",
                "coordinates": [
                    [
                        -104.70279301857488,
                        31.596346019177247
                    ],
                    [
                        -104.6988880905014,
                        31.5873321159334
                    ]
                ]
            },
            "properties": {
                "Abbrev": null,
                "Alpha": null,
                "Area": null,
                "CS_ID": null,
                "CYCLE": null,
                "CycleDsolv": null,
                "DESCRIPT": null,
                "FEATUREKEY": 95364.0,
                "FEATUREK_1": null,
                "FEATURETYP": "Photo_Panel",
                "FID_": null,
                "FID_Cross_": null,
                "FID_FanGeo": null,
                "FID_Fan_De": null,
                "FID_GIS_Re": null,
                "FID_Photo_": null,
                "FID_ftrip_": null,
                "FID_measur": null,
                "FID_patter": null,
                "FOURTH_ORD": null,
                "FOURTH_O_1": null,
                "FanID": null,
                "Fan_Del": null,
                "Fan_Del_sh": null,
                "FeatureT_1": null,
                "Geo_short": null,
                "Geography": null,
                "Gradient": null,
                "Hyperlink": null,
                "ID": 194,
                "Id": null,
                "Id_1": null,
                "LENGTH": 1065.534,
                "Location": null,
                "MAPSYMBOL": "DRchan",
                "MAP_SYMBOL": null,
                "MS_ID": null,
                "MidptX": null,
                "MidptY": null,
                "Mod_names": null,
                "NAME": "Sibley_DoubleRusty",
                "NAME_1": null,
                "Name": null,
                "OBJECTID": null,
                "OBJECTID_1": null,
                "ORDERBY": null,
                "ORIG_FID": null,
                "Offset": null,
                "PATTERNID": null,
                "PERSON": null,
                "PMLABEL": null,
                "PM_NAME": "Double Rusty Ch",
                "PM_NAME_NE": null,
                "Pattern": null,
                "Profile": null,
                "REGION": null,
                "SECTIONARC": null,
                "SECTION_AB": null,
                "SOURCE": null,
                "STRAT_INTE": "F4-5",
                "SectionArc": null,
                "Shape_Ar_1": null,
                "Shape_Area": null,
                "Shape_Le_1": null,
                "Shape_Leng": 1065.5343686,
                "Shape_Length": null,
                "Stop": null,
                "Stop_Num": null,
                "Symbology": "Missing"
            }
        },
        {
            "type": "Feature",
            "geometry": {
                "type": "LineString",
                "coordinates": [
                    [
                        -104.68280887049465,
                        31.600308062825462
                    ],
                    [
                        -104.6812456259626,
                        31.587233371924004
                    ]
                ]
            },
            "properties": {
                "Abbrev": null,
                "Alpha": null,
                "Area": null,
                "CS_ID": null,
                "CYCLE": null,
                "CycleDsolv": null,
                "DESCRIPT": null,
                "FEATUREKEY": 95365.0,
                "FEATUREK_1": null,
                "FEATURETYP": "Photo_Panel",
                "FID_": null,
                "FID_Cross_": null,
                "FID_FanGeo": null,
                "FID_Fan_De": null,
                "FID_GIS_Re": null,
                "FID_Photo_": null,
                "FID_ftrip_": null,
                "FID_measur": null,
                "FID_patter": null,
                "FOURTH_ORD": null,
                "FOURTH_O_1": null,
                "FanID": null,
                "Fan_Del": null,
                "Fan_Del_sh": null,
                "FeatureT_1": null,
                "Geo_short": null,
                "Geography": null,
                "Gradient": null,
                "Hyperlink": null,
                "ID": 251,
                "Id": null,
                "Id_1": null,
                "LENGTH": 1456.711,
                "Location": null,
                "MAPSYMBOL": "NOC",
                "MAP_SYMBOL": null,
                "MS_ID": null,
                "MidptX": null,
                "MidptY": null,
                "Mod_names": null,
                "NAME": "NOC",
                "NAME_1": null,
                "Name": null,
                "OBJECTID": null,
                "OBJECTID_1": null,
                "ORDERBY": null,
                "ORIG_FID": null,
                "Offset": null,
                "PATTERNID": null,
                "PERSON": null,
                "PMLABEL": null,
                "PM_NAME": "NOC",
                "PM_NAME_NE": null,
                "Pattern": null,
                "Profile": null,
                "REGION": null,
                "SECTIONARC": null,
                "SECTION_AB": null,
                "SOURCE": null,
                "STRAT_INTE": "F6-7",
                "SectionArc": null,
                "Shape_Ar_1": null,
                "Shape_Area": null,
                "Shape_Le_1": null,
                "Shape_Leng": 1456.71056147,
                "Shape_Length": null,
                "Stop": null,
                "Stop_Num": null,
                "Symbology": "Missing"
            }
        },
        {
            "type": "Feature",
            "geometry": {
                "type": "LineString",
                "coordinates": [
                    [
                        -104.71609662375963,
                        31.601353214661877
                    ],
                    [
                        -104.70880012645992,
                        31.58586377853132
                    ]
                ]
            },
            "properties": {
                "Abbrev": null,
                "Alpha": null,
                "Area": null,
                "CS_ID": null,
                "CYCLE": null,
                "CycleDsolv": null,
                "DESCRIPT": null,
                "FEATUREKEY": 95366.0,
                "FEATUREK_1": null,
                "FEATURETYP": "Photo_Panel",
                "FID_": null,
                "FID_Cross_": null,
                "FID_FanGeo": null,
                "FID_Fan_De": null,
                "FID_GIS_Re": null,
                "FID_Photo_": null,
                "FID_ftrip_": null,
                "FID_measur": null,
                "FID_patter": null,
                "FOURTH_ORD": null,
                "FOURTH_O_1": null,
                "FanID": null,
                "Fan_Del": null,
                "Fan_Del_sh": null,
                "FeatureT_1": null,
                "Geo_short": null,
                "Geography": null,
                "Gradient": null,
                "Hyperlink": null,
                "ID": 272,
                "Id": null,
                "Id_1": null,
                "LENGTH": 1851.076,
                "Location": null,
                "MAPSYMBOL": "SCPM",
                "MAP_SYMBOL": null,
                "MS_ID": null,
                "MidptX": null,
                "MidptY": null,
                "Mod_names": null,
                "NAME": "CookiePointMesa_South",
                "NAME_1": null,
                "Name": null,
                "OBJECTID": null,
                "OBJECTID_1": null,
                "ORDERBY": null,
                "ORIG_FID": null,
                "Offset": null,
                "PATTERNID": null,
                "PERSON": null,
                "PMLABEL": null,
                "PM_NAME": "SCookyPtMesa",
                "PM_NAME_NE": null,
                "Pattern": null,
                "Profile": null,
                "REGION": null,
                "SECTIONARC": null,
                "SECTION_AB": null,
                "SOURCE": null,
                "STRAT_INTE": "F1-3",
                "SectionArc": null,
                "Shape_Ar_1": null,
                "Shape_Area": null,
                "Shape_Le_1": null,
                "Shape_Leng": 1851.07572773,
                "Shape_Length": null,
                "Stop": null,
                "Stop_Num": null,
                "Symbology": "Missing"
            }
        },
        {
            "type": "Feature",
            "geometry": {
                "type": "LineString",
                "coordinates": [
                    [
                        -104.68615856443843,
                        31.60513186647211
                    ],
                    [
                        -104.68321104316594,
                        31.60022306541983
                    ]
                ]
            },
            "properties": {
                "Abbrev": null,
                "Alpha": null,
                "Area": null,
                "CS_ID": null,
                "CYCLE": null,
                "CycleDsolv": null,
                "DESCRIPT": null,
                "FEATUREKEY": 95367.0,
                "FEATUREK_1": null,
                "FEATURETYP": "Photo_Panel",
                "FID_": null,
                "FID_Cross_": null,
                "FID_FanGeo": null,
                "FID_Fan_De": null,
                "FID_GIS_Re": null,
                "FID_Photo_": null,
                "FID_ftrip_": null,
                "FID_measur": null,
                "FID_patter": null,
                "FOURTH_ORD": null,
                "FOURTH_O_1": null,
                "FanID": null,
                "Fan_Del": null,
                "Fan_Del_sh": null,
                "FeatureT_1": null,
                "Geo_short": null,
                "Geography": null,
                "Gradient": null,
                "Hyperlink": null,
                "ID": 252,
                "Id": null,
                "Id_1": null,
                "LENGTH": 611.71,
                "Location": null,
                "MAPSYMBOL": "NOCG",
                "MAP_SYMBOL": null,
                "MS_ID": null,
                "MidptX": null,
                "MidptY": null,
                "Mod_names": null,
                "NAME": "NOC_Gully",
                "NAME_1": null,
                "Name": null,
                "OBJECTID": null,
                "OBJECTID_1": null,
                "ORDERBY": null,
                "ORIG_FID": null,
                "Offset": null,
                "PATTERNID": null,
                "PERSON": null,
                "PMLABEL": null,
                "PM_NAME": "NOC Gulley",
                "PM_NAME_NE": null,
                "Pattern": null,
                "Profile": null,
                "REGION": null,
                "SECTIONARC": null,
                "SECTION_AB": null,
                "SOURCE": null,
                "STRAT_INTE": "F6-7",
                "SectionArc": null,
                "Shape_Ar_1": null,
                "Shape_Area": null,
                "Shape_Le_1": null,
                "Shape_Leng": 611.710396405,
                "Shape_Length": null,
                "Stop": null,
                "Stop_Num": null,
                "Symbology": "Missing"
            }
        },
        {
            "type": "Feature",
            "geometry": {
                "type": "LineString",
                "coordinates": [
                    [
                        -104.74630943175487,
                        31.605929539898945
                    ],
                    [
                        -104.74362031723204,
                        31.57392727181121
                    ],
                    [
                        -104.74226240285378,
                        31.570784664699115
                    ]
                ]
            },
            "properties": {
                "Abbrev": null,
                "Alpha": null,
                "Area": null,
                "CS_ID": null,
                "CYCLE": null,
                "CycleDsolv": null,
                "DESCRIPT": null,
                "FEATUREKEY": 95368.0,
                "FEATUREK_1": null,
                "FEATURETYP": "Photo_Panel",
                "FID_": null,
                "FID_Cross_": null,
                "FID_FanGeo": null,
                "FID_Fan_De": null,
                "FID_GIS_Re": null,
                "FID_Photo_": null,
                "FID_ftrip_": null,
                "FID_measur": null,
                "FID_patter": null,
                "FOURTH_ORD": null,
                "FOURTH_O_1": null,
                "FanID": null,
                "Fan_Del": null,
                "Fan_Del_sh": null,
                "FeatureT_1": null,
                "Geo_short": null,
                "Geography": null,
                "Gradient": null,
                "Hyperlink": null,
                "ID": 200,
                "Id": null,
                "Id_1": null,
                "LENGTH": 3927.524,
                "Location": null,
                "MAPSYMBOL": "EBwCyn",
                "MAP_SYMBOL": null,
                "MS_ID": null,
                "MidptX": null,
                "MidptY": null,
                "Mod_names": null,
                "NAME": "BitterwellCanyon_Overview",
                "NAME_1": null,
                "Name": null,
                "OBJECTID": null,
                "OBJECTID_1": null,
                "ORDERBY": null,
                "ORIG_FID": null,
                "Offset": null,
                "PATTERNID": null,
                "PERSON": null,
                "PMLABEL": null,
                "PM_NAME": "EBitt Cyn",
                "PM_NAME_NE": null,
                "Pattern": null,
                "Profile": null,
                "REGION": null,
                "SECTIONARC": null,
                "SECTION_AB": null,
                "SOURCE": null,
                "STRAT_INTE": "F1-3",
                "SectionArc": null,
                "Shape_Ar_1": null,
                "Shape_Area": null,
                "Shape_Le_1": null,
                "Shape_Leng": 3927.52378047,
                "Shape_Length": null,
                "Stop": null,
                "Stop_Num": null,
                "Symbology": "Missing"
            }
        },
        {
            "type": "Feature",
            "geometry": {
                "type": "LineString",
                "coordinates": [
                    [
                        -104.77511966400449,
                        31.60714728953423
                    ],
                    [
                        -104.77816869099523,
                        31.580603434339256
                    ]
                ]
            },
            "properties": {
                "Abbrev": null,
                "Alpha": null,
                "Area": null,
                "CS_ID": null,
                "CYCLE": null,
                "CycleDsolv": null,
                "DESCRIPT": null,
                "FEATUREKEY": 95369.0,
                "FEATUREK_1": null,
                "FEATURETYP": "Photo_Panel",
                "FID_": null,
                "FID_Cross_": null,
                "FID_FanGeo": null,
                "FID_Fan_De": null,
                "FID_GIS_Re": null,
                "FID_Photo_": null,
                "FID_ftrip_": null,
                "FID_measur": null,
                "FID_patter": null,
                "FOURTH_ORD": null,
                "FOURTH_O_1": null,
                "FanID": null,
                "Fan_Del": null,
                "Fan_Del_sh": null,
                "FeatureT_1": null,
                "Geo_short": null,
                "Geography": null,
                "Gradient": null,
                "Hyperlink": null,
                "ID": 0,
                "Id": null,
                "Id_1": null,
                "LENGTH": 2734.983,
                "Location": null,
                "MAPSYMBOL": "W BwMtn",
                "MAP_SYMBOL": null,
                "MS_ID": null,
                "MidptX": null,
                "MidptY": null,
                "Mod_names": null,
                "NAME": "Wildcat_Overview",
                "NAME_1": null,
                "Name": null,
                "OBJECTID": null,
                "OBJECTID_1": null,
                "ORDERBY": null,
                "ORIG_FID": null,
                "Offset": null,
                "PATTERNID": null,
                "PERSON": null,
                "PMLABEL": null,
                "PM_NAME": "WFace BittMtn",
                "PM_NAME_NE": null,
                "Pattern": null,
                "Profile": null,
                "REGION": null,
                "SECTIONARC": null,
                "SECTION_AB": null,
                "SOURCE": null,
                "STRAT_INTE": "F1-3",
                "SectionArc": null,
                "Shape_Ar_1": null,
                "Shape_Area": null,
                "Shape_Le_1": null,
                "Shape_Leng": 2956.17904213,
                "Shape_Length": null,
                "Stop": null,
                "Stop_Num": null,
                "Symbology": "Present"
            }
        },
        {
            "type": "Feature",
            "geometry": {
                "type": "LineString",
                "coordinates": [
                    [
                        -104.77665931930903,
                        31.607892034474393
                    ],
                    [
                        -104.77781792099967,
                        31.6068221870631
                    ],
                    [
                        -104.77907437982698,
                        31.605092892182196
                    ],
                    [
                        -104.77974584716985,
                        31.602203620718612
                    ]
                ]
            },
            "properties": {
                "Abbrev": null,
                "Alpha": null,
                "Area": null,
                "CS_ID": null,
                "CYCLE": null,
                "CycleDsolv": null,
                "DESCRIPT": null,
                "FEATUREKEY": 95370.0,
                "FEATUREK_1": null,
                "FEATURETYP": "Photo_Panel",
                "FID_": null,
                "FID_Cross_": null,
                "FID_FanGeo": null,
                "FID_Fan_De": null,
                "FID_GIS_Re": null,
                "FID_Photo_": null,
                "FID_ftrip_": null,
                "FID_measur": null,
                "FID_patter": null,
                "FOURTH_ORD": null,
                "FOURTH_O_1": null,
                "FanID": null,
                "Fan_Del": null,
                "Fan_Del_sh": null,
                "FeatureT_1": null,
                "Geo_short": null,
                "Geography": null,
                "Gradient": null,
                "Hyperlink": null,
                "ID": 117,
                "Id": null,
                "Id_1": null,
                "LENGTH": 721.732,
                "Location": null,
                "MAPSYMBOL": "NWBsMt",
                "MAP_SYMBOL": null,
                "MS_ID": null,
                "MidptX": null,
                "MidptY": null,
                "Mod_names": null,
                "NAME": "WildcatSpur_East",
                "NAME_1": null,
                "Name": null,
                "OBJECTID": null,
                "OBJECTID_1": null,
                "ORDERBY": null,
                "ORIG_FID": null,
                "Offset": null,
                "PATTERNID": null,
                "PERSON": null,
                "PMLABEL": null,
                "PM_NAME": "NWFaceBMtn",
                "PM_NAME_NE": null,
                "Pattern": null,
                "Profile": null,
                "REGION": null,
                "SECTIONARC": null,
                "SECTION_AB": null,
                "SOURCE": null,
                "STRAT_INTE": "F1-3",
                "SectionArc": null,
                "Shape_Ar_1": null,
                "Shape_Area": null,
                "Shape_Le_1": null,
                "Shape_Leng": 713.884554503,
                "Shape_Length": null,
                "Stop": null,
                "Stop_Num": null,
                "Symbology": "Missing"
            }
        },
        {
            "type": "Feature",
            "geometry": {
                "type": "LineString",
                "coordinates": [
                    [
                        -104.71593665123403,
                        31.609500943100542
                    ],
                    [
                        -104.6967434984499,
                        31.60988691923873
                    ]
                ]
            },
            "properties": {
                "Abbrev": null,
                "Alpha": null,
                "Area": null,
                "CS_ID": null,
                "CYCLE": null,
                "CycleDsolv": null,
                "DESCRIPT": null,
                "FEATUREKEY": 95371.0,
                "FEATUREK_1": null,
                "FEATURETYP": "Photo_Panel",
                "FID_": null,
                "FID_Cross_": null,
                "FID_FanGeo": null,
                "FID_Fan_De": null,
                "FID_GIS_Re": null,
                "FID_Photo_": null,
                "FID_ftrip_": null,
                "FID_measur": null,
                "FID_patter": null,
                "FOURTH_ORD": null,
                "FOURTH_O_1": null,
                "FanID": null,
                "Fan_Del": null,
                "Fan_Del_sh": null,
                "FeatureT_1": null,
                "Geo_short": null,
                "Geography": null,
                "Gradient": null,
                "Hyperlink": null,
                "ID": 0,
                "Id": null,
                "Id_1": null,
                "LENGTH": 1821.038,
                "Location": null,
                "MAPSYMBOL": "CPO",
                "MAP_SYMBOL": null,
                "MS_ID": null,
                "MidptX": null,
                "MidptY": null,
                "Mod_names": null,
                "NAME": "CookyPoint",
                "NAME_1": null,
                "Name": null,
                "OBJECTID": null,
                "OBJECTID_1": null,
                "ORDERBY": null,
                "ORIG_FID": null,
                "Offset": null,
                "PATTERNID": null,
                "PERSON": null,
                "PMLABEL": null,
                "PM_NAME": "Cooky Pt Overvie",
                "PM_NAME_NE": null,
                "Pattern": null,
                "Profile": null,
                "REGION": null,
                "SECTIONARC": null,
                "SECTION_AB": null,
                "SOURCE": null,
                "STRAT_INTE": "F4",
                "SectionArc": null,
                "Shape_Ar_1": null,
                "Shape_Area": null,
                "Shape_Le_1": null,
                "Shape_Leng": 1821.0379494,
                "Shape_Length": null,
                "Stop": null,
                "Stop_Num": null,
                "Symbology": "Missing"
            }
        },
        {
            "type": "Feature",
            "geometry": {
                "type": "LineString",
                "coordinates": [
                    [
                        -104.68798983314375,
                        31.61343456672661
                    ],
                    [
                        -104.68755551056032,
                        31.608059009464775
                    ],
                    [
                        -104.68540442259315,
                        31.605302000732816
                    ]
                ]
            },
            "properties": {
                "Abbrev": null,
                "Alpha": null,
                "Area": null,
                "CS_ID": null,
                "CYCLE": null,
                "CycleDsolv": null,
                "DESCRIPT": null,
                "FEATUREKEY": 95372.0,
                "FEATUREK_1": null,
                "FEATURETYP": "Photo_Panel",
                "FID_": null,
                "FID_Cross_": null,
                "FID_FanGeo": null,
                "FID_Fan_De": null,
                "FID_GIS_Re": null,
                "FID_Photo_": null,
                "FID_ftrip_": null,
                "FID_measur": null,
                "FID_patter": null,
                "FOURTH_ORD": null,
                "FOURTH_O_1": null,
                "FanID": null,
                "Fan_Del": null,
                "Fan_Del_sh": null,
                "FeatureT_1": null,
                "Geo_short": null,
                "Geography": null,
                "Gradient": null,
                "Hyperlink": null,
                "ID": 173,
                "Id": null,
                "Id_1": null,
                "LENGTH": 964.664,
                "Location": null,
                "MAPSYMBOL": "BIG",
                "MAP_SYMBOL": null,
                "MS_ID": null,
                "MidptX": null,
                "MidptY": null,
                "Mod_names": null,
                "NAME": "Sibley_BIG",
                "NAME_1": null,
                "Name": null,
                "OBJECTID": null,
                "OBJECTID_1": null,
                "ORDERBY": null,
                "ORIG_FID": null,
                "Offset": null,
                "PATTERNID": null,
                "PERSON": null,
                "PMLABEL": null,
                "PM_NAME": "Sibley_BIG",
                "PM_NAME_NE": null,
                "Pattern": null,
                "Profile": null,
                "REGION": null,
                "SECTIONARC": null,
                "SECTION_AB": null,
                "SOURCE": null,
                "STRAT_INTE": "F6-7",
                "SectionArc": null,
                "Shape_Ar_1": null,
                "Shape_Area": null,
                "Shape_Le_1": null,
                "Shape_Leng": 964.664341274,
                "Shape_Length": null,
                "Stop": null,
                "Stop_Num": null,
                "Symbology": "Present"
            }
        },
        {
            "type": "Feature",
            "geometry": {
                "type": "LineString",
                "coordinates": [
                    [
                        -104.74477615503856,
                        31.615758321014496
                    ],
                    [
                        -104.72803661307073,
                        31.607665029531887
                    ]
                ]
            },
            "properties": {
                "Abbrev": null,
                "Alpha": null,
                "Area": null,
                "CS_ID": null,
                "CYCLE": null,
                "CycleDsolv": null,
                "DESCRIPT": null,
                "FEATUREKEY": 95373.0,
                "FEATUREK_1": null,
                "FEATURETYP": "Photo_Panel",
                "FID_": null,
                "FID_Cross_": null,
                "FID_FanGeo": null,
                "FID_Fan_De": null,
                "FID_GIS_Re": null,
                "FID_Photo_": null,
                "FID_ftrip_": null,
                "FID_measur": null,
                "FID_patter": null,
                "FOURTH_ORD": null,
                "FOURTH_O_1": null,
                "FanID": null,
                "Fan_Del": null,
                "Fan_Del_sh": null,
                "FeatureT_1": null,
                "Geo_short": null,
                "Geography": null,
                "Gradient": null,
                "Hyperlink": null,
                "ID": 0,
                "Id": null,
                "Id_1": null,
                "LENGTH": 1823.633,
                "Location": null,
                "MAPSYMBOL": "W PMS",
                "MAP_SYMBOL": null,
                "MS_ID": null,
                "MidptX": null,
                "MidptY": null,
                "Mod_names": null,
                "NAME": "PoseyMesa_South",
                "NAME_1": null,
                "Name": null,
                "OBJECTID": null,
                "OBJECTID_1": null,
                "ORDERBY": null,
                "ORIG_FID": null,
                "Offset": null,
                "PATTERNID": null,
                "PERSON": null,
                "PMLABEL": null,
                "PM_NAME": "W Posey Mesa So",
                "PM_NAME_NE": null,
                "Pattern": null,
                "Profile": null,
                "REGION": null,
                "SECTIONARC": null,
                "SECTION_AB": null,
                "SOURCE": null,
                "STRAT_INTE": "F1-3",
                "SectionArc": null,
                "Shape_Ar_1": null,
                "Shape_Area": null,
                "Shape_Le_1": null,
                "Shape_Leng": 1823.6328042,
                "Shape_Length": null,
                "Stop": null,
                "Stop_Num": null,
                "Symbology": "Missing"
            }
        },
        {
            "type": "Feature",
            "geometry": {
                "type": "LineString",
                "coordinates": [
                    [
                        -104.68360428916574,
                        31.617723404939003
                    ],
                    [
                        -104.68688020814785,
                        31.614721737621966
                    ],
                    [
                        -104.68753965350035,
                        31.612831526500827
                    ]
                ]
            },
            "properties": {
                "Abbrev": null,
                "Alpha": null,
                "Area": null,
                "CS_ID": null,
                "CYCLE": null,
                "CycleDsolv": null,
                "DESCRIPT": null,
                "FEATUREKEY": 95374.0,
                "FEATUREK_1": null,
                "FEATURETYP": "Photo_Panel",
                "FID_": null,
                "FID_Cross_": null,
                "FID_FanGeo": null,
                "FID_Fan_De": null,
                "FID_GIS_Re": null,
                "FID_Photo_": null,
                "FID_ftrip_": null,
                "FID_measur": null,
                "FID_patter": null,
                "FOURTH_ORD": null,
                "FOURTH_O_1": null,
                "FanID": null,
                "Fan_Del": null,
                "Fan_Del_sh": null,
                "FeatureT_1": null,
                "Geo_short": null,
                "Geography": null,
                "Gradient": null,
                "Hyperlink": null,
                "ID": 208,
                "Id": null,
                "Id_1": null,
                "LENGTH": 673.864,
                "Location": null,
                "MAPSYMBOL": "FSG",
                "MAP_SYMBOL": null,
                "MS_ID": null,
                "MidptX": null,
                "MidptY": null,
                "Mod_names": null,
                "NAME": "Sibley_FSGully",
                "NAME_1": null,
                "Name": null,
                "OBJECTID": null,
                "OBJECTID_1": null,
                "ORDERBY": null,
                "ORIG_FID": null,
                "Offset": null,
                "PATTERNID": null,
                "PERSON": null,
                "PMLABEL": null,
                "PM_NAME": "Sibley_FSGully",
                "PM_NAME_NE": null,
                "Pattern": null,
                "Profile": null,
                "REGION": null,
                "SECTIONARC": null,
                "SECTION_AB": null,
                "SOURCE": null,
                "STRAT_INTE": "F6-7",
                "SectionArc": null,
                "Shape_Ar_1": null,
                "Shape_Area": null,
                "Shape_Le_1": null,
                "Shape_Leng": 673.863602154,
                "Shape_Length": null,
                "Stop": null,
                "Stop_Num": null,
                "Symbology": "Present"
            }
        },
        {
            "type": "Feature",
            "geometry": {
                "type": "LineString",
                "coordinates": [
                    [
                        -104.72103781338565,
                        31.61796533565103
                    ],
                    [
                        -104.71551802835803,
                        31.605864901557663
                    ]
                ]
            },
            "properties": {
                "Abbrev": null,
                "Alpha": null,
                "Area": null,
                "CS_ID": null,
                "CYCLE": null,
                "CycleDsolv": null,
                "DESCRIPT": null,
                "FEATUREKEY": 95375.0,
                "FEATUREK_1": null,
                "FEATURETYP": "Photo_Panel",
                "FID_": null,
                "FID_Cross_": null,
                "FID_FanGeo": null,
                "FID_Fan_De": null,
                "FID_GIS_Re": null,
                "FID_Photo_": null,
                "FID_ftrip_": null,
                "FID_measur": null,
                "FID_patter": null,
                "FOURTH_ORD": null,
                "FOURTH_O_1": null,
                "FanID": null,
                "Fan_Del": null,
                "Fan_Del_sh": null,
                "FeatureT_1": null,
                "Geo_short": null,
                "Geography": null,
                "Gradient": null,
                "Hyperlink": null,
                "ID": 187,
                "Id": null,
                "Id_1": null,
                "LENGTH": 1439.729,
                "Location": null,
                "MAPSYMBOL": "WCPS",
                "MAP_SYMBOL": null,
                "MS_ID": null,
                "MidptX": null,
                "MidptY": null,
                "Mod_names": null,
                "NAME": "CookiePoint_westface",
                "NAME_1": null,
                "Name": null,
                "OBJECTID": null,
                "OBJECTID_1": null,
                "ORDERBY": null,
                "ORIG_FID": null,
                "Offset": null,
                "PATTERNID": null,
                "PERSON": null,
                "PMLABEL": null,
                "PM_NAME": "WFaceCookyPT",
                "PM_NAME_NE": null,
                "Pattern": null,
                "Profile": null,
                "REGION": null,
                "SECTIONARC": null,
                "SECTION_AB": null,
                "SOURCE": null,
                "STRAT_INTE": "F1-3",
                "SectionArc": null,
                "Shape_Ar_1": null,
                "Shape_Area": null,
                "Shape_Le_1": null,
                "Shape_Leng": 1439.72871884,
                "Shape_Length": null,
                "Stop": null,
                "Stop_Num": null,
                "Symbology": "Missing"
            }
        },
        {
            "type": "Feature",
            "geometry": {
                "type": "LineString",
                "coordinates": [
                    [
                        -104.76247199257064,
                        31.61917704568507
                    ],
                    [
                        -104.75270785230316,
                        31.607714992597536
                    ]
                ]
            },
            "properties": {
                "Abbrev": null,
                "Alpha": null,
                "Area": null,
                "CS_ID": null,
                "CYCLE": null,
                "CycleDsolv": null,
                "DESCRIPT": null,
                "FEATUREKEY": 95376.0,
                "FEATUREK_1": null,
                "FEATURETYP": "Photo_Panel",
                "FID_": null,
                "FID_Cross_": null,
                "FID_FanGeo": null,
                "FID_Fan_De": null,
                "FID_GIS_Re": null,
                "FID_Photo_": null,
                "FID_ftrip_": null,
                "FID_measur": null,
                "FID_patter": null,
                "FOURTH_ORD": null,
                "FOURTH_O_1": null,
                "FanID": null,
                "Fan_Del": null,
                "Fan_Del_sh": null,
                "FeatureT_1": null,
                "Geo_short": null,
                "Geography": null,
                "Gradient": null,
                "Hyperlink": null,
                "ID": 244,
                "Id": null,
                "Id_1": null,
                "LENGTH": 1572.148,
                "Location": null,
                "MAPSYMBOL": "SHCyn",
                "MAP_SYMBOL": null,
                "MS_ID": null,
                "MidptX": null,
                "MidptY": null,
                "Mod_names": null,
                "NAME": "HogueCanyon_South",
                "NAME_1": null,
                "Name": null,
                "OBJECTID": null,
                "OBJECTID_1": null,
                "ORDERBY": null,
                "ORIG_FID": null,
                "Offset": null,
                "PATTERNID": null,
                "PERSON": null,
                "PMLABEL": null,
                "PM_NAME": "SHogue Cyn",
                "PM_NAME_NE": null,
                "Pattern": null,
                "Profile": null,
                "REGION": null,
                "SECTIONARC": null,
                "SECTION_AB": null,
                "SOURCE": null,
                "STRAT_INTE": "F1-3",
                "SectionArc": null,
                "Shape_Ar_1": null,
                "Shape_Area": null,
                "Shape_Le_1": null,
                "Shape_Leng": 1572.1479367,
                "Shape_Length": null,
                "Stop": null,
                "Stop_Num": null,
                "Symbology": "Present"
            }
        },
        {
            "type": "Feature",
            "geometry": {
                "type": "LineString",
                "coordinates": [
                    [
                        -104.69882220039241,
                        31.619694901074542
                    ],
                    [
                        -104.6923968068158,
                        31.617830810946515
                    ]
                ]
            },
            "properties": {
                "Abbrev": null,
                "Alpha": null,
                "Area": null,
                "CS_ID": null,
                "CYCLE": null,
                "CycleDsolv": null,
                "DESCRIPT": null,
                "FEATUREKEY": 95377.0,
                "FEATUREK_1": null,
                "FEATURETYP": "Photo_Panel",
                "FID_": null,
                "FID_Cross_": null,
                "FID_FanGeo": null,
                "FID_Fan_De": null,
                "FID_GIS_Re": null,
                "FID_Photo_": null,
                "FID_ftrip_": null,
                "FID_measur": null,
                "FID_patter": null,
                "FOURTH_ORD": null,
                "FOURTH_O_1": null,
                "FanID": null,
                "Fan_Del": null,
                "Fan_Del_sh": null,
                "FeatureT_1": null,
                "Geo_short": null,
                "Geography": null,
                "Gradient": null,
                "Hyperlink": null,
                "ID": 209,
                "Id": null,
                "Id_1": null,
                "LENGTH": 643.481,
                "Location": null,
                "MAPSYMBOL": "FSN",
                "MAP_SYMBOL": null,
                "MS_ID": null,
                "MidptX": null,
                "MidptY": null,
                "Mod_names": null,
                "NAME": "Sibley_FSNorth",
                "NAME_1": null,
                "Name": null,
                "OBJECTID": null,
                "OBJECTID_1": null,
                "ORDERBY": null,
                "ORIG_FID": null,
                "Offset": null,
                "PATTERNID": null,
                "PERSON": null,
                "PMLABEL": null,
                "PM_NAME": "FSNorth",
                "PM_NAME_NE": null,
                "Pattern": null,
                "Profile": null,
                "REGION": null,
                "SECTIONARC": null,
                "SECTION_AB": null,
                "SOURCE": null,
                "STRAT_INTE": "F6-7",
                "SectionArc": null,
                "Shape_Ar_1": null,
                "Shape_Area": null,
                "Shape_Le_1": null,
                "Shape_Leng": 643.481217642,
                "Shape_Length": null,
                "Stop": null,
                "Stop_Num": null,
                "Symbology": "Missing"
            }
        },
        {
            "type": "Feature",
            "geometry": {
                "type": "LineString",
                "coordinates": [
                    [
                        -104.7488088276116,
                        31.622052198248014
                    ],
                    [
                        -104.74487054706711,
                        31.615677920086824
                    ]
                ]
            },
            "properties": {
                "Abbrev": null,
                "Alpha": null,
                "Area": null,
                "CS_ID": null,
                "CYCLE": null,
                "CycleDsolv": null,
                "DESCRIPT": null,
                "FEATUREKEY": 95378.0,
                "FEATUREK_1": null,
                "FEATURETYP": "Photo_Panel",
                "FID_": null,
                "FID_Cross_": null,
                "FID_FanGeo": null,
                "FID_Fan_De": null,
                "FID_GIS_Re": null,
                "FID_Photo_": null,
                "FID_ftrip_": null,
                "FID_measur": null,
                "FID_patter": null,
                "FOURTH_ORD": null,
                "FOURTH_O_1": null,
                "FanID": null,
                "Fan_Del": null,
                "Fan_Del_sh": null,
                "FeatureT_1": null,
                "Geo_short": null,
                "Geography": null,
                "Gradient": null,
                "Hyperlink": null,
                "ID": 0,
                "Id": null,
                "Id_1": null,
                "LENGTH": 799.159,
                "Location": null,
                "MAPSYMBOL": "WPMN",
                "MAP_SYMBOL": null,
                "MS_ID": null,
                "MidptX": null,
                "MidptY": null,
                "Mod_names": null,
                "NAME": "PoseyMesa_North",
                "NAME_1": null,
                "Name": null,
                "OBJECTID": null,
                "OBJECTID_1": null,
                "ORDERBY": null,
                "ORIG_FID": null,
                "Offset": null,
                "PATTERNID": null,
                "PERSON": null,
                "PMLABEL": null,
                "PM_NAME": "W Posey Mesa No",
                "PM_NAME_NE": null,
                "Pattern": null,
                "Profile": null,
                "REGION": null,
                "SECTIONARC": null,
                "SECTION_AB": null,
                "SOURCE": null,
                "STRAT_INTE": "F1-3",
                "SectionArc": null,
                "Shape_Ar_1": null,
                "Shape_Area": null,
                "Shape_Le_1": null,
                "Shape_Leng": 799.15932036,
                "Shape_Length": null,
                "Stop": null,
                "Stop_Num": null,
                "Symbology": "Missing"
            }
        },
        {
            "type": "Feature",
            "geometry": {
                "type": "LineString",
                "coordinates": [
                    [
                        -104.6271237114175,
                        31.47544468168139
                    ],
                    [
                        -104.62358159341537,
                        31.475465630721704
                    ]
                ]
            },
            "properties": {
                "Abbrev": null,
                "Alpha": null,
                "Area": null,
                "CS_ID": null,
                "CYCLE": null,
                "CycleDsolv": null,
                "DESCRIPT": null,
                "FEATUREKEY": 95379.0,
                "FEATUREK_1": null,
                "FEATURETYP": "Photo_Panel",
                "FID_": null,
                "FID_Cross_": null,
                "FID_FanGeo": null,
                "FID_Fan_De": null,
                "FID_GIS_Re": null,
                "FID_Photo_": null,
                "FID_ftrip_": null,
                "FID_measur": null,
                "FID_patter": null,
                "FOURTH_ORD": null,
                "FOURTH_O_1": null,
                "FanID": null,
                "Fan_Del": null,
                "Fan_Del_sh": null,
                "FeatureT_1": null,
                "Geo_short": null,
                "Geography": null,
                "Gradient": null,
                "Hyperlink": null,
                "ID": 190,
                "Id": null,
                "Id_1": null,
                "LENGTH": 336.472,
                "Location": null,
                "MAPSYMBOL": "Term",
                "MAP_SYMBOL": null,
                "MS_ID": null,
                "MidptX": null,
                "MidptY": null,
                "Mod_names": null,
                "NAME": "Terminator",
                "NAME_1": null,
                "Name": null,
                "OBJECTID": null,
                "OBJECTID_1": null,
                "ORDERBY": null,
                "ORIG_FID": null,
                "Offset": null,
                "PATTERNID": null,
                "PERSON": null,
                "PMLABEL": null,
                "PM_NAME": "Terminator",
                "PM_NAME_NE": null,
                "Pattern": null,
                "Profile": null,
                "REGION": null,
                "SECTIONARC": null,
                "SECTION_AB": null,
                "SOURCE": null,
                "STRAT_INTE": "F4-7",
                "SectionArc": null,
                "Shape_Ar_1": null,
                "Shape_Area": null,
                "Shape_Le_1": null,
                "Shape_Leng": 336.472278896,
                "Shape_Length": null,
                "Stop": null,
                "Stop_Num": null,
                "Symbology": "Present"
            }
        },
        {
            "type": "Feature",
            "geometry": {
                "type": "LineString",
                "coordinates": [
                    [
                        -104.6341037820691,
                        31.492833956824647
                    ],
                    [
                        -104.63488323590106,
                        31.48961271398305
                    ],
                    [
                        -104.63416848481413,
                        31.485573519693915
                    ],
                    [
                        -104.63257968403417,
                        31.480937197797033
                    ],
                    [
                        -104.62698024835223,
                        31.47478705130136
                    ]
                ]
            },
            "properties": {
                "Abbrev": null,
                "Alpha": null,
                "Area": null,
                "CS_ID": null,
                "CYCLE": null,
                "CycleDsolv": null,
                "DESCRIPT": null,
                "FEATUREKEY": 95380.0,
                "FEATUREK_1": null,
                "FEATURETYP": "Photo_Panel",
                "FID_": null,
                "FID_Cross_": null,
                "FID_FanGeo": null,
                "FID_Fan_De": null,
                "FID_GIS_Re": null,
                "FID_Photo_": null,
                "FID_ftrip_": null,
                "FID_measur": null,
                "FID_patter": null,
                "FOURTH_ORD": null,
                "FOURTH_O_1": null,
                "FanID": null,
                "Fan_Del": null,
                "Fan_Del_sh": null,
                "FeatureT_1": null,
                "Geo_short": null,
                "Geography": null,
                "Gradient": null,
                "Hyperlink": null,
                "ID": 172,
                "Id": null,
                "Id_1": null,
                "LENGTH": 2217.564,
                "Location": null,
                "MAPSYMBOL": "DMR-1",
                "MAP_SYMBOL": null,
                "MS_ID": null,
                "MidptX": null,
                "MidptY": null,
                "Mod_names": null,
                "NAME": "DelawareMountainRanch_EasternRidge",
                "NAME_1": null,
                "Name": null,
                "OBJECTID": null,
                "OBJECTID_1": null,
                "ORDERBY": null,
                "ORIG_FID": null,
                "Offset": null,
                "PATTERNID": null,
                "PERSON": null,
                "PMLABEL": null,
                "PM_NAME": "DelawareMountainRanch_EasternRidge",
                "PM_NAME_NE": null,
                "Pattern": null,
                "Profile": null,
                "REGION": null,
                "SECTIONARC": null,
                "SECTION_AB": null,
                "SOURCE": null,
                "STRAT_INTE": "F5-7",
                "SectionArc": null,
                "Shape_Ar_1": null,
                "Shape_Area": null,
                "Shape_Le_1": null,
                "Shape_Leng": 2217.56454987,
                "Shape_Length": null,
                "Stop": null,
                "Stop_Num": null,
                "Symbology": "Present"
            }
        },
        {
            "type": "Feature",
            "geometry": {
                "type": "LineString",
                "coordinates": [
                    [
                        -104.63489904882762,
                        31.492601505448896
                    ],
                    [
                        -104.63532263709682,
                        31.489316654521442
                    ],
                    [
                        -104.63488097663966,
                        31.485481662818003
                    ],
                    [
                        -104.6327558854225,
                        31.48023354685861
                    ],
                    [
                        -104.62698337383114,
                        31.473996841181805
                    ],
                    [
                        -104.62644789179498,
                        31.47090481656715
                    ],
                    [
                        -104.6289662065819,
                        31.46887789466064
                    ]
                ]
            },
            "properties": {
                "Abbrev": null,
                "Alpha": null,
                "Area": null,
                "CS_ID": null,
                "CYCLE": null,
                "CycleDsolv": null,
                "DESCRIPT": null,
                "FEATUREKEY": 95381.0,
                "FEATUREK_1": null,
                "FEATURETYP": "Photo_Panel",
                "FID_": null,
                "FID_Cross_": null,
                "FID_FanGeo": null,
                "FID_Fan_De": null,
                "FID_GIS_Re": null,
                "FID_Photo_": null,
                "FID_ftrip_": null,
                "FID_measur": null,
                "FID_patter": null,
                "FOURTH_ORD": null,
                "FOURTH_O_1": null,
                "FanID": null,
                "Fan_Del": null,
                "Fan_Del_sh": null,
                "FeatureT_1": null,
                "Geo_short": null,
                "Geography": null,
                "Gradient": null,
                "Hyperlink": null,
                "ID": 0,
                "Id": null,
                "Id_1": null,
                "LENGTH": 2966.019,
                "Location": null,
                "MAPSYMBOL": "DMR-2",
                "MAP_SYMBOL": null,
                "MS_ID": null,
                "MidptX": null,
                "MidptY": null,
                "Mod_names": null,
                "NAME": "DelawareMountainRanch_2",
                "NAME_1": null,
                "Name": null,
                "OBJECTID": null,
                "OBJECTID_1": null,
                "ORDERBY": null,
                "ORIG_FID": null,
                "Offset": null,
                "PATTERNID": null,
                "PERSON": null,
                "PMLABEL": null,
                "PM_NAME": "DelMtRandh-2",
                "PM_NAME_NE": null,
                "Pattern": null,
                "Profile": null,
                "REGION": null,
                "SECTIONARC": null,
                "SECTION_AB": null,
                "SOURCE": null,
                "STRAT_INTE": "F5-7",
                "SectionArc": null,
                "Shape_Ar_1": null,
                "Shape_Area": null,
                "Shape_Le_1": null,
                "Shape_Leng": 2966.01893575,
                "Shape_Length": null,
                "Stop": null,
                "Stop_Num": null,
                "Symbology": "Missing"
            }
        },
        {
            "type": "Feature",
            "geometry": {
                "type": "LineString",
                "coordinates": [
                    [
                        -104.81157481444579,
                        31.795737665205113
                    ],
                    [
                        -104.81114991316517,
                        31.7966404001523
                    ],
                    [
                        -104.80975088777024,
                        31.79804756981263
                    ],
                    [
                        -104.80852283588456,
                        31.798587752007823
                    ],
                    [
                        -104.807291797861,
                        31.798954263543074
                    ],
                    [
                        -104.80611797677903,
                        31.79922576939915
                    ]
                ]
            },
            "properties": {
                "Abbrev": null,
                "Alpha": null,
                "Area": null,
                "CS_ID": null,
                "CYCLE": null,
                "CycleDsolv": null,
                "DESCRIPT": null,
                "FEATUREKEY": 95382.0,
                "FEATUREK_1": null,
                "FEATURETYP": "Photo_Panel",
                "FID_": null,
                "FID_Cross_": null,
                "FID_FanGeo": null,
                "FID_Fan_De": null,
                "FID_GIS_Re": null,
                "FID_Photo_": null,
                "FID_ftrip_": null,
                "FID_measur": null,
                "FID_patter": null,
                "FOURTH_ORD": null,
                "FOURTH_O_1": null,
                "FanID": null,
                "Fan_Del": null,
                "Fan_Del_sh": null,
                "FeatureT_1": null,
                "Geo_short": null,
                "Geography": null,
                "Gradient": null,
                "Hyperlink": null,
                "ID": 227,
                "Id": null,
                "Id_1": null,
                "LENGTH": 0.0,
                "Location": null,
                "MAPSYMBOL": null,
                "MAP_SYMBOL": null,
                "MS_ID": null,
                "MidptX": null,
                "MidptY": null,
                "Mod_names": null,
                "NAME": "BrushyMesa_Upper_North",
                "NAME_1": null,
                "Name": null,
                "OBJECTID": null,
                "OBJECTID_1": null,
                "ORDERBY": null,
                "ORIG_FID": null,
                "Offset": null,
                "PATTERNID": null,
                "PERSON": null,
                "PMLABEL": null,
                "PM_NAME": "BrushyMesa_Upper_North",
                "PM_NAME_NE": null,
                "Pattern": null,
                "Profile": null,
                "REGION": null,
                "SECTIONARC": null,
                "SECTION_AB": null,
                "SOURCE": null,
                "STRAT_INTE": null,
                "SectionArc": null,
                "Shape_Ar_1": null,
                "Shape_Area": null,
                "Shape_Le_1": null,
                "Shape_Leng": 681.745534898,
                "Shape_Length": null,
                "Stop": null,
                "Stop_Num": null,
                "Symbology": "Present"
            }
        },
        {
            "type": "Feature",
            "geometry": {
                "type": "LineString",
                "coordinates": [
                    [
                        -104.76451144602261,
                        31.66958822848453
                    ],
                    [
                        -104.76231982171903,
                        31.672076215087618
                    ],
                    [
                        -104.75954465902656,
                        31.67481227180422
                    ],
                    [
                        -104.75735439086858,
                        31.676677164407074
                    ],
                    [
                        -104.75589707931174,
                        31.67679899509397
                    ],
                    [
                        -104.75399874783737,
                        31.67841518137153
                    ],
                    [
                        -104.75210101013853,
                        31.67978213684924
                    ],
                    [
                        -104.75180927277772,
                        31.679906173779838
                    ]
                ]
            },
            "properties": {
                "Abbrev": null,
                "Alpha": null,
                "Area": null,
                "CS_ID": null,
                "CYCLE": null,
                "CycleDsolv": null,
                "DESCRIPT": null,
                "FEATUREKEY": 95383.0,
                "FEATUREK_1": null,
                "FEATURETYP": "Photo_Panel",
                "FID_": null,
                "FID_Cross_": null,
                "FID_FanGeo": null,
                "FID_Fan_De": null,
                "FID_GIS_Re": null,
                "FID_Photo_": null,
                "FID_ftrip_": null,
                "FID_measur": null,
                "FID_patter": null,
                "FOURTH_ORD": null,
                "FOURTH_O_1": null,
                "FanID": null,
                "Fan_Del": null,
                "Fan_Del_sh": null,
                "FeatureT_1": null,
                "Geo_short": null,
                "Geography": null,
                "Gradient": null,
                "Hyperlink": null,
                "ID": 66,
                "Id": null,
                "Id_1": null,
                "LENGTH": 0.0,
                "Location": null,
                "MAPSYMBOL": "CC_Grab",
                "MAP_SYMBOL": null,
                "MS_ID": null,
                "MidptX": null,
                "MidptY": null,
                "Mod_names": null,
                "NAME": "ColleenCanyon_GrabenFace",
                "NAME_1": null,
                "Name": null,
                "OBJECTID": null,
                "OBJECTID_1": null,
                "ORDERBY": null,
                "ORIG_FID": null,
                "Offset": null,
                "PATTERNID": null,
                "PERSON": null,
                "PMLABEL": null,
                "PM_NAME": "ColleenCanyon_GrabenFace",
                "PM_NAME_NE": null,
                "Pattern": null,
                "Profile": null,
                "REGION": null,
                "SECTIONARC": null,
                "SECTION_AB": null,
                "SOURCE": null,
                "STRAT_INTE": "F2-3",
                "SectionArc": null,
                "Shape_Ar_1": null,
                "Shape_Area": null,
                "Shape_Le_1": null,
                "Shape_Leng": 1698.43472598,
                "Shape_Length": null,
                "Stop": null,
                "Stop_Num": null,
                "Symbology": "Present"
            }
        },
        {
            "type": "Feature",
            "geometry": {
                "type": "LineString",
                "coordinates": [
                    [
                        -104.75618750618497,
                        31.677173353272337
                    ],
                    [
                        -104.75705976910264,
                        31.677922621955258
                    ],
                    [
                        -104.75778537862823,
                        31.679045411792753
                    ]
                ]
            },
            "properties": {
                "Abbrev": null,
                "Alpha": null,
                "Area": null,
                "CS_ID": null,
                "CYCLE": null,
                "CycleDsolv": null,
                "DESCRIPT": null,
                "FEATUREKEY": 95384.0,
                "FEATUREK_1": null,
                "FEATURETYP": "Photo_Panel",
                "FID_": null,
                "FID_Cross_": null,
                "FID_FanGeo": null,
                "FID_Fan_De": null,
                "FID_GIS_Re": null,
                "FID_Photo_": null,
                "FID_ftrip_": null,
                "FID_measur": null,
                "FID_patter": null,
                "FOURTH_ORD": null,
                "FOURTH_O_1": null,
                "FanID": null,
                "Fan_Del": null,
                "Fan_Del_sh": null,
                "FeatureT_1": null,
                "Geo_short": null,
                "Geography": null,
                "Gradient": null,
                "Hyperlink": null,
                "ID": 149,
                "Id": null,
                "Id_1": null,
                "LENGTH": 0.0,
                "Location": null,
                "MAPSYMBOL": "POG_east",
                "MAP_SYMBOL": null,
                "MS_ID": null,
                "MidptX": null,
                "MidptY": null,
                "Mod_names": null,
                "NAME": "Colleen_PinchOutGully_East",
                "NAME_1": null,
                "Name": null,
                "OBJECTID": null,
                "OBJECTID_1": null,
                "ORDERBY": null,
                "ORIG_FID": null,
                "Offset": null,
                "PATTERNID": null,
                "PERSON": null,
                "PMLABEL": null,
                "PM_NAME": "Colleen_PinchOutGully_East",
                "PM_NAME_NE": null,
                "Pattern": null,
                "Profile": null,
                "REGION": null,
                "SECTIONARC": null,
                "SECTION_AB": null,
                "SOURCE": null,
                "STRAT_INTE": "F2",
                "SectionArc": null,
                "Shape_Ar_1": null,
                "Shape_Area": null,
                "Shape_Le_1": null,
                "Shape_Leng": 259.372129226,
                "Shape_Length": null,
                "Stop": null,
                "Stop_Num": null,
                "Symbology": "Present"
            }
        },
        {
            "type": "Feature",
            "geometry": {
                "type": "LineString",
                "coordinates": [
                    [
                        -104.68938724104736,
                        31.545097899850703
                    ],
                    [
                        -104.69360299729945,
                        31.546229480719195
                    ],
                    [
                        -104.70014210397544,
                        31.548861625409135
                    ],
                    [
                        -104.70871482383463,
                        31.552744112016413
                    ],
                    [
                        -104.71350070701247,
                        31.557988258952935
                    ],
                    [
                        -104.71843153198273,
                        31.563606354685863
                    ],
                    [
                        -104.72264334157472,
                        31.566481420410266
                    ],
                    [
                        -104.72380283543097,
                        31.56810377202693
                    ]
                ]
            },
            "properties": {
                "Abbrev": null,
                "Alpha": null,
                "Area": null,
                "CS_ID": null,
                "CYCLE": null,
                "CycleDsolv": null,
                "DESCRIPT": null,
                "FEATUREKEY": 95385.0,
                "FEATUREK_1": null,
                "FEATURETYP": "Photo_Panel",
                "FID_": null,
                "FID_Cross_": null,
                "FID_FanGeo": null,
                "FID_Fan_De": null,
                "FID_GIS_Re": null,
                "FID_Photo_": null,
                "FID_ftrip_": null,
                "FID_measur": null,
                "FID_patter": null,
                "FOURTH_ORD": null,
                "FOURTH_O_1": null,
                "FanID": null,
                "Fan_Del": null,
                "Fan_Del_sh": null,
                "FeatureT_1": null,
                "Geo_short": null,
                "Geography": null,
                "Gradient": null,
                "Hyperlink": null,
                "ID": 0,
                "Id": null,
                "Id_1": null,
                "LENGTH": 0.0,
                "Location": null,
                "MAPSYMBOL": "AT_CC",
                "MAP_SYMBOL": null,
                "MS_ID": null,
                "MidptX": null,
                "MidptY": null,
                "Mod_names": null,
                "NAME": "ApacheTankstoCodornizCanyon",
                "NAME_1": null,
                "Name": null,
                "OBJECTID": null,
                "OBJECTID_1": null,
                "ORDERBY": null,
                "ORIG_FID": null,
                "Offset": null,
                "PATTERNID": null,
                "PERSON": null,
                "PMLABEL": null,
                "PM_NAME": "ApacheTankstoCod",
                "PM_NAME_NE": null,
                "Pattern": null,
                "Profile": null,
                "REGION": null,
                "SECTIONARC": null,
                "SECTION_AB": null,
                "SOURCE": null,
                "STRAT_INTE": "F1-2",
                "SectionArc": null,
                "Shape_Ar_1": null,
                "Shape_Area": null,
                "Shape_Le_1": null,
                "Shape_Leng": 4264.14826231,
                "Shape_Length": null,
                "Stop": null,
                "Stop_Num": null,
                "Symbology": "Missing"
            }
        },
        {
            "type": "Feature",
            "geometry": {
                "type": "LineString",
                "coordinates": [
                    [
                        -104.70137866834322,
                        31.580890129374268
                    ],
                    [
                        -104.70091984828477,
                        31.580706465562088
                    ],
                    [
                        -104.70055871380411,
                        31.58076180499539
                    ],
                    [
                        -104.7003287916881,
                        31.58083149636685
                    ],
                    [
                        -104.70008263953267,
                        31.580844965814293
                    ],
                    [
                        -104.6999185689522,
                        31.580844581783854
                    ],
                    [
                        -104.69970509750418,
                        31.58090026443722
                    ],
                    [
                        -104.69955698521879,
                        31.581040374802598
                    ],
                    [
                        -104.69939233032868,
                        31.58122258271212
                    ],
                    [
                        -104.69932607392927,
                        31.581419067383973
                    ],
                    [
                        -104.69932553572094,
                        31.58158761398952
                    ],
                    [
                        -104.69907893362509,
                        31.58174153789633
                    ]
                ]
            },
            "properties": {
                "Abbrev": null,
                "Alpha": null,
                "Area": null,
                "CS_ID": null,
                "CYCLE": null,
                "CycleDsolv": null,
                "DESCRIPT": null,
                "FEATUREKEY": 95386.0,
                "FEATUREK_1": null,
                "FEATURETYP": "Photo_Panel",
                "FID_": null,
                "FID_Cross_": null,
                "FID_FanGeo": null,
                "FID_Fan_De": null,
                "FID_GIS_Re": null,
                "FID_Photo_": null,
                "FID_ftrip_": null,
                "FID_measur": null,
                "FID_patter": null,
                "FOURTH_ORD": null,
                "FOURTH_O_1": null,
                "FanID": null,
                "Fan_Del": null,
                "Fan_Del_sh": null,
                "FeatureT_1": null,
                "Geo_short": null,
                "Geography": null,
                "Gradient": null,
                "Hyperlink": null,
                "ID": 132,
                "Id": null,
                "Id_1": null,
                "LENGTH": 0.0,
                "Location": null,
                "MAPSYMBOL": null,
                "MAP_SYMBOL": null,
                "MS_ID": null,
                "MidptX": null,
                "MidptY": null,
                "Mod_names": null,
                "NAME": "HappyAxis_South",
                "NAME_1": null,
                "Name": null,
                "OBJECTID": null,
                "OBJECTID_1": null,
                "ORDERBY": null,
                "ORIG_FID": null,
                "Offset": null,
                "PATTERNID": null,
                "PERSON": null,
                "PMLABEL": null,
                "PM_NAME": "HappyAxis_South",
                "PM_NAME_NE": null,
                "Pattern": null,
                "Profile": null,
                "REGION": null,
                "SECTIONARC": null,
                "SECTION_AB": null,
                "SOURCE": null,
                "STRAT_INTE": "F2",
                "SectionArc": null,
                "Shape_Ar_1": null,
                "Shape_Area": null,
                "Shape_Le_1": null,
                "Shape_Leng": 282.937633221,
                "Shape_Length": null,
                "Stop": null,
                "Stop_Num": null,
                "Symbology": "Present"
            }
        },
        {
            "type": "Feature",
            "geometry": {
                "type": "LineString",
                "coordinates": [
                    [
                        -104.69900773717183,
                        31.5834830371156
                    ],
                    [
                        -104.69928733840727,
                        31.58327300822181
                    ],
                    [
                        -104.699451728125,
                        31.58317507380587
                    ]
                ]
            },
            "properties": {
                "Abbrev": null,
                "Alpha": null,
                "Area": null,
                "CS_ID": null,
                "CYCLE": null,
                "CycleDsolv": null,
                "DESCRIPT": null,
                "FEATUREKEY": 95387.0,
                "FEATUREK_1": null,
                "FEATURETYP": "Photo_Panel",
                "FID_": null,
                "FID_Cross_": null,
                "FID_FanGeo": null,
                "FID_Fan_De": null,
                "FID_GIS_Re": null,
                "FID_Photo_": null,
                "FID_ftrip_": null,
                "FID_measur": null,
                "FID_patter": null,
                "FOURTH_ORD": null,
                "FOURTH_O_1": null,
                "FanID": null,
                "Fan_Del": null,
                "Fan_Del_sh": null,
                "FeatureT_1": null,
                "Geo_short": null,
                "Geography": null,
                "Gradient": null,
                "Hyperlink": null,
                "ID": 0,
                "Id": null,
                "Id_1": null,
                "LENGTH": 0.0,
                "Location": null,
                "MAPSYMBOL": null,
                "MAP_SYMBOL": null,
                "MS_ID": null,
                "MidptX": null,
                "MidptY": null,
                "Mod_names": null,
                "NAME": "HappyCanyon",
                "NAME_1": null,
                "Name": null,
                "OBJECTID": null,
                "OBJECTID_1": null,
                "ORDERBY": null,
                "ORIG_FID": null,
                "Offset": null,
                "PATTERNID": null,
                "PERSON": null,
                "PMLABEL": null,
                "PM_NAME": "HappyCanyon",
                "PM_NAME_NE": null,
                "Pattern": null,
                "Profile": null,
                "REGION": null,
                "SECTIONARC": null,
                "SECTION_AB": null,
                "SOURCE": null,
                "STRAT_INTE": "F2",
                "SectionArc": null,
                "Shape_Ar_1": null,
                "Shape_Area": null,
                "Shape_Le_1": null,
                "Shape_Leng": 54.2967002597,
                "Shape_Length": null,
                "Stop": null,
                "Stop_Num": null,
                "Symbology": "Missing"
            }
        },
        {
            "type": "Feature",
            "geometry": {
                "type": "LineString",
                "coordinates": [
                    [
                        -104.69739564203053,
                        31.58477144522541
                    ],
                    [
                        -104.6974132691526,
                        31.58439225298899
                    ],
                    [
                        -104.6976111086133,
                        31.584097759946264
                    ],
                    [
                        -104.69772677420613,
                        31.583845211103135
                    ],
                    [
                        -104.69802265229464,
                        31.583677359885435
                    ],
                    [
                        -104.69820363112694,
                        31.583523283568695
                    ]
                ]
            },
            "properties": {
                "Abbrev": null,
                "Alpha": null,
                "Area": null,
                "CS_ID": null,
                "CYCLE": null,
                "CycleDsolv": null,
                "DESCRIPT": null,
                "FEATUREKEY": 95388.0,
                "FEATUREK_1": null,
                "FEATURETYP": "Photo_Panel",
                "FID_": null,
                "FID_Cross_": null,
                "FID_FanGeo": null,
                "FID_Fan_De": null,
                "FID_GIS_Re": null,
                "FID_Photo_": null,
                "FID_ftrip_": null,
                "FID_measur": null,
                "FID_patter": null,
                "FOURTH_ORD": null,
                "FOURTH_O_1": null,
                "FanID": null,
                "Fan_Del": null,
                "Fan_Del_sh": null,
                "FeatureT_1": null,
                "Geo_short": null,
                "Geography": null,
                "Gradient": null,
                "Hyperlink": null,
                "ID": 133,
                "Id": null,
                "Id_1": null,
                "LENGTH": 0.0,
                "Location": null,
                "MAPSYMBOL": null,
                "MAP_SYMBOL": null,
                "MS_ID": null,
                "MidptX": null,
                "MidptY": null,
                "Mod_names": null,
                "NAME": "WallyWall",
                "NAME_1": null,
                "Name": null,
                "OBJECTID": null,
                "OBJECTID_1": null,
                "ORDERBY": null,
                "ORIG_FID": null,
                "Offset": null,
                "PATTERNID": null,
                "PERSON": null,
                "PMLABEL": null,
                "PM_NAME": "WallyWall",
                "PM_NAME_NE": null,
                "Pattern": null,
                "Profile": null,
                "REGION": null,
                "SECTIONARC": null,
                "SECTION_AB": null,
                "SOURCE": null,
                "STRAT_INTE": "F2",
                "SectionArc": null,
                "Shape_Ar_1": null,
                "Shape_Area": null,
                "Shape_Le_1": null,
                "Shape_Leng": 167.675172271,
                "Shape_Length": null,
                "Stop": null,
                "Stop_Num": null,
                "Symbology": "Present"
            }
        },
        {
            "type": "Feature",
            "geometry": {
                "type": "LineString",
                "coordinates": [
                    [
                        -104.70093112568182,
                        31.582321747300927
                    ],
                    [
                        -104.70076629262788,
                        31.582560139144487
                    ],
                    [
                        -104.70056882365293,
                        31.5827422719103
                    ],
                    [
                        -104.70040389954752,
                        31.58300875526192
                    ],
                    [
                        -104.70019002092633,
                        31.583190849066547
                    ],
                    [
                        -104.70002554349922,
                        31.583316875532173
                    ]
                ]
            },
            "properties": {
                "Abbrev": null,
                "Alpha": null,
                "Area": null,
                "CS_ID": null,
                "CYCLE": null,
                "CycleDsolv": null,
                "DESCRIPT": null,
                "FEATUREKEY": 95389.0,
                "FEATUREK_1": null,
                "FEATURETYP": "Photo_Panel",
                "FID_": null,
                "FID_Cross_": null,
                "FID_FanGeo": null,
                "FID_Fan_De": null,
                "FID_GIS_Re": null,
                "FID_Photo_": null,
                "FID_ftrip_": null,
                "FID_measur": null,
                "FID_patter": null,
                "FOURTH_ORD": null,
                "FOURTH_O_1": null,
                "FanID": null,
                "Fan_Del": null,
                "Fan_Del_sh": null,
                "FeatureT_1": null,
                "Geo_short": null,
                "Geography": null,
                "Gradient": null,
                "Hyperlink": null,
                "ID": 195,
                "Id": null,
                "Id_1": null,
                "LENGTH": 0.0,
                "Location": null,
                "MAPSYMBOL": null,
                "MAP_SYMBOL": null,
                "MS_ID": null,
                "MidptX": null,
                "MidptY": null,
                "Mod_names": null,
                "NAME": "HappyMargin",
                "NAME_1": null,
                "Name": null,
                "OBJECTID": null,
                "OBJECTID_1": null,
                "ORDERBY": null,
                "ORIG_FID": null,
                "Offset": null,
                "PATTERNID": null,
                "PERSON": null,
                "PMLABEL": null,
                "PM_NAME": "HappyMargin",
                "PM_NAME_NE": null,
                "Pattern": null,
                "Profile": null,
                "REGION": null,
                "SECTIONARC": null,
                "SECTION_AB": null,
                "SOURCE": null,
                "STRAT_INTE": "F2",
                "SectionArc": null,
                "Shape_Ar_1": null,
                "Shape_Area": null,
                "Shape_Le_1": null,
                "Shape_Leng": 141.235312123,
                "Shape_Length": null,
                "Stop": null,
                "Stop_Num": null,
                "Symbology": "Present"
            }
        },
        {
            "type": "Feature",
            "geometry": {
                "type": "LineString",
                "coordinates": [
                    [
                        -104.70219733592444,
                        31.581425770918294
                    ],
                    [
                        -104.70181939245089,
                        31.5816074862059
                    ],
                    [
                        -104.7014416691391,
                        31.581718972149943
                    ],
                    [
                        -104.70099827140776,
                        31.581844349888016
                    ]
                ]
            },
            "properties": {
                "Abbrev": null,
                "Alpha": null,
                "Area": null,
                "CS_ID": null,
                "CYCLE": null,
                "CycleDsolv": null,
                "DESCRIPT": null,
                "FEATUREKEY": 95390.0,
                "FEATUREK_1": null,
                "FEATURETYP": "Photo_Panel",
                "FID_": null,
                "FID_Cross_": null,
                "FID_FanGeo": null,
                "FID_Fan_De": null,
                "FID_GIS_Re": null,
                "FID_Photo_": null,
                "FID_ftrip_": null,
                "FID_measur": null,
                "FID_patter": null,
                "FOURTH_ORD": null,
                "FOURTH_O_1": null,
                "FanID": null,
                "Fan_Del": null,
                "Fan_Del_sh": null,
                "FeatureT_1": null,
                "Geo_short": null,
                "Geography": null,
                "Gradient": null,
                "Hyperlink": null,
                "ID": 131,
                "Id": null,
                "Id_1": null,
                "LENGTH": 0.0,
                "Location": null,
                "MAPSYMBOL": null,
                "MAP_SYMBOL": null,
                "MS_ID": null,
                "MidptX": null,
                "MidptY": null,
                "Mod_names": null,
                "NAME": "HappyAxis",
                "NAME_1": null,
                "Name": null,
                "OBJECTID": null,
                "OBJECTID_1": null,
                "ORDERBY": null,
                "ORIG_FID": null,
                "Offset": null,
                "PATTERNID": null,
                "PERSON": null,
                "PMLABEL": null,
                "PM_NAME": "HappyAxis",
                "PM_NAME_NE": null,
                "Pattern": null,
                "Profile": null,
                "REGION": null,
                "SECTIONARC": null,
                "SECTION_AB": null,
                "SOURCE": null,
                "STRAT_INTE": "F2-5",
                "SectionArc": null,
                "Shape_Ar_1": null,
                "Shape_Area": null,
                "Shape_Le_1": null,
                "Shape_Leng": 123.344441267,
                "Shape_Length": null,
                "Stop": null,
                "Stop_Num": null,
                "Symbology": "Present"
            }
        },
        {
            "type": "Feature",
            "geometry": {
                "type": "LineString",
                "coordinates": [
                    [
                        -104.75137942221242,
                        31.677164104151306
                    ],
                    [
                        -104.75167609430457,
                        31.675171053804252
                    ],
                    [
                        -104.7540160509039,
                        31.671811326072838
                    ],
                    [
                        -104.75591521929283,
                        31.669821332733335
                    ],
                    [
                        -104.75767119312606,
                        31.66683422511388
                    ],
                    [
                        -104.75840730338511,
                        31.6638451703605
                    ],
                    [
                        -104.75899449419931,
                        31.66210184917828
                    ]
                ]
            },
            "properties": {
                "Abbrev": null,
                "Alpha": null,
                "Area": null,
                "CS_ID": null,
                "CYCLE": null,
                "CycleDsolv": null,
                "DESCRIPT": null,
                "FEATUREKEY": 95391.0,
                "FEATUREK_1": null,
                "FEATURETYP": "Photo_Panel",
                "FID_": null,
                "FID_Cross_": null,
                "FID_FanGeo": null,
                "FID_Fan_De": null,
                "FID_GIS_Re": null,
                "FID_Photo_": null,
                "FID_ftrip_": null,
                "FID_measur": null,
                "FID_patter": null,
                "FOURTH_ORD": null,
                "FOURTH_O_1": null,
                "FanID": null,
                "Fan_Del": null,
                "Fan_Del_sh": null,
                "FeatureT_1": null,
                "Geo_short": null,
                "Geography": null,
                "Gradient": null,
                "Hyperlink": null,
                "ID": 0,
                "Id": null,
                "Id_1": null,
                "LENGTH": 0.0,
                "Location": null,
                "MAPSYMBOL": null,
                "MAP_SYMBOL": null,
                "MS_ID": null,
                "MidptX": null,
                "MidptY": null,
                "Mod_names": null,
                "NAME": "ColleenCanyon_SouthFace",
                "NAME_1": null,
                "Name": null,
                "OBJECTID": null,
                "OBJECTID_1": null,
                "ORDERBY": null,
                "ORIG_FID": null,
                "Offset": null,
                "PATTERNID": null,
                "PERSON": null,
                "PMLABEL": null,
                "PM_NAME": "ColleenCanyon_So",
                "PM_NAME_NE": null,
                "Pattern": null,
                "Profile": null,
                "REGION": null,
                "SECTIONARC": null,
                "SECTION_AB": null,
                "SOURCE": null,
                "STRAT_INTE": "F2",
                "SectionArc": null,
                "Shape_Ar_1": null,
                "Shape_Area": null,
                "Shape_Le_1": null,
                "Shape_Leng": 1851.05215778,
                "Shape_Length": null,
                "Stop": null,
                "Stop_Num": null,
                "Symbology": "Missing"
            }
        },
        {
            "type": "Feature",
            "geometry": {
                "type": "LineString",
                "coordinates": [
                    [
                        -104.74564855134042,
                        31.60544196123195
                    ],
                    [
                        -104.74555955723869,
                        31.602986424654425
                    ],
                    [
                        -104.74547123005132,
                        31.600285352697156
                    ],
                    [
                        -104.74490412709527,
                        31.597828863668976
                    ],
                    [
                        -104.74500085922362,
                        31.597419828549246
                    ],
                    [
                        -104.74490878324248,
                        31.596110118536583
                    ]
                ]
            },
            "properties": {
                "Abbrev": null,
                "Alpha": null,
                "Area": null,
                "CS_ID": null,
                "CYCLE": null,
                "CycleDsolv": null,
                "DESCRIPT": null,
                "FEATUREKEY": 95392.0,
                "FEATUREK_1": null,
                "FEATURETYP": "Photo_Panel",
                "FID_": null,
                "FID_Cross_": null,
                "FID_FanGeo": null,
                "FID_Fan_De": null,
                "FID_GIS_Re": null,
                "FID_Photo_": null,
                "FID_ftrip_": null,
                "FID_measur": null,
                "FID_patter": null,
                "FOURTH_ORD": null,
                "FOURTH_O_1": null,
                "FanID": null,
                "Fan_Del": null,
                "Fan_Del_sh": null,
                "FeatureT_1": null,
                "Geo_short": null,
                "Geography": null,
                "Gradient": null,
                "Hyperlink": null,
                "ID": 198,
                "Id": null,
                "Id_1": null,
                "LENGTH": 0.0,
                "Location": null,
                "MAPSYMBOL": null,
                "MAP_SYMBOL": null,
                "MS_ID": null,
                "MidptX": null,
                "MidptY": null,
                "Mod_names": null,
                "NAME": "BitterwellCanyon_North",
                "NAME_1": null,
                "Name": null,
                "OBJECTID": null,
                "OBJECTID_1": null,
                "ORDERBY": null,
                "ORIG_FID": null,
                "Offset": null,
                "PATTERNID": null,
                "PERSON": null,
                "PMLABEL": null,
                "PM_NAME": "BitterwellCanyon_North",
                "PM_NAME_NE": null,
                "Pattern": null,
                "Profile": null,
                "REGION": null,
                "SECTIONARC": null,
                "SECTION_AB": null,
                "SOURCE": null,
                "STRAT_INTE": "F2-3",
                "SectionArc": null,
                "Shape_Ar_1": null,
                "Shape_Area": null,
                "Shape_Le_1": null,
                "Shape_Leng": 1040.99336022,
                "Shape_Length": null,
                "Stop": null,
                "Stop_Num": null,
                "Symbology": "Present"
            }
        },
        {
            "type": "Feature",
            "geometry": {
                "type": "LineString",
                "coordinates": [
                    [
                        -104.7436023886484,
                        31.584239914879653
                    ],
                    [
                        -104.74351435539596,
                        31.58145698819624
                    ],
                    [
                        -104.74351992511069,
                        31.579410858838777
                    ],
                    [
                        -104.74333495801,
                        31.57711881011249
                    ],
                    [
                        -104.74334142225821,
                        31.574745298319208
                    ],
                    [
                        -104.7424863904187,
                        31.572779286844856
                    ],
                    [
                        -104.7419168375097,
                        31.571304918482017
                    ]
                ]
            },
            "properties": {
                "Abbrev": null,
                "Alpha": null,
                "Area": null,
                "CS_ID": null,
                "CYCLE": null,
                "CycleDsolv": null,
                "DESCRIPT": null,
                "FEATUREKEY": 95393.0,
                "FEATUREK_1": null,
                "FEATURETYP": "Photo_Panel",
                "FID_": null,
                "FID_Cross_": null,
                "FID_FanGeo": null,
                "FID_Fan_De": null,
                "FID_GIS_Re": null,
                "FID_Photo_": null,
                "FID_ftrip_": null,
                "FID_measur": null,
                "FID_patter": null,
                "FOURTH_ORD": null,
                "FOURTH_O_1": null,
                "FanID": null,
                "Fan_Del": null,
                "Fan_Del_sh": null,
                "FeatureT_1": null,
                "Geo_short": null,
                "Geography": null,
                "Gradient": null,
                "Hyperlink": null,
                "ID": 0,
                "Id": null,
                "Id_1": null,
                "LENGTH": 0.0,
                "Location": null,
                "MAPSYMBOL": null,
                "MAP_SYMBOL": null,
                "MS_ID": null,
                "MidptX": null,
                "MidptY": null,
                "Mod_names": null,
                "NAME": "BitterwellCanyon_South",
                "NAME_1": null,
                "Name": null,
                "OBJECTID": null,
                "OBJECTID_1": null,
                "ORDERBY": null,
                "ORIG_FID": null,
                "Offset": null,
                "PATTERNID": null,
                "PERSON": null,
                "PMLABEL": null,
                "PM_NAME": "BitterwellCanyon",
                "PM_NAME_NE": null,
                "Pattern": null,
                "Profile": null,
                "REGION": null,
                "SECTIONARC": null,
                "SECTION_AB": null,
                "SOURCE": null,
                "STRAT_INTE": "F2-3",
                "SectionArc": null,
                "Shape_Ar_1": null,
                "Shape_Area": null,
                "Shape_Le_1": null,
                "Shape_Leng": 1457.6907285,
                "Shape_Length": null,
                "Stop": null,
                "Stop_Num": null,
                "Symbology": "Missing"
            }
        },
        {
            "type": "Feature",
            "geometry": {
                "type": "LineString",
                "coordinates": [
                    [
                        -104.74462036515075,
                        31.59668246288182
                    ],
                    [
                        -104.74462502628641,
                        31.594963718368746
                    ],
                    [
                        -104.7442481012881,
                        31.592916830029925
                    ],
                    [
                        -104.74415981925048,
                        31.59021575303195
                    ],
                    [
                        -104.7439757069543,
                        31.587596328617916
                    ],
                    [
                        -104.74397971093258,
                        31.58612311661411
                    ],
                    [
                        -104.7436991119947,
                        31.58383088073745
                    ]
                ]
            },
            "properties": {
                "Abbrev": null,
                "Alpha": null,
                "Area": null,
                "CS_ID": null,
                "CYCLE": null,
                "CycleDsolv": null,
                "DESCRIPT": null,
                "FEATUREKEY": 95394.0,
                "FEATUREK_1": null,
                "FEATURETYP": "Photo_Panel",
                "FID_": null,
                "FID_Cross_": null,
                "FID_FanGeo": null,
                "FID_Fan_De": null,
                "FID_GIS_Re": null,
                "FID_Photo_": null,
                "FID_ftrip_": null,
                "FID_measur": null,
                "FID_patter": null,
                "FOURTH_ORD": null,
                "FOURTH_O_1": null,
                "FanID": null,
                "Fan_Del": null,
                "Fan_Del_sh": null,
                "FeatureT_1": null,
                "Geo_short": null,
                "Geography": null,
                "Gradient": null,
                "Hyperlink": null,
                "ID": 199,
                "Id": null,
                "Id_1": null,
                "LENGTH": 0.0,
                "Location": null,
                "MAPSYMBOL": null,
                "MAP_SYMBOL": null,
                "MS_ID": null,
                "MidptX": null,
                "MidptY": null,
                "Mod_names": null,
                "NAME": "BitterwellCanyon_Central",
                "NAME_1": null,
                "Name": null,
                "OBJECTID": null,
                "OBJECTID_1": null,
                "ORDERBY": null,
                "ORIG_FID": null,
                "Offset": null,
                "PATTERNID": null,
                "PERSON": null,
                "PMLABEL": null,
                "PM_NAME": "BitterwellCanyon",
                "PM_NAME_NE": null,
                "Pattern": null,
                "Profile": null,
                "REGION": null,
                "SECTIONARC": null,
                "SECTION_AB": null,
                "SOURCE": null,
                "STRAT_INTE": "F2-4",
                "SectionArc": null,
                "Shape_Ar_1": null,
                "Shape_Area": null,
                "Shape_Le_1": null,
                "Shape_Leng": 1429.2438394,
                "Shape_Length": null,
                "Stop": null,
                "Stop_Num": null,
                "Symbology": "Missing"
            }
        },
        {
            "type": "Feature",
            "geometry": {
                "type": "LineString",
                "coordinates": [
                    [
                        -104.77102634933033,
                        31.630046818836075
                    ],
                    [
                        -104.77360725106453,
                        31.630788008166707
                    ],
                    [
                        -104.77599610281402,
                        31.631856189633513
                    ],
                    [
                        -104.77675960646437,
                        31.6325941266574
                    ],
                    [
                        -104.77828761445409,
                        31.633660764575925
                    ]
                ]
            },
            "properties": {
                "Abbrev": null,
                "Alpha": null,
                "Area": null,
                "CS_ID": null,
                "CYCLE": null,
                "CycleDsolv": null,
                "DESCRIPT": null,
                "FEATUREKEY": 95395.0,
                "FEATUREK_1": null,
                "FEATURETYP": "Photo_Panel",
                "FID_": null,
                "FID_Cross_": null,
                "FID_FanGeo": null,
                "FID_Fan_De": null,
                "FID_GIS_Re": null,
                "FID_Photo_": null,
                "FID_ftrip_": null,
                "FID_measur": null,
                "FID_patter": null,
                "FOURTH_ORD": null,
                "FOURTH_O_1": null,
                "FanID": null,
                "Fan_Del": null,
                "Fan_Del_sh": null,
                "FeatureT_1": null,
                "Geo_short": null,
                "Geography": null,
                "Gradient": null,
                "Hyperlink": null,
                "ID": 0,
                "Id": null,
                "Id_1": null,
                "LENGTH": 0.0,
                "Location": null,
                "MAPSYMBOL": null,
                "MAP_SYMBOL": null,
                "MS_ID": null,
                "MidptX": null,
                "MidptY": null,
                "Mod_names": null,
                "NAME": "NorthBitterwellMtn_WestFace",
                "NAME_1": null,
                "Name": null,
                "OBJECTID": null,
                "OBJECTID_1": null,
                "ORDERBY": null,
                "ORIG_FID": null,
                "Offset": null,
                "PATTERNID": null,
                "PERSON": null,
                "PMLABEL": null,
                "PM_NAME": "NorthBitterwellM",
                "PM_NAME_NE": null,
                "Pattern": null,
                "Profile": null,
                "REGION": null,
                "SECTIONARC": null,
                "SECTION_AB": null,
                "SOURCE": null,
                "STRAT_INTE": "F1-3",
                "SectionArc": null,
                "Shape_Ar_1": null,
                "Shape_Area": null,
                "Shape_Le_1": null,
                "Shape_Leng": 810.031872136,
                "Shape_Length": null,
                "Stop": null,
                "Stop_Num": null,
                "Symbology": "Missing"
            }
        },
        {
            "type": "Feature",
            "geometry": {
                "type": "LineString",
                "coordinates": [
                    [
                        -104.7641751448378,
                        31.71917608131633
                    ],
                    [
                        -104.7642522331237,
                        31.718850246264886
                    ],
                    [
                        -104.76450733724988,
                        31.7185030073036
                    ],
                    [
                        -104.76473641553666,
                        31.7183947696753
                    ],
                    [
                        -104.76509266224649,
                        31.718265034379083
                    ],
                    [
                        -104.76537280260591,
                        31.718069961888006
                    ],
                    [
                        -104.76547487459445,
                        31.71791802690889
                    ],
                    [
                        -104.76572921015834,
                        31.7178750294463
                    ],
                    [
                        -104.76588223541012,
                        31.717679723724086
                    ],
                    [
                        -104.76600967353446,
                        31.717549565728678
                    ]
                ]
            },
            "properties": {
                "Abbrev": null,
                "Alpha": null,
                "Area": null,
                "CS_ID": null,
                "CYCLE": null,
                "CycleDsolv": null,
                "DESCRIPT": null,
                "FEATUREKEY": 95396.0,
                "FEATUREK_1": null,
                "FEATURETYP": "Photo_Panel",
                "FID_": null,
                "FID_Cross_": null,
                "FID_FanGeo": null,
                "FID_Fan_De": null,
                "FID_GIS_Re": null,
                "FID_Photo_": null,
                "FID_ftrip_": null,
                "FID_measur": null,
                "FID_patter": null,
                "FOURTH_ORD": null,
                "FOURTH_O_1": null,
                "FanID": null,
                "Fan_Del": null,
                "Fan_Del_sh": null,
                "FeatureT_1": null,
                "Geo_short": null,
                "Geography": null,
                "Gradient": null,
                "Hyperlink": null,
                "ID": 217,
                "Id": null,
                "Id_1": null,
                "LENGTH": 0.0,
                "Location": null,
                "MAPSYMBOL": null,
                "MAP_SYMBOL": null,
                "MS_ID": null,
                "MidptX": null,
                "MidptY": null,
                "Mod_names": null,
                "NAME": "ChannelCanyon_Cascade",
                "NAME_1": null,
                "Name": null,
                "OBJECTID": null,
                "OBJECTID_1": null,
                "ORDERBY": null,
                "ORIG_FID": null,
                "Offset": null,
                "PATTERNID": null,
                "PERSON": null,
                "PMLABEL": null,
                "PM_NAME": "ChannelCanyon_Ca",
                "PM_NAME_NE": null,
                "Pattern": null,
                "Profile": null,
                "REGION": null,
                "SECTIONARC": null,
                "SECTION_AB": null,
                "SOURCE": null,
                "STRAT_INTE": "F4-5",
                "SectionArc": null,
                "Shape_Ar_1": null,
                "Shape_Area": null,
                "Shape_Le_1": null,
                "Shape_Leng": 266.864023111,
                "Shape_Length": null,
                "Stop": null,
                "Stop_Num": null,
                "Symbology": "Missing"
            }
        },
        {
            "type": "Feature",
            "geometry": {
                "type": "LineString",
                "coordinates": [
                    [
                        -104.77292058177316,
                        31.600217561804875
                    ],
                    [
                        -104.77340640557992,
                        31.598486955188747
                    ],
                    [
                        -104.77408684414296,
                        31.5959321810006
                    ],
                    [
                        -104.77476330219322,
                        31.595026411207677
                    ],
                    [
                        -104.77466993399239,
                        31.59378948567877
                    ]
                ]
            },
            "properties": {
                "Abbrev": null,
                "Alpha": null,
                "Area": null,
                "CS_ID": null,
                "CYCLE": null,
                "CycleDsolv": null,
                "DESCRIPT": null,
                "FEATUREKEY": 95397.0,
                "FEATUREK_1": null,
                "FEATURETYP": "Photo_Panel",
                "FID_": null,
                "FID_Cross_": null,
                "FID_FanGeo": null,
                "FID_Fan_De": null,
                "FID_GIS_Re": null,
                "FID_Photo_": null,
                "FID_ftrip_": null,
                "FID_measur": null,
                "FID_patter": null,
                "FOURTH_ORD": null,
                "FOURTH_O_1": null,
                "FanID": null,
                "Fan_Del": null,
                "Fan_Del_sh": null,
                "FeatureT_1": null,
                "Geo_short": null,
                "Geography": null,
                "Gradient": null,
                "Hyperlink": null,
                "ID": 8,
                "Id": null,
                "Id_1": null,
                "LENGTH": 0.0,
                "Location": null,
                "MAPSYMBOL": null,
                "MAP_SYMBOL": null,
                "MS_ID": null,
                "MidptX": null,
                "MidptY": null,
                "Mod_names": null,
                "NAME": "WW_Interfairway",
                "NAME_1": null,
                "Name": null,
                "OBJECTID": null,
                "OBJECTID_1": null,
                "ORDERBY": null,
                "ORIG_FID": null,
                "Offset": null,
                "PATTERNID": null,
                "PERSON": null,
                "PMLABEL": null,
                "PM_NAME": "WW_Interfairway",
                "PM_NAME_NE": null,
                "Pattern": null,
                "Profile": null,
                "REGION": null,
                "SECTIONARC": null,
                "SECTION_AB": null,
                "SOURCE": null,
                "STRAT_INTE": "F1-3",
                "SectionArc": null,
                "Shape_Ar_1": null,
                "Shape_Area": null,
                "Shape_Le_1": null,
                "Shape_Leng": 744.226591316,
                "Shape_Length": null,
                "Stop": null,
                "Stop_Num": null,
                "Symbology": "Present"
            }
        },
        {
            "type": "Feature",
            "geometry": {
                "type": "LineString",
                "coordinates": [
                    [
                        -104.77464507561635,
                        31.60417823387376
                    ],
                    [
                        -104.77378122652178,
                        31.60285750381514
                    ],
                    [
                        -104.77310986783766,
                        31.601619558643556
                    ],
                    [
                        -104.77215052936506,
                        31.59996884482053
                    ]
                ]
            },
            "properties": {
                "Abbrev": null,
                "Alpha": null,
                "Area": null,
                "CS_ID": null,
                "CYCLE": null,
                "CycleDsolv": null,
                "DESCRIPT": null,
                "FEATUREKEY": 95398.0,
                "FEATUREK_1": null,
                "FEATURETYP": "Photo_Panel",
                "FID_": null,
                "FID_Cross_": null,
                "FID_FanGeo": null,
                "FID_Fan_De": null,
                "FID_GIS_Re": null,
                "FID_Photo_": null,
                "FID_ftrip_": null,
                "FID_measur": null,
                "FID_patter": null,
                "FOURTH_ORD": null,
                "FOURTH_O_1": null,
                "FanID": null,
                "Fan_Del": null,
                "Fan_Del_sh": null,
                "FeatureT_1": null,
                "Geo_short": null,
                "Geography": null,
                "Gradient": null,
                "Hyperlink": null,
                "ID": 2,
                "Id": null,
                "Id_1": null,
                "LENGTH": 0.0,
                "Location": null,
                "MAPSYMBOL": null,
                "MAP_SYMBOL": null,
                "MS_ID": null,
                "MidptX": null,
                "MidptY": null,
                "Mod_names": null,
                "NAME": "GG",
                "NAME_1": null,
                "Name": null,
                "OBJECTID": null,
                "OBJECTID_1": null,
                "ORDERBY": null,
                "ORIG_FID": null,
                "Offset": null,
                "PATTERNID": null,
                "PERSON": null,
                "PMLABEL": null,
                "PM_NAME": "GG",
                "PM_NAME_NE": null,
                "Pattern": null,
                "Profile": null,
                "REGION": null,
                "SECTIONARC": null,
                "SECTION_AB": null,
                "SOURCE": null,
                "STRAT_INTE": "F1-3",
                "SectionArc": null,
                "Shape_Ar_1": null,
                "Shape_Area": null,
                "Shape_Le_1": null,
                "Shape_Leng": 523.368560488,
                "Shape_Length": null,
                "Stop": null,
                "Stop_Num": null,
                "Symbology": "Present"
            }
        },
        {
            "type": "Feature",
            "geometry": {
                "type": "LineString",
                "coordinates": [
                    [
                        -104.7730012112373,
                        31.606731306810744
                    ],
                    [
                        -104.77511907315912,
                        31.607394640517978
                    ],
                    [
                        -104.77636971478563,
                        31.60813888212303
                    ]
                ]
            },
            "properties": {
                "Abbrev": null,
                "Alpha": null,
                "Area": null,
                "CS_ID": null,
                "CYCLE": null,
                "CycleDsolv": null,
                "DESCRIPT": null,
                "FEATUREKEY": 95399.0,
                "FEATUREK_1": null,
                "FEATURETYP": "Photo_Panel",
                "FID_": null,
                "FID_Cross_": null,
                "FID_FanGeo": null,
                "FID_Fan_De": null,
                "FID_GIS_Re": null,
                "FID_Photo_": null,
                "FID_ftrip_": null,
                "FID_measur": null,
                "FID_patter": null,
                "FOURTH_ORD": null,
                "FOURTH_O_1": null,
                "FanID": null,
                "Fan_Del": null,
                "Fan_Del_sh": null,
                "FeatureT_1": null,
                "Geo_short": null,
                "Geography": null,
                "Gradient": null,
                "Hyperlink": null,
                "ID": 118,
                "Id": null,
                "Id_1": null,
                "LENGTH": 0.0,
                "Location": null,
                "MAPSYMBOL": null,
                "MAP_SYMBOL": null,
                "MS_ID": null,
                "MidptX": null,
                "MidptY": null,
                "Mod_names": null,
                "NAME": "Wildcat_NorthWall",
                "NAME_1": null,
                "Name": null,
                "OBJECTID": null,
                "OBJECTID_1": null,
                "ORDERBY": null,
                "ORIG_FID": null,
                "Offset": null,
                "PATTERNID": null,
                "PERSON": null,
                "PMLABEL": null,
                "PM_NAME": "Wildcat_NorthWal",
                "PM_NAME_NE": null,
                "Pattern": null,
                "Profile": null,
                "REGION": null,
                "SECTIONARC": null,
                "SECTION_AB": null,
                "SOURCE": null,
                "STRAT_INTE": "F1-3",
                "SectionArc": null,
                "Shape_Ar_1": null,
                "Shape_Area": null,
                "Shape_Le_1": null,
                "Shape_Leng": 358.416382043,
                "Shape_Length": null,
                "Stop": null,
                "Stop_Num": null,
                "Symbology": "Present"
            }
        },
        {
            "type": "Feature",
            "geometry": {
                "type": "LineString",
                "coordinates": [
                    [
                        -104.75933127250923,
                        31.579112252037458
                    ],
                    [
                        -104.75877645626804,
                        31.57849197379635
                    ],
                    [
                        -104.75844444860722,
                        31.57777684541946
                    ],
                    [
                        -104.75839149627906,
                        31.576728806313056
                    ],
                    [
                        -104.75789221554133,
                        31.576156262582025
                    ],
                    [
                        -104.7576703972834,
                        31.57587004203503
                    ],
                    [
                        -104.75705935887193,
                        31.575487818237995
                    ]
                ]
            },
            "properties": {
                "Abbrev": null,
                "Alpha": null,
                "Area": null,
                "CS_ID": null,
                "CYCLE": null,
                "CycleDsolv": null,
                "DESCRIPT": null,
                "FEATUREKEY": 95400.0,
                "FEATUREK_1": null,
                "FEATURETYP": "Photo_Panel",
                "FID_": null,
                "FID_Cross_": null,
                "FID_FanGeo": null,
                "FID_Fan_De": null,
                "FID_GIS_Re": null,
                "FID_Photo_": null,
                "FID_ftrip_": null,
                "FID_measur": null,
                "FID_patter": null,
                "FOURTH_ORD": null,
                "FOURTH_O_1": null,
                "FanID": null,
                "Fan_Del": null,
                "Fan_Del_sh": null,
                "FeatureT_1": null,
                "Geo_short": null,
                "Geography": null,
                "Gradient": null,
                "Hyperlink": null,
                "ID": 245,
                "Id": null,
                "Id_1": null,
                "LENGTH": 0.0,
                "Location": null,
                "MAPSYMBOL": null,
                "MAP_SYMBOL": null,
                "MS_ID": null,
                "MidptX": null,
                "MidptY": null,
                "Mod_names": null,
                "NAME": "South Wall_East",
                "NAME_1": null,
                "Name": null,
                "OBJECTID": null,
                "OBJECTID_1": null,
                "ORDERBY": null,
                "ORIG_FID": null,
                "Offset": null,
                "PATTERNID": null,
                "PERSON": null,
                "PMLABEL": null,
                "PM_NAME": "South Wall_East",
                "PM_NAME_NE": null,
                "Pattern": null,
                "Profile": null,
                "REGION": null,
                "SECTIONARC": null,
                "SECTION_AB": null,
                "SOURCE": null,
                "STRAT_INTE": "F1-3",
                "SectionArc": null,
                "Shape_Ar_1": null,
                "Shape_Area": null,
                "Shape_Le_1": null,
                "Shape_Leng": 477.221044696,
                "Shape_Length": null,
                "Stop": null,
                "Stop_Num": null,
                "Symbology": "Missing"
            }
        },
        {
            "type": "Feature",
            "geometry": {
                "type": "LineString",
                "coordinates": [
                    [
                        -104.77463828428512,
                        31.64723783721931
                    ],
                    [
                        -104.7732971226484,
                        31.643855016504222
                    ],
                    [
                        -104.7717635113061,
                        31.64038938885486
                    ],
                    [
                        -104.77051891937883,
                        31.637006708275475
                    ],
                    [
                        -104.76965866589512,
                        31.634119407162416
                    ],
                    [
                        -104.76870027696268,
                        31.631973975140394
                    ],
                    [
                        -104.76802979776573,
                        31.63032375870902
                    ],
                    [
                        -104.76707168839903,
                        31.62809586313258
                    ]
                ]
            },
            "properties": {
                "Abbrev": null,
                "Alpha": null,
                "Area": null,
                "CS_ID": null,
                "CYCLE": null,
                "CycleDsolv": null,
                "DESCRIPT": null,
                "FEATUREKEY": 95401.0,
                "FEATUREK_1": null,
                "FEATURETYP": "Photo_Panel",
                "FID_": null,
                "FID_Cross_": null,
                "FID_FanGeo": null,
                "FID_Fan_De": null,
                "FID_GIS_Re": null,
                "FID_Photo_": null,
                "FID_ftrip_": null,
                "FID_measur": null,
                "FID_patter": null,
                "FOURTH_ORD": null,
                "FOURTH_O_1": null,
                "FanID": null,
                "Fan_Del": null,
                "Fan_Del_sh": null,
                "FeatureT_1": null,
                "Geo_short": null,
                "Geography": null,
                "Gradient": null,
                "Hyperlink": null,
                "ID": 156,
                "Id": null,
                "Id_1": null,
                "LENGTH": 0.0,
                "Location": null,
                "MAPSYMBOL": null,
                "MAP_SYMBOL": null,
                "MS_ID": null,
                "MidptX": null,
                "MidptY": null,
                "Mod_names": null,
                "NAME": "WHogueCanyonOverview",
                "NAME_1": null,
                "Name": null,
                "OBJECTID": null,
                "OBJECTID_1": null,
                "ORDERBY": null,
                "ORIG_FID": null,
                "Offset": null,
                "PATTERNID": null,
                "PERSON": null,
                "PMLABEL": null,
                "PM_NAME": "WHogueCanyonOverview",
                "PM_NAME_NE": null,
                "Pattern": null,
                "Profile": null,
                "REGION": null,
                "SECTIONARC": null,
                "SECTION_AB": null,
                "SOURCE": null,
                "STRAT_INTE": "F1-3",
                "SectionArc": null,
                "Shape_Ar_1": null,
                "Shape_Area": null,
                "Shape_Le_1": null,
                "Shape_Leng": 2241.27050394,
                "Shape_Length": null,
                "Stop": null,
                "Stop_Num": null,
                "Symbology": "Present"
            }
        },
        {
            "type": "Feature",
            "geometry": {
                "type": "LineString",
                "coordinates": [
                    [
                        -104.76715146128795,
                        31.58927262614647
                    ],
                    [
                        -104.76709404932464,
                        31.589987025287027
                    ],
                    [
                        -104.76698098903024,
                        31.59070132331694
                    ],
                    [
                        -104.76697910379296,
                        31.59146345601037
                    ],
                    [
                        -104.76714427909855,
                        31.592178258774528
                    ],
                    [
                        -104.76758722931271,
                        31.59308409914243
                    ],
                    [
                        -104.76797582933318,
                        31.59346586963512
                    ]
                ]
            },
            "properties": {
                "Abbrev": null,
                "Alpha": null,
                "Area": null,
                "CS_ID": null,
                "CYCLE": null,
                "CycleDsolv": null,
                "DESCRIPT": null,
                "FEATUREKEY": 95402.0,
                "FEATUREK_1": null,
                "FEATURETYP": "Photo_Panel",
                "FID_": null,
                "FID_Cross_": null,
                "FID_FanGeo": null,
                "FID_Fan_De": null,
                "FID_GIS_Re": null,
                "FID_Photo_": null,
                "FID_ftrip_": null,
                "FID_measur": null,
                "FID_patter": null,
                "FOURTH_ORD": null,
                "FOURTH_O_1": null,
                "FanID": null,
                "Fan_Del": null,
                "Fan_Del_sh": null,
                "FeatureT_1": null,
                "Geo_short": null,
                "Geography": null,
                "Gradient": null,
                "Hyperlink": null,
                "ID": 0,
                "Id": null,
                "Id_1": null,
                "LENGTH": 0.0,
                "Location": null,
                "MAPSYMBOL": null,
                "MAP_SYMBOL": null,
                "MS_ID": null,
                "MidptX": null,
                "MidptY": null,
                "Mod_names": null,
                "NAME": "East_Bowl",
                "NAME_1": null,
                "Name": null,
                "OBJECTID": null,
                "OBJECTID_1": null,
                "ORDERBY": null,
                "ORIG_FID": null,
                "Offset": null,
                "PATTERNID": null,
                "PERSON": null,
                "PMLABEL": null,
                "PM_NAME": "East_Bowl",
                "PM_NAME_NE": null,
                "Pattern": null,
                "Profile": null,
                "REGION": null,
                "SECTIONARC": null,
                "SECTION_AB": null,
                "SOURCE": null,
                "STRAT_INTE": "F1-3",
                "SectionArc": null,
                "Shape_Ar_1": null,
                "Shape_Area": null,
                "Shape_Le_1": null,
                "Shape_Leng": 489.45217562,
                "Shape_Length": null,
                "Stop": null,
                "Stop_Num": null,
                "Symbology": "Present"
            }
        },
        {
            "type": "Feature",
            "geometry": {
                "type": "LineString",
                "coordinates": [
                    [
                        -104.77185169079641,
                        31.578563502849608
                    ],
                    [
                        -104.76996005176998,
                        31.578512494625215
                    ],
                    [
                        -104.76745567295607,
                        31.57874615254594
                    ],
                    [
                        -104.7658417602487,
                        31.57888612101653
                    ],
                    [
                        -104.76367168087685,
                        31.578929778757818
                    ],
                    [
                        -104.7620579991862,
                        31.578974432762653
                    ],
                    [
                        -104.76049983554886,
                        31.57906680302014
                    ],
                    [
                        -104.75938691199885,
                        31.579112356313363
                    ],
                    [
                        -104.75816282959373,
                        31.579110056622422
                    ]
                ]
            },
            "properties": {
                "Abbrev": null,
                "Alpha": null,
                "Area": null,
                "CS_ID": null,
                "CYCLE": null,
                "CycleDsolv": null,
                "DESCRIPT": null,
                "FEATUREKEY": 95403.0,
                "FEATUREK_1": null,
                "FEATURETYP": "Photo_Panel",
                "FID_": null,
                "FID_Cross_": null,
                "FID_FanGeo": null,
                "FID_Fan_De": null,
                "FID_GIS_Re": null,
                "FID_Photo_": null,
                "FID_ftrip_": null,
                "FID_measur": null,
                "FID_patter": null,
                "FOURTH_ORD": null,
                "FOURTH_O_1": null,
                "FanID": null,
                "Fan_Del": null,
                "Fan_Del_sh": null,
                "FeatureT_1": null,
                "Geo_short": null,
                "Geography": null,
                "Gradient": null,
                "Hyperlink": null,
                "ID": 19,
                "Id": null,
                "Id_1": null,
                "LENGTH": 0.0,
                "Location": null,
                "MAPSYMBOL": null,
                "MAP_SYMBOL": null,
                "MS_ID": null,
                "MidptX": null,
                "MidptY": null,
                "Mod_names": null,
                "NAME": "South Wall",
                "NAME_1": null,
                "Name": null,
                "OBJECTID": null,
                "OBJECTID_1": null,
                "ORDERBY": null,
                "ORIG_FID": null,
                "Offset": null,
                "PATTERNID": null,
                "PERSON": null,
                "PMLABEL": null,
                "PM_NAME": "South Wall",
                "PM_NAME_NE": null,
                "Pattern": null,
                "Profile": null,
                "REGION": null,
                "SECTIONARC": null,
                "SECTION_AB": null,
                "SOURCE": null,
                "STRAT_INTE": "F1-3",
                "SectionArc": null,
                "Shape_Ar_1": null,
                "Shape_Area": null,
                "Shape_Le_1": null,
                "Shape_Leng": 1301.77109167,
                "Shape_Length": null,
                "Stop": null,
                "Stop_Num": null,
                "Symbology": "Missing"
            }
        },
        {
            "type": "Feature",
            "geometry": {
                "type": "LineString",
                "coordinates": [
                    [
                        -104.7750884987202,
                        31.57985601926761
                    ],
                    [
                        -104.77363888838744,
                        31.581914746683605
                    ],
                    [
                        -104.77353821690447,
                        31.583728489659475
                    ],
                    [
                        -104.77334241523518,
                        31.58504735933106
                    ],
                    [
                        -104.77247238633203,
                        31.58636503457879
                    ],
                    [
                        -104.77189128884073,
                        31.587683217129182
                    ],
                    [
                        -104.77044409999863,
                        31.58867004869879
                    ]
                ]
            },
            "properties": {
                "Abbrev": null,
                "Alpha": null,
                "Area": null,
                "CS_ID": null,
                "CYCLE": null,
                "CycleDsolv": null,
                "DESCRIPT": null,
                "FEATUREKEY": 95404.0,
                "FEATUREK_1": null,
                "FEATURETYP": "Photo_Panel",
                "FID_": null,
                "FID_Cross_": null,
                "FID_FanGeo": null,
                "FID_Fan_De": null,
                "FID_GIS_Re": null,
                "FID_Photo_": null,
                "FID_ftrip_": null,
                "FID_measur": null,
                "FID_patter": null,
                "FOURTH_ORD": null,
                "FOURTH_O_1": null,
                "FanID": null,
                "Fan_Del": null,
                "Fan_Del_sh": null,
                "FeatureT_1": null,
                "Geo_short": null,
                "Geography": null,
                "Gradient": null,
                "Hyperlink": null,
                "ID": 12,
                "Id": null,
                "Id_1": null,
                "LENGTH": 0.0,
                "Location": null,
                "MAPSYMBOL": null,
                "MAP_SYMBOL": null,
                "MS_ID": null,
                "MidptX": null,
                "MidptY": null,
                "Mod_names": null,
                "NAME": "Bittersweet",
                "NAME_1": null,
                "Name": null,
                "OBJECTID": null,
                "OBJECTID_1": null,
                "ORDERBY": null,
                "ORIG_FID": null,
                "Offset": null,
                "PATTERNID": null,
                "PERSON": null,
                "PMLABEL": null,
                "PM_NAME": "Bittersweet",
                "PM_NAME_NE": null,
                "Pattern": null,
                "Profile": null,
                "REGION": null,
                "SECTIONARC": null,
                "SECTION_AB": null,
                "SOURCE": null,
                "STRAT_INTE": "F1-4",
                "SectionArc": null,
                "Shape_Ar_1": null,
                "Shape_Area": null,
                "Shape_Le_1": null,
                "Shape_Leng": 1114.49466911,
                "Shape_Length": null,
                "Stop": null,
                "Stop_Num": null,
                "Symbology": "Present"
            }
        },
        {
            "type": "Feature",
            "geometry": {
                "type": "LineString",
                "coordinates": [
                    [
                        -104.77486337238206,
                        31.593460021952097
                    ],
                    [
                        -104.77214947812128,
                        31.593473345545643
                    ],
                    [
                        -104.76925586502534,
                        31.5934205439628
                    ],
                    [
                        -104.76853325216065,
                        31.593085808479437
                    ],
                    [
                        -104.76792194173456,
                        31.59275126929301
                    ],
                    [
                        -104.76747875467706,
                        31.59194069739413
                    ]
                ]
            },
            "properties": {
                "Abbrev": null,
                "Alpha": null,
                "Area": null,
                "CS_ID": null,
                "CYCLE": null,
                "CycleDsolv": null,
                "DESCRIPT": null,
                "FEATUREKEY": 95405.0,
                "FEATUREK_1": null,
                "FEATURETYP": "Photo_Panel",
                "FID_": null,
                "FID_Cross_": null,
                "FID_FanGeo": null,
                "FID_Fan_De": null,
                "FID_GIS_Re": null,
                "FID_Photo_": null,
                "FID_ftrip_": null,
                "FID_measur": null,
                "FID_patter": null,
                "FOURTH_ORD": null,
                "FOURTH_O_1": null,
                "FanID": null,
                "Fan_Del": null,
                "Fan_Del_sh": null,
                "FeatureT_1": null,
                "Geo_short": null,
                "Geography": null,
                "Gradient": null,
                "Hyperlink": null,
                "ID": 128,
                "Id": null,
                "Id_1": null,
                "LENGTH": 0.0,
                "Location": null,
                "MAPSYMBOL": null,
                "MAP_SYMBOL": null,
                "MS_ID": null,
                "MidptX": null,
                "MidptY": null,
                "Mod_names": null,
                "NAME": "North_Bowl",
                "NAME_1": null,
                "Name": null,
                "OBJECTID": null,
                "OBJECTID_1": null,
                "ORDERBY": null,
                "ORIG_FID": null,
                "Offset": null,
                "PATTERNID": null,
                "PERSON": null,
                "PMLABEL": null,
                "PM_NAME": "North_Bowl",
                "PM_NAME_NE": null,
                "Pattern": null,
                "Profile": null,
                "REGION": null,
                "SECTIONARC": null,
                "SECTION_AB": null,
                "SOURCE": null,
                "STRAT_INTE": "F1-3",
                "SectionArc": null,
                "Shape_Ar_1": null,
                "Shape_Area": null,
                "Shape_Le_1": null,
                "Shape_Leng": 778.035051804,
                "Shape_Length": null,
                "Stop": null,
                "Stop_Num": null,
                "Symbology": "Missing"
            }
        },
        {
            "type": "Feature",
            "geometry": {
                "type": "LineString",
                "coordinates": [
                    [
                        -104.77232604717662,
                        31.607059913031527
                    ],
                    [
                        -104.77292188282065,
                        31.605876807562392
                    ],
                    [
                        -104.77348766200646,
                        31.6047533508636
                    ],
                    [
                        -104.77406706356973,
                        31.604177217596277
                    ],
                    [
                        -104.77397132219676,
                        31.603929696879817
                    ]
                ]
            },
            "properties": {
                "Abbrev": null,
                "Alpha": null,
                "Area": null,
                "CS_ID": null,
                "CYCLE": null,
                "CycleDsolv": null,
                "DESCRIPT": null,
                "FEATUREKEY": 95406.0,
                "FEATUREK_1": null,
                "FEATURETYP": "Photo_Panel",
                "FID_": null,
                "FID_Cross_": null,
                "FID_FanGeo": null,
                "FID_Fan_De": null,
                "FID_GIS_Re": null,
                "FID_Photo_": null,
                "FID_ftrip_": null,
                "FID_measur": null,
                "FID_patter": null,
                "FOURTH_ORD": null,
                "FOURTH_O_1": null,
                "FanID": null,
                "Fan_Del": null,
                "Fan_Del_sh": null,
                "FeatureT_1": null,
                "Geo_short": null,
                "Geography": null,
                "Gradient": null,
                "Hyperlink": null,
                "ID": 3,
                "Id": null,
                "Id_1": null,
                "LENGTH": 0.0,
                "Location": null,
                "MAPSYMBOL": null,
                "MAP_SYMBOL": null,
                "MS_ID": null,
                "MidptX": null,
                "MidptY": null,
                "Mod_names": null,
                "NAME": "Wildcat",
                "NAME_1": null,
                "Name": null,
                "OBJECTID": null,
                "OBJECTID_1": null,
                "ORDERBY": null,
                "ORIG_FID": null,
                "Offset": null,
                "PATTERNID": null,
                "PERSON": null,
                "PMLABEL": null,
                "PM_NAME": "Wildcat_EastWall",
                "PM_NAME_NE": null,
                "Pattern": null,
                "Profile": null,
                "REGION": null,
                "SECTIONARC": null,
                "SECTION_AB": null,
                "SOURCE": null,
                "STRAT_INTE": "F1-3",
                "SectionArc": null,
                "Shape_Ar_1": null,
                "Shape_Area": null,
                "Shape_Le_1": null,
                "Shape_Leng": 391.53519741,
                "Shape_Length": null,
                "Stop": null,
                "Stop_Num": null,
                "Symbology": "Missing"
            }
        },
        {
            "type": "Feature",
            "geometry": {
                "type": "LineString",
                "coordinates": [
                    [
                        -104.7799315792153,
                        31.6092993485709
                    ],
                    [
                        -104.78003254330945,
                        31.607320706189935
                    ],
                    [
                        -104.7808063241827,
                        31.60600281906067
                    ],
                    [
                        -104.78138683751557,
                        31.604931950928943
                    ],
                    [
                        -104.78167871419602,
                        31.60369568749455
                    ],
                    [
                        -104.78303006435296,
                        31.602543668731784
                    ],
                    [
                        -104.78312715747519,
                        31.602214030008
                    ]
                ]
            },
            "properties": {
                "Abbrev": null,
                "Alpha": null,
                "Area": null,
                "CS_ID": null,
                "CYCLE": null,
                "CycleDsolv": null,
                "DESCRIPT": null,
                "FEATUREKEY": 95407.0,
                "FEATUREK_1": null,
                "FEATURETYP": "Photo_Panel",
                "FID_": null,
                "FID_Cross_": null,
                "FID_FanGeo": null,
                "FID_Fan_De": null,
                "FID_GIS_Re": null,
                "FID_Photo_": null,
                "FID_ftrip_": null,
                "FID_measur": null,
                "FID_patter": null,
                "FOURTH_ORD": null,
                "FOURTH_O_1": null,
                "FanID": null,
                "Fan_Del": null,
                "Fan_Del_sh": null,
                "FeatureT_1": null,
                "Geo_short": null,
                "Geography": null,
                "Gradient": null,
                "Hyperlink": null,
                "ID": 223,
                "Id": null,
                "Id_1": null,
                "LENGTH": 0.0,
                "Location": null,
                "MAPSYMBOL": null,
                "MAP_SYMBOL": null,
                "MS_ID": null,
                "MidptX": null,
                "MidptY": null,
                "Mod_names": null,
                "NAME": "WildcatSpur_West",
                "NAME_1": null,
                "Name": null,
                "OBJECTID": null,
                "OBJECTID_1": null,
                "ORDERBY": null,
                "ORIG_FID": null,
                "Offset": null,
                "PATTERNID": null,
                "PERSON": null,
                "PMLABEL": null,
                "PM_NAME": "WildcatSpur_West",
                "PM_NAME_NE": null,
                "Pattern": null,
                "Profile": null,
                "REGION": null,
                "SECTIONARC": null,
                "SECTION_AB": null,
                "SOURCE": null,
                "STRAT_INTE": "F1-3",
                "SectionArc": null,
                "Shape_Ar_1": null,
                "Shape_Area": null,
                "Shape_Le_1": null,
                "Shape_Leng": 872.229529691,
                "Shape_Length": null,
                "Stop": null,
                "Stop_Num": null,
                "Symbology": "Missing"
            }
        },
        {
            "type": "Feature",
            "geometry": {
                "type": "LineString",
                "coordinates": [
                    [
                        -104.7811769167364,
                        31.612352150233214
                    ],
                    [
                        -104.78194976955193,
                        31.61144650934708
                    ],
                    [
                        -104.78252935044114,
                        31.61078788819286
                    ],
                    [
                        -104.78301239288665,
                        31.610211551477686
                    ]
                ]
            },
            "properties": {
                "Abbrev": null,
                "Alpha": null,
                "Area": null,
                "CS_ID": null,
                "CYCLE": null,
                "CycleDsolv": null,
                "DESCRIPT": null,
                "FEATUREKEY": 95408.0,
                "FEATUREK_1": null,
                "FEATURETYP": "Photo_Panel",
                "FID_": null,
                "FID_Cross_": null,
                "FID_FanGeo": null,
                "FID_Fan_De": null,
                "FID_GIS_Re": null,
                "FID_Photo_": null,
                "FID_ftrip_": null,
                "FID_measur": null,
                "FID_patter": null,
                "FOURTH_ORD": null,
                "FOURTH_O_1": null,
                "FanID": null,
                "Fan_Del": null,
                "Fan_Del_sh": null,
                "FeatureT_1": null,
                "Geo_short": null,
                "Geography": null,
                "Gradient": null,
                "Hyperlink": null,
                "ID": 121,
                "Id": null,
                "Id_1": null,
                "LENGTH": 0.0,
                "Location": null,
                "MAPSYMBOL": null,
                "MAP_SYMBOL": null,
                "MS_ID": null,
                "MidptX": null,
                "MidptY": null,
                "Mod_names": null,
                "NAME": "SharksFin_EastWall",
                "NAME_1": null,
                "Name": null,
                "OBJECTID": null,
                "OBJECTID_1": null,
                "ORDERBY": null,
                "ORIG_FID": null,
                "Offset": null,
                "PATTERNID": null,
                "PERSON": null,
                "PMLABEL": null,
                "PM_NAME": "Shark'sFin_EastW",
                "PM_NAME_NE": null,
                "Pattern": null,
                "Profile": null,
                "REGION": null,
                "SECTIONARC": null,
                "SECTION_AB": null,
                "SOURCE": null,
                "STRAT_INTE": "F1-3",
                "SectionArc": null,
                "Shape_Ar_1": null,
                "Shape_Area": null,
                "Shape_Le_1": null,
                "Shape_Leng": 294.292085384,
                "Shape_Length": null,
                "Stop": null,
                "Stop_Num": null,
                "Symbology": "Present"
            }
        },
        {
            "type": "Feature",
            "geometry": {
                "type": "LineString",
                "coordinates": [
                    [
                        -104.78261731532086,
                        31.61441586292801
                    ],
                    [
                        -104.78358380779136,
                        31.613098286890807
                    ],
                    [
                        -104.78426048817525,
                        31.612110019462232
                    ],
                    [
                        -104.78484062349452,
                        31.611204036760395
                    ]
                ]
            },
            "properties": {
                "Abbrev": null,
                "Alpha": null,
                "Area": null,
                "CS_ID": null,
                "CYCLE": null,
                "CycleDsolv": null,
                "DESCRIPT": null,
                "FEATUREKEY": 95409.0,
                "FEATUREK_1": null,
                "FEATURETYP": "Photo_Panel",
                "FID_": null,
                "FID_Cross_": null,
                "FID_FanGeo": null,
                "FID_Fan_De": null,
                "FID_GIS_Re": null,
                "FID_Photo_": null,
                "FID_ftrip_": null,
                "FID_measur": null,
                "FID_patter": null,
                "FOURTH_ORD": null,
                "FOURTH_O_1": null,
                "FanID": null,
                "Fan_Del": null,
                "Fan_Del_sh": null,
                "FeatureT_1": null,
                "Geo_short": null,
                "Geography": null,
                "Gradient": null,
                "Hyperlink": null,
                "ID": 122,
                "Id": null,
                "Id_1": null,
                "LENGTH": 0.0,
                "Location": null,
                "MAPSYMBOL": null,
                "MAP_SYMBOL": null,
                "MS_ID": null,
                "MidptX": null,
                "MidptY": null,
                "Mod_names": null,
                "NAME": "SharksFin_WestWall",
                "NAME_1": null,
                "Name": null,
                "OBJECTID": null,
                "OBJECTID_1": null,
                "ORDERBY": null,
                "ORIG_FID": null,
                "Offset": null,
                "PATTERNID": null,
                "PERSON": null,
                "PMLABEL": null,
                "PM_NAME": "Shark'sFin_WestW",
                "PM_NAME_NE": null,
                "Pattern": null,
                "Profile": null,
                "REGION": null,
                "SECTIONARC": null,
                "SECTION_AB": null,
                "SOURCE": null,
                "STRAT_INTE": "F1-3",
                "SectionArc": null,
                "Shape_Ar_1": null,
                "Shape_Area": null,
                "Shape_Le_1": null,
                "Shape_Leng": 413.882769357,
                "Shape_Length": null,
                "Stop": null,
                "Stop_Num": null,
                "Symbology": "Present"
            }
        },
        {
            "type": "Feature",
            "geometry": {
                "type": "LineString",
                "coordinates": [
                    [
                        -104.76737287034352,
                        31.589749363076667
                    ],
                    [
                        -104.7678198030139,
                        31.589035668818145
                    ],
                    [
                        -104.7685442536923,
                        31.588608274339062
                    ],
                    [
                        -104.7701586790312,
                        31.588325373779124
                    ],
                    [
                        -104.77105051299226,
                        31.58770773053715
                    ]
                ]
            },
            "properties": {
                "Abbrev": null,
                "Alpha": null,
                "Area": null,
                "CS_ID": null,
                "CYCLE": null,
                "CycleDsolv": null,
                "DESCRIPT": null,
                "FEATUREKEY": 95410.0,
                "FEATUREK_1": null,
                "FEATURETYP": "Photo_Panel",
                "FID_": null,
                "FID_Cross_": null,
                "FID_FanGeo": null,
                "FID_Fan_De": null,
                "FID_GIS_Re": null,
                "FID_Photo_": null,
                "FID_ftrip_": null,
                "FID_measur": null,
                "FID_patter": null,
                "FOURTH_ORD": null,
                "FOURTH_O_1": null,
                "FanID": null,
                "Fan_Del": null,
                "Fan_Del_sh": null,
                "FeatureT_1": null,
                "Geo_short": null,
                "Geography": null,
                "Gradient": null,
                "Hyperlink": null,
                "ID": 11,
                "Id": null,
                "Id_1": null,
                "LENGTH": 0.0,
                "Location": null,
                "MAPSYMBOL": null,
                "MAP_SYMBOL": null,
                "MS_ID": null,
                "MidptX": null,
                "MidptY": null,
                "Mod_names": null,
                "NAME": "South_Bowl",
                "NAME_1": null,
                "Name": null,
                "OBJECTID": null,
                "OBJECTID_1": null,
                "ORDERBY": null,
                "ORIG_FID": null,
                "Offset": null,
                "PATTERNID": null,
                "PERSON": null,
                "PMLABEL": null,
                "PM_NAME": "South_Bowl",
                "PM_NAME_NE": null,
                "Pattern": null,
                "Profile": null,
                "REGION": null,
                "SECTIONARC": null,
                "SECTION_AB": null,
                "SOURCE": null,
                "STRAT_INTE": "F1-3",
                "SectionArc": null,
                "Shape_Ar_1": null,
                "Shape_Area": null,
                "Shape_Le_1": null,
                "Shape_Leng": 438.412167954,
                "Shape_Length": null,
                "Stop": null,
                "Stop_Num": null,
                "Symbology": "Present"
            }
        },
        {
            "type": "Feature",
            "geometry": {
                "type": "LineString",
                "coordinates": [
                    [
                        -104.78441036067373,
                        31.760158371175105
                    ],
                    [
                        -104.78407818879914,
                        31.75915752380226
                    ],
                    [
                        -104.78369016772929,
                        31.758204213024623
                    ],
                    [
                        -104.78369160324421,
                        31.75758498995616
                    ],
                    [
                        -104.78296967257029,
                        31.756392947225287
                    ]
                ]
            },
            "properties": {
                "Abbrev": null,
                "Alpha": null,
                "Area": null,
                "CS_ID": null,
                "CYCLE": null,
                "CycleDsolv": null,
                "DESCRIPT": null,
                "FEATUREKEY": 95411.0,
                "FEATUREK_1": null,
                "FEATURETYP": "Photo_Panel",
                "FID_": null,
                "FID_Cross_": null,
                "FID_FanGeo": null,
                "FID_Fan_De": null,
                "FID_GIS_Re": null,
                "FID_Photo_": null,
                "FID_ftrip_": null,
                "FID_measur": null,
                "FID_patter": null,
                "FOURTH_ORD": null,
                "FOURTH_O_1": null,
                "FanID": null,
                "Fan_Del": null,
                "Fan_Del_sh": null,
                "FeatureT_1": null,
                "Geo_short": null,
                "Geography": null,
                "Gradient": null,
                "Hyperlink": null,
                "ID": 0,
                "Id": null,
                "Id_1": null,
                "LENGTH": 0.0,
                "Location": null,
                "MAPSYMBOL": null,
                "MAP_SYMBOL": null,
                "MS_ID": null,
                "MidptX": null,
                "MidptY": null,
                "Mod_names": null,
                "NAME": "Popo_East",
                "NAME_1": null,
                "Name": null,
                "OBJECTID": null,
                "OBJECTID_1": null,
                "ORDERBY": null,
                "ORIG_FID": null,
                "Offset": null,
                "PATTERNID": null,
                "PERSON": null,
                "PMLABEL": null,
                "PM_NAME": "Popo_East",
                "PM_NAME_NE": null,
                "Pattern": null,
                "Profile": null,
                "REGION": null,
                "SECTIONARC": null,
                "SECTION_AB": null,
                "SOURCE": null,
                "STRAT_INTE": "F4-5",
                "SectionArc": null,
                "Shape_Ar_1": null,
                "Shape_Area": null,
                "Shape_Le_1": null,
                "Shape_Leng": 444.572508003,
                "Shape_Length": null,
                "Stop": null,
                "Stop_Num": null,
                "Symbology": "Missing"
            }
        },
        {
            "type": "Feature",
            "geometry": {
                "type": "LineString",
                "coordinates": [
                    [
                        -104.79309148451388,
                        31.76717473348383
                    ],
                    [
                        -104.79192589767372,
                        31.76483883958279
                    ],
                    [
                        -104.79048290695145,
                        31.76193088651663
                    ],
                    [
                        -104.78843143288361,
                        31.75697370322837
                    ],
                    [
                        -104.78632334317123,
                        31.752492716515476
                    ]
                ]
            },
            "properties": {
                "Abbrev": null,
                "Alpha": null,
                "Area": null,
                "CS_ID": null,
                "CYCLE": null,
                "CycleDsolv": null,
                "DESCRIPT": null,
                "FEATUREKEY": 95412.0,
                "FEATUREK_1": null,
                "FEATURETYP": "Photo_Panel",
                "FID_": null,
                "FID_Cross_": null,
                "FID_FanGeo": null,
                "FID_Fan_De": null,
                "FID_GIS_Re": null,
                "FID_Photo_": null,
                "FID_ftrip_": null,
                "FID_measur": null,
                "FID_patter": null,
                "FOURTH_ORD": null,
                "FOURTH_O_1": null,
                "FanID": null,
                "Fan_Del": null,
                "Fan_Del_sh": null,
                "FeatureT_1": null,
                "Geo_short": null,
                "Geography": null,
                "Gradient": null,
                "Hyperlink": null,
                "ID": 294,
                "Id": null,
                "Id_1": null,
                "LENGTH": 0.0,
                "Location": null,
                "MAPSYMBOL": null,
                "MAP_SYMBOL": null,
                "MS_ID": null,
                "MidptX": null,
                "MidptY": null,
                "Mod_names": null,
                "NAME": "Popo_Aerial",
                "NAME_1": null,
                "Name": null,
                "OBJECTID": null,
                "OBJECTID_1": null,
                "ORDERBY": null,
                "ORIG_FID": null,
                "Offset": null,
                "PATTERNID": null,
                "PERSON": null,
                "PMLABEL": null,
                "PM_NAME": "Popo_Aerial",
                "PM_NAME_NE": null,
                "Pattern": null,
                "Profile": null,
                "REGION": null,
                "SECTIONARC": null,
                "SECTION_AB": null,
                "SOURCE": null,
                "STRAT_INTE": "F4-5",
                "SectionArc": null,
                "Shape_Ar_1": null,
                "Shape_Area": null,
                "Shape_Le_1": null,
                "Shape_Leng": 1749.59353435,
                "Shape_Length": null,
                "Stop": null,
                "Stop_Num": null,
                "Symbology": "Present"
            }
        },
        {
            "type": "Feature",
            "geometry": {
                "type": "LineString",
                "coordinates": [
                    [
                        -104.73502734053378,
                        31.579094618895834
                    ],
                    [
                        -104.73390906475731,
                        31.577966709409107
                    ],
                    [
                        -104.7333317255118,
                        31.57700544445207
                    ],
                    [
                        -104.73310148705475,
                        31.57637595728629
                    ],
                    [
                        -104.73302555488081,
                        31.575879213333227
                    ],
                    [
                        -104.73225508001164,
                        31.574851329796253
                    ],
                    [
                        -104.7318325462502,
                        31.57385727568446
                    ],
                    [
                        -104.7315639395246,
                        31.573128387999585
                    ]
                ]
            },
            "properties": {
                "Abbrev": null,
                "Alpha": null,
                "Area": null,
                "CS_ID": null,
                "CYCLE": null,
                "CycleDsolv": null,
                "DESCRIPT": null,
                "FEATUREKEY": 95413.0,
                "FEATUREK_1": null,
                "FEATURETYP": "Photo_Panel",
                "FID_": null,
                "FID_Cross_": null,
                "FID_FanGeo": null,
                "FID_Fan_De": null,
                "FID_GIS_Re": null,
                "FID_Photo_": null,
                "FID_ftrip_": null,
                "FID_measur": null,
                "FID_patter": null,
                "FOURTH_ORD": null,
                "FOURTH_O_1": null,
                "FanID": null,
                "Fan_Del": null,
                "Fan_Del_sh": null,
                "FeatureT_1": null,
                "Geo_short": null,
                "Geography": null,
                "Gradient": null,
                "Hyperlink": null,
                "ID": 247,
                "Id": null,
                "Id_1": null,
                "LENGTH": 0.0,
                "Location": null,
                "MAPSYMBOL": null,
                "MAP_SYMBOL": null,
                "MS_ID": null,
                "MidptX": null,
                "MidptY": null,
                "Mod_names": null,
                "NAME": "Codorniz_Lower_West",
                "NAME_1": null,
                "Name": null,
                "OBJECTID": null,
                "OBJECTID_1": null,
                "ORDERBY": null,
                "ORIG_FID": null,
                "Offset": null,
                "PATTERNID": null,
                "PERSON": null,
                "PMLABEL": null,
                "PM_NAME": "Codorniz_Lower_W",
                "PM_NAME_NE": null,
                "Pattern": null,
                "Profile": null,
                "REGION": null,
                "SECTIONARC": null,
                "SECTION_AB": null,
                "SOURCE": null,
                "STRAT_INTE": null,
                "SectionArc": null,
                "Shape_Ar_1": null,
                "Shape_Area": null,
                "Shape_Le_1": null,
                "Shape_Leng": 749.728619492,
                "Shape_Length": null,
                "Stop": null,
                "Stop_Num": null,
                "Symbology": "Present"
            }
        },
        {
            "type": "Feature",
            "geometry": {
                "type": "LineString",
                "coordinates": [
                    [
                        -104.84864102469662,
                        31.86289143923736
                    ],
                    [
                        -104.84833061654003,
                        31.86312259768428
                    ],
                    [
                        -104.84790383586555,
                        31.863419767028386
                    ]
                ]
            },
            "properties": {
                "Abbrev": null,
                "Alpha": null,
                "Area": null,
                "CS_ID": null,
                "CYCLE": null,
                "CycleDsolv": null,
                "DESCRIPT": null,
                "FEATUREKEY": 95414.0,
                "FEATUREK_1": null,
                "FEATURETYP": "Photo_Panel",
                "FID_": null,
                "FID_Cross_": null,
                "FID_FanGeo": null,
                "FID_Fan_De": null,
                "FID_GIS_Re": null,
                "FID_Photo_": null,
                "FID_ftrip_": null,
                "FID_measur": null,
                "FID_patter": null,
                "FOURTH_ORD": null,
                "FOURTH_O_1": null,
                "FanID": null,
                "Fan_Del": null,
                "Fan_Del_sh": null,
                "FeatureT_1": null,
                "Geo_short": null,
                "Geography": null,
                "Gradient": null,
                "Hyperlink": null,
                "ID": 38,
                "Id": null,
                "Id_1": null,
                "LENGTH": 0.0,
                "Location": null,
                "MAPSYMBOL": null,
                "MAP_SYMBOL": null,
                "MS_ID": null,
                "MidptX": null,
                "MidptY": null,
                "Mod_names": null,
                "NAME": "SaltFlatBenchMS13",
                "NAME_1": null,
                "Name": null,
                "OBJECTID": null,
                "OBJECTID_1": null,
                "ORDERBY": null,
                "ORIG_FID": null,
                "Offset": null,
                "PATTERNID": null,
                "PERSON": null,
                "PMLABEL": null,
                "PM_NAME": "SaltFlatBenchMS1",
                "PM_NAME_NE": null,
                "Pattern": null,
                "Profile": null,
                "REGION": null,
                "SECTIONARC": null,
                "SECTION_AB": null,
                "SOURCE": null,
                "STRAT_INTE": "F-7",
                "SectionArc": null,
                "Shape_Ar_1": null,
                "Shape_Area": null,
                "Shape_Le_1": null,
                "Shape_Leng": 91.0741234733,
                "Shape_Length": null,
                "Stop": null,
                "Stop_Num": null,
                "Symbology": "Missing"
            }
        },
        {
            "type": "Feature",
            "geometry": {
                "type": "LineString",
                "coordinates": [
                    [
                        -104.85638844619515,
                        31.865083356717864
                    ],
                    [
                        -104.85615612197653,
                        31.86495079370974
                    ],
                    [
                        -104.85565271887506,
                        31.864685623503934
                    ],
                    [
                        -104.8548779346122,
                        31.864486294271106
                    ],
                    [
                        -104.85402574747047,
                        31.864220720650078
                    ],
                    [
                        -104.85375462158687,
                        31.86412118401248
                    ],
                    [
                        -104.85317377468976,
                        31.86382284009365
                    ],
                    [
                        -104.85267033407197,
                        31.863590733159793
                    ]
                ]
            },
            "properties": {
                "Abbrev": null,
                "Alpha": null,
                "Area": null,
                "CS_ID": null,
                "CYCLE": null,
                "CycleDsolv": null,
                "DESCRIPT": null,
                "FEATUREKEY": 95415.0,
                "FEATUREK_1": null,
                "FEATURETYP": "Photo_Panel",
                "FID_": null,
                "FID_Cross_": null,
                "FID_FanGeo": null,
                "FID_Fan_De": null,
                "FID_GIS_Re": null,
                "FID_Photo_": null,
                "FID_ftrip_": null,
                "FID_measur": null,
                "FID_patter": null,
                "FOURTH_ORD": null,
                "FOURTH_O_1": null,
                "FanID": null,
                "Fan_Del": null,
                "Fan_Del_sh": null,
                "FeatureT_1": null,
                "Geo_short": null,
                "Geography": null,
                "Gradient": null,
                "Hyperlink": null,
                "ID": 37,
                "Id": null,
                "Id_1": null,
                "LENGTH": 0.0,
                "Location": null,
                "MAPSYMBOL": null,
                "MAP_SYMBOL": null,
                "MS_ID": null,
                "MidptX": null,
                "MidptY": null,
                "Mod_names": null,
                "NAME": "SaltFlatBenchMS20to16",
                "NAME_1": null,
                "Name": null,
                "OBJECTID": null,
                "OBJECTID_1": null,
                "ORDERBY": null,
                "ORIG_FID": null,
                "Offset": null,
                "PATTERNID": null,
                "PERSON": null,
                "PMLABEL": null,
                "PM_NAME": "SaltFlatBenchMS2",
                "PM_NAME_NE": null,
                "Pattern": null,
                "Profile": null,
                "REGION": null,
                "SECTIONARC": null,
                "SECTION_AB": null,
                "SOURCE": null,
                "STRAT_INTE": "F-7",
                "SectionArc": null,
                "Shape_Ar_1": null,
                "Shape_Area": null,
                "Shape_Le_1": null,
                "Shape_Leng": 390.939502761,
                "Shape_Length": null,
                "Stop": null,
                "Stop_Num": null,
                "Symbology": "Missing"
            }
        },
        {
            "type": "Feature",
            "geometry": {
                "type": "LineString",
                "coordinates": [
                    [
                        -104.84817150449071,
                        31.865636126965853
                    ],
                    [
                        -104.8477073631298,
                        31.865073294985454
                    ],
                    [
                        -104.84759191047971,
                        31.864577028376907
                    ]
                ]
            },
            "properties": {
                "Abbrev": null,
                "Alpha": null,
                "Area": null,
                "CS_ID": null,
                "CYCLE": null,
                "CycleDsolv": null,
                "DESCRIPT": null,
                "FEATUREKEY": 95416.0,
                "FEATUREK_1": null,
                "FEATURETYP": "Photo_Panel",
                "FID_": null,
                "FID_Cross_": null,
                "FID_FanGeo": null,
                "FID_Fan_De": null,
                "FID_GIS_Re": null,
                "FID_Photo_": null,
                "FID_ftrip_": null,
                "FID_measur": null,
                "FID_patter": null,
                "FOURTH_ORD": null,
                "FOURTH_O_1": null,
                "FanID": null,
                "Fan_Del": null,
                "Fan_Del_sh": null,
                "FeatureT_1": null,
                "Geo_short": null,
                "Geography": null,
                "Gradient": null,
                "Hyperlink": null,
                "ID": 39,
                "Id": null,
                "Id_1": null,
                "LENGTH": 0.0,
                "Location": null,
                "MAPSYMBOL": null,
                "MAP_SYMBOL": null,
                "MS_ID": null,
                "MidptX": null,
                "MidptY": null,
                "Mod_names": null,
                "NAME": "SaltFlatBenchMS10and11",
                "NAME_1": null,
                "Name": null,
                "OBJECTID": null,
                "OBJECTID_1": null,
                "ORDERBY": null,
                "ORIG_FID": null,
                "Offset": null,
                "PATTERNID": null,
                "PERSON": null,
                "PMLABEL": null,
                "PM_NAME": "SaltFlatBenchMS1",
                "PM_NAME_NE": null,
                "Pattern": null,
                "Profile": null,
                "REGION": null,
                "SECTIONARC": null,
                "SECTION_AB": null,
                "SOURCE": null,
                "STRAT_INTE": "F-7",
                "SectionArc": null,
                "Shape_Ar_1": null,
                "Shape_Area": null,
                "Shape_Le_1": null,
                "Shape_Leng": 132.363952192,
                "Shape_Length": null,
                "Stop": null,
                "Stop_Num": null,
                "Symbology": "Missing"
            }
        },
        {
            "type": "Feature",
            "geometry": {
                "type": "LineString",
                "coordinates": [
                    [
                        -104.85119878335459,
                        31.862894446478304
                    ],
                    [
                        -104.85026906108946,
                        31.862661832402733
                    ],
                    [
                        -104.84976531426743,
                        31.862628165372634
                    ]
                ]
            },
            "properties": {
                "Abbrev": null,
                "Alpha": null,
                "Area": null,
                "CS_ID": null,
                "CYCLE": null,
                "CycleDsolv": null,
                "DESCRIPT": null,
                "FEATUREKEY": 95417.0,
                "FEATUREK_1": null,
                "FEATURETYP": "Photo_Panel",
                "FID_": null,
                "FID_Cross_": null,
                "FID_FanGeo": null,
                "FID_Fan_De": null,
                "FID_GIS_Re": null,
                "FID_Photo_": null,
                "FID_ftrip_": null,
                "FID_measur": null,
                "FID_patter": null,
                "FOURTH_ORD": null,
                "FOURTH_O_1": null,
                "FanID": null,
                "Fan_Del": null,
                "Fan_Del_sh": null,
                "FeatureT_1": null,
                "Geo_short": null,
                "Geography": null,
                "Gradient": null,
                "Hyperlink": null,
                "ID": 16,
                "Id": null,
                "Id_1": null,
                "LENGTH": 0.0,
                "Location": null,
                "MAPSYMBOL": null,
                "MAP_SYMBOL": null,
                "MS_ID": null,
                "MidptX": null,
                "MidptY": null,
                "Mod_names": null,
                "NAME": "SaltFlatBenchMS15",
                "NAME_1": null,
                "Name": null,
                "OBJECTID": null,
                "OBJECTID_1": null,
                "ORDERBY": null,
                "ORIG_FID": null,
                "Offset": null,
                "PATTERNID": null,
                "PERSON": null,
                "PMLABEL": null,
                "PM_NAME": "SaltFlatBenchMS1",
                "PM_NAME_NE": null,
                "Pattern": null,
                "Profile": null,
                "REGION": null,
                "SECTIONARC": null,
                "SECTION_AB": null,
                "SOURCE": null,
                "STRAT_INTE": "F-7",
                "SectionArc": null,
                "Shape_Ar_1": null,
                "Shape_Area": null,
                "Shape_Le_1": null,
                "Shape_Leng": 139.449307446,
                "Shape_Length": null,
                "Stop": null,
                "Stop_Num": null,
                "Symbology": "Missing"
            }
        },
        {
            "type": "Feature",
            "geometry": {
                "type": "LineString",
                "coordinates": [
                    [
                        -104.84874842843924,
                        31.868348980089415
                    ],
                    [
                        -104.84874928746521,
                        31.86781977833775
                    ],
                    [
                        -104.84867263519865,
                        31.86729048376356
                    ]
                ]
            },
            "properties": {
                "Abbrev": null,
                "Alpha": null,
                "Area": null,
                "CS_ID": null,
                "CYCLE": null,
                "CycleDsolv": null,
                "DESCRIPT": null,
                "FEATUREKEY": 95418.0,
                "FEATUREK_1": null,
                "FEATURETYP": "Photo_Panel",
                "FID_": null,
                "FID_Cross_": null,
                "FID_FanGeo": null,
                "FID_Fan_De": null,
                "FID_GIS_Re": null,
                "FID_Photo_": null,
                "FID_ftrip_": null,
                "FID_measur": null,
                "FID_patter": null,
                "FOURTH_ORD": null,
                "FOURTH_O_1": null,
                "FanID": null,
                "Fan_Del": null,
                "Fan_Del_sh": null,
                "FeatureT_1": null,
                "Geo_short": null,
                "Geography": null,
                "Gradient": null,
                "Hyperlink": null,
                "ID": 17,
                "Id": null,
                "Id_1": null,
                "LENGTH": 0.0,
                "Location": null,
                "MAPSYMBOL": null,
                "MAP_SYMBOL": null,
                "MS_ID": null,
                "MidptX": null,
                "MidptY": null,
                "Mod_names": null,
                "NAME": "SaltFlatBenchMS7",
                "NAME_1": null,
                "Name": null,
                "OBJECTID": null,
                "OBJECTID_1": null,
                "ORDERBY": null,
                "ORIG_FID": null,
                "Offset": null,
                "PATTERNID": null,
                "PERSON": null,
                "PMLABEL": null,
                "PM_NAME": "SaltFlatBenchMS7",
                "PM_NAME_NE": null,
                "Pattern": null,
                "Profile": null,
                "REGION": null,
                "SECTIONARC": null,
                "SECTION_AB": null,
                "SOURCE": null,
                "STRAT_INTE": "F-7",
                "SectionArc": null,
                "Shape_Ar_1": null,
                "Shape_Area": null,
                "Shape_Le_1": null,
                "Shape_Leng": 117.768772266,
                "Shape_Length": null,
                "Stop": null,
                "Stop_Num": null,
                "Symbology": "Missing"
            }
        },
        {
            "type": "Feature",
            "geometry": {
                "type": "LineString",
                "coordinates": [
                    [
                        -104.84766076733091,
                        31.869869147006675
                    ],
                    [
                        -104.84769995659812,
                        31.869604592017335
                    ],
                    [
                        -104.84770022693975,
                        31.869439215895394
                    ]
                ]
            },
            "properties": {
                "Abbrev": null,
                "Alpha": null,
                "Area": null,
                "CS_ID": null,
                "CYCLE": null,
                "CycleDsolv": null,
                "DESCRIPT": null,
                "FEATUREKEY": 95419.0,
                "FEATUREK_1": null,
                "FEATURETYP": "Photo_Panel",
                "FID_": null,
                "FID_Cross_": null,
                "FID_FanGeo": null,
                "FID_Fan_De": null,
                "FID_GIS_Re": null,
                "FID_Photo_": null,
                "FID_ftrip_": null,
                "FID_measur": null,
                "FID_patter": null,
                "FOURTH_ORD": null,
                "FOURTH_O_1": null,
                "FanID": null,
                "Fan_Del": null,
                "Fan_Del_sh": null,
                "FeatureT_1": null,
                "Geo_short": null,
                "Geography": null,
                "Gradient": null,
                "Hyperlink": null,
                "ID": 41,
                "Id": null,
                "Id_1": null,
                "LENGTH": 0.0,
                "Location": null,
                "MAPSYMBOL": null,
                "MAP_SYMBOL": null,
                "MS_ID": null,
                "MidptX": null,
                "MidptY": null,
                "Mod_names": null,
                "NAME": "SaltFlatBenchMS2",
                "NAME_1": null,
                "Name": null,
                "OBJECTID": null,
                "OBJECTID_1": null,
                "ORDERBY": null,
                "ORIG_FID": null,
                "Offset": null,
                "PATTERNID": null,
                "PERSON": null,
                "PMLABEL": null,
                "PM_NAME": "SaltFlatBenchMS2",
                "PM_NAME_NE": null,
                "Pattern": null,
                "Profile": null,
                "REGION": null,
                "SECTIONARC": null,
                "SECTION_AB": null,
                "SOURCE": null,
                "STRAT_INTE": "F-7",
                "SectionArc": null,
                "Shape_Ar_1": null,
                "Shape_Area": null,
                "Shape_Le_1": null,
                "Shape_Leng": 47.8864361324,
                "Shape_Length": null,
                "Stop": null,
                "Stop_Num": null,
                "Symbology": "Present"
            }
        },
        {
            "type": "Feature",
            "geometry": {
                "type": "LineString",
                "coordinates": [
                    [
                        -104.84769919963081,
                        31.870067644413865
                    ],
                    [
                        -104.84711817119017,
                        31.86986849818831
                    ],
                    [
                        -104.84684681875173,
                        31.869901247951653
                    ]
                ]
            },
            "properties": {
                "Abbrev": null,
                "Alpha": null,
                "Area": null,
                "CS_ID": null,
                "CYCLE": null,
                "CycleDsolv": null,
                "DESCRIPT": null,
                "FEATUREKEY": 95420.0,
                "FEATUREK_1": null,
                "FEATURETYP": "Photo_Panel",
                "FID_": null,
                "FID_Cross_": null,
                "FID_FanGeo": null,
                "FID_Fan_De": null,
                "FID_GIS_Re": null,
                "FID_Photo_": null,
                "FID_ftrip_": null,
                "FID_measur": null,
                "FID_patter": null,
                "FOURTH_ORD": null,
                "FOURTH_O_1": null,
                "FanID": null,
                "Fan_Del": null,
                "Fan_Del_sh": null,
                "FeatureT_1": null,
                "Geo_short": null,
                "Geography": null,
                "Gradient": null,
                "Hyperlink": null,
                "ID": 40,
                "Id": null,
                "Id_1": null,
                "LENGTH": 0.0,
                "Location": null,
                "MAPSYMBOL": null,
                "MAP_SYMBOL": null,
                "MS_ID": null,
                "MidptX": null,
                "MidptY": null,
                "Mod_names": null,
                "NAME": "SaltFlatBenchMS1",
                "NAME_1": null,
                "Name": null,
                "OBJECTID": null,
                "OBJECTID_1": null,
                "ORDERBY": null,
                "ORIG_FID": null,
                "Offset": null,
                "PATTERNID": null,
                "PERSON": null,
                "PMLABEL": null,
                "PM_NAME": "SaltFlatBenchMS1",
                "PM_NAME_NE": null,
                "Pattern": null,
                "Profile": null,
                "REGION": null,
                "SECTIONARC": null,
                "SECTION_AB": null,
                "SOURCE": null,
                "STRAT_INTE": "F-7",
                "SectionArc": null,
                "Shape_Ar_1": null,
                "Shape_Area": null,
                "Shape_Le_1": null,
                "Shape_Leng": 85.1488989763,
                "Shape_Length": null,
                "Stop": null,
                "Stop_Num": null,
                "Symbology": "Missing"
            }
        },
        {
            "type": "Feature",
            "geometry": {
                "type": "LineString",
                "coordinates": [
                    [
                        -104.85796993870977,
                        31.86998025981386
                    ],
                    [
                        -104.85797165183966,
                        31.868855704185197
                    ],
                    [
                        -104.8585936108646,
                        31.867632611487423
                    ],
                    [
                        -104.85933052197096,
                        31.867269598270546
                    ],
                    [
                        -104.85987355042475,
                        31.866972517464294
                    ],
                    [
                        -104.85999066115667,
                        31.86641036691192
                    ],
                    [
                        -104.85999155495487,
                        31.86581501367435
                    ],
                    [
                        -104.85964350526807,
                        31.86531850357737
                    ],
                    [
                        -104.85929501019741,
                        31.865119668260967
                    ],
                    [
                        -104.8591012364873,
                        31.865119454564294
                    ],
                    [
                        -104.85844250419095,
                        31.86505257561894
                    ]
                ]
            },
            "properties": {
                "Abbrev": null,
                "Alpha": null,
                "Area": null,
                "CS_ID": null,
                "CYCLE": null,
                "CycleDsolv": null,
                "DESCRIPT": null,
                "FEATUREKEY": 95421.0,
                "FEATUREK_1": null,
                "FEATURETYP": "Photo_Panel",
                "FID_": null,
                "FID_Cross_": null,
                "FID_FanGeo": null,
                "FID_Fan_De": null,
                "FID_GIS_Re": null,
                "FID_Photo_": null,
                "FID_ftrip_": null,
                "FID_measur": null,
                "FID_patter": null,
                "FOURTH_ORD": null,
                "FOURTH_O_1": null,
                "FanID": null,
                "Fan_Del": null,
                "Fan_Del_sh": null,
                "FeatureT_1": null,
                "Geo_short": null,
                "Geography": null,
                "Gradient": null,
                "Hyperlink": null,
                "ID": 36,
                "Id": null,
                "Id_1": null,
                "LENGTH": 0.0,
                "Location": null,
                "MAPSYMBOL": null,
                "MAP_SYMBOL": null,
                "MS_ID": null,
                "MidptX": null,
                "MidptY": null,
                "Mod_names": null,
                "NAME": "SaltFlatBenchMS26to21",
                "NAME_1": null,
                "Name": null,
                "OBJECTID": null,
                "OBJECTID_1": null,
                "ORDERBY": null,
                "ORIG_FID": null,
                "Offset": null,
                "PATTERNID": null,
                "PERSON": null,
                "PMLABEL": null,
                "PM_NAME": "SaltFlatBenchMS26to21",
                "PM_NAME_NE": null,
                "Pattern": null,
                "Profile": null,
                "REGION": null,
                "SECTIONARC": null,
                "SECTION_AB": null,
                "SOURCE": null,
                "STRAT_INTE": "F-7",
                "SectionArc": null,
                "Shape_Ar_1": null,
                "Shape_Area": null,
                "Shape_Le_1": null,
                "Shape_Leng": 728.064439171,
                "Shape_Length": null,
                "Stop": null,
                "Stop_Num": null,
                "Symbology": "Present"
            }
        },
        {
            "type": "Feature",
            "geometry": {
                "type": "LineString",
                "coordinates": [
                    [
                        -104.85859416261229,
                        31.867268784808196
                    ],
                    [
                        -104.85956365462977,
                        31.86687295157578
                    ],
                    [
                        -104.85971927465243,
                        31.866476220184698
                    ],
                    [
                        -104.85975867657514,
                        31.866046284935738
                    ],
                    [
                        -104.85956549754891,
                        31.865649170071727
                    ],
                    [
                        -104.85937197210701,
                        31.865483580473725
                    ]
                ]
            },
            "properties": {
                "Abbrev": null,
                "Alpha": null,
                "Area": null,
                "CS_ID": null,
                "CYCLE": null,
                "CycleDsolv": null,
                "DESCRIPT": null,
                "FEATUREKEY": 95422.0,
                "FEATUREK_1": null,
                "FEATURETYP": "Photo_Panel",
                "FID_": null,
                "FID_Cross_": null,
                "FID_FanGeo": null,
                "FID_Fan_De": null,
                "FID_GIS_Re": null,
                "FID_Photo_": null,
                "FID_ftrip_": null,
                "FID_measur": null,
                "FID_patter": null,
                "FOURTH_ORD": null,
                "FOURTH_O_1": null,
                "FanID": null,
                "Fan_Del": null,
                "Fan_Del_sh": null,
                "FeatureT_1": null,
                "Geo_short": null,
                "Geography": null,
                "Gradient": null,
                "Hyperlink": null,
                "ID": 15,
                "Id": null,
                "Id_1": null,
                "LENGTH": 0.0,
                "Location": null,
                "MAPSYMBOL": null,
                "MAP_SYMBOL": null,
                "MS_ID": null,
                "MidptX": null,
                "MidptY": null,
                "Mod_names": null,
                "NAME": "SaltFlatBenchMS23toMS22",
                "NAME_1": null,
                "Name": null,
                "OBJECTID": null,
                "OBJECTID_1": null,
                "ORDERBY": null,
                "ORIG_FID": null,
                "Offset": null,
                "PATTERNID": null,
                "PERSON": null,
                "PMLABEL": null,
                "PM_NAME": "SaltFlatBenchMS2",
                "PM_NAME_NE": null,
                "Pattern": null,
                "Profile": null,
                "REGION": null,
                "SECTIONARC": null,
                "SECTION_AB": null,
                "SOURCE": null,
                "STRAT_INTE": "F-7",
                "SectionArc": null,
                "Shape_Ar_1": null,
                "Shape_Area": null,
                "Shape_Le_1": null,
                "Shape_Leng": 269.413143969,
                "Shape_Length": null,
                "Stop": null,
                "Stop_Num": null,
                "Symbology": "Missing"
            }
        },
        {
            "type": "Feature",
            "geometry": {
                "type": "LineString",
                "coordinates": [
                    [
                        -104.71806249828495,
                        31.68012623182307
                    ],
                    [
                        -104.71686205016442,
                        31.68016160074814
                    ],
                    [
                        -104.71606343818544,
                        31.679627590047797
                    ],
                    [
                        -104.7155749920519,
                        31.679436419288095
                    ],
                    [
                        -104.71531044512237,
                        31.678713501848904
                    ],
                    [
                        -104.71491184122937,
                        31.678218388720406
                    ],
                    [
                        -104.71451416805094,
                        31.677419138665325
                    ],
                    [
                        -104.71407088704144,
                        31.676999958569475
                    ],
                    [
                        -104.71340533427778,
                        31.67658027970798
                    ],
                    [
                        -104.71318352448246,
                        31.676427713363296
                    ]
                ]
            },
            "properties": {
                "Abbrev": null,
                "Alpha": null,
                "Area": null,
                "CS_ID": null,
                "CYCLE": null,
                "CycleDsolv": null,
                "DESCRIPT": null,
                "FEATUREKEY": 95423.0,
                "FEATUREK_1": null,
                "FEATURETYP": "Photo_Panel",
                "FID_": null,
                "FID_Cross_": null,
                "FID_FanGeo": null,
                "FID_Fan_De": null,
                "FID_GIS_Re": null,
                "FID_Photo_": null,
                "FID_ftrip_": null,
                "FID_measur": null,
                "FID_patter": null,
                "FOURTH_ORD": null,
                "FOURTH_O_1": null,
                "FanID": null,
                "Fan_Del": null,
                "Fan_Del_sh": null,
                "FeatureT_1": null,
                "Geo_short": null,
                "Geography": null,
                "Gradient": null,
                "Hyperlink": "P4_SeepSprgCan_1_overview.jpg",
                "ID": 143,
                "Id": null,
                "Id_1": null,
                "LENGTH": 0.0,
                "Location": null,
                "MAPSYMBOL": null,
                "MAP_SYMBOL": null,
                "MS_ID": null,
                "MidptX": null,
                "MidptY": null,
                "Mod_names": null,
                "NAME": "SeepSpring",
                "NAME_1": null,
                "Name": null,
                "OBJECTID": null,
                "OBJECTID_1": null,
                "ORDERBY": null,
                "ORIG_FID": null,
                "Offset": null,
                "PATTERNID": null,
                "PERSON": null,
                "PMLABEL": null,
                "PM_NAME": "SeepSpring",
                "PM_NAME_NE": null,
                "Pattern": null,
                "Profile": null,
                "REGION": null,
                "SECTIONARC": null,
                "SECTION_AB": null,
                "SOURCE": null,
                "STRAT_INTE": "F5-Cherry",
                "SectionArc": null,
                "Shape_Ar_1": null,
                "Shape_Area": null,
                "Shape_Le_1": null,
                "Shape_Leng": 675.706982334,
                "Shape_Length": null,
                "Stop": null,
                "Stop_Num": null,
                "Symbology": "Present"
            }
        },
        {
            "type": "Feature",
            "geometry": {
                "type": "LineString",
                "coordinates": [
                    [
                        -104.70368612095565,
                        31.67134977884883
                    ],
                    [
                        -104.7043972418566,
                        31.671389439544214
                    ],
                    [
                        -104.70484176827536,
                        31.671390464863705
                    ],
                    [
                        -104.70532979204148,
                        31.671695728486878
                    ],
                    [
                        -104.70564000704674,
                        31.67200058075317
                    ],
                    [
                        -104.70599431957679,
                        31.67241958612304
                    ]
                ]
            },
            "properties": {
                "Abbrev": null,
                "Alpha": null,
                "Area": null,
                "CS_ID": null,
                "CYCLE": null,
                "CycleDsolv": null,
                "DESCRIPT": null,
                "FEATUREKEY": 95424.0,
                "FEATUREK_1": null,
                "FEATURETYP": "Photo_Panel",
                "FID_": null,
                "FID_Cross_": null,
                "FID_FanGeo": null,
                "FID_Fan_De": null,
                "FID_GIS_Re": null,
                "FID_Photo_": null,
                "FID_ftrip_": null,
                "FID_measur": null,
                "FID_patter": null,
                "FOURTH_ORD": null,
                "FOURTH_O_1": null,
                "FanID": null,
                "Fan_Del": null,
                "Fan_Del_sh": null,
                "FeatureT_1": null,
                "Geo_short": null,
                "Geography": null,
                "Gradient": null,
                "Hyperlink": null,
                "ID": 0,
                "Id": null,
                "Id_1": null,
                "LENGTH": 0.0,
                "Location": null,
                "MAPSYMBOL": null,
                "MAP_SYMBOL": null,
                "MS_ID": null,
                "MidptX": null,
                "MidptY": null,
                "Mod_names": null,
                "NAME": "TecateRun",
                "NAME_1": null,
                "Name": null,
                "OBJECTID": null,
                "OBJECTID_1": null,
                "ORDERBY": null,
                "ORIG_FID": null,
                "Offset": null,
                "PATTERNID": null,
                "PERSON": null,
                "PMLABEL": null,
                "PM_NAME": "TecateRun",
                "PM_NAME_NE": null,
                "Pattern": null,
                "Profile": null,
                "REGION": null,
                "SECTIONARC": null,
                "SECTION_AB": null,
                "SOURCE": null,
                "STRAT_INTE": "F6-Cherry",
                "SectionArc": null,
                "Shape_Ar_1": null,
                "Shape_Area": null,
                "Shape_Le_1": null,
                "Shape_Leng": 269.106068425,
                "Shape_Length": null,
                "Stop": null,
                "Stop_Num": null,
                "Symbology": "Missing"
            }
        },
        {
            "type": "Feature",
            "geometry": {
                "type": "LineString",
                "coordinates": [
                    [
                        -104.69463380247848,
                        31.682771735666254
                    ],
                    [
                        -104.69378785865405,
                        31.6831498886805
                    ],
                    [
                        -104.69285386440558,
                        31.683261702903547
                    ],
                    [
                        -104.69192061631813,
                        31.68314540910648
                    ],
                    [
                        -104.6910314537996,
                        31.6831432663713
                    ]
                ]
            },
            "properties": {
                "Abbrev": null,
                "Alpha": null,
                "Area": null,
                "CS_ID": null,
                "CYCLE": null,
                "CycleDsolv": null,
                "DESCRIPT": null,
                "FEATUREKEY": 95425.0,
                "FEATUREK_1": null,
                "FEATURETYP": "Photo_Panel",
                "FID_": null,
                "FID_Cross_": null,
                "FID_FanGeo": null,
                "FID_Fan_De": null,
                "FID_GIS_Re": null,
                "FID_Photo_": null,
                "FID_ftrip_": null,
                "FID_measur": null,
                "FID_patter": null,
                "FOURTH_ORD": null,
                "FOURTH_O_1": null,
                "FanID": null,
                "Fan_Del": null,
                "Fan_Del_sh": null,
                "FeatureT_1": null,
                "Geo_short": null,
                "Geography": null,
                "Gradient": null,
                "Hyperlink": null,
                "ID": 279,
                "Id": null,
                "Id_1": null,
                "LENGTH": 0.0,
                "Location": null,
                "MAPSYMBOL": null,
                "MAP_SYMBOL": null,
                "MS_ID": null,
                "MidptX": null,
                "MidptY": null,
                "Mod_names": null,
                "NAME": "Chico_N_PowerTank",
                "NAME_1": null,
                "Name": null,
                "OBJECTID": null,
                "OBJECTID_1": null,
                "ORDERBY": null,
                "ORIG_FID": null,
                "Offset": null,
                "PATTERNID": null,
                "PERSON": null,
                "PMLABEL": null,
                "PM_NAME": "PowerTAnk",
                "PM_NAME_NE": null,
                "Pattern": null,
                "Profile": null,
                "REGION": null,
                "SECTIONARC": null,
                "SECTION_AB": null,
                "SOURCE": null,
                "STRAT_INTE": "F6-7",
                "SectionArc": null,
                "Shape_Ar_1": null,
                "Shape_Area": null,
                "Shape_Le_1": null,
                "Shape_Leng": 353.519566515,
                "Shape_Length": null,
                "Stop": null,
                "Stop_Num": null,
                "Symbology": "Present"
            }
        },
        {
            "type": "Feature",
            "geometry": {
                "type": "LineString",
                "coordinates": [
                    [
                        -104.69816528702562,
                        31.687570290230486
                    ],
                    [
                        -104.69758963324941,
                        31.686846603399086
                    ],
                    [
                        -104.69692556105655,
                        31.68597063513395
                    ],
                    [
                        -104.69630534351197,
                        31.685284854022957
                    ],
                    [
                        -104.69586284857422,
                        31.68463750930034
                    ],
                    [
                        -104.69555373384772,
                        31.683990480223596
                    ],
                    [
                        -104.69519930138149,
                        31.683609464412037
                    ],
                    [
                        -104.69493440621079,
                        31.68303857334286
                    ],
                    [
                        -104.69475756337633,
                        31.682734013617637
                    ]
                ]
            },
            "properties": {
                "Abbrev": null,
                "Alpha": null,
                "Area": null,
                "CS_ID": null,
                "CYCLE": null,
                "CycleDsolv": null,
                "DESCRIPT": null,
                "FEATUREKEY": 95426.0,
                "FEATUREK_1": null,
                "FEATURETYP": "Photo_Panel",
                "FID_": null,
                "FID_Cross_": null,
                "FID_FanGeo": null,
                "FID_Fan_De": null,
                "FID_GIS_Re": null,
                "FID_Photo_": null,
                "FID_ftrip_": null,
                "FID_measur": null,
                "FID_patter": null,
                "FOURTH_ORD": null,
                "FOURTH_O_1": null,
                "FanID": null,
                "Fan_Del": null,
                "Fan_Del_sh": null,
                "FeatureT_1": null,
                "Geo_short": null,
                "Geography": null,
                "Gradient": null,
                "Hyperlink": null,
                "ID": 0,
                "Id": null,
                "Id_1": null,
                "LENGTH": 0.0,
                "Location": null,
                "MAPSYMBOL": null,
                "MAP_SYMBOL": null,
                "MS_ID": null,
                "MidptX": null,
                "MidptY": null,
                "Mod_names": null,
                "NAME": "NoFault",
                "NAME_1": null,
                "Name": null,
                "OBJECTID": null,
                "OBJECTID_1": null,
                "ORDERBY": null,
                "ORIG_FID": null,
                "Offset": null,
                "PATTERNID": null,
                "PERSON": null,
                "PMLABEL": null,
                "PM_NAME": "NoFault",
                "PM_NAME_NE": null,
                "Pattern": null,
                "Profile": null,
                "REGION": null,
                "SECTIONARC": null,
                "SECTION_AB": null,
                "SOURCE": null,
                "STRAT_INTE": "F6-7",
                "SectionArc": null,
                "Shape_Ar_1": null,
                "Shape_Area": null,
                "Shape_Le_1": null,
                "Shape_Leng": 629.100185754,
                "Shape_Length": null,
                "Stop": null,
                "Stop_Num": null,
                "Symbology": "Missing"
            }
        },
        {
            "type": "Feature",
            "geometry": {
                "type": "LineString",
                "coordinates": [
                    [
                        -104.70129349225294,
                        31.682559341743048
                    ],
                    [
                        -104.70258060170997,
                        31.68324664973302
                    ],
                    [
                        -104.70333494889145,
                        31.68370460754732
                    ],
                    [
                        -104.70404448507,
                        31.684276508818815
                    ],
                    [
                        -104.70417582211962,
                        31.68492310682233
                    ],
                    [
                        -104.70408558484394,
                        31.685341088893058
                    ],
                    [
                        -104.70368461029773,
                        31.68560628260939
                    ],
                    [
                        -104.70323905491185,
                        31.68590938979089
                    ],
                    [
                        -104.70274915662064,
                        31.68617437440335
                    ],
                    [
                        -104.70208226164384,
                        31.686172824438916
                    ],
                    [
                        -104.70132644782124,
                        31.686171063598977
                    ]
                ]
            },
            "properties": {
                "Abbrev": null,
                "Alpha": null,
                "Area": null,
                "CS_ID": null,
                "CYCLE": null,
                "CycleDsolv": null,
                "DESCRIPT": null,
                "FEATUREKEY": 95427.0,
                "FEATUREK_1": null,
                "FEATURETYP": "Photo_Panel",
                "FID_": null,
                "FID_Cross_": null,
                "FID_FanGeo": null,
                "FID_Fan_De": null,
                "FID_GIS_Re": null,
                "FID_Photo_": null,
                "FID_ftrip_": null,
                "FID_measur": null,
                "FID_patter": null,
                "FOURTH_ORD": null,
                "FOURTH_O_1": null,
                "FanID": null,
                "Fan_Del": null,
                "Fan_Del_sh": null,
                "FeatureT_1": null,
                "Geo_short": null,
                "Geography": null,
                "Gradient": null,
                "Hyperlink": null,
                "ID": 278,
                "Id": null,
                "Id_1": null,
                "LENGTH": 0.0,
                "Location": null,
                "MAPSYMBOL": null,
                "MAP_SYMBOL": null,
                "MS_ID": null,
                "MidptX": null,
                "MidptY": null,
                "Mod_names": null,
                "NAME": "Chico_N_TwoTreesAxis",
                "NAME_1": null,
                "Name": null,
                "OBJECTID": null,
                "OBJECTID_1": null,
                "ORDERBY": null,
                "ORIG_FID": null,
                "Offset": null,
                "PATTERNID": null,
                "PERSON": null,
                "PMLABEL": null,
                "PM_NAME": "TwoTreesAxis",
                "PM_NAME_NE": null,
                "Pattern": null,
                "Profile": null,
                "REGION": null,
                "SECTIONARC": null,
                "SECTION_AB": null,
                "SOURCE": null,
                "STRAT_INTE": "F6-7",
                "SectionArc": null,
                "Shape_Ar_1": null,
                "Shape_Area": null,
                "Shape_Le_1": null,
                "Shape_Leng": 735.554448756,
                "Shape_Length": null,
                "Stop": null,
                "Stop_Num": null,
                "Symbology": "Present"
            }
        },
        {
            "type": "Feature",
            "geometry": {
                "type": "LineString",
                "coordinates": [
                    [
                        -104.70501934799744,
                        31.685305226280008
                    ],
                    [
                        -104.70417330372582,
                        31.68572146498025
                    ],
                    [
                        -104.70266083937013,
                        31.68598408266642
                    ],
                    [
                        -104.70123837677613,
                        31.68590473714961
                    ],
                    [
                        -104.70017134890873,
                        31.685902242912114
                    ],
                    [
                        -104.69923806491137,
                        31.68578600163037
                    ],
                    [
                        -104.69781585359053,
                        31.68563058334248
                    ],
                    [
                        -104.69652886993659,
                        31.68490521068474
                    ],
                    [
                        -104.69559881032026,
                        31.68380050069385
                    ]
                ]
            },
            "properties": {
                "Abbrev": null,
                "Alpha": null,
                "Area": null,
                "CS_ID": null,
                "CYCLE": null,
                "CycleDsolv": null,
                "DESCRIPT": null,
                "FEATUREKEY": 95428.0,
                "FEATUREK_1": null,
                "FEATURETYP": "Photo_Panel",
                "FID_": null,
                "FID_Cross_": null,
                "FID_FanGeo": null,
                "FID_Fan_De": null,
                "FID_GIS_Re": null,
                "FID_Photo_": null,
                "FID_ftrip_": null,
                "FID_measur": null,
                "FID_patter": null,
                "FOURTH_ORD": null,
                "FOURTH_O_1": null,
                "FanID": null,
                "Fan_Del": null,
                "Fan_Del_sh": null,
                "FeatureT_1": null,
                "Geo_short": null,
                "Geography": null,
                "Gradient": null,
                "Hyperlink": null,
                "ID": 277,
                "Id": null,
                "Id_1": null,
                "LENGTH": 0.0,
                "Location": null,
                "MAPSYMBOL": null,
                "MAP_SYMBOL": null,
                "MS_ID": null,
                "MidptX": null,
                "MidptY": null,
                "Mod_names": null,
                "NAME": "Chico_N_TwoTrees_NoFault",
                "NAME_1": null,
                "Name": null,
                "OBJECTID": null,
                "OBJECTID_1": null,
                "ORDERBY": null,
                "ORIG_FID": null,
                "Offset": null,
                "PATTERNID": null,
                "PERSON": null,
                "PMLABEL": null,
                "PM_NAME": "TwoTrees_NoFault",
                "PM_NAME_NE": null,
                "Pattern": null,
                "Profile": null,
                "REGION": null,
                "SECTIONARC": null,
                "SECTION_AB": null,
                "SOURCE": null,
                "STRAT_INTE": "F6-7",
                "SectionArc": null,
                "Shape_Ar_1": null,
                "Shape_Area": null,
                "Shape_Le_1": null,
                "Shape_Leng": 997.248449738,
                "Shape_Length": null,
                "Stop": null,
                "Stop_Num": null,
                "Symbology": "Present"
            }
        },
        {
            "type": "Feature",
            "geometry": {
                "type": "LineString",
                "coordinates": [
                    [
                        -104.66854019416505,
                        31.666473426557946
                    ],
                    [
                        -104.66796139989756,
                        31.666738048218154
                    ],
                    [
                        -104.66720372267521,
                        31.667306341098325
                    ],
                    [
                        -104.66684636377212,
                        31.667799638296373
                    ],
                    [
                        -104.6663559180889,
                        31.668216551388614
                    ],
                    [
                        -104.66604246080267,
                        31.66886202955021
                    ],
                    [
                        -104.66590883679925,
                        31.668937716227223
                    ]
                ]
            },
            "properties": {
                "Abbrev": null,
                "Alpha": null,
                "Area": null,
                "CS_ID": null,
                "CYCLE": null,
                "CycleDsolv": null,
                "DESCRIPT": null,
                "FEATUREKEY": 95429.0,
                "FEATUREK_1": null,
                "FEATURETYP": "Photo_Panel",
                "FID_": null,
                "FID_Cross_": null,
                "FID_FanGeo": null,
                "FID_Fan_De": null,
                "FID_GIS_Re": null,
                "FID_Photo_": null,
                "FID_ftrip_": null,
                "FID_measur": null,
                "FID_patter": null,
                "FOURTH_ORD": null,
                "FOURTH_O_1": null,
                "FanID": null,
                "Fan_Del": null,
                "Fan_Del_sh": null,
                "FeatureT_1": null,
                "Geo_short": null,
                "Geography": null,
                "Gradient": null,
                "Hyperlink": null,
                "ID": 280,
                "Id": null,
                "Id_1": null,
                "LENGTH": 0.0,
                "Location": null,
                "MAPSYMBOL": null,
                "MAP_SYMBOL": null,
                "MS_ID": null,
                "MidptX": null,
                "MidptY": null,
                "Mod_names": null,
                "NAME": "HiddenChannel",
                "NAME_1": null,
                "Name": null,
                "OBJECTID": null,
                "OBJECTID_1": null,
                "ORDERBY": null,
                "ORIG_FID": null,
                "Offset": null,
                "PATTERNID": null,
                "PERSON": null,
                "PMLABEL": null,
                "PM_NAME": "HiddenChannel",
                "PM_NAME_NE": null,
                "Pattern": null,
                "Profile": null,
                "REGION": null,
                "SECTIONARC": null,
                "SECTION_AB": null,
                "SOURCE": null,
                "STRAT_INTE": "F6-7",
                "SectionArc": null,
                "Shape_Ar_1": null,
                "Shape_Area": null,
                "Shape_Le_1": null,
                "Shape_Leng": 380.27705217,
                "Shape_Length": null,
                "Stop": null,
                "Stop_Num": null,
                "Symbology": "Missing"
            }
        },
        {
            "type": "Feature",
            "geometry": {
                "type": "LineString",
                "coordinates": [
                    [
                        -104.71322297959692,
                        31.67775840974459
                    ],
                    [
                        -104.71233375003317,
                        31.677794433551295
                    ],
                    [
                        -104.71220050013802,
                        31.677756116057953
                    ],
                    [
                        -104.71171183813178,
                        31.677640965330543
                    ],
                    [
                        -104.711133914372,
                        31.677639663060862
                    ],
                    [
                        -104.71024480267306,
                        31.677637654461332
                    ],
                    [
                        -104.70997806907526,
                        31.677637050673038
                    ],
                    [
                        -104.70948905732436,
                        31.67763594227917
                    ],
                    [
                        -104.70940038200541,
                        31.67755970666436
                    ],
                    [
                        -104.7091789289911,
                        31.677293081659414
                    ],
                    [
                        -104.70909049002003,
                        31.677140811935914
                    ],
                    [
                        -104.7088237578675,
                        31.67714020574054
                    ],
                    [
                        -104.70873484644844,
                        31.6771400035499
                    ]
                ]
            },
            "properties": {
                "Abbrev": null,
                "Alpha": null,
                "Area": null,
                "CS_ID": null,
                "CYCLE": null,
                "CycleDsolv": null,
                "DESCRIPT": null,
                "FEATUREKEY": 95430.0,
                "FEATUREK_1": null,
                "FEATURETYP": "Photo_Panel",
                "FID_": null,
                "FID_Cross_": null,
                "FID_FanGeo": null,
                "FID_Fan_De": null,
                "FID_GIS_Re": null,
                "FID_Photo_": null,
                "FID_ftrip_": null,
                "FID_measur": null,
                "FID_patter": null,
                "FOURTH_ORD": null,
                "FOURTH_O_1": null,
                "FanID": null,
                "Fan_Del": null,
                "Fan_Del_sh": null,
                "FeatureT_1": null,
                "Geo_short": null,
                "Geography": null,
                "Gradient": null,
                "Hyperlink": null,
                "ID": 0,
                "Id": null,
                "Id_1": null,
                "LENGTH": 0.0,
                "Location": null,
                "MAPSYMBOL": null,
                "MAP_SYMBOL": null,
                "MS_ID": null,
                "MidptX": null,
                "MidptY": null,
                "Mod_names": null,
                "NAME": "CatCanyon",
                "NAME_1": null,
                "Name": null,
                "OBJECTID": null,
                "OBJECTID_1": null,
                "ORDERBY": null,
                "ORIG_FID": null,
                "Offset": null,
                "PATTERNID": null,
                "PERSON": null,
                "PMLABEL": null,
                "PM_NAME": "CatCanyon",
                "PM_NAME_NE": null,
                "Pattern": null,
                "Profile": null,
                "REGION": null,
                "SECTIONARC": null,
                "SECTION_AB": null,
                "SOURCE": null,
                "STRAT_INTE": "F6-7",
                "SectionArc": null,
                "Shape_Ar_1": null,
                "Shape_Area": null,
                "Shape_Le_1": null,
                "Shape_Leng": 457.1541887,
                "Shape_Length": null,
                "Stop": null,
                "Stop_Num": null,
                "Symbology": "Missing"
            }
        },
        {
            "type": "Feature",
            "geometry": {
                "type": "LineString",
                "coordinates": [
                    [
                        -104.70820492948032,
                        31.675998276191766
                    ],
                    [
                        -104.70820256463219,
                        31.67675861786253
                    ],
                    [
                        -104.70820150042213,
                        31.67710077126863
                    ],
                    [
                        -104.70806695191817,
                        31.677480638540636
                    ],
                    [
                        -104.70788818248681,
                        31.677784370364986
                    ],
                    [
                        -104.7073541216017,
                        31.677973237057994
                    ],
                    [
                        -104.7067753652448,
                        31.678238035384833
                    ],
                    [
                        -104.70650708376951,
                        31.678731646242113
                    ],
                    [
                        -104.70641698210332,
                        31.679111612615355
                    ],
                    [
                        -104.70632771177105,
                        31.679225460420433
                    ]
                ]
            },
            "properties": {
                "Abbrev": null,
                "Alpha": null,
                "Area": null,
                "CS_ID": null,
                "CYCLE": null,
                "CycleDsolv": null,
                "DESCRIPT": null,
                "FEATUREKEY": 95431.0,
                "FEATUREK_1": null,
                "FEATURETYP": "Photo_Panel",
                "FID_": null,
                "FID_Cross_": null,
                "FID_FanGeo": null,
                "FID_Fan_De": null,
                "FID_GIS_Re": null,
                "FID_Photo_": null,
                "FID_ftrip_": null,
                "FID_measur": null,
                "FID_patter": null,
                "FOURTH_ORD": null,
                "FOURTH_O_1": null,
                "FanID": null,
                "Fan_Del": null,
                "Fan_Del_sh": null,
                "FeatureT_1": null,
                "Geo_short": null,
                "Geography": null,
                "Gradient": null,
                "Hyperlink": null,
                "ID": 286,
                "Id": null,
                "Id_1": null,
                "LENGTH": 0.0,
                "Location": null,
                "MAPSYMBOL": null,
                "MAP_SYMBOL": null,
                "MS_ID": null,
                "MidptX": null,
                "MidptY": null,
                "Mod_names": null,
                "NAME": "SeepSpring_East",
                "NAME_1": null,
                "Name": null,
                "OBJECTID": null,
                "OBJECTID_1": null,
                "ORDERBY": null,
                "ORIG_FID": null,
                "Offset": null,
                "PATTERNID": null,
                "PERSON": null,
                "PMLABEL": null,
                "PM_NAME": "SeepSpring_East",
                "PM_NAME_NE": null,
                "Pattern": null,
                "Profile": null,
                "REGION": null,
                "SECTIONARC": null,
                "SECTION_AB": null,
                "SOURCE": null,
                "STRAT_INTE": "F6-7",
                "SectionArc": null,
                "Shape_Ar_1": null,
                "Shape_Area": null,
                "Shape_Le_1": null,
                "Shape_Leng": 439.367655019,
                "Shape_Length": null,
                "Stop": null,
                "Stop_Num": null,
                "Symbology": "Present"
            }
        },
        {
            "type": "Feature",
            "geometry": {
                "type": "LineString",
                "coordinates": [
                    [
                        -104.7336593475972,
                        31.667138651521373
                    ],
                    [
                        -104.73366269083577,
                        31.66596011686141
                    ],
                    [
                        -104.73326728420514,
                        31.664324543841744
                    ],
                    [
                        -104.73326966008936,
                        31.663488164308674
                    ],
                    [
                        -104.73181022755848,
                        31.660899929834947
                    ],
                    [
                        -104.73141302567683,
                        31.659910642630013
                    ]
                ]
            },
            "properties": {
                "Abbrev": null,
                "Alpha": null,
                "Area": null,
                "CS_ID": null,
                "CYCLE": null,
                "CycleDsolv": null,
                "DESCRIPT": null,
                "FEATUREKEY": 95432.0,
                "FEATUREK_1": null,
                "FEATURETYP": "Photo_Panel",
                "FID_": null,
                "FID_Cross_": null,
                "FID_FanGeo": null,
                "FID_Fan_De": null,
                "FID_GIS_Re": null,
                "FID_Photo_": null,
                "FID_ftrip_": null,
                "FID_measur": null,
                "FID_patter": null,
                "FOURTH_ORD": null,
                "FOURTH_O_1": null,
                "FanID": null,
                "Fan_Del": null,
                "Fan_Del_sh": null,
                "FeatureT_1": null,
                "Geo_short": null,
                "Geography": null,
                "Gradient": null,
                "Hyperlink": null,
                "ID": 0,
                "Id": null,
                "Id_1": null,
                "LENGTH": 0.0,
                "Location": null,
                "MAPSYMBOL": null,
                "MAP_SYMBOL": null,
                "MS_ID": null,
                "MidptX": null,
                "MidptY": null,
                "Mod_names": null,
                "NAME": null,
                "NAME_1": null,
                "Name": null,
                "OBJECTID": null,
                "OBJECTID_1": null,
                "ORDERBY": null,
                "ORIG_FID": null,
                "Offset": null,
                "PATTERNID": null,
                "PERSON": null,
                "PMLABEL": null,
                "PM_NAME": null,
                "PM_NAME_NE": null,
                "Pattern": null,
                "Profile": null,
                "REGION": null,
                "SECTIONARC": null,
                "SECTION_AB": null,
                "SOURCE": null,
                "STRAT_INTE": null,
                "SectionArc": null,
                "Shape_Ar_1": null,
                "Shape_Area": null,
                "Shape_Le_1": null,
                "Shape_Leng": 842.86898088,
                "Shape_Length": null,
                "Stop": null,
                "Stop_Num": null,
                "Symbology": "Missing"
            }
        },
        {
            "type": "Feature",
            "geometry": {
                "type": "LineString",
                "coordinates": [
                    [
                        -104.7310996090164,
                        31.66070835280475
                    ],
                    [
                        -104.73078727583403,
                        31.661125889310835
                    ],
                    [
                        -104.73034279826842,
                        31.66112495456937
                    ],
                    [
                        -104.73007567419239,
                        31.66127646226691
                    ],
                    [
                        -104.7295865282038,
                        31.661351465423266
                    ],
                    [
                        -104.7287430061407,
                        31.66100752449467
                    ],
                    [
                        -104.7278569148897,
                        31.66001719115305
                    ],
                    [
                        -104.72723653049142,
                        31.659369574446796
                    ],
                    [
                        -104.72665982655336,
                        31.658988170143946
                    ],
                    [
                        -104.7258175565936,
                        31.65822602084218
                    ]
                ]
            },
            "properties": {
                "Abbrev": null,
                "Alpha": null,
                "Area": null,
                "CS_ID": null,
                "CYCLE": null,
                "CycleDsolv": null,
                "DESCRIPT": null,
                "FEATUREKEY": 95433.0,
                "FEATUREK_1": null,
                "FEATURETYP": "Photo_Panel",
                "FID_": null,
                "FID_Cross_": null,
                "FID_FanGeo": null,
                "FID_Fan_De": null,
                "FID_GIS_Re": null,
                "FID_Photo_": null,
                "FID_ftrip_": null,
                "FID_measur": null,
                "FID_patter": null,
                "FOURTH_ORD": null,
                "FOURTH_O_1": null,
                "FanID": null,
                "Fan_Del": null,
                "Fan_Del_sh": null,
                "FeatureT_1": null,
                "Geo_short": null,
                "Geography": null,
                "Gradient": null,
                "Hyperlink": null,
                "ID": 0,
                "Id": null,
                "Id_1": null,
                "LENGTH": 0.0,
                "Location": null,
                "MAPSYMBOL": null,
                "MAP_SYMBOL": null,
                "MS_ID": null,
                "MidptX": null,
                "MidptY": null,
                "Mod_names": null,
                "NAME": null,
                "NAME_1": null,
                "Name": null,
                "OBJECTID": null,
                "OBJECTID_1": null,
                "ORDERBY": null,
                "ORIG_FID": null,
                "Offset": null,
                "PATTERNID": null,
                "PERSON": null,
                "PMLABEL": null,
                "PM_NAME": null,
                "PM_NAME_NE": null,
                "Pattern": null,
                "Profile": null,
                "REGION": null,
                "SECTIONARC": null,
                "SECTION_AB": null,
                "SOURCE": null,
                "STRAT_INTE": null,
                "SectionArc": null,
                "Shape_Ar_1": null,
                "Shape_Area": null,
                "Shape_Le_1": null,
                "Shape_Leng": 679.53034086,
                "Shape_Length": null,
                "Stop": null,
                "Stop_Num": null,
                "Symbology": "Missing"
            }
        },
        {
            "type": "Feature",
            "geometry": {
                "type": "LineString",
                "coordinates": [
                    [
                        -104.78849056515195,
                        31.805707547459605
                    ],
                    [
                        -104.78651972607962,
                        31.803332869883334
                    ]
                ]
            },
            "properties": {
                "Abbrev": null,
                "Alpha": null,
                "Area": null,
                "CS_ID": null,
                "CYCLE": null,
                "CycleDsolv": null,
                "DESCRIPT": null,
                "FEATUREKEY": 95434.0,
                "FEATUREK_1": null,
                "FEATURETYP": "Photo_Panel",
                "FID_": null,
                "FID_Cross_": null,
                "FID_FanGeo": null,
                "FID_Fan_De": null,
                "FID_GIS_Re": null,
                "FID_Photo_": null,
                "FID_ftrip_": null,
                "FID_measur": null,
                "FID_patter": null,
                "FOURTH_ORD": null,
                "FOURTH_O_1": null,
                "FanID": null,
                "Fan_Del": null,
                "Fan_Del_sh": null,
                "FeatureT_1": null,
                "Geo_short": null,
                "Geography": null,
                "Gradient": null,
                "Hyperlink": null,
                "ID": 0,
                "Id": null,
                "Id_1": null,
                "LENGTH": 2608.889,
                "Location": null,
                "MAPSYMBOL": "RegD-D'",
                "MAP_SYMBOL": null,
                "MS_ID": null,
                "MidptX": null,
                "MidptY": null,
                "Mod_names": null,
                "NAME": "RegionalD-Dprime",
                "NAME_1": null,
                "Name": null,
                "OBJECTID": null,
                "OBJECTID_1": null,
                "ORDERBY": null,
                "ORIG_FID": null,
                "Offset": null,
                "PATTERNID": null,
                "PERSON": null,
                "PMLABEL": null,
                "PM_NAME": "RegionalD-D'",
                "PM_NAME_NE": null,
                "Pattern": null,
                "Profile": null,
                "REGION": null,
                "SECTIONARC": null,
                "SECTION_AB": null,
                "SOURCE": null,
                "STRAT_INTE": null,
                "SectionArc": null,
                "Shape_Ar_1": null,
                "Shape_Area": null,
                "Shape_Le_1": null,
                "Shape_Leng": 322.61231162,
                "Shape_Length": null,
                "Stop": null,
                "Stop_Num": null,
                "Symbology": "Missing"
            }
        },
        {
            "type": "Feature",
            "geometry": {
                "type": "LineString",
                "coordinates": [
                    [
                        -104.79842044319463,
                        31.769699668662312
                    ],
                    [
                        -104.78757890992506,
                        31.74675516303895
                    ]
                ]
            },
            "properties": {
                "Abbrev": null,
                "Alpha": null,
                "Area": null,
                "CS_ID": null,
                "CYCLE": null,
                "CycleDsolv": null,
                "DESCRIPT": null,
                "FEATUREKEY": 95435.0,
                "FEATUREK_1": null,
                "FEATURETYP": "Photo_Panel",
                "FID_": null,
                "FID_Cross_": null,
                "FID_FanGeo": null,
                "FID_Fan_De": null,
                "FID_GIS_Re": null,
                "FID_Photo_": null,
                "FID_ftrip_": null,
                "FID_measur": null,
                "FID_patter": null,
                "FOURTH_ORD": null,
                "FOURTH_O_1": null,
                "FanID": null,
                "Fan_Del": null,
                "Fan_Del_sh": null,
                "FeatureT_1": null,
                "Geo_short": null,
                "Geography": null,
                "Gradient": null,
                "Hyperlink": null,
                "ID": 0,
                "Id": null,
                "Id_1": null,
                "LENGTH": 2742.547,
                "Location": null,
                "MAPSYMBOL": "PolPo",
                "MAP_SYMBOL": null,
                "MS_ID": null,
                "MidptX": null,
                "MidptY": null,
                "Mod_names": null,
                "NAME": "Pollo-Popo",
                "NAME_1": null,
                "Name": null,
                "OBJECTID": null,
                "OBJECTID_1": null,
                "ORDERBY": null,
                "ORIG_FID": null,
                "Offset": null,
                "PATTERNID": null,
                "PERSON": null,
                "PMLABEL": null,
                "PM_NAME": "Pollo-Popo",
                "PM_NAME_NE": null,
                "Pattern": null,
                "Profile": null,
                "REGION": null,
                "SECTIONARC": null,
                "SECTION_AB": null,
                "SOURCE": null,
                "STRAT_INTE": "F4-5",
                "SectionArc": null,
                "Shape_Ar_1": null,
                "Shape_Area": null,
                "Shape_Le_1": null,
                "Shape_Leng": 2742.54657134,
                "Shape_Length": null,
                "Stop": null,
                "Stop_Num": null,
                "Symbology": "Missing"
            }
        },
        {
            "type": "Feature",
            "geometry": {
                "type": "LineString",
                "coordinates": [
                    [
                        -104.76637461867227,
                        31.690797077761047
                    ],
                    [
                        -104.76553395823856,
                        31.689450560223776
                    ],
                    [
                        -104.76595858044679,
                        31.688401595418227
                    ],
                    [
                        -104.76580619054135,
                        31.687974860164466
                    ],
                    [
                        -104.76423666842781,
                        31.6866269959722
                    ],
                    [
                        -104.7640881648888,
                        31.68465845647594
                    ],
                    [
                        -104.76324709533476,
                        31.683508748118278
                    ]
                ]
            },
            "properties": {
                "Abbrev": null,
                "Alpha": null,
                "Area": null,
                "CS_ID": null,
                "CYCLE": null,
                "CycleDsolv": null,
                "DESCRIPT": null,
                "FEATUREKEY": 95436.0,
                "FEATUREK_1": null,
                "FEATURETYP": "Photo_Panel",
                "FID_": null,
                "FID_Cross_": null,
                "FID_FanGeo": null,
                "FID_Fan_De": null,
                "FID_GIS_Re": null,
                "FID_Photo_": null,
                "FID_ftrip_": null,
                "FID_measur": null,
                "FID_patter": null,
                "FOURTH_ORD": null,
                "FOURTH_O_1": null,
                "FanID": null,
                "Fan_Del": null,
                "Fan_Del_sh": null,
                "FeatureT_1": null,
                "Geo_short": null,
                "Geography": null,
                "Gradient": null,
                "Hyperlink": null,
                "ID": 0,
                "Id": null,
                "Id_1": null,
                "LENGTH": 921.435,
                "Location": null,
                "MAPSYMBOL": "Rkln",
                "MAP_SYMBOL": null,
                "MS_ID": null,
                "MidptX": null,
                "MidptY": null,
                "Mod_names": null,
                "NAME": "Rockleen",
                "NAME_1": null,
                "Name": null,
                "OBJECTID": null,
                "OBJECTID_1": null,
                "ORDERBY": null,
                "ORIG_FID": null,
                "Offset": null,
                "PATTERNID": null,
                "PERSON": null,
                "PMLABEL": null,
                "PM_NAME": "Rockleen",
                "PM_NAME_NE": null,
                "Pattern": null,
                "Profile": null,
                "REGION": null,
                "SECTIONARC": null,
                "SECTION_AB": null,
                "SOURCE": null,
                "STRAT_INTE": "F4",
                "SectionArc": null,
                "Shape_Ar_1": null,
                "Shape_Area": null,
                "Shape_Le_1": null,
                "Shape_Leng": 921.43545866,
                "Shape_Length": null,
                "Stop": null,
                "Stop_Num": null,
                "Symbology": "Present"
            }
        },
        {
            "type": "Feature",
            "geometry": {
                "type": "LineString",
                "coordinates": [
                    [
                        -104.85745196293782,
                        31.873034731328005
                    ],
                    [
                        -104.86037088050739,
                        31.866653696050633
                    ]
                ]
            },
            "properties": {
                "Abbrev": null,
                "Alpha": null,
                "Area": null,
                "CS_ID": null,
                "CYCLE": null,
                "CycleDsolv": null,
                "DESCRIPT": null,
                "FEATUREKEY": 95437.0,
                "FEATUREK_1": null,
                "FEATURETYP": "Photo_Panel",
                "FID_": null,
                "FID_Cross_": null,
                "FID_FanGeo": null,
                "FID_Fan_De": null,
                "FID_GIS_Re": null,
                "FID_Photo_": null,
                "FID_ftrip_": null,
                "FID_measur": null,
                "FID_patter": null,
                "FOURTH_ORD": null,
                "FOURTH_O_1": null,
                "FanID": null,
                "Fan_Del": null,
                "Fan_Del_sh": null,
                "FeatureT_1": null,
                "Geo_short": null,
                "Geography": null,
                "Gradient": null,
                "Hyperlink": null,
                "ID": 0,
                "Id": null,
                "Id_1": null,
                "LENGTH": 759.248,
                "Location": null,
                "MAPSYMBOL": "nsf",
                "MAP_SYMBOL": null,
                "MS_ID": null,
                "MidptX": null,
                "MidptY": null,
                "Mod_names": null,
                "NAME": "NorthSalt Flat",
                "NAME_1": null,
                "Name": null,
                "OBJECTID": null,
                "OBJECTID_1": null,
                "ORDERBY": null,
                "ORIG_FID": null,
                "Offset": null,
                "PATTERNID": null,
                "PERSON": null,
                "PMLABEL": null,
                "PM_NAME": "NorthSalt Flat",
                "PM_NAME_NE": null,
                "Pattern": null,
                "Profile": null,
                "REGION": null,
                "SECTIONARC": null,
                "SECTION_AB": null,
                "SOURCE": null,
                "STRAT_INTE": null,
                "SectionArc": null,
                "Shape_Ar_1": null,
                "Shape_Area": null,
                "Shape_Le_1": null,
                "Shape_Leng": 759.248052624,
                "Shape_Length": null,
                "Stop": null,
                "Stop_Num": null,
                "Symbology": "Missing"
            }
        },
        {
            "type": "Feature",
            "geometry": {
                "type": "LineString",
                "coordinates": [
                    [
                        -104.79855642950801,
                        31.77573171231799
                    ],
                    [
                        -104.79044861515132,
                        31.75441341102932
                    ]
                ]
            },
            "properties": {
                "Abbrev": null,
                "Alpha": null,
                "Area": null,
                "CS_ID": null,
                "CYCLE": null,
                "CycleDsolv": null,
                "DESCRIPT": null,
                "FEATUREKEY": 95438.0,
                "FEATUREK_1": null,
                "FEATURETYP": "Photo_Panel",
                "FID_": null,
                "FID_Cross_": null,
                "FID_FanGeo": null,
                "FID_Fan_De": null,
                "FID_GIS_Re": null,
                "FID_Photo_": null,
                "FID_ftrip_": null,
                "FID_measur": null,
                "FID_patter": null,
                "FOURTH_ORD": null,
                "FOURTH_O_1": null,
                "FanID": null,
                "Fan_Del": null,
                "Fan_Del_sh": null,
                "FeatureT_1": null,
                "Geo_short": null,
                "Geography": null,
                "Gradient": null,
                "Hyperlink": null,
                "ID": 293,
                "Id": null,
                "Id_1": null,
                "LENGTH": 2484.472,
                "Location": null,
                "MAPSYMBOL": null,
                "MAP_SYMBOL": null,
                "MS_ID": null,
                "MidptX": null,
                "MidptY": null,
                "Mod_names": null,
                "NAME": "Pollo",
                "NAME_1": null,
                "Name": null,
                "OBJECTID": null,
                "OBJECTID_1": null,
                "ORDERBY": null,
                "ORIG_FID": null,
                "Offset": null,
                "PATTERNID": null,
                "PERSON": null,
                "PMLABEL": null,
                "PM_NAME": "Pollo",
                "PM_NAME_NE": null,
                "Pattern": null,
                "Profile": null,
                "REGION": null,
                "SECTIONARC": null,
                "SECTION_AB": null,
                "SOURCE": null,
                "STRAT_INTE": "F4",
                "SectionArc": null,
                "Shape_Ar_1": null,
                "Shape_Area": null,
                "Shape_Le_1": null,
                "Shape_Leng": 2484.47162226,
                "Shape_Length": null,
                "Stop": null,
                "Stop_Num": null,
                "Symbology": "Present"
            }
        },
        {
            "type": "Feature",
            "geometry": {
                "type": "LineString",
                "coordinates": [
                    [
                        -104.79078461127527,
                        31.76806036981678
                    ],
                    [
                        -104.7842536783934,
                        31.753069949407998
                    ]
                ]
            },
            "properties": {
                "Abbrev": null,
                "Alpha": null,
                "Area": null,
                "CS_ID": null,
                "CYCLE": null,
                "CycleDsolv": null,
                "DESCRIPT": null,
                "FEATUREKEY": 95439.0,
                "FEATUREK_1": null,
                "FEATURETYP": "Photo_Panel",
                "FID_": null,
                "FID_Cross_": null,
                "FID_FanGeo": null,
                "FID_Fan_De": null,
                "FID_GIS_Re": null,
                "FID_Photo_": null,
                "FID_ftrip_": null,
                "FID_measur": null,
                "FID_patter": null,
                "FOURTH_ORD": null,
                "FOURTH_O_1": null,
                "FanID": null,
                "Fan_Del": null,
                "Fan_Del_sh": null,
                "FeatureT_1": null,
                "Geo_short": null,
                "Geography": null,
                "Gradient": null,
                "Hyperlink": null,
                "ID": 0,
                "Id": null,
                "Id_1": null,
                "LENGTH": 1772.878,
                "Location": null,
                "MAPSYMBOL": null,
                "MAP_SYMBOL": null,
                "MS_ID": null,
                "MidptX": null,
                "MidptY": null,
                "Mod_names": null,
                "NAME": "popo_XS",
                "NAME_1": null,
                "Name": null,
                "OBJECTID": null,
                "OBJECTID_1": null,
                "ORDERBY": null,
                "ORIG_FID": null,
                "Offset": null,
                "PATTERNID": null,
                "PERSON": null,
                "PMLABEL": null,
                "PM_NAME": "popo_XS",
                "PM_NAME_NE": null,
                "Pattern": null,
                "Profile": null,
                "REGION": null,
                "SECTIONARC": null,
                "SECTION_AB": null,
                "SOURCE": null,
                "STRAT_INTE": null,
                "SectionArc": null,
                "Shape_Ar_1": null,
                "Shape_Area": null,
                "Shape_Le_1": null,
                "Shape_Leng": 1772.87758754,
                "Shape_Length": null,
                "Stop": null,
                "Stop_Num": null,
                "Symbology": "Missing"
            }
        },
        {
            "type": "Feature",
            "geometry": {
                "type": "LineString",
                "coordinates": [
                    [
                        -104.77545689970913,
                        31.74483852480512
                    ],
                    [
                        -104.77362884195736,
                        31.745422833066034
                    ],
                    [
                        -104.76732166653345,
                        31.732195311327075
                    ],
                    [
                        -104.76913427189658,
                        31.732431252167803
                    ],
                    [
                        -104.76946398723808,
                        31.727191621732093
                    ],
                    [
                        -104.75872306042601,
                        31.725038270072364
                    ],
                    [
                        -104.75873741673743,
                        31.7194621229193
                    ],
                    [
                        -104.7647846189448,
                        31.72108755002893
                    ],
                    [
                        -104.75866357869135,
                        31.714802940067894
                    ]
                ]
            },
            "properties": {
                "Abbrev": null,
                "Alpha": null,
                "Area": null,
                "CS_ID": null,
                "CYCLE": null,
                "CycleDsolv": null,
                "DESCRIPT": null,
                "FEATUREKEY": 95441.0,
                "FEATUREK_1": null,
                "FEATURETYP": "Photo_Panel",
                "FID_": null,
                "FID_Cross_": null,
                "FID_FanGeo": null,
                "FID_Fan_De": null,
                "FID_GIS_Re": null,
                "FID_Photo_": null,
                "FID_ftrip_": null,
                "FID_measur": null,
                "FID_patter": null,
                "FOURTH_ORD": null,
                "FOURTH_O_1": null,
                "FanID": null,
                "Fan_Del": null,
                "Fan_Del_sh": null,
                "FeatureT_1": null,
                "Geo_short": null,
                "Geography": null,
                "Gradient": null,
                "Hyperlink": "f5_BV_Xsext.jpg",
                "ID": 0,
                "Id": null,
                "Id_1": null,
                "LENGTH": 5693.504,
                "Location": null,
                "MAPSYMBOL": null,
                "MAP_SYMBOL": null,
                "MS_ID": null,
                "MidptX": null,
                "MidptY": null,
                "Mod_names": null,
                "NAME": "USBV - Gash",
                "NAME_1": null,
                "Name": null,
                "OBJECTID": null,
                "OBJECTID_1": null,
                "ORDERBY": null,
                "ORIG_FID": null,
                "Offset": null,
                "PATTERNID": null,
                "PERSON": null,
                "PMLABEL": null,
                "PM_NAME": "USBV - Gash",
                "PM_NAME_NE": null,
                "Pattern": null,
                "Profile": null,
                "REGION": null,
                "SECTIONARC": null,
                "SECTION_AB": null,
                "SOURCE": null,
                "STRAT_INTE": "F5",
                "SectionArc": null,
                "Shape_Ar_1": null,
                "Shape_Area": null,
                "Shape_Le_1": null,
                "Shape_Leng": 5693.50389313,
                "Shape_Length": null,
                "Stop": null,
                "Stop_Num": null,
                "Symbology": "Missing"
            }
        },
        {
            "type": "Feature",
            "geometry": {
                "type": "LineString",
                "coordinates": [
                    [
                        -104.78109940876826,
                        31.758446305500772
                    ],
                    [
                        -104.78017500783875,
                        31.755626275851412
                    ]
                ]
            },
            "properties": {
                "Abbrev": null,
                "Alpha": null,
                "Area": null,
                "CS_ID": null,
                "CYCLE": null,
                "CycleDsolv": null,
                "DESCRIPT": null,
                "FEATUREKEY": 95442.0,
                "FEATUREK_1": null,
                "FEATURETYP": "Photo_Panel",
                "FID_": null,
                "FID_Cross_": null,
                "FID_FanGeo": null,
                "FID_Fan_De": null,
                "FID_GIS_Re": null,
                "FID_Photo_": null,
                "FID_ftrip_": null,
                "FID_measur": null,
                "FID_patter": null,
                "FOURTH_ORD": null,
                "FOURTH_O_1": null,
                "FanID": null,
                "Fan_Del": null,
                "Fan_Del_sh": null,
                "FeatureT_1": null,
                "Geo_short": null,
                "Geography": null,
                "Gradient": null,
                "Hyperlink": "f5_Popocito_panel.jpg",
                "ID": 312,
                "Id": null,
                "Id_1": null,
                "LENGTH": 324.593,
                "Location": null,
                "MAPSYMBOL": null,
                "MAP_SYMBOL": null,
                "MS_ID": null,
                "MidptX": null,
                "MidptY": null,
                "Mod_names": null,
                "NAME": "Popocito_panel",
                "NAME_1": null,
                "Name": null,
                "OBJECTID": null,
                "OBJECTID_1": null,
                "ORDERBY": null,
                "ORIG_FID": null,
                "Offset": null,
                "PATTERNID": null,
                "PERSON": null,
                "PMLABEL": null,
                "PM_NAME": "Popocito_panel",
                "PM_NAME_NE": null,
                "Pattern": null,
                "Profile": null,
                "REGION": null,
                "SECTIONARC": null,
                "SECTION_AB": null,
                "SOURCE": null,
                "STRAT_INTE": null,
                "SectionArc": null,
                "Shape_Ar_1": null,
                "Shape_Area": null,
                "Shape_Le_1": null,
                "Shape_Leng": 324.592639673,
                "Shape_Length": null,
                "Stop": null,
                "Stop_Num": null,
                "Symbology": "Missing"
            }
        },
        {
            "type": "Feature",
            "geometry": {
                "type": "LineString",
                "coordinates": [
                    [
                        -104.79071011720761,
                        31.776145388269196
                    ],
                    [
                        -104.79101670776471,
                        31.774755348246984
                    ],
                    [
                        -104.79038514519436,
                        31.77343447626709
                    ],
                    [
                        -104.78883693718154,
                        31.76392771728968
                    ],
                    [
                        -104.78373441593232,
                        31.754885266350076
                    ]
                ]
            },
            "properties": {
                "Abbrev": null,
                "Alpha": null,
                "Area": null,
                "CS_ID": null,
                "CYCLE": null,
                "CycleDsolv": null,
                "DESCRIPT": null,
                "FEATUREKEY": 95443.0,
                "FEATUREK_1": null,
                "FEATURETYP": "Photo_Panel",
                "FID_": null,
                "FID_Cross_": null,
                "FID_FanGeo": null,
                "FID_Fan_De": null,
                "FID_GIS_Re": null,
                "FID_Photo_": null,
                "FID_ftrip_": null,
                "FID_measur": null,
                "FID_patter": null,
                "FOURTH_ORD": null,
                "FOURTH_O_1": null,
                "FanID": null,
                "Fan_Del": null,
                "Fan_Del_sh": null,
                "FeatureT_1": null,
                "Geo_short": null,
                "Geography": null,
                "Gradient": null,
                "Hyperlink": "f5_popo_CHinH_panel.jpg",
                "ID": 314,
                "Id": null,
                "Id_1": null,
                "LENGTH": 2491.426,
                "Location": null,
                "MAPSYMBOL": null,
                "MAP_SYMBOL": null,
                "MS_ID": null,
                "MidptX": null,
                "MidptY": null,
                "Mod_names": null,
                "NAME": "Popo_ChinamansHat",
                "NAME_1": null,
                "Name": null,
                "OBJECTID": null,
                "OBJECTID_1": null,
                "ORDERBY": null,
                "ORIG_FID": null,
                "Offset": null,
                "PATTERNID": null,
                "PERSON": null,
                "PMLABEL": null,
                "PM_NAME": "f5 Popo - Chinam",
                "PM_NAME_NE": null,
                "Pattern": null,
                "Profile": null,
                "REGION": null,
                "SECTIONARC": null,
                "SECTION_AB": null,
                "SOURCE": null,
                "STRAT_INTE": null,
                "SectionArc": null,
                "Shape_Ar_1": null,
                "Shape_Area": null,
                "Shape_Le_1": null,
                "Shape_Leng": 2491.42584633,
                "Shape_Length": null,
                "Stop": null,
                "Stop_Num": null,
                "Symbology": "Present"
            }
        },
        {
            "type": "Feature",
            "geometry": {
                "type": "LineString",
                "coordinates": [
                    [
                        -104.78544266890938,
                        31.755294292116627
                    ],
                    [
                        -104.78351950872228,
                        31.759484174867605
                    ],
                    [
                        -104.78724683862089,
                        31.765389085656125
                    ]
                ]
            },
            "properties": {
                "Abbrev": null,
                "Alpha": null,
                "Area": null,
                "CS_ID": null,
                "CYCLE": null,
                "CycleDsolv": null,
                "DESCRIPT": null,
                "FEATUREKEY": 95444.0,
                "FEATUREK_1": null,
                "FEATURETYP": "Photo_Panel",
                "FID_": null,
                "FID_Cross_": null,
                "FID_FanGeo": null,
                "FID_Fan_De": null,
                "FID_GIS_Re": null,
                "FID_Photo_": null,
                "FID_ftrip_": null,
                "FID_measur": null,
                "FID_patter": null,
                "FOURTH_ORD": null,
                "FOURTH_O_1": null,
                "FanID": null,
                "Fan_Del": null,
                "Fan_Del_sh": null,
                "FeatureT_1": null,
                "Geo_short": null,
                "Geography": null,
                "Gradient": null,
                "Hyperlink": "f5_EPopo_panel.jpg",
                "ID": 313,
                "Id": null,
                "Id_1": null,
                "LENGTH": 1242.434,
                "Location": null,
                "MAPSYMBOL": null,
                "MAP_SYMBOL": null,
                "MS_ID": null,
                "MidptX": null,
                "MidptY": null,
                "Mod_names": null,
                "NAME": "East Popo",
                "NAME_1": null,
                "Name": null,
                "OBJECTID": null,
                "OBJECTID_1": null,
                "ORDERBY": null,
                "ORIG_FID": null,
                "Offset": null,
                "PATTERNID": null,
                "PERSON": null,
                "PMLABEL": null,
                "PM_NAME": "East Popo",
                "PM_NAME_NE": null,
                "Pattern": null,
                "Profile": null,
                "REGION": null,
                "SECTIONARC": null,
                "SECTION_AB": null,
                "SOURCE": null,
                "STRAT_INTE": null,
                "SectionArc": null,
                "Shape_Ar_1": null,
                "Shape_Area": null,
                "Shape_Le_1": null,
                "Shape_Leng": 1242.43415107,
                "Shape_Length": null,
                "Stop": null,
                "Stop_Num": null,
                "Symbology": "Missing"
            }
        },
        {
            "type": "Feature",
            "geometry": {
                "type": "LineString",
                "coordinates": [
                    [
                        -104.75612833063602,
                        31.69932404120506
                    ],
                    [
                        -104.75525997178354,
                        31.688424863714427
                    ],
                    [
                        -104.7550933276041,
                        31.686080473628067
                    ]
                ]
            },
            "properties": {
                "Abbrev": null,
                "Alpha": null,
                "Area": null,
                "CS_ID": null,
                "CYCLE": null,
                "CycleDsolv": null,
                "DESCRIPT": null,
                "FEATUREKEY": 95445.0,
                "FEATUREK_1": null,
                "FEATURETYP": "Photo_Panel",
                "FID_": null,
                "FID_Cross_": null,
                "FID_FanGeo": null,
                "FID_Fan_De": null,
                "FID_GIS_Re": null,
                "FID_Photo_": null,
                "FID_ftrip_": null,
                "FID_measur": null,
                "FID_patter": null,
                "FOURTH_ORD": null,
                "FOURTH_O_1": null,
                "FanID": null,
                "Fan_Del": null,
                "Fan_Del_sh": null,
                "FeatureT_1": null,
                "Geo_short": null,
                "Geography": null,
                "Gradient": null,
                "Hyperlink": "Col_NWG_F5_XS.jpg",
                "ID": 310,
                "Id": null,
                "Id_1": null,
                "LENGTH": 1471.157,
                "Location": null,
                "MAPSYMBOL": null,
                "MAP_SYMBOL": null,
                "MS_ID": null,
                "MidptX": null,
                "MidptY": null,
                "Mod_names": null,
                "NAME": "North West Graben",
                "NAME_1": null,
                "Name": null,
                "OBJECTID": null,
                "OBJECTID_1": null,
                "ORDERBY": null,
                "ORIG_FID": null,
                "Offset": null,
                "PATTERNID": null,
                "PERSON": null,
                "PMLABEL": null,
                "PM_NAME": "NWG (North West",
                "PM_NAME_NE": null,
                "Pattern": null,
                "Profile": null,
                "REGION": null,
                "SECTIONARC": null,
                "SECTION_AB": null,
                "SOURCE": null,
                "STRAT_INTE": null,
                "SectionArc": null,
                "Shape_Ar_1": null,
                "Shape_Area": null,
                "Shape_Le_1": null,
                "Shape_Leng": 1471.15676438,
                "Shape_Length": null,
                "Stop": null,
                "Stop_Num": null,
                "Symbology": "Missing"
            }
        },
        {
            "type": "Feature",
            "geometry": {
                "type": "LineString",
                "coordinates": [
                    [
                        -104.75522146729365,
                        31.686153876009172
                    ],
                    [
                        -104.74938748116885,
                        31.692251277421338
                    ]
                ]
            },
            "properties": {
                "Abbrev": null,
                "Alpha": null,
                "Area": null,
                "CS_ID": null,
                "CYCLE": null,
                "CycleDsolv": null,
                "DESCRIPT": null,
                "FEATUREKEY": 95446.0,
                "FEATUREK_1": null,
                "FEATURETYP": "Photo_Panel",
                "FID_": null,
                "FID_Cross_": null,
                "FID_FanGeo": null,
                "FID_Fan_De": null,
                "FID_GIS_Re": null,
                "FID_Photo_": null,
                "FID_ftrip_": null,
                "FID_measur": null,
                "FID_patter": null,
                "FOURTH_ORD": null,
                "FOURTH_O_1": null,
                "FanID": null,
                "Fan_Del": null,
                "Fan_Del_sh": null,
                "FeatureT_1": null,
                "Geo_short": null,
                "Geography": null,
                "Gradient": null,
                "Hyperlink": "f5_Wall2_panel.JPG",
                "ID": 14,
                "Id": null,
                "Id_1": null,
                "LENGTH": 873.181,
                "Location": null,
                "MAPSYMBOL": null,
                "MAP_SYMBOL": null,
                "MS_ID": null,
                "MidptX": null,
                "MidptY": null,
                "Mod_names": null,
                "NAME": "ColleenF5Wall2",
                "NAME_1": null,
                "Name": null,
                "OBJECTID": null,
                "OBJECTID_1": null,
                "ORDERBY": null,
                "ORIG_FID": null,
                "Offset": null,
                "PATTERNID": null,
                "PERSON": null,
                "PMLABEL": null,
                "PM_NAME": "Wall 2",
                "PM_NAME_NE": null,
                "Pattern": null,
                "Profile": null,
                "REGION": null,
                "SECTIONARC": null,
                "SECTION_AB": null,
                "SOURCE": null,
                "STRAT_INTE": null,
                "SectionArc": null,
                "Shape_Ar_1": null,
                "Shape_Area": null,
                "Shape_Le_1": null,
                "Shape_Leng": 873.181070144,
                "Shape_Length": null,
                "Stop": null,
                "Stop_Num": null,
                "Symbology": "Present"
            }
        },
        {
            "type": "Feature",
            "geometry": {
                "type": "LineString",
                "coordinates": [
                    [
                        -104.74677706343347,
                        31.681983094393214
                    ],
                    [
                        -104.75176690197316,
                        31.698401177830647
                    ]
                ]
            },
            "properties": {
                "Abbrev": null,
                "Alpha": null,
                "Area": null,
                "CS_ID": null,
                "CYCLE": null,
                "CycleDsolv": null,
                "DESCRIPT": null,
                "FEATUREKEY": 95447.0,
                "FEATUREK_1": null,
                "FEATURETYP": "Photo_Panel",
                "FID_": null,
                "FID_Cross_": null,
                "FID_FanGeo": null,
                "FID_Fan_De": null,
                "FID_GIS_Re": null,
                "FID_Photo_": null,
                "FID_ftrip_": null,
                "FID_measur": null,
                "FID_patter": null,
                "FOURTH_ORD": null,
                "FOURTH_O_1": null,
                "FanID": null,
                "Fan_Del": null,
                "Fan_Del_sh": null,
                "FeatureT_1": null,
                "Geo_short": null,
                "Geography": null,
                "Gradient": null,
                "Hyperlink": "f5_cigarwall_panel.jpg",
                "ID": 311,
                "Id": null,
                "Id_1": null,
                "LENGTH": 1880.173,
                "Location": null,
                "MAPSYMBOL": null,
                "MAP_SYMBOL": null,
                "MS_ID": null,
                "MidptX": null,
                "MidptY": null,
                "Mod_names": null,
                "NAME": "Cigar Wall",
                "NAME_1": null,
                "Name": null,
                "OBJECTID": null,
                "OBJECTID_1": null,
                "ORDERBY": null,
                "ORIG_FID": null,
                "Offset": null,
                "PATTERNID": null,
                "PERSON": null,
                "PMLABEL": null,
                "PM_NAME": "Cigar wall",
                "PM_NAME_NE": null,
                "Pattern": null,
                "Profile": null,
                "REGION": null,
                "SECTIONARC": null,
                "SECTION_AB": null,
                "SOURCE": null,
                "STRAT_INTE": null,
                "SectionArc": null,
                "Shape_Ar_1": null,
                "Shape_Area": null,
                "Shape_Le_1": null,
                "Shape_Leng": 1880.17264079,
                "Shape_Length": null,
                "Stop": null,
                "Stop_Num": null,
                "Symbology": "Present"
            }
        },
        {
            "type": "Feature",
            "geometry": {
                "type": "LineString",
                "coordinates": [
                    [
                        -104.76223329703632,
                        31.70445658650121
                    ],
                    [
                        -104.75557558574673,
                        31.698006143875595
                    ],
                    [
                        -104.76425280436852,
                        31.684012669909166
                    ]
                ]
            },
            "properties": {
                "Abbrev": null,
                "Alpha": null,
                "Area": null,
                "CS_ID": null,
                "CYCLE": null,
                "CycleDsolv": null,
                "DESCRIPT": null,
                "FEATUREKEY": 95448.0,
                "FEATUREK_1": null,
                "FEATURETYP": "Photo_Panel",
                "FID_": null,
                "FID_Cross_": null,
                "FID_FanGeo": null,
                "FID_Fan_De": null,
                "FID_GIS_Re": null,
                "FID_Photo_": null,
                "FID_ftrip_": null,
                "FID_measur": null,
                "FID_patter": null,
                "FOURTH_ORD": null,
                "FOURTH_O_1": null,
                "FanID": null,
                "Fan_Del": null,
                "Fan_Del_sh": null,
                "FeatureT_1": null,
                "Geo_short": null,
                "Geography": null,
                "Gradient": null,
                "Hyperlink": "f5_OFR_EP_UCVpanel.jpg",
                "ID": 296,
                "Id": null,
                "Id_1": null,
                "LENGTH": 2709.039,
                "Location": null,
                "MAPSYMBOL": null,
                "MAP_SYMBOL": null,
                "MS_ID": null,
                "MidptX": null,
                "MidptY": null,
                "Mod_names": null,
                "NAME": "Rock Art - EP - Culverts",
                "NAME_1": null,
                "Name": null,
                "OBJECTID": null,
                "OBJECTID_1": null,
                "ORDERBY": null,
                "ORIG_FID": null,
                "Offset": null,
                "PATTERNID": null,
                "PERSON": null,
                "PMLABEL": null,
                "PM_NAME": "Rock Art - EP - Culverts",
                "PM_NAME_NE": null,
                "Pattern": null,
                "Profile": null,
                "REGION": null,
                "SECTIONARC": null,
                "SECTION_AB": null,
                "SOURCE": null,
                "STRAT_INTE": null,
                "SectionArc": null,
                "Shape_Ar_1": null,
                "Shape_Area": null,
                "Shape_Le_1": null,
                "Shape_Leng": 2709.03889606,
                "Shape_Length": null,
                "Stop": null,
                "Stop_Num": null,
                "Symbology": "Missing"
            }
        },
        {
            "type": "Feature",
            "geometry": {
                "type": "LineString",
                "coordinates": [
                    [
                        -104.61804388647079,
                        31.442500149052755
                    ],
                    [
                        -104.61780007617527,
                        31.443416400596544
                    ],
                    [
                        -104.61826030410238,
                        31.4483582227635
                    ],
                    [
                        -104.61866884790108,
                        31.449893971038865
                    ]
                ]
            },
            "properties": {
                "Abbrev": null,
                "Alpha": null,
                "Area": null,
                "CS_ID": null,
                "CYCLE": null,
                "CycleDsolv": null,
                "DESCRIPT": null,
                "FEATUREKEY": 95449.0,
                "FEATUREK_1": null,
                "FEATURETYP": "Photo_Panel",
                "FID_": null,
                "FID_Cross_": null,
                "FID_FanGeo": null,
                "FID_Fan_De": null,
                "FID_GIS_Re": null,
                "FID_Photo_": null,
                "FID_ftrip_": null,
                "FID_measur": null,
                "FID_patter": null,
                "FOURTH_ORD": null,
                "FOURTH_O_1": null,
                "FanID": null,
                "Fan_Del": null,
                "Fan_Del_sh": null,
                "FeatureT_1": null,
                "Geo_short": null,
                "Geography": null,
                "Gradient": null,
                "Hyperlink": "sdmr_from_faulthill_rend.cvx",
                "ID": 308,
                "Id": null,
                "Id_1": null,
                "LENGTH": 0.0,
                "Location": null,
                "MAPSYMBOL": null,
                "MAP_SYMBOL": null,
                "MS_ID": null,
                "MidptX": null,
                "MidptY": null,
                "Mod_names": null,
                "NAME": "SDMR_from_FaultHill",
                "NAME_1": null,
                "Name": null,
                "OBJECTID": null,
                "OBJECTID_1": null,
                "ORDERBY": null,
                "ORIG_FID": null,
                "Offset": null,
                "PATTERNID": null,
                "PERSON": null,
                "PMLABEL": null,
                "PM_NAME": "SDMR_from_FaultHill",
                "PM_NAME_NE": null,
                "Pattern": null,
                "Profile": null,
                "REGION": null,
                "SECTIONARC": null,
                "SECTION_AB": null,
                "SOURCE": null,
                "STRAT_INTE": null,
                "SectionArc": null,
                "Shape_Ar_1": null,
                "Shape_Area": null,
                "Shape_Le_1": null,
                "Shape_Leng": 828.2008025,
                "Shape_Length": null,
                "Stop": null,
                "Stop_Num": null,
                "Symbology": "Present"
            }
        }
    ]
}