name,Facies,bed_count,total_thickness,mean_thickness,min_thickness,max_thickness,mean_grainsize,min_grainsize,max_grainsize,thickness_list,section_total_thickness
ArrowCanyon,1,2,0.5334999999999965,0.26674999999999827,0.25099999999999767,0.28249999999999886,3.573888888888889,2.88,4.06,"[0.251, 0.2825]",77.55
ArrowCanyon,2,3,1.5065000000000062,0.5021666666666688,0.18840000000000146,0.8788000000000018,3.5932539682539684,3.06,3.81,"[0.1884, 0.8788, 0.4393]",77.55
ArrowCanyon,3,1,1.161200000000001,1.161200000000001,1.161200000000001,1.161200000000001,3.7794594594594595,2.94,3.81,[1.1612],77.55
ArrowCanyon,4,4,7.8459999999999965,1.9614999999999991,0.3451999999999913,3.7661000000000016,4.00934335443038,3.49,4.2,"[3.7661, 2.4794, 1.2553, 0.3452]",77.55
ArrowCanyon,5,31,25.797300000000032,0.8321709677419366,0.15690000000000026,2.2911,3.787743020168248,2.88,4.83,"[0.1883, 0.3452, 0.9101, 2.2911, 0.1883, 1.632, 1.224, 0.1883, 0.7846, 0.1569, 1.0984, 0.659, 1.2553, 2.1969, 0.2196, 0.5963, 0.5335, 0.1883, 0.2824, 0.7532, 0.3766, 1.0043, 1.0984, 0.5022, 0.2196, 0.2197, 2.1969, 1.2867, 0.8474, 0.6277, 1.7261]",77.55
ArrowCanyon,6,7,12.051500000000011,1.7216428571428588,0.5334999999999965,5.366700000000002,4.180310687821591,2.7,4.79,"[0.5335, 5.3667, 0.7846, 0.6904, 2.0086, 1.6634, 1.0043]",77.55
ArrowCanyon,10,17,6.151299999999999,0.36184117647058817,0.1255000000000024,0.9100999999999999,3.45203161649961,2.78,4.32,"[0.2196, 0.1883, 0.5649, 0.408, 0.9101, 0.5336, 0.1883, 0.3453, 0.8474, 0.1255, 0.1255, 0.2825, 0.3453, 0.3452, 0.1883, 0.2824, 0.2511]",77.55
ArrowCanyon,11,2,0.5962999999999994,0.2981499999999997,0.21970000000000312,0.37659999999999627,3.1642261904761906,2.66,3.39,"[0.3766, 0.2197]",77.55
ArrowCanyon,12,2,0.4079999999999995,0.20399999999999974,0.1882999999999999,0.21969999999999956,2.9102380952380953,2.66,3.0,"[0.1883, 0.2197]",77.55
ArrowCanyon,13,3,0.5334999999999823,0.17783333333332743,0.12549999999998818,0.251100000000001,2.8713333333333337,2.86,2.9,"[0.2511, 0.1255, 0.1569]",77.55
ArrowCanyon,14,37,18.045899999999985,0.48772702702702664,0.09409999999999741,1.9459,2.8377495729791002,2.51,2.98,"[0.2511, 0.6904, 0.3139, 0.3138, 0.7219, 1.9459, 0.5335, 0.1883, 1.1298, 1.3495, 0.7532, 0.4393, 0.4707, 0.408, 0.1569, 0.1256, 0.5022, 0.1883, 0.0941, 0.1256, 1.0043, 0.2824, 0.0942, 0.5963, 0.9101, 1.0043, 0.6277, 0.8473, 0.1256, 0.1256, 0.1256, 0.1883, 0.0941, 0.0941, 0.1569, 0.7219, 0.3452]",77.55
ArrowCanyon,15,11,2.197199999999994,0.19974545454545398,0.09420000000000073,0.5649999999999977,2.8427525252525254,2.55,2.98,"[0.2511, 0.1883, 0.1569, 0.1883, 0.2197, 0.565, 0.1256, 0.1256, 0.1883, 0.0942, 0.0942]",77.55
ArrowCanyon,16,1,0.1882999999999999,0.1882999999999999,0.1882999999999999,0.1882999999999999,2.13,2.13,2.13,[0.1883],77.55
ArrowCanyon,18,1,0.5335,0.5335,0.5335,0.5335,3.4111764705882353,3.39,3.43,[0.5335],77.55
BadGirlsGully,4,1,0.22409999999999997,0.22409999999999997,0.22409999999999997,0.22409999999999997,3.2199999999999998,2.97,3.31,[0.2241],43.334
BadGirlsGully,5,22,14.3218,0.6509909090909091,0.06400000000000006,1.8401999999999994,3.347570581846613,2.07,3.82,"[0.8642, 0.4321, 0.32, 1.4402, 0.416, 0.1761, 0.464, 1.4082, 1.8402, 0.368, 0.096, 1.2641, 1.4562, 0.6241, 0.112, 0.208, 0.5761, 0.9601, 0.128, 0.6081, 0.4961, 0.064]",43.334
BadGirlsGully,6,12,19.522900000000007,1.6269083333333338,0.22409999999999997,5.056699999999999,3.3507438135715852,2.81,3.86,"[2.6724, 0.2401, 1.2322, 1.3602, 2.9284, 0.2241, 0.4321, 1.9203, 0.576, 2.4163, 0.4641, 5.0567]",43.334
BadGirlsGully,10,4,1.3921000000000006,0.34802500000000014,0.20800000000000018,0.44799999999999995,3.2882590326340333,2.95,3.48,"[0.448, 0.384, 0.208, 0.3521]",43.334
BadGirlsGully,12,1,0.04800000000000004,0.04800000000000004,0.04800000000000004,0.04800000000000004,3.15,3.15,3.15,[0.048],43.334
BadGirlsGully,13,4,0.8642000000000003,0.21605000000000008,0.03200000000000003,0.4641000000000002,3.0294827586206896,2.91,3.05,"[0.4641, 0.048, 0.032, 0.3201]",43.334
BadGirlsGully,14,14,2.0482999999999976,0.1463071428571427,0.03200000000000003,0.6081000000000003,2.795070596070597,2.05,3.05,"[0.032, 0.032, 0.6081, 0.064, 0.064, 0.08, 0.144, 0.208, 0.1121, 0.3521, 0.096, 0.08, 0.08, 0.096]",43.334
BadGirlsGully,15,9,3.8404999999999965,0.4267222222222218,0.0799999999999983,1.1042000000000005,2.828525021205681,2.79,2.87,"[0.4801, 0.448, 0.416, 1.1042, 0.08, 0.224, 0.4641, 0.4481, 0.176]",43.334
BadGirlsGully,18,1,1.072099999999999,1.072099999999999,1.072099999999999,1.072099999999999,2.18,2.18,2.18,[1.0721],43.334
BadtotheBone,1,6,2.71889999999998,0.45314999999999667,0.2878999999999792,0.8796999999999997,4.244273852972504,2.14,5.96,"[0.4638, 0.4318, 0.3678, 0.2879, 0.8797, 0.2879]",210.22
BadtotheBone,2,4,2.2391000000000076,0.5597750000000019,0.12800000000001432,0.863599999999991,4.505164351851851,3.6,4.8,"[0.7677, 0.8636, 0.128, 0.4798]",210.22
BadtotheBone,4,1,0.5597999999999956,0.5597999999999956,0.5597999999999956,0.5597999999999956,4.918285714285715,4.64,5.0,[0.5598],210.22
BadtotheBone,5,26,28.500699999999995,1.096180769230769,0.0800000000000125,4.126400000000018,4.218657666939435,2.85,5.0,"[2.1751, 0.4158, 0.3039, 0.7357, 0.1759, 0.0959, 0.08, 0.5598, 1.4075, 0.144, 2.0312, 0.6238, 1.6314, 0.5437, 2.7829, 1.5354, 2.1432, 0.3999, 0.4478, 4.1264, 1.0395, 0.9276, 0.7837, 0.144, 2.351, 0.8956]",210.22
BadtotheBone,6,11,25.54169999999999,2.3219727272727266,0.23990000000000578,6.5733000000000175,4.296034973724133,2.97,4.88,"[3.8065, 0.2399, 5.9656, 2.6549, 0.6717, 0.3678, 6.5733, 0.7837, 2.639, 1.4714, 0.3679]",210.22
BadtotheBone,7,1,0.3838000000000079,0.3838000000000079,0.3838000000000079,0.3838000000000079,4.385833333333333,3.05,4.74,[0.3838],210.22
BadtotheBone,8,14,15.545600000000036,1.1104000000000025,0.06399999999999295,5.7577,3.7611547786312323,2.93,4.96,"[0.0959, 0.1279, 0.9276, 1.3754, 0.1599, 2.6869, 0.2079, 0.064, 0.6718, 0.4798, 0.4478, 0.9436, 1.5994, 5.7577]",210.22
BadtotheBone,10,5,0.8316000000000088,0.16632000000000174,0.11199999999999477,0.19190000000000396,4.178917748917749,3.54,4.47,"[0.1759, 0.112, 0.1759, 0.1919, 0.1759]",210.22
BadtotheBone,11,3,0.5598000000000098,0.1866000000000033,0.11199999999999477,0.27190000000001646,3.5195670995671,2.91,4.11,"[0.1759, 0.112, 0.2719]",210.22
BadtotheBone,12,3,0.8796999999999855,0.2932333333333285,0.1279999999999859,0.44780000000000086,3.996572681704261,2.85,4.72,"[0.128, 0.4478, 0.3039]",210.22
BadtotheBone,13,2,0.46390000000002374,0.23195000000001187,0.11200000000002319,0.35190000000000055,3.4035064935064936,2.85,3.8,"[0.3519, 0.112]",210.22
BadtotheBone,14,28,11.995299999999968,0.4284035714285703,0.06390000000000007,2.1111999999999966,2.7537810026796437,1.61,2.93,"[0.0639, 0.0959, 2.1112, 0.192, 0.3519, 0.7997, 0.1919, 0.1119, 0.16, 0.2399, 0.08, 0.08, 0.1119, 0.3358, 0.4479, 0.5278, 0.3518, 0.08, 0.2079, 0.7517, 0.2719, 0.08, 0.3039, 0.6397, 0.7037, 1.3115, 1.0076, 0.3839]",210.22
BadtotheBone,15,10,1.023599999999993,0.1023599999999993,0.04800000000000004,0.240000000000002,2.490395238095238,1.48,2.89,"[0.048, 0.24, 0.064, 0.1279, 0.1279, 0.1119, 0.0799, 0.064, 0.08, 0.08]",210.22
BadtotheBone,16,12,118.9765,9.914708333333333,0.39979999999999905,51.0356,2.2252229850766416,1.44,5.41,"[1.0876, 3.8225, 13.7545, 1.8073, 0.5598, 3.7585, 9.5002, 2.8308, 0.6877, 0.3998, 29.7322, 51.0356]",210.22
BitterwellCynNE,1,1,0.7038000000000011,0.7038000000000011,0.7038000000000011,0.7038000000000011,5.300227272727273,2.86,6.29,[0.7038],144.19
BitterwellCynNE,2,1,0.15989999999999327,0.15989999999999327,0.15989999999999327,0.15989999999999327,5.137,4.2,5.43,[0.1599],144.19
BitterwellCynNE,4,3,2.4952000000000076,0.8317333333333359,0.2560000000000002,1.7913000000000068,4.636369047619048,4.24,4.91,"[0.4479, 0.256, 1.7913]",144.19
BitterwellCynNE,5,39,39.074200000000026,1.0019025641025645,0.09589999999999854,4.766300000000001,4.456482376346008,2.11,5.58,"[3.5988, 0.1919, 0.0959, 1.2955, 4.7663, 0.3199, 0.7517, 3.6147, 0.3198, 2.5911, 0.3359, 0.3039, 0.5918, 1.4715, 1.3275, 0.4638, 0.4478, 2.1752, 0.1759, 1.0076, 0.8477, 0.6558, 0.128, 0.7838, 3.2469, 1.0556, 1.4395, 0.6877, 0.5918, 0.9917, 0.3678, 0.144, 0.6238, 0.144, 0.16, 0.096, 0.112, 0.9117, 0.2399]",144.19
BitterwellCynNE,6,29,52.813500000000005,1.8211551724137933,0.5277999999999992,6.605699999999999,4.6991466433476665,2.66,5.5,"[1.7914, 0.5598, 0.7037, 0.6877, 1.6154, 1.9514, 2.4791, 0.5438, 0.7677, 1.8234, 1.1676, 2.655, 2.3672, 0.5278, 4.6384, 0.8477, 1.0076, 0.7038, 1.5355, 1.0556, 2.2392, 2.735, 6.6057, 6.3978, 0.7838, 0.7837, 0.8957, 1.1836, 1.7594]",144.19
BitterwellCynNE,8,12,10.252400000000005,0.854366666666667,0.0478999999999985,4.606400000000001,4.116971298373143,2.88,5.25,"[0.096, 0.4319, 0.5438, 4.6064, 0.2559, 2.895, 0.4638, 0.144, 0.3838, 0.0479, 0.3039, 0.08]",144.19
BitterwellCynNE,9,1,0.2558999999999969,0.2558999999999969,0.2558999999999969,0.2558999999999969,3.981875,2.94,4.16,[0.2559],144.19
BitterwellCynNE,10,10,4.526399999999999,0.4526399999999999,0.1758999999999986,1.1195999999999984,4.369964708319856,3.35,5.31,"[0.5118, 0.8157, 0.5918, 0.1759, 0.2879, 0.2719, 1.1196, 0.2239, 0.2719, 0.256]",144.19
BitterwellCynNE,11,2,0.3678999999999988,0.1839499999999994,0.11200000000000188,0.2558999999999969,4.301116071428572,3.79,4.34,"[0.112, 0.2559]",144.19
BitterwellCynNE,12,2,0.2878000000000003,0.14390000000000014,0.14389999999999992,0.14390000000000036,3.5666666666666664,2.92,3.91,"[0.1439, 0.1439]",144.19
BitterwellCynNE,13,4,0.5596999999999923,0.13992499999999808,0.12789999999998258,0.17590000000001282,3.449517045454545,2.9,3.61,"[0.1279, 0.1279, 0.128, 0.1759]",144.19
BitterwellCynNE,14,53,32.421399999999956,0.6117245283018861,0.06400000000000006,10.956199999999995,2.91558284952518,2.27,4.68,"[0.1759, 0.5439, 1.2636, 0.2399, 0.144, 0.16, 0.3039, 0.112, 0.1919, 0.144, 0.128, 0.4959, 0.272, 0.2399, 0.224, 0.1439, 0.064, 0.4478, 0.112, 0.08, 0.1759, 0.096, 0.08, 0.128, 0.08, 0.1919, 0.128, 10.9562, 0.3039, 0.7198, 0.128, 0.6878, 0.3039, 2.4152, 0.6718, 0.2879, 0.6397, 0.1919, 0.6558, 0.2399, 0.2079, 0.9277, 1.7274, 0.7838, 0.3199, 0.8637, 0.5278, 0.3679, 1.1196, 0.6077, 0.2079, 0.1119, 0.08]",144.19
BitterwellCynNE,15,1,0.27190000000001646,0.27190000000001646,0.27190000000001646,0.27190000000001646,2.8611764705882354,2.86,2.88,[0.2719],144.19
BloodSweatandTears,4,5,1.9838000000000005,0.3967600000000001,0.09599999999999986,0.6879,3.581230980066445,2.81,3.82,"[0.5599, 0.128, 0.096, 0.6879, 0.512]",20.894000000000002
BloodSweatandTears,5,15,6.031500000000001,0.40210000000000007,0.08000000000000007,0.9118999999999993,3.457047071592966,2.79,3.86,"[0.4, 0.4799, 0.752, 0.144, 0.8799, 0.112, 0.2719, 0.08, 0.176, 0.112, 0.432, 0.1599, 0.864, 0.256, 0.9119]",20.894000000000002
BloodSweatandTears,6,9,8.671099999999996,0.9634555555555551,0.1120000000000001,3.2637,3.503926541230527,2.5,3.84,"[0.112, 0.672, 0.5119, 0.6719, 0.6079, 1.2799, 0.192, 1.3598, 3.2637]",20.894000000000002
BloodSweatandTears,10,2,0.2400000000000002,0.1200000000000001,0.06400000000000006,0.17600000000000016,3.1761363636363638,2.95,3.38,"[0.064, 0.176]",20.894000000000002
BloodSweatandTears,11,1,0.33590000000000053,0.33590000000000053,0.33590000000000053,0.33590000000000053,3.412857142857143,2.85,3.6,[0.3359],20.894000000000002
BloodSweatandTears,14,12,2.4318000000000035,0.2026500000000003,0.04800000000000182,1.1519000000000013,2.813036044973545,2.68,2.85,"[0.384, 0.064, 0.096, 0.112, 0.08, 0.096, 0.08, 1.1519, 0.1119, 0.144, 0.064, 0.048]",20.894000000000002
BloodSweatandTears,15,4,1.1998999999999977,0.29997499999999944,0.12799999999999967,0.6719999999999988,2.8404004329004326,2.75,2.85,"[0.1759, 0.128, 0.224, 0.672]",20.894000000000002
BrushyMesaFaultBlock,1,3,0.9124000000000052,0.3041333333333351,0.11200000000000188,0.5763000000000034,3.907089947089947,2.4,4.31,"[0.2241, 0.112, 0.5763]",35.440000000000005
BrushyMesaFaultBlock,2,4,1.6808000000000014,0.42020000000000035,0.30409999999999826,0.5762999999999998,4.07645202020202,3.76,4.29,"[0.5763, 0.4482, 0.3522, 0.3041]",35.440000000000005
BrushyMesaFaultBlock,3,1,0.22409999999999997,0.22409999999999997,0.22409999999999997,0.22409999999999997,3.9292857142857143,3.78,3.97,[0.2241],35.440000000000005
BrushyMesaFaultBlock,4,5,2.096999999999994,0.41939999999999883,0.272199999999998,0.5762999999999998,4.120566321601104,2.62,4.31,"[0.5602, 0.2722, 0.3681, 0.3202, 0.5763]",35.440000000000005
BrushyMesaFaultBlock,5,22,15.895100000000005,0.7225045454545457,0.08000000000000007,2.2250000000000014,3.895041024121157,1.81,4.47,"[0.1601, 0.3842, 0.2561, 1.9209, 1.1846, 0.5923, 0.08, 0.4962, 1.3286, 0.4482, 0.2721, 0.1601, 0.6083, 1.8568, 2.225, 0.6403, 0.3362, 0.128, 0.144, 0.4002, 1.2965, 0.9764]",35.440000000000005
BrushyMesaFaultBlock,8,1,0.5282,0.5282,0.5282,0.5282,3.0845454545454545,3.05,3.09,[0.5282],35.440000000000005
BrushyMesaFaultBlock,10,24,8.7879,0.3661625,0.03200000000000003,1.3606000000000007,3.7006702524800636,2.26,4.51,"[0.2081, 0.1761, 0.096, 0.9925, 0.3041, 1.3606, 0.4002, 0.3841, 0.2241, 0.08, 0.2241, 0.1441, 0.16, 0.1281, 0.6563, 0.2882, 0.16, 0.1441, 0.032, 0.1761, 0.2401, 1.0885, 0.3842, 0.7363]",35.440000000000005
BrushyMesaFaultBlock,14,17,4.354099999999995,0.2561235294117644,0.015999999999998238,1.6167,2.32423947457771,1.18,2.66,"[1.6167, 0.1761, 0.2561, 0.2561, 0.3362, 0.096, 0.064, 0.0481, 0.1281, 0.016, 0.08, 0.064, 0.0641, 0.064, 0.048, 0.0321, 1.0085]",35.440000000000005
BrushyMesaFaultBlock,15,2,0.9603999999999999,0.48019999999999996,0.22409999999999997,0.7363,2.4019254658385094,2.3,2.44,"[0.7363, 0.2241]",35.440000000000005
BurroN,3,2,1.056000000000001,0.5280000000000005,0.3520000000000003,0.7040000000000006,4.004204545454545,2.81,4.21,"[0.352, 0.704]",47.43
BurroN,4,3,1.7121999999999993,0.5707333333333331,0.3200000000000003,0.9120999999999988,4.161657894736842,2.85,4.62,"[0.9121, 0.32, 0.4801]",47.43
BurroN,5,34,25.763199999999998,0.7577411764705883,0.09600000000000009,4.736599999999999,4.053855676252028,2.7,4.76,"[0.112, 0.544, 0.144, 0.096, 0.384, 4.7366, 0.304, 0.3041, 1.4082, 0.1441, 0.16, 1.1202, 0.592, 0.208, 2.4483, 0.112, 0.112, 0.2721, 0.288, 0.4481, 0.256, 0.5761, 0.512, 1.8242, 1.7762, 0.256, 0.096, 0.4481, 1.9203, 0.5921, 0.4641, 1.7603, 0.384, 0.9601]",47.43
BurroN,6,12,9.521200000000006,0.7934333333333338,0.2080000000000055,1.904200000000003,4.421790800443633,3.48,4.76,"[0.2561, 0.336, 0.4321, 1.0882, 0.6401, 1.5842, 1.9042, 0.208, 0.624, 0.352, 1.7922, 0.3041]",47.43
BurroN,10,5,0.5440999999999969,0.10881999999999939,0.03210000000000002,0.3360000000000021,3.829714285714286,2.79,4.68,"[0.0321, 0.064, 0.336, 0.064, 0.048]",47.43
BurroN,12,7,3.2643999999999966,0.46634285714285667,0.06400000000000006,1.0080999999999989,3.865889232756636,2.72,4.45,"[0.064, 0.2401, 1.0081, 0.8481, 0.4161, 0.496, 0.192]",47.43
BurroN,14,27,5.5689,0.20625555555555555,0.047999999999998266,1.2162000000000006,2.8313106751373662,2.42,3.52,"[0.288, 0.16, 0.096, 0.048, 0.2081, 0.048, 0.096, 0.112, 0.144, 0.096, 0.096, 0.08, 0.1441, 0.192, 0.2561, 0.368, 0.5921, 0.4161, 0.08, 0.096, 0.0961, 0.08, 0.048, 0.112, 0.1921, 1.2162, 0.208]",47.43
ChannelWall1,1,1,0.1919000000000004,0.1919000000000004,0.1919000000000004,0.1919000000000004,5.603333333333334,5.2,5.71,[0.1919],99.9
ChannelWall1,2,2,3.5015999999999963,1.7507999999999981,1.7267999999999972,1.774799999999999,4.919953703703704,4.18,5.06,"[1.7268, 1.7748]",99.9
ChannelWall1,5,32,69.6646,2.17701875,0.14389999999999992,10.744699999999995,4.143104249736133,2.92,4.85,"[0.7835, 0.1439, 0.9594, 0.3997, 5.1645, 0.1918, 4.5729, 0.8474, 0.7994, 1.0713, 0.5116, 5.9479, 4.5569, 0.5117, 0.8474, 0.5437, 0.2239, 2.2065, 2.83, 0.2718, 2.5263, 3.1659, 4.429, 2.7501, 3.6615, 0.3198, 2.4463, 2.3504, 10.7447, 0.3198, 0.2559, 3.3097]",99.9
ChannelWall1,8,2,4.7967000000000155,2.3983500000000078,0.2878000000000043,4.508900000000011,3.5417316784869977,2.81,3.89,"[0.2878, 4.5089]",99.9
ChannelWall1,10,8,1.8868,0.23585,0.11189999999999856,0.9433999999999969,3.3469738196125904,2.92,4.47,"[0.1279, 0.1599, 0.128, 0.1119, 0.1119, 0.1439, 0.1599, 0.9434]",99.9
ChannelWall1,12,2,0.5435999999999979,0.27179999999999893,0.27179999999999893,0.27179999999999893,3.469117647058823,2.94,3.79,"[0.2718, 0.2718]",99.9
ChannelWall1,14,37,18.8831,0.510354054054054,0.06390000000000029,2.1424999999999983,2.9278020444009116,2.77,3.94,"[0.9593, 0.2558, 0.3038, 0.1599, 0.6396, 0.0639, 0.2079, 0.7675, 0.1119, 0.2719, 0.1759, 0.7355, 0.1919, 2.1425, 0.2718, 0.064, 0.4157, 0.2718, 0.6715, 0.3198, 0.7675, 0.3198, 1.1032, 1.423, 0.2558, 1.3591, 0.3838, 0.6875, 0.1439, 0.4957, 0.6395, 0.1279, 0.1599, 0.1439, 0.7995, 0.4796, 0.5916]",99.9
ChannelWall1,16,1,0.43170000000000003,0.43170000000000003,0.43170000000000003,0.43170000000000003,3.031111111111111,2.98,3.16,[0.4317],99.9
ChannelWall2,2,1,0.14389999999999992,0.14389999999999992,0.14389999999999992,0.14389999999999992,4.371111111111111,4.14,4.44,[0.1439],95.794
ChannelWall2,4,9,7.341700000000026,0.8157444444444474,0.3038999999999987,1.6955000000000027,4.392836112107413,2.78,4.87,"[1.1197, 0.5438, 0.7838, 0.5118, 0.8637, 0.3039, 1.6955, 0.3839, 1.1356]",95.794
ChannelWall2,5,30,58.76569999999999,1.9588566666666662,0.016000000000000014,10.764700000000005,4.128139280103158,2.07,4.77,"[0.048, 1.7915, 0.016, 0.016, 0.9917, 0.7838, 0.16, 0.064, 4.7665, 0.6238, 3.7748, 0.7518, 5.3103, 0.7997, 6.446, 0.4958, 0.3199, 0.9757, 0.9117, 1.4235, 2.7192, 0.2239, 3.247, 0.6238, 2.1433, 0.7038, 4.0787, 1.3436, 10.7647, 2.4472]",95.794
ChannelWall2,6,4,7.661599999999993,1.9153999999999982,0.6718000000000011,4.014699999999991,4.282357373341481,2.74,4.74,"[0.6718, 1.8714, 1.1037, 4.0147]",95.794
ChannelWall2,8,1,3.198999999999991,3.198999999999991,3.198999999999991,3.198999999999991,3.8266000000000004,2.64,3.93,[3.199],95.794
ChannelWall2,10,3,0.44790000000000596,0.149300000000002,0.03200000000000003,0.3679000000000059,3.6899516908212555,3.0,4.74,"[0.032, 0.048, 0.3679]",95.794
ChannelWall2,12,2,0.15999999999999837,0.07999999999999918,0.0799999999999983,0.08000000000000007,3.104,2.7,3.39,"[0.08, 0.08]",95.794
ChannelWall2,13,4,4.766500000000004,1.191625000000001,0.1919000000000004,2.351299999999995,2.395676020408163,1.76,2.68,"[0.1919, 0.7997, 2.3513, 1.4236]",95.794
ChannelWall2,14,22,12.172099999999993,0.5532772727272725,0.03190000000000026,1.8714000000000013,2.6532143911502435,2.27,3.89,"[1.4075, 0.3999, 0.8957, 0.16, 0.1919, 0.2719, 0.5918, 0.0319, 1.2956, 1.7754, 1.5995, 0.4479, 0.032, 0.192, 1.8714, 0.048, 0.064, 0.064, 0.048, 0.032, 0.064, 0.6877]",95.794
ChannelWall2,15,2,1.135600000000001,0.5678000000000005,0.15990000000000038,0.9757000000000007,2.5722131147540983,2.49,2.68,"[0.9757, 0.1599]",95.794
ChannelWall3NE,4,2,1.3449,0.67245,0.5603999999999996,0.7845000000000004,4.131122448979592,3.93,4.16,"[0.5604, 0.7845]",32.904
ChannelWall3NE,5,13,16.0917,1.237823076923077,0.2881999999999998,4.6434,4.1091238062889195,1.7,4.4,"[2.8661, 0.6565, 0.3843, 0.2882, 0.2882, 0.4163, 0.3683, 0.7205, 0.6245, 1.7452, 0.8966, 4.6434, 2.1936]",32.904
ChannelWall3NE,6,2,7.749699999999999,3.8748499999999995,1.248899999999999,6.5008,4.162660098522167,1.91,4.22,"[1.2489, 6.5008]",32.904
ChannelWall3NE,13,7,0.16010000000000035,0.022871428571428622,0.016000000000000014,0.04800000000000004,2.605476190476191,2.17,2.68,"[0.048, 0.016, 0.016, 0.0321, 0.016, 0.016, 0.016]",32.904
ChannelWall3NE,14,5,7.5576000000000025,1.5115200000000004,0.1440999999999999,4.067,2.7218500669344037,1.89,4.16,"[0.1441, 1.329, 0.4484, 4.067, 1.5691]",32.904
CodornizCanyon1,1,1,1.2336,1.2336,1.2336,1.2336,3.788441558441558,3.73,3.83,[1.2336],15.700000000000001
CodornizCanyon1,5,3,3.4924999999999993,1.1641666666666663,0.17620000000000013,1.9224999999999994,4.008684691745036,3.41,4.18,"[0.1762, 1.3938, 1.9225]",15.700000000000001
CodornizCanyon1,7,6,7.000700000000001,1.1667833333333335,0.3044000000000002,2.7714999999999996,3.8491735629880863,2.75,4.16,"[0.3044, 0.6728, 0.3524, 0.5607, 2.3389, 2.7715]",15.700000000000001
CodornizCanyon1,10,1,0.16019999999999968,0.16019999999999968,0.16019999999999968,0.16019999999999968,3.684,2.83,3.79,[0.1602],15.700000000000001
CodornizCanyon1,13,5,1.6021,0.32042000000000004,0.12819999999999965,0.9451999999999998,2.809295179396875,2.55,2.87,"[0.9452, 0.2243, 0.1762, 0.1282, 0.1282]",15.700000000000001
CodornizCanyon1,14,5,1.0574000000000001,0.21148000000000006,0.032,0.6569000000000003,2.283214285714286,2.08,2.83,"[0.032, 0.1282, 0.1281, 0.1122, 0.6569]",15.700000000000001
CodornizCanyon1,15,1,0.6088000000000001,0.6088000000000001,0.6088000000000001,0.6088000000000001,2.2142105263157896,2.2,2.22,[0.6088],15.700000000000001
CodornizCanyon1,18,5,0.5447,0.10894,0.09609999999999996,0.1282,3.4622619047619048,1.18,3.85,"[0.1282, 0.1121, 0.1122, 0.0961, 0.0961]",15.700000000000001
CodornizCanyon2,5,2,20.4567,10.228349999999999,0.39979999999999993,20.0569,3.324076236044657,2.24,3.82,"[0.3998, 20.0569]",28.15
CodornizCanyon2,14,2,6.285799999999999,3.1428999999999996,0.3359,5.9498999999999995,2.478844086021505,1.81,2.95,"[0.3359, 5.9499]",28.15
CodornizCanyon2,15,2,1.3915000000000002,0.6957500000000001,0.016000000000000014,1.3755000000000002,1.436046511627907,0.04,2.85,"[0.016, 1.3755]",28.15
CodornizCanyon2,18,1,0.015999999999999986,0.015999999999999986,0.015999999999999986,0.015999999999999986,1.73,1.73,1.73,[0.016],28.15
CodornizCanyon2Annex,5,5,4.9496,0.98992,0.1761999999999997,2.4508,3.8805023372934087,2.86,4.46,"[1.4897, 2.4508, 0.6087, 0.2242, 0.1762]",17.364
CodornizCanyon2Annex,8,4,5.6065,1.401625,0.16019999999999968,2.0504,3.76064978014232,3.63,3.89,"[1.5698, 2.0504, 1.8261, 0.1602]",17.364
CodornizCanyon2Annex,11,3,0.7690000000000001,0.25633333333333336,0.14419999999999966,0.40050000000000097,3.764858201058201,2.9,4.01,"[0.2243, 0.1442, 0.4005]",17.364
CodornizCanyon2Annex,13,2,0.7047999999999996,0.3523999999999998,0.28829999999999956,0.4165000000000001,2.881153846153846,2.86,3.02,"[0.4165, 0.2883]",17.364
CodornizCanyon2Annex,14,6,5.334099999999999,0.8890166666666666,0.5125999999999991,1.4255999999999993,2.8419150540284552,2.47,2.92,"[1.0092, 0.5606, 1.1373, 1.4256, 0.5126, 0.6888]",17.364
CodornizCanyon3,2,1,0.09600000000000364,0.09600000000000364,0.09600000000000364,0.09600000000000364,4.9,4.9,4.9,[0.096],96.06
CodornizCanyon3,4,2,1.008100000000006,0.504050000000003,0.4321000000000055,0.5760000000000005,4.606111111111111,4.25,4.84,"[0.576, 0.4321]",96.06
CodornizCanyon3,5,44,61.239499999999985,1.391806818181818,0.06400000000000006,8.337000000000003,4.25903817482427,1.48,5.1,"[4.3045, 0.24, 3.0564, 0.304, 0.6881, 0.8961, 0.2881, 0.32, 0.192, 0.144, 0.3521, 0.064, 0.3041, 0.08, 0.112, 2.1763, 0.544, 0.128, 1.8883, 0.192, 0.4321, 1.8082, 1.7922, 1.7922, 0.3201, 1.2161, 0.8321, 3.3284, 0.32, 2.7363, 0.5441, 0.3521, 3.0084, 2.6563, 1.2802, 3.6804, 0.5601, 1.6642, 1.9523, 2.0162, 0.4641, 8.337, 1.5201, 2.3523]",96.06
CodornizCanyon3,6,5,3.952300000000003,0.7904600000000006,0.19200000000000017,1.2800999999999991,4.124758450704225,2.44,4.47,"[1.2801, 1.1361, 0.384, 0.9601, 0.192]",96.06
CodornizCanyon3,7,5,2.368300000000012,0.4736600000000024,0.2079999999999984,0.9281000000000006,4.173098129973474,2.64,4.92,"[0.9281, 0.208, 0.4001, 0.32, 0.5121]",96.06
CodornizCanyon3,8,1,3.744500000000002,3.744500000000002,3.744500000000002,3.744500000000002,4.079273504273504,3.94,4.29,[3.7445],96.06
CodornizCanyon3,10,17,4.096499999999992,0.24097058823529363,0.06400000000000006,0.6081000000000003,4.079661815498438,2.89,5.23,"[0.6081, 0.288, 0.096, 0.4001, 0.24, 0.128, 0.1121, 0.08, 0.096, 0.128, 0.064, 0.32, 0.128, 0.4801, 0.176, 0.256, 0.4961]",96.06
CodornizCanyon3,11,2,0.1599999999999966,0.0799999999999983,0.06400000000000006,0.09599999999999653,3.8533333333333335,3.5,3.94,"[0.064, 0.096]",96.06
CodornizCanyon3,13,3,3.8084999999999996,1.2694999999999999,0.09600000000000009,2.6563,2.667070707070707,2.16,2.95,"[1.0562, 2.6563, 0.096]",96.06
CodornizCanyon3,14,36,12.11369999999999,0.3364916666666664,0.031999999999996476,2.0642999999999887,2.990296040311083,1.91,4.09,"[0.144, 1.0882, 0.112, 1.6162, 0.08, 0.064, 0.096, 0.096, 0.096, 0.304, 0.176, 0.2721, 0.1121, 0.176, 0.096, 0.096, 0.16, 0.2081, 0.048, 0.064, 0.2241, 0.112, 0.8161, 0.7361, 0.1281, 0.032, 0.064, 0.288, 0.1921, 0.096, 0.08, 0.432, 0.9761, 0.6241, 0.144, 2.0643]",96.06
CodornizCanyon3,15,14,3.2646000000000086,0.2331857142857149,0.016,0.4320999999999984,2.660308019167263,0.02,3.07,"[0.016, 0.3841, 0.1761, 0.4321, 0.176, 0.176, 0.112, 0.352, 0.4001, 0.1601, 0.2721, 0.288, 0.176, 0.144]",96.06
CodornizCanyon3,17,1,0.19200000000000017,0.19200000000000017,0.19200000000000017,0.19200000000000017,4.335,2.85,4.47,[0.192],96.06
CodornizCanyon3,18,1,0.016000000000005343,0.016000000000005343,0.016000000000005343,0.016000000000005343,2.85,2.85,2.85,[0.016],96.06
ColSec08ANEW,1,2,1.6595000000000013,0.8297500000000007,0.17549999999999955,1.4840000000000018,3.974975562072336,2.99,4.88,"[0.1755, 1.484]",102.05000000000001
ColSec08ANEW,2,1,3.861799999999999,3.861799999999999,3.861799999999999,3.861799999999999,4.38805785123967,4.03,4.7,[3.8618],102.05000000000001
ColSec08ANEW,3,4,2.6968999999999994,0.6742249999999999,0.2554000000000016,0.861699999999999,4.400942745837511,4.05,4.58,"[0.8617, 0.8457, 0.2554, 0.7341]",102.05000000000001
ColSec08ANEW,4,2,1.0212000000000003,0.5106000000000002,0.31909999999999883,0.7021000000000015,4.467045454545454,4.01,4.6,"[0.3191, 0.7021]",102.05000000000001
ColSec08ANEW,5,39,28.452300000000044,0.729546153846155,0.03190000000000026,3.1437000000000026,4.0910235192361615,1.53,4.82,"[2.5054, 0.2074, 0.4149, 0.1276, 1.5958, 0.4947, 2.8565, 0.0638, 3.1437, 0.0957, 1.2606, 0.1117, 0.2074, 0.2873, 0.5586, 0.0798, 1.7235, 0.1436, 0.3352, 0.0319, 0.4628, 0.0638, 0.3032, 1.883, 0.4947, 0.1915, 2.5851, 1.5798, 0.2074, 1.7234, 0.1595, 0.0797, 0.2234, 0.0638, 0.1436, 0.6224, 0.8617, 0.2393, 0.3191]",102.05000000000001
ColSec08ANEW,6,14,15.25559999999998,1.0896857142857128,0.27129999999999654,4.212900000000005,4.408796021133988,2.42,5.06,"[2.7288, 0.3351, 0.4787, 0.8298, 0.4468, 0.3351, 0.6223, 2.0745, 0.2713, 0.367, 0.2713, 0.5745, 4.2129, 1.7075]",102.05000000000001
ColSec08ANEW,7,1,0.0478999999999985,0.0478999999999985,0.0478999999999985,0.0478999999999985,2.856666666666667,2.81,2.89,[0.0479],102.05000000000001
ColSec08ANEW,9,2,0.17549999999999244,0.08774999999999622,0.07979999999999166,0.09570000000000078,3.4266666666666667,2.85,3.62,"[0.0957, 0.0798]",102.05000000000001
ColSec08ANEW,10,42,15.239500000000021,0.3628452380952386,0.047800000000002285,1.819199999999995,3.538880007199401,2.14,5.06,"[0.1276, 0.0798, 0.2074, 0.3511, 0.6223, 0.5266, 0.4468, 0.383, 0.3829, 0.1277, 0.7021, 0.1596, 0.7501, 0.5266, 0.4149, 0.1915, 0.0957, 0.0638, 0.0798, 0.1277, 0.0798, 0.1117, 0.3032, 0.2394, 0.1117, 0.0798, 0.5426, 0.1755, 0.0478, 0.1915, 0.4788, 0.7979, 0.6224, 1.8192, 0.0957, 0.1277, 0.9415, 0.4627, 0.9096, 0.1436, 0.1436, 0.4468]",102.05000000000001
ColSec08ANEW,11,1,0.5905000000000058,0.5905000000000058,0.5905000000000058,0.5905000000000058,3.367297297297297,3.33,3.4,[0.5905],102.05000000000001
ColSec08ANEW,12,1,0.1915000000000049,0.1915000000000049,0.1915000000000049,0.1915000000000049,4.241666666666666,4.09,4.29,[0.1915],102.05000000000001
ColSec08ANEW,13,18,6.063800000000003,0.33687777777777794,0.03190000000000026,0.7340999999999998,2.970174419081667,1.44,3.21,"[0.2712, 0.1595, 0.2074, 0.3352, 0.2075, 0.7341, 0.6542, 0.0319, 0.6702, 0.1596, 0.2872, 0.367, 0.3192, 0.4469, 0.5585, 0.4308, 0.1596, 0.0638]",102.05000000000001
ColSec08ANEW,14,82,21.14479999999997,0.25786341463414597,0.015999999999998238,2.8245000000000005,2.6437939730723348,2.05,3.84,"[0.016, 0.6862, 1.899, 0.0639, 0.0639, 0.0639, 0.0319, 0.0957, 0.0638, 0.0479, 0.016, 0.016, 0.1117, 0.0958, 0.1277, 0.6223, 0.0319, 0.0319, 0.0798, 0.0639, 0.0638, 0.3032, 0.0479, 0.0798, 0.1277, 0.0479, 0.0798, 0.0638, 0.0639, 0.1755, 0.032, 0.1276, 0.1596, 1.883, 0.0479, 0.032, 0.0319, 0.016, 0.5744, 0.0478, 0.0479, 0.0797, 1.2766, 0.0958, 0.2394, 0.0319, 0.0319, 0.1437, 0.1596, 0.0319, 0.016, 0.0478, 0.0957, 0.0797, 0.0319, 0.1276, 0.383, 0.0638, 0.0319, 0.0479, 0.032, 0.0319, 0.016, 0.0638, 0.0479, 0.0319, 0.0319, 0.0798, 0.4149, 0.0479, 0.1118, 0.1437, 0.1436, 0.1277, 2.8245, 0.3351, 0.2075, 0.2873, 0.1437, 0.734, 2.6969, 1.2926]",102.05000000000001
ColSec08ANEW,15,18,1.7395999999999887,0.09664444444444381,0.03200000000000358,0.30320000000000036,2.3715421888053467,2.07,2.89,"[0.0798, 0.2234, 0.1117, 0.0479, 0.1117, 0.1117, 0.0797, 0.0957, 0.3032, 0.1117, 0.0639, 0.0639, 0.0479, 0.0639, 0.0798, 0.0479, 0.032, 0.0638]",102.05000000000001
ColSec08ANEW,16,6,3.9095999999999984,0.6515999999999997,0.015899999999999803,1.883,2.6711142498430633,2.09,3.19,"[1.883, 0.0159, 1.6756, 0.1436, 0.0319, 0.1596]",102.05000000000001
ColSec08jmc.CNV_p,1,1,0.09600000000000364,0.09600000000000364,0.09600000000000364,0.09600000000000364,3.0400000000000005,2.4,3.18,[0.096],59.324000000000005
ColSec08jmc.CNV_p,2,2,0.656100000000001,0.3280500000000005,0.30400000000000005,0.35210000000000097,3.2476555023923446,2.95,3.46,"[0.304, 0.3521]",59.324000000000005
ColSec08jmc.CNV_p,4,3,1.776499999999995,0.5921666666666651,0.19209999999999994,1.1362999999999985,3.0019763022579924,2.91,3.11,"[0.1921, 1.1363, 0.4481]",59.324000000000005
ColSec08jmc.CNV_p,5,1,0.14409999999999998,0.14409999999999998,0.14409999999999998,0.14409999999999998,3.33,3.31,3.35,[0.1441],59.324000000000005
ColSec08jmc.CNV_p,6,23,34.887,1.5168260869565215,0.1599999999999966,4.032799999999995,3.0325677725959337,1.77,3.28,"[2.2564, 1.7443, 1.2963, 0.7361, 0.5761, 0.3041, 1.2803, 0.6722, 0.4961, 3.2807, 1.1843, 2.5605, 0.6082, 2.2404, 0.16, 0.7682, 2.6245, 2.6405, 3.4887, 0.1761, 0.4, 4.0328, 1.3602]",59.324000000000005
ColSec08jmc.CNV_p,8,15,13.058700000000016,0.870580000000001,0.1280000000000001,5.537100000000002,2.8798023239647805,1.81,3.28,"[0.9922, 1.1522, 0.1921, 5.5371, 0.144, 0.128, 0.1601, 0.4001, 0.144, 2.1124, 0.4321, 0.4161, 0.7681, 0.2401, 0.2401]",59.324000000000005
ColSec08jmc.CNV_p,9,1,0.1120000000000001,0.1120000000000001,0.1120000000000001,0.1120000000000001,2.7414285714285715,2.7,2.77,[0.112],59.324000000000005
ColSec08jmc.CNV_p,10,14,3.808799999999998,0.2720571428571427,0.03200000000000003,0.9921999999999969,2.9099425788411963,1.69,3.3,"[0.1121, 0.1601, 0.32, 0.096, 0.048, 0.4321, 0.8322, 0.176, 0.16, 0.128, 0.096, 0.032, 0.2241, 0.9922]",59.324000000000005
ColSec08jmc.CNV_p,11,7,0.7840999999999995,0.11201428571428564,0.04800000000000004,0.17600000000000002,2.740647495361781,2.1,3.15,"[0.176, 0.048, 0.112, 0.048, 0.112, 0.128, 0.1601]",59.324000000000005
ColSec08jmc.CNV_p,12,4,0.5441000000000003,0.13602500000000006,0.11200000000000188,0.17600000000000193,2.860732323232323,2.82,2.9,"[0.176, 0.144, 0.1121, 0.112]",59.324000000000005
ColSec08jmc.CNV_p,13,12,1.8883999999999936,0.15736666666666613,0.03200000000000003,0.4001000000000019,2.2727104527417024,1.72,3.13,"[0.032, 0.032, 0.096, 0.096, 0.08, 0.096, 0.1761, 0.1601, 0.2241, 0.256, 0.24, 0.4001]",59.324000000000005
ColSec08jmc.CNV_p,14,11,0.8002000000000011,0.07274545454545465,0.03200000000000003,0.11200000000000188,2.144012987012987,1.92,2.47,"[0.0801, 0.096, 0.064, 0.08, 0.112, 0.032, 0.0321, 0.112, 0.048, 0.064, 0.08]",59.324000000000005
ColSec08jmc.CNV_p,15,12,0.7519999999999988,0.06266666666666657,0.03199999999999992,0.1280000000000001,1.748722222222222,1.69,1.82,"[0.032, 0.048, 0.032, 0.048, 0.08, 0.032, 0.048, 0.08, 0.128, 0.096, 0.048, 0.08]",59.324000000000005
ColSec08jmc.CNV_p,18,1,0.015999999999998238,0.015999999999998238,0.015999999999998238,0.015999999999998238,2.32,2.32,2.32,[0.016],59.324000000000005
ColSec09,4,14,17.199300000000022,1.22852142857143,0.4649000000000001,3.414200000000001,4.28865463086334,3.97,4.48,"[0.7213, 1.7793, 1.3144, 0.7373, 0.6252, 0.8816, 0.9617, 0.4649, 3.4142, 1.5548, 2.2601, 1.4426, 0.545, 0.4969]",83.4
ColSec09,5,14,10.739700000000003,0.7671214285714287,0.22440000000000282,1.5709000000000017,4.222194419799175,3.51,4.46,"[0.529, 0.7374, 0.7053, 0.8656, 0.3847, 1.5067, 1.5709, 0.2565, 0.2244, 1.0579, 0.3847, 0.5931, 1.1701, 0.7534]",83.4
ColSec09,6,14,19.21889999999997,1.3727785714285692,0.27249999999999375,4.0233000000000025,4.29017438264206,3.83,4.48,"[4.0233, 0.9136, 1.4426, 0.3045, 0.3046, 1.106, 0.8175, 0.7854, 0.2725, 2.6127, 1.3946, 0.7213, 1.4427, 3.0776]",83.4
ColSec09,7,1,0.49689999999999657,0.49689999999999657,0.49689999999999657,0.49689999999999657,4.44,4.44,4.44,[0.4969],83.4
ColSec09,10,10,3.0938000000000017,0.30938000000000015,0.1443000000000012,0.5289999999999999,3.809057142857143,2.92,4.38,"[0.2244, 0.4007, 0.529, 0.4008, 0.3046, 0.1603, 0.2725, 0.1603, 0.4969, 0.1443]",83.4
ColSec09,11,1,0.09610000000000696,0.09610000000000696,0.09610000000000696,0.09610000000000696,3.02,3.02,3.02,[0.0961],83.4
ColSec09,14,19,19.074699999999996,1.003931578947368,0.1121999999999872,10.771600000000001,2.8990928554982407,2.05,3.28,"[2.3243, 10.7716, 2.1479, 1.0579, 0.1923, 0.1443, 0.1923, 0.2084, 0.2084, 0.1282, 0.4168, 0.1282, 0.1282, 0.1282, 0.1122, 0.2565, 0.2565, 0.1122, 0.1603]",83.4
ColSec09,15,2,0.3045000000000001,0.15225000000000005,0.11220000000000008,0.19230000000000003,2.2714285714285714,2.11,2.39,"[0.1923, 0.1122]",83.4
ColSec09,16,1,0.43279999999999996,0.43279999999999996,0.43279999999999996,0.43279999999999996,2.3833333333333337,2.37,2.39,[0.4328],83.4
ColSec09,18,6,12.743300000000012,2.1238833333333353,0.7214000000000027,4.1676,2.871688888888889,2.86,2.9,"[0.7214, 1.5709, 1.667, 4.1676, 2.212, 2.4044]",83.4
ColSec13rev2002new,1,1,0.3993000000000002,0.3993000000000002,0.3993000000000002,0.3993000000000002,3.8668,3.15,3.94,[0.3993],93.64
ColSec13rev2002new,2,2,0.22350000000000136,0.11175000000000068,0.015900000000002024,0.20759999999999934,4.343846153846155,4.29,4.43,"[0.0159, 0.2076]",93.64
ColSec13rev2002new,3,2,1.0540999999999983,0.5270499999999991,0.49510000000000076,0.5589999999999975,4.35,4.35,4.35,"[0.559, 0.4951]",93.64
ColSec13rev2002new,4,20,14.150499999999962,0.7075249999999981,0.25560000000000116,2.6991999999999905,4.332316362863434,2.99,4.53,"[0.3354, 0.2556, 0.4472, 1.7728, 0.4472, 0.6388, 0.3034, 0.3514, 0.9583, 0.3513, 0.2875, 0.3993, 2.6992, 0.7825, 0.3833, 0.2556, 0.3673, 0.6868, 1.3735, 1.0541]",93.64
ColSec13rev2002new,5,14,7.8581,0.5612928571428571,0.14379999999999882,0.990199999999998,4.292723803151863,2.93,4.62,"[0.9902, 0.3514, 0.4153, 0.4472, 0.511, 0.9423, 0.6868, 0.8305, 0.4632, 0.1438, 0.8785, 0.3514, 0.3833, 0.4632]",93.64
ColSec13rev2002new,6,34,24.883200000000016,0.7318588235294122,0.12770000000000437,2.4117000000000033,4.283912539414839,2.93,4.66,"[0.3354, 1.8207, 0.6069, 0.4791, 0.5909, 0.7187, 0.591, 0.8305, 0.575, 1.1021, 0.6548, 0.7666, 2.4117, 0.5431, 0.4791, 1.0221, 0.7985, 0.3034, 0.1757, 0.8785, 0.3833, 0.5111, 0.5749, 0.2236, 0.7666, 1.3576, 1.3416, 0.1438, 0.1277, 0.3514, 0.3833, 1.0222, 1.1978, 0.8145]",93.64
ColSec13rev2002new,7,8,0.9105000000000025,0.11381250000000032,0.06390000000000029,0.2076999999999991,3.974262626262626,3.36,4.49,"[0.0798, 0.0639, 0.1757, 0.1438, 0.2077, 0.0799, 0.0799, 0.0798]",93.64
ColSec13rev2002new,9,5,1.166000000000011,0.2332000000000022,0.06390000000000384,0.35140000000000526,4.026412280701754,3.31,4.37,"[0.1917, 0.3035, 0.0639, 0.2555, 0.3514]",93.64
ColSec13rev2002new,10,23,12.697200000000002,0.5520521739130436,0.11180000000000234,3.2582000000000093,4.289970638558173,2.93,4.86,"[0.2715, 0.3034, 0.2556, 0.1757, 0.2715, 0.1757, 0.1437, 0.559, 0.1118, 0.4791, 0.9263, 0.3514, 0.7506, 0.3035, 0.1917, 0.2076, 3.2582, 0.2874, 0.3354, 1.7888, 0.2556, 1.0541, 0.2396]",93.64
ColSec13rev2002new,11,1,0.095799999999997,0.095799999999997,0.095799999999997,0.095799999999997,3.5516666666666663,3.15,3.82,[0.0958],93.64
ColSec13rev2002new,12,2,0.23959999999999937,0.11979999999999968,0.11179999999999879,0.12780000000000058,3.735,3.38,4.09,"[0.1118, 0.1278]",93.64
ColSec13rev2002new,14,77,25.330599999999997,0.32896883116883113,0.016000000000000014,2.3477999999999994,2.927603086027571,2.32,3.09,"[1.9964, 0.6548, 0.1597, 0.7187, 0.3354, 0.4951, 0.1118, 1.8687, 0.7028, 1.102, 0.016, 0.0958, 1.0541, 0.0958, 1.2298, 0.8146, 0.2875, 0.7187, 0.0639, 2.3478, 0.016, 0.8944, 0.8305, 0.7347, 0.1437, 0.0799, 0.0479, 0.1278, 0.1916, 0.0798, 0.1437, 0.1437, 0.1438, 0.1277, 0.1916, 0.1118, 0.1278, 0.0639, 0.1277, 0.1757, 0.1118, 0.0958, 0.1118, 0.2076, 0.1597, 0.1118, 0.1118, 0.0959, 0.0799, 0.2076, 0.1437, 0.0639, 0.0638, 0.0799, 0.1438, 0.0639, 0.0479, 0.0319, 0.0799, 0.1278, 0.8625, 0.9423, 0.0799, 0.1757, 0.1757, 0.1118, 0.1118, 0.0959, 0.0319, 0.0799, 0.0638, 0.2076, 0.0958, 0.0799, 0.0639, 0.0639, 0.575]",93.64
ColSec13rev2002new,15,26,3.497600000000007,0.1345230769230772,0.03200000000000003,0.2554999999999996,2.8717081294773603,2.79,3.01,"[0.2396, 0.1118, 0.1597, 0.1118, 0.0959, 0.0798, 0.1277, 0.1277, 0.2396, 0.2396, 0.2077, 0.1278, 0.1756, 0.2555, 0.1118, 0.1118, 0.1437, 0.1597, 0.0799, 0.032, 0.0639, 0.0479, 0.032, 0.2076, 0.0638, 0.1437]",93.64
ColSec13rev2002new,16,1,1.134,1.134,1.134,1.134,3.3128169014084508,3.29,3.38,[1.134],93.64
Colleen02,2,2,0.6883000000000017,0.34415000000000084,0.24010000000000176,0.44819999999999993,4.2200476190476195,2.95,4.29,"[0.4482, 0.2401]",70.744
Colleen02,4,8,6.515600000000001,0.8144500000000001,0.33619999999999983,1.6969999999999992,4.008527232909514,3.42,4.47,"[0.3362, 0.3842, 1.697, 0.6884, 0.8805, 1.2326, 0.6243, 0.6724]",70.744
Colleen02,5,5,2.785499999999999,0.5570999999999998,0.19209999999999994,1.2967000000000013,3.987823717948718,2.85,4.37,"[0.2561, 0.8325, 0.2081, 0.1921, 1.2967]",70.744
Colleen02,6,41,20.8759,0.5091682926829268,0.09599999999999653,1.5848999999999975,4.085884505888773,2.91,4.49,"[0.7685, 0.4002, 0.8004, 0.3522, 0.5923, 0.3522, 0.2081, 0.6724, 0.1601, 0.1761, 0.3041, 0.112, 0.1121, 0.3843, 1.1687, 0.1761, 0.1441, 0.096, 0.3202, 0.6564, 0.5123, 0.2081, 0.4483, 0.6564, 0.1441, 1.5849, 0.3202, 0.2562, 0.3201, 0.4322, 0.8325, 0.5603, 1.5208, 1.5369, 0.2722, 0.2401, 0.1281, 0.1921, 0.8005, 0.9445, 1.0086]",70.744
Colleen02,8,24,12.086999999999998,0.5036249999999999,0.048100000000001586,1.7449999999999992,3.775701444742482,3.19,4.29,"[1.745, 0.9445, 0.2722, 0.2241, 0.1761, 0.6403, 0.4483, 0.1121, 0.1921, 0.0961, 0.0481, 0.0481, 0.1441, 0.1281, 0.08, 0.4002, 0.3842, 0.1761, 0.2081, 0.8325, 1.2487, 0.6083, 1.5049, 1.4248]",70.744
Colleen02,9,1,0.11209999999999987,0.11209999999999987,0.11209999999999987,0.11209999999999987,3.6028571428571428,3.52,3.66,[0.1121],70.744
Colleen02,10,36,9.829400000000023,0.2730388888888895,0.047999999999994714,1.0245999999999995,4.08731433116945,2.87,5.43,"[0.3522, 0.2401, 0.4002, 0.2081, 0.2082, 0.1281, 0.6244, 1.0246, 0.1921, 0.3041, 0.4323, 0.08, 0.8324, 0.1761, 0.3522, 0.5123, 0.08, 0.08, 0.3202, 0.2402, 0.2882, 0.1761, 0.064, 0.048, 0.1121, 0.048, 0.3361, 0.1121, 0.048, 0.3042, 0.2081, 0.2402, 0.1121, 0.08, 0.128, 0.7364]",70.744
Colleen02,11,4,0.4161999999999928,0.1040499999999982,0.031999999999996476,0.24019999999999797,3.752666666666667,3.36,4.11,"[0.2402, 0.096, 0.032, 0.048]",70.744
Colleen02,12,9,2.016999999999996,0.22411111111111065,0.09599999999998943,0.384200000000007,4.183027886211693,3.52,4.45,"[0.1921, 0.2722, 0.2081, 0.3682, 0.3842, 0.3041, 0.096, 0.0961, 0.096]",70.744
Colleen02,13,13,3.8421000000000043,0.2955461538461541,0.032099999999999795,1.4248000000000047,3.099477395411606,2.24,3.74,"[0.3042, 0.4802, 0.0801, 0.064, 0.08, 0.048, 0.0321, 1.4248, 0.6884, 0.2561, 0.2401, 0.048, 0.0961]",70.744
Colleen02,14,19,11.19069999999999,0.5889842105263153,0.047999999999998266,6.5478000000000005,3.1069481102811407,2.66,3.8,"[6.5478, 0.5763, 0.1281, 0.0481, 0.048, 0.1601, 0.0641, 1.2007, 0.064, 0.096, 0.0961, 0.0961, 0.1921, 0.3682, 0.2722, 0.4163, 0.1761, 0.1761, 0.4643]",70.744
Colleen02,15,3,0.3842,0.12806666666666666,0.08010000000000161,0.16010000000000002,2.5285555555555557,2.11,2.89,"[0.1601, 0.144, 0.0801]",70.744
Colleen04,2,1,0.031999999999996476,0.031999999999996476,0.031999999999996476,0.031999999999996476,2.79,2.78,2.8,[0.032],60.66
Colleen04,3,5,3.1371000000000038,0.6274200000000008,0.41620000000000346,0.9763000000000019,4.032035800947686,2.8,4.26,"[0.7042, 0.5122, 0.9763, 0.5282, 0.4162]",60.66
Colleen04,4,10,2.4807999999999897,0.24807999999999897,0.06409999999999627,0.8483,3.8766333333333334,3.55,4.46,"[0.8483, 0.176, 0.2241, 0.0641, 0.096, 0.096, 0.0961, 0.5922, 0.16, 0.128]",60.66
Colleen04,6,35,25.928500000000025,0.7408142857142864,0.1280000000000001,3.6172000000000004,3.852655212223281,1.7,4.42,"[0.4321, 1.8406, 0.2881, 1.6165, 0.5282, 3.6172, 0.4642, 0.8003, 0.3521, 0.176, 0.1761, 0.128, 1.3925, 1.3925, 0.4321, 1.1364, 0.8322, 0.2561, 0.4802, 0.1761, 0.4321, 0.4641, 0.2081, 0.3201, 3.2651, 0.24, 0.2881, 0.4001, 0.4161, 0.3041, 0.1921, 0.4962, 0.2081, 1.3124, 0.8643]",60.66
Colleen04,8,13,8.27479999999999,0.6365230769230763,0.17609999999999815,1.9045999999999985,3.7995066345224378,2.9,4.18,"[0.8963, 0.7683, 0.7202, 0.2561, 0.1761, 1.9046, 1.0723, 0.1761, 0.2401, 0.7202, 0.2401, 0.8323, 0.2721]",60.66
Colleen04,10,22,7.010500000000002,0.318659090909091,0.06400000000000006,1.2803999999999967,3.919544761525024,2.72,4.44,"[0.128, 0.1601, 0.096, 0.3201, 0.4802, 0.6082, 0.5601, 0.6722, 0.6403, 1.2804, 0.096, 0.2401, 0.1281, 0.144, 0.0961, 0.064, 0.0801, 0.7362, 0.112, 0.0961, 0.1441, 0.1281]",60.66
Colleen04,11,8,1.6325000000000023,0.20406250000000029,0.048100000000000004,0.5442,3.7447919292717087,2.82,4.1,"[0.0481, 0.3201, 0.5442, 0.2881, 0.096, 0.096, 0.112, 0.128]",60.66
Colleen04,12,3,0.28820000000000334,0.09606666666666779,0.09600000000000364,0.09609999999999985,3.282222222222222,2.72,3.61,"[0.0961, 0.0961, 0.096]",60.66
Colleen04,13,6,4.545299999999994,0.757549999999999,0.17599999999999483,2.3206999999999987,2.670290916831147,2.19,3.33,"[2.3207, 0.9603, 0.4321, 0.176, 0.176, 0.4802]",60.66
Colleen04,14,19,6.546099999999999,0.34453157894736836,0.04800000000000182,2.3207999999999984,2.922123552460272,2.62,3.61,"[1.1363, 0.2721, 0.1121, 0.112, 0.064, 0.096, 0.16, 0.1441, 0.1121, 0.128, 0.064, 0.096, 0.048, 0.0961, 0.0641, 0.128, 0.144, 2.3208, 1.2484]",60.66
Colleen04,15,5,0.7841999999999913,0.15683999999999826,0.11199999999999477,0.20810000000000173,2.441714285714286,2.31,2.86,"[0.112, 0.112, 0.144, 0.2081, 0.2081]",60.66
Colleen06,1,2,1.824500000000004,0.912250000000002,0.46410000000000196,1.360400000000002,3.7669574036511158,3.0,4.12,"[1.3604, 0.4641]",101.77000000000001
Colleen06,3,1,2.5285999999999973,2.5285999999999973,2.5285999999999973,2.5285999999999973,3.81620253164557,3.67,3.83,[2.5286],101.77000000000001
Colleen06,4,4,4.449100000000001,1.1122750000000003,0.8802000000000021,1.4084000000000003,3.788815767419587,3.41,4.04,"[1.4084, 1.0883, 0.8802, 1.0722]",101.77000000000001
Colleen06,5,1,0.6401000000000039,0.6401000000000039,0.6401000000000039,0.6401000000000039,3.9597500000000005,3.87,4.2,[0.6401],101.77000000000001
Colleen06,6,30,40.522699999999986,1.3507566666666662,0.015999999999998238,8.882199999999997,3.8073456350397783,1.74,4.32,"[0.8482, 2.5126, 0.4641, 3.2328, 1.8085, 1.6004, 0.5922, 1.7925, 1.2163, 0.4802, 2.0805, 0.032, 0.016, 1.5684, 0.3361, 0.9923, 0.2081, 1.1043, 0.4961, 0.3041, 0.9123, 2.4807, 1.7765, 0.096, 0.1121, 1.9685, 0.9122, 0.2561, 1.4404, 8.8822]",101.77000000000001
Colleen06,8,8,7.586100000000016,0.948262500000002,0.14400000000000546,1.6645000000000039,3.773457793609982,2.96,4.3,"[0.144, 0.9922, 1.1363, 1.4244, 1.6645, 0.9443, 0.2241, 1.0563]",101.77000000000001
Colleen06,9,3,0.4159999999999968,0.1386666666666656,0.06400000000000006,0.2079999999999984,3.626039886039886,3.39,3.69,"[0.064, 0.208, 0.144]",101.77000000000001
Colleen06,10,23,5.905500000000025,0.2567608695652185,0.03200000000000358,1.0883000000000038,3.6821349672242185,2.9,4.2,"[0.2241, 0.3361, 0.272, 0.1601, 0.112, 1.0883, 0.0481, 0.096, 0.048, 0.08, 0.16, 0.128, 0.24, 0.064, 0.032, 0.1601, 0.4961, 0.3041, 0.5441, 0.7362, 0.128, 0.1281, 0.3201]",101.77000000000001
Colleen06,11,18,2.2886999999999844,0.12714999999999912,0.031999999999996476,0.4480999999999966,3.584630952380953,2.72,3.89,"[0.0961, 0.096, 0.048, 0.032, 0.064, 0.048, 0.064, 0.0641, 0.2241, 0.4481, 0.2241, 0.048, 0.08, 0.112, 0.144, 0.144, 0.1601, 0.1921]",101.77000000000001
Colleen06,12,3,0.33610000000000184,0.11203333333333394,0.11199999999999477,0.11209999999999809,3.4957142857142856,3.47,3.53,"[0.112, 0.112, 0.1121]",101.77000000000001
Colleen06,13,20,3.648600000000002,0.1824300000000001,0.031999999999996476,0.5760999999999967,2.9255041763791767,1.7,3.45,"[0.4801, 0.5761, 0.096, 0.1281, 0.144, 0.176, 0.032, 0.096, 0.096, 0.144, 0.4161, 0.208, 0.08, 0.096, 0.08, 0.128, 0.1441, 0.2401, 0.144, 0.144]",101.77000000000001
Colleen06,14,26,15.01179999999999,0.5773769230769227,0.031999999999996476,4.081100000000001,2.910529796378316,2.17,3.12,"[0.5281, 0.4481, 4.0811, 2.0005, 1.1203, 0.9123, 0.8642, 0.9442, 1.5044, 1.0563, 0.3521, 0.112, 0.096, 0.032, 0.1281, 0.096, 0.144, 0.08, 0.064, 0.112, 0.0801, 0.064, 0.048, 0.032, 0.048, 0.064]",101.77000000000001
Colleen06,15,22,5.713399999999998,0.25969999999999993,0.047999999999994714,3.104800000000001,2.5271973587863523,1.58,2.96,"[0.096, 3.1048, 0.1441, 0.208, 0.096, 0.2721, 0.24, 0.192, 0.1761, 0.1761, 0.128, 0.096, 0.16, 0.064, 0.0481, 0.08, 0.048, 0.064, 0.1281, 0.064, 0.064, 0.064]",101.77000000000001
Colleen06,16,2,10.8988,5.4494,0.2401,10.6587,2.526438438438438,1.78,2.98,"[0.2401, 10.6587]",101.77000000000001
Colleen1,2,2,0.528299999999998,0.264149999999999,0.17609999999999815,0.35219999999999985,4.619999999999999,4.32,4.79,"[0.3522, 0.1761]",66.76
Colleen1,3,2,0.22419999999999973,0.11209999999999987,0.04809999999999981,0.17609999999999992,4.346666666666667,4.3,4.38,"[0.1761, 0.0481]",66.76
Colleen1,4,11,2.273400000000004,0.20667272727272765,0.14410000000000167,0.2721000000000018,4.370007014375999,4.24,4.54,"[0.2402, 0.1601, 0.1761, 0.2401, 0.1761, 0.2242, 0.1921, 0.2241, 0.2242, 0.2721, 0.1441]",66.76
Colleen1,5,3,1.1366999999999994,0.3788999999999998,0.24010000000000004,0.5763999999999996,3.805703703703704,2.68,4.2,"[0.2401, 0.5764, 0.3202]",66.76
Colleen1,6,54,32.4354,0.6006555555555556,0.09609999999999985,2.065200000000001,4.265528184085855,2.76,4.56,"[0.1921, 0.5283, 0.6244, 0.2722, 0.3362, 0.1762, 0.2561, 0.2241, 0.7204, 0.5123, 0.8966, 0.7845, 0.3842, 0.2081, 0.5123, 0.2081, 0.2722, 0.3522, 0.0961, 0.3842, 0.5603, 0.9766, 0.5603, 0.6724, 1.7931, 1.2967, 0.6404, 0.4323, 0.4963, 0.4002, 0.3842, 2.0652, 0.5603, 0.5603, 1.3608, 0.4002, 0.3682, 0.3202, 0.7044, 1.2007, 0.8325, 0.5924, 0.6404, 0.5603, 0.1921, 0.7685, 0.3042, 0.5764, 0.5924, 0.6564, 0.6884, 0.9606, 0.8165, 0.5604]",66.76
Colleen1,8,21,14.92070000000001,0.7105095238095244,0.04800000000000004,3.265900000000002,3.8982631539215893,2.78,4.44,"[0.048, 0.096, 0.1761, 0.2401, 0.0641, 0.064, 0.064, 0.1441, 0.0961, 0.048, 0.08, 0.1601, 0.3683, 0.6243, 2.0332, 1.8411, 1.4088, 1.8251, 3.2659, 0.8806, 1.3928]",66.76
Colleen1,10,26,6.516000000000006,0.2506153846153848,0.06410000000000338,1.0086000000000013,4.251050056191966,2.84,4.5,"[0.1441, 0.7044, 0.1121, 0.2241, 0.2241, 0.2401, 0.0801, 0.1441, 0.2401, 0.0801, 0.2402, 0.2241, 0.0961, 0.1601, 0.1121, 0.2402, 0.1281, 0.2081, 0.08, 0.0641, 0.1121, 0.4643, 0.4162, 0.1921, 1.0086, 0.5763]",66.76
Colleen1,11,6,0.8326999999999959,0.13878333333333265,0.06409999999999627,0.24019999999999797,3.2977261904761903,2.64,4.06,"[0.0641, 0.1281, 0.2241, 0.1121, 0.2402, 0.0641]",66.76
Colleen1,12,9,1.969400000000018,0.21882222222222422,0.09610000000000696,0.5122999999999962,3.39825910609858,2.53,4.14,"[0.1121, 0.4003, 0.1441, 0.5123, 0.1601, 0.3042, 0.1281, 0.0961, 0.1121]",66.76
Colleen1,13,10,2.545199999999978,0.2545199999999978,0.0799999999999983,0.5442999999999927,2.67099961802903,1.6,3.24,"[0.112, 0.2241, 0.112, 0.2882, 0.08, 0.1601, 0.5283, 0.2721, 0.2241, 0.5443]",66.76
Colleen1,14,17,3.37799999999999,0.1987058823529406,0.015999999999998238,1.488900000000001,2.791399526469735,2.25,3.45,"[0.4163, 0.2241, 0.0641, 0.0641, 0.1121, 0.048, 0.048, 0.1281, 0.016, 0.0641, 0.064, 0.08, 0.064, 0.1761, 1.4889, 0.2081, 0.112]",66.76
Colleen10,3,4,7.574400000000002,1.8936000000000006,1.1530000000000022,3.4589,3.870781955736224,3.31,4.33,"[1.3131, 1.153, 1.6494, 3.4589]",67.08
Colleen10,4,13,13.002699999999981,1.0002076923076908,0.17609999999999992,2.9144000000000005,3.8675784704688088,3.48,4.11,"[1.233, 0.2882, 0.1761, 2.9144, 0.3523, 0.4964, 0.2082, 0.6085, 1.8415, 1.249, 0.8167, 0.7046, 2.1138]",67.08
Colleen10,5,1,0.3683000000000005,0.3683000000000005,0.3683000000000005,0.3683000000000005,3.5656521739130436,2.46,3.7,[0.3683],67.08
Colleen10,6,31,31.40220000000003,1.012974193548388,0.06409999999999982,2.6262000000000043,3.8132394995224113,2.85,4.11,"[1.3932, 0.6405, 0.4804, 0.4323, 1.4252, 0.1442, 1.137, 0.4804, 0.0641, 1.5213, 0.8807, 0.3043, 0.9608, 0.3202, 2.37, 1.0728, 0.5604, 2.3219, 0.5445, 1.0089, 0.6886, 0.4004, 1.5053, 2.1938, 2.6262, 0.6726, 1.0248, 1.0889, 0.5764, 1.3931, 1.169]",67.08
Colleen10,9,5,0.6565000000000056,0.13130000000000114,0.0799999999999983,0.2722000000000051,3.486666666666667,3.31,3.66,"[0.0961, 0.1121, 0.0961, 0.2722, 0.08]",67.08
Colleen10,10,19,6.885900000000008,0.36241578947368464,0.06410000000000338,0.8646999999999991,3.774150918231251,2.5,4.09,"[0.5605, 0.5124, 0.4003, 0.1602, 0.4484, 0.3042, 0.4324, 0.6405, 0.4644, 0.5444, 0.1282, 0.8647, 0.1602, 0.2242, 0.1921, 0.0641, 0.2562, 0.2883, 0.2402]",67.08
Colleen10,11,5,0.6244999999999976,0.12489999999999953,0.06400000000000006,0.25619999999999976,3.56,3.36,3.82,"[0.0641, 0.2562, 0.064, 0.1441, 0.0961]",67.08
Colleen10,12,1,0.1761999999999979,0.1761999999999979,0.1761999999999979,0.1761999999999979,3.88,3.88,3.88,[0.1762],67.08
Colleen10,13,12,3.138599999999993,0.26154999999999945,0.04809999999999981,1.1529999999999987,2.8920614035087717,2.68,2.99,"[0.0481, 0.1761, 0.0641, 0.1921, 0.2402, 1.153, 0.3043, 0.1762, 0.3202, 0.112, 0.1602, 0.1921]",67.08
Colleen10,14,9,1.7452999999999923,0.19392222222222136,0.04800000000000004,0.7687000000000026,2.751851851851852,2.42,2.85,"[0.0961, 0.048, 0.1921, 0.0961, 0.096, 0.096, 0.1121, 0.7687, 0.2402]",67.08
Colleen10,15,12,1.5053999999999963,0.1254499999999997,0.06409999999999627,0.24020000000000152,2.5091666666666668,2.2,3.13,"[0.0961, 0.1281, 0.0801, 0.1281, 0.0801, 0.2402, 0.1281, 0.1922, 0.0961, 0.08, 0.1922, 0.0641]",67.08
Colleen12,2,1,0.48019999999999996,0.48019999999999996,0.48019999999999996,0.48019999999999996,3.7,3.5,3.72,[0.4802],88.80999999999999
Colleen12,3,2,4.514199999999995,2.2570999999999977,1.3766999999999996,3.1374999999999957,3.841225676317038,3.5,4.21,"[3.1375, 1.3767]",88.80999999999999
Colleen12,4,12,8.772199999999994,0.7310166666666662,0.1280000000000001,1.728900000000003,3.7663119803984912,2.89,4.09,"[1.4887, 1.7289, 0.2562, 0.3842, 0.7844, 1.6808, 0.144, 0.2401, 0.128, 1.2966, 0.4002, 0.2401]",88.80999999999999
Colleen12,6,24,35.39269999999998,1.4746958333333324,0.17610000000000525,5.794800000000002,3.7452686304896985,2.52,4.53,"[5.7948, 0.8324, 1.7448, 0.5282, 1.1845, 1.5688, 0.9765, 0.3522, 0.3522, 1.5367, 2.4811, 0.4802, 1.3607, 1.4567, 0.1761, 1.5367, 0.2241, 1.9849, 0.4482, 1.4246, 3.9539, 0.2081, 0.1921, 4.5942]",88.80999999999999
Colleen12,8,3,1.0244999999999962,0.34149999999999875,0.25609999999999644,0.4642000000000053,3.3676138082274654,2.56,3.52,"[0.2561, 0.4642, 0.3042]",88.80999999999999
Colleen12,10,20,8.115800000000007,0.4057900000000004,0.06400000000000006,1.4727000000000032,3.7259955626363057,2.2,4.13,"[1.2005, 0.5123, 0.2401, 0.2881, 0.2881, 0.3041, 0.1281, 0.1761, 0.2081, 0.6243, 0.064, 0.5923, 0.2561, 0.144, 0.5443, 0.1281, 0.2081, 0.3202, 0.4162, 1.4727]",88.80999999999999
Colleen12,11,2,0.25619999999999266,0.12809999999999633,0.12809999999999633,0.12809999999999633,3.308125,2.7,3.74,"[0.1281, 0.1281]",88.80999999999999
Colleen12,12,5,1.088499999999982,0.2176999999999964,0.17609999999999104,0.25610000000000355,3.315206002331002,2.16,3.99,"[0.2561, 0.2561, 0.1921, 0.1761, 0.2081]",88.80999999999999
Colleen12,13,19,4.770200000000038,0.2510631578947389,0.06400000000000006,1.520700000000005,2.76225634476327,1.08,3.4,"[0.1761, 0.096, 0.128, 0.064, 0.096, 0.1441, 0.1121, 1.5207, 0.1601, 0.1281, 0.1281, 0.112, 0.2081, 0.1441, 0.6083, 0.3201, 0.2241, 0.1121, 0.2881]",88.80999999999999
Colleen12,14,5,21.338200000000008,4.267640000000002,0.06400000000000006,20.8579,2.801857142857143,2.38,2.89,"[20.8579, 0.0801, 0.064, 0.2241, 0.1121]",88.80999999999999
Colleen12,15,10,1.1204000000000036,0.11204000000000036,0.016000000000005343,0.2400999999999982,2.5440666666666667,2.2,2.89,"[0.032, 0.0961, 0.064, 0.064, 0.016, 0.2401, 0.128, 0.1601, 0.112, 0.2081]",88.80999999999999
Colleen12,16,1,1.9369,1.9369,1.9369,1.9369,4.35,4.35,4.35,[1.9369],88.80999999999999
Colleen14,1,2,0.3841999999999999,0.19209999999999994,0.1600999999999999,0.22409999999999997,3.84,3.82,3.86,"[0.2241, 0.1601]",114.64
Colleen14,2,1,0.3522000000000016,0.3522000000000016,0.3522000000000016,0.3522000000000016,3.74,3.74,3.74,[0.3522],114.64
Colleen14,3,1,2.3053000000000026,2.3053000000000026,2.3053000000000026,2.3053000000000026,4.064097222222222,3.76,4.15,[2.3053],114.64
Colleen14,4,10,16.185000000000016,1.6185000000000016,0.11200000000000188,6.067300000000003,3.7652587353950735,3.62,3.86,"[0.8005, 0.7044, 0.112, 0.1441, 4.0183, 0.8485, 6.0673, 0.4002, 0.7364, 2.3533]",114.64
Colleen14,5,25,17.530099999999962,0.7012039999999985,0.1280000000000001,1.985200000000006,4.088889152516163,1.79,5.04,"[0.1922, 0.3201, 0.3042, 0.5283, 1.9852, 1.4408, 0.7524, 1.5208, 0.5603, 0.7524, 1.713, 0.8325, 1.0726, 0.4642, 0.3522, 0.2402, 0.128, 0.3042, 0.2402, 1.1046, 0.5924, 0.1601, 0.2882, 0.4163, 1.2647]",114.64
Colleen14,6,28,23.7254,0.8473357142857143,0.09609999999999985,3.714100000000002,3.7140749681661593,2.75,4.62,"[3.682, 0.3522, 0.4163, 1.0406, 0.4643, 0.1281, 0.1441, 0.8805, 1.6649, 0.1761, 1.3607, 0.6564, 0.1761, 0.7684, 0.8485, 0.2882, 0.4482, 0.4322, 0.0961, 1.2647, 1.3928, 0.2402, 0.1761, 0.2402, 3.7141, 0.2561, 1.6809, 0.7364]",114.64
Colleen14,7,1,1.040600000000012,1.040600000000012,1.040600000000012,1.040600000000012,2.858,2.85,2.87,[1.0406],114.64
Colleen14,8,4,1.8248999999999853,0.45622499999999633,0.12809999999998922,0.8323999999999927,3.7304315196998123,2.48,4.17,"[0.2081, 0.1281, 0.6563, 0.8324]",114.64
Colleen14,10,17,7.460299999999993,0.43884117647058785,0.09609999999999275,1.2967000000000013,3.7419806454688262,2.07,4.53,"[0.3362, 0.1921, 1.2967, 0.1921, 0.3842, 0.5123, 0.2082, 0.1601, 0.2562, 1.0566, 0.2241, 0.2081, 0.4962, 0.9446, 0.5443, 0.3522, 0.0961]",114.64
Colleen14,11,15,4.050300000000007,0.2700200000000005,0.06409999999999627,0.6884000000000015,3.3232022679873503,2.18,3.92,"[0.0641, 0.1601, 0.2081, 0.1601, 0.2401, 0.1921, 0.5123, 0.1281, 0.2241, 0.4162, 0.6884, 0.2241, 0.3042, 0.3202, 0.2081]",114.64
Colleen14,12,8,1.4568000000000083,0.18210000000000104,0.1280000000000001,0.25619999999999976,3.4126041666666667,2.89,3.56,"[0.1601, 0.1601, 0.128, 0.1921, 0.2562, 0.1921, 0.1761, 0.1921]",114.64
Colleen14,13,19,20.25119999999999,1.065852631578947,0.06400000000000006,3.9863,3.129756383004627,2.7,3.54,"[0.2881, 1.4247, 1.1847, 0.4803, 0.3522, 1.1846, 3.9863, 0.4802, 1.6489, 1.713, 0.5924, 2.1292, 1.4087, 2.0812, 0.9285, 0.096, 0.064, 0.1121, 0.0961]",114.64
Colleen14,14,33,11.12600000000003,0.33715151515151603,0.015999999999991132,1.88900000000001,2.683897701985146,1.71,3.15,"[1.0406, 0.5763, 0.1601, 0.08, 0.6083, 0.2402, 0.2081, 0.1281, 0.1281, 0.1281, 0.2401, 0.1121, 0.2081, 0.0641, 0.1121, 0.4642, 0.1761, 0.6884, 0.9125, 0.5443, 0.1441, 0.048, 0.08, 0.016, 0.064, 0.048, 0.016, 0.1601, 0.016, 0.3361, 0.1441, 1.889, 1.3447]",114.64
Colleen14,15,22,3.361699999999996,0.15280454545454528,0.031999999999996476,0.5123000000000002,2.5903164058164063,2.07,3.05,"[0.5123, 0.2081, 0.3362, 0.1921, 0.2402, 0.2081, 0.064, 0.064, 0.08, 0.032, 0.2081, 0.1121, 0.1121, 0.048, 0.032, 0.1601, 0.08, 0.1441, 0.064, 0.064, 0.1121, 0.2881]",114.64
Colleen14,16,6,3.5860000000000016,0.5976666666666669,0.1600999999999999,1.665,3.4899999999999998,3.36,3.82,"[1.0086, 1.665, 0.1601, 0.2561, 0.2561, 0.2401]",114.64
Colleen14a,2,1,0.27200000000000024,0.27200000000000024,0.27200000000000024,0.27200000000000024,4.05,4.05,4.05,[0.272],51.82
Colleen14a,3,3,8.6581,2.8860333333333332,0.7042000000000002,5.7614,4.566666666666666,4.47,4.72,"[5.7614, 2.1925, 0.7042]",51.82
Colleen14a,4,6,12.978800000000003,2.163133333333334,0.5121000000000038,8.674,4.39,3.99,4.7,"[1.1362, 1.4883, 0.6081, 8.674, 0.5121, 0.5601]",51.82
Colleen14a,5,9,7.121800000000004,0.7913111111111115,0.240000000000002,1.6004,4.2913259109311745,3.6,4.55,"[1.6004, 0.4161, 1.2163, 0.24, 1.4564, 0.7362, 0.3681, 0.6562, 0.4321]",51.82
Colleen14a,6,10,12.1308,1.2130800000000002,0.4962,2.0004999999999953,4.3022162859248345,3.5,4.53,"[0.9122, 0.7201, 0.4962, 1.8885, 1.4083, 1.8404, 0.9122, 1.2643, 0.6881, 2.0005]",51.82
Colleen14a,10,4,1.5685000000000002,0.39212500000000006,0.20809999999999995,0.6562000000000001,4.4887804878048785,3.88,4.88,"[0.2081, 0.6562, 0.2081, 0.4961]",51.82
Colleen14a,11,2,0.35199999999999676,0.17599999999999838,0.14399999999999835,0.2079999999999984,3.87,3.84,3.9,"[0.144, 0.208]",51.82
Colleen14a,12,5,0.9924000000000016,0.19848000000000032,0.06409999999999982,0.4001,3.8340000000000005,3.15,4.43,"[0.4001, 0.1921, 0.0641, 0.128, 0.2081]",51.82
Colleen14a,14,19,6.353199999999992,0.33437894736842066,0.06400000000000006,1.1843000000000004,2.970640113798009,2.89,3.74,"[0.272, 0.096, 0.192, 0.08, 0.096, 0.08, 0.096, 0.9922, 0.192, 0.1281, 0.0961, 0.08, 0.096, 1.0722, 1.0562, 0.3681, 0.064, 1.1843, 0.112]",51.82
Colleen14a,15,6,1.3924000000000003,0.23206666666666673,0.08009999999999984,0.3681,2.9233333333333333,2.89,2.95,"[0.3681, 0.0801, 0.2561, 0.112, 0.304, 0.2721]",51.82
Colleen15,1,1,0.20390000000000086,0.20390000000000086,0.20390000000000086,0.20390000000000086,5.001666666666667,3.89,5.25,[0.2039],47.76
Colleen15,2,2,0.18690000000000495,0.09345000000000248,0.08490000000000109,0.10200000000000387,3.809,3.77,3.91,"[0.0849, 0.102]",47.76
Colleen15,3,1,1.0193999999999974,1.0193999999999974,1.0193999999999974,1.0193999999999974,3.9066666666666667,3.83,4.22,[1.0194],47.76
Colleen15,4,15,5.267000000000017,0.35113333333333446,0.13590000000000657,1.3762000000000043,3.7021982719552766,2.94,4.01,"[0.2039, 0.1869, 0.3058, 0.4587, 0.1529, 0.1699, 0.7645, 0.2209, 0.2039, 0.3738, 0.136, 1.3762, 0.1869, 0.1359, 0.3908]",47.76
Colleen15,6,33,18.876300000000022,0.5720090909090916,0.03399999999999892,2.9564000000000092,3.656348867112251,2.17,4.26,"[0.085, 0.2208, 0.7306, 0.3058, 0.0679, 0.2039, 0.1529, 0.9345, 0.2719, 1.2913, 0.1019, 0.1189, 0.5947, 0.8325, 0.0679, 0.6286, 0.2548, 0.4757, 0.034, 0.2718, 1.6651, 0.2549, 0.5267, 0.6796, 0.3568, 0.1189, 0.6966, 1.886, 0.8666, 0.2379, 2.9564, 0.5097, 0.4757]",47.76
Colleen15,8,9,1.172399999999989,0.13026666666666545,0.05100000000000193,0.3907999999999987,3.358588298443371,2.94,3.63,"[0.2209, 0.051, 0.051, 0.085, 0.068, 0.3908, 0.1529, 0.0849, 0.0679]",47.76
Colleen15,9,2,0.05100000000000193,0.025500000000000966,0.017000000000003013,0.03399999999999892,3.355,3.08,3.63,"[0.017, 0.034]",47.76
Colleen15,10,17,3.941900000000004,0.23187647058823552,0.05100000000000193,0.866500000000002,3.6137199772854824,3.08,3.91,"[0.051, 0.068, 0.068, 0.1529, 0.8665, 0.4588, 0.119, 0.0679, 0.1359, 0.1699, 0.4927, 0.4588, 0.0849, 0.1019, 0.1869, 0.1699, 0.2889]",47.76
Colleen15,11,14,1.2402000000000015,0.08858571428571439,0.033900000000002706,0.32280000000000086,3.356640798424633,2.82,3.83,"[0.034, 0.0509, 0.068, 0.085, 0.3228, 0.1019, 0.034, 0.119, 0.1019, 0.085, 0.0339, 0.0509, 0.1189, 0.034]",47.76
Colleen15,12,10,0.866500000000002,0.0866500000000002,0.050900000000002166,0.16989999999999839,3.533175,3.0,4.06,"[0.0509, 0.085, 0.068, 0.051, 0.051, 0.0849, 0.068, 0.1019, 0.1699, 0.1359]",47.76
Colleen15,13,41,6.16729999999998,0.15042195121951168,0.03389999999999915,0.45879999999999654,3.06227536005097,2.25,3.41,"[0.102, 0.2548, 0.068, 0.0509, 0.0679, 0.4248, 0.0339, 0.2718, 0.1359, 0.2209, 0.0849, 0.1189, 0.068, 0.1359, 0.2548, 0.1699, 0.068, 0.085, 0.068, 0.1529, 0.1529, 0.0849, 0.0679, 0.3398, 0.1869, 0.119, 0.2039, 0.0849, 0.034, 0.034, 0.034, 0.051, 0.3058, 0.3907, 0.1529, 0.068, 0.4588, 0.051, 0.1529, 0.2378, 0.119]",47.76
Colleen15,14,24,4.0436999999999905,0.1684874999999996,0.03399999999999892,0.5436999999999976,2.6542715331543456,2.29,3.04,"[0.2889, 0.0509, 0.1019, 0.5437, 0.1359, 0.119, 0.1869, 0.1529, 0.2718, 0.2209, 0.068, 0.1359, 0.034, 0.034, 0.1529, 0.2718, 0.068, 0.068, 0.034, 0.2208, 0.1359, 0.4757, 0.085, 0.1869]",47.76
Colleen15,15,24,2.378599999999981,0.09910833333333254,0.03389999999999915,0.3398000000000003,2.234860430283224,2.13,2.66,"[0.3398, 0.1699, 0.136, 0.1189, 0.051, 0.1529, 0.0509, 0.0339, 0.034, 0.051, 0.051, 0.034, 0.2039, 0.051, 0.051, 0.0849, 0.1019, 0.0679, 0.051, 0.051, 0.0679, 0.2888, 0.068, 0.068]",47.76
Colleen15,16,19,2.344900000000006,0.12341578947368453,0.05099999999999838,0.49269999999999925,3.8549137302503915,2.17,5.72,"[0.4927, 0.1189, 0.085, 0.1359, 0.1189, 0.102, 0.1869, 0.051, 0.068, 0.085, 0.068, 0.1019, 0.2379, 0.068, 0.102, 0.0849, 0.0679, 0.102, 0.068]",47.76
Colleen15(2ndrun),1,1,0.47380000000000067,0.47380000000000067,0.47380000000000067,0.47380000000000067,5.0275,3.89,5.25,[0.4738],110.97
Colleen15(2ndrun),2,2,0.39480000000000226,0.19740000000000113,0.1777000000000002,0.21710000000000207,3.808989898989899,3.77,3.91,"[0.1777, 0.2171]",110.97
Colleen15(2ndrun),3,1,2.368700000000004,2.368700000000004,2.368700000000004,2.368700000000004,3.9055000000000004,3.83,4.22,[2.3687],110.97
Colleen15(2ndrun),4,15,12.277300000000006,0.818486666666667,0.33559999999999945,3.217399999999998,3.7017862882410957,2.94,4.01,"[0.4934, 0.4342, 0.7106, 1.0659, 0.3356, 0.3947, 1.7567, 0.5329, 0.454, 0.8882, 0.3356, 3.2174, 0.4145, 0.3356, 0.908]",110.97
Colleen15(2ndrun),6,33,43.77979999999998,1.3266606060606052,0.05920000000000414,6.849199999999996,3.6558605924623366,2.15,4.26,"[0.1777, 0.5132, 1.6778, 0.7106, 0.1382, 0.4934, 0.3553, 2.1712, 0.6514, 3.0003, 0.2171, 0.2764, 1.4014, 1.9344, 0.1579, 1.4409, 0.5724, 1.1054, 0.0592, 0.6514, 3.8687, 0.5921, 1.2238, 1.5988, 0.829, 0.2763, 1.6383, 4.3819, 1.9936, 0.5526, 6.8492, 1.1843, 1.0856]",110.97
Colleen15(2ndrun),8,9,2.7040000000000077,0.3004444444444453,0.11849999999999739,0.888300000000001,3.357417366946779,2.76,3.63,"[0.5132, 0.1381, 0.1185, 0.1973, 0.1381, 0.8883, 0.3355, 0.1974, 0.1776]",110.97
Colleen15(2ndrun),9,2,0.15789999999999083,0.07894999999999541,0.05919999999999703,0.09869999999999379,3.3550000000000004,3.08,3.65,"[0.0592, 0.0987]",110.97
Colleen15(2ndrun),10,17,9.198399999999996,0.5410823529411762,0.0987000000000009,2.013300000000001,3.5987129314866926,2.35,3.91,"[0.0987, 0.1579, 0.1382, 0.3553, 2.0133, 1.0659, 0.2961, 0.1579, 0.3355, 0.4145, 1.1448, 1.0659, 0.1974, 0.2172, 0.454, 0.4146, 0.6712]",110.97
Colleen15(2ndrun),11,14,2.8227000000000104,0.2016214285714293,0.05920000000000014,0.7500999999999998,3.345221543702747,2.53,3.83,"[0.0592, 0.1185, 0.1776, 0.1777, 0.7501, 0.2171, 0.079, 0.2764, 0.2171, 0.1974, 0.0789, 0.1382, 0.2566, 0.0789]",110.97
Colleen15(2ndrun),12,10,2.052499999999998,0.2052499999999998,0.11850000000000094,0.3947000000000003,3.506680158730159,2.21,4.06,"[0.1185, 0.1973, 0.1776, 0.1382, 0.1381, 0.1776, 0.1776, 0.2368, 0.3947, 0.2961]",110.97
Colleen15(2ndrun),13,41,14.330500000000004,0.3495243902439025,0.07899999999999707,1.0855999999999995,3.0628401788509154,2.25,3.41,"[0.2566, 0.5922, 0.1381, 0.1184, 0.1382, 0.987, 0.079, 0.6316, 0.3158, 0.4935, 0.1974, 0.2566, 0.1579, 0.3356, 0.5724, 0.3751, 0.1776, 0.1974, 0.1777, 0.3553, 0.3553, 0.1777, 0.1382, 0.8092, 0.454, 0.296, 0.454, 0.1974, 0.0987, 0.079, 0.079, 0.0987, 0.6909, 0.9278, 0.3553, 0.1776, 1.0856, 0.1185, 0.3552, 0.5526, 0.2764]",110.97
Colleen15(2ndrun),14,24,9.375899999999994,0.39066249999999975,0.05919999999999703,1.2436,2.6559190366177137,2.29,3.04,"[0.6513, 0.1184, 0.2566, 1.2436, 0.3158, 0.2566, 0.4343, 0.3553, 0.6513, 0.5132, 0.1579, 0.2961, 0.0987, 0.0592, 0.3553, 0.6119, 0.1382, 0.1579, 0.0987, 0.533, 0.3356, 1.1251, 0.1974, 0.4145]",110.97
Colleen15(2ndrun),15,24,5.585800000000006,0.23274166666666693,0.07899999999999974,0.8093000000000004,2.2342598202252075,2.13,2.66,"[0.8093, 0.375, 0.3355, 0.2566, 0.1381, 0.3553, 0.1382, 0.0987, 0.0987, 0.1381, 0.1184, 0.079, 0.4737, 0.1185, 0.1381, 0.1974, 0.2172, 0.1776, 0.1184, 0.1184, 0.1382, 0.6711, 0.1381, 0.1382]",110.97
Colleen15(2ndrun),16,19,5.428100000000004,0.28568947368421077,0.11850000000000094,1.1448,3.856407758504855,2.17,5.72,"[1.1448, 0.2566, 0.1974, 0.3158, 0.2764, 0.2369, 0.4343, 0.1185, 0.1381, 0.1974, 0.1382, 0.2369, 0.5724, 0.1579, 0.2566, 0.1974, 0.1381, 0.2368, 0.1776]",110.97
Colleen15(2ndrun),18,1,0.019800000000003593,0.019800000000003593,0.019800000000003593,0.019800000000003593,2.74,2.74,2.74,[0.0198],110.97
Colleen1_1,2,2,0.528299999999998,0.264149999999999,0.17609999999999815,0.35219999999999985,4.619999999999999,4.32,4.79,"[0.3522, 0.1761]",66.76
Colleen1_1,3,2,0.22419999999999973,0.11209999999999987,0.04809999999999981,0.17609999999999992,4.346666666666667,4.3,4.38,"[0.1761, 0.0481]",66.76
Colleen1_1,4,11,2.273400000000004,0.20667272727272765,0.14410000000000167,0.2721000000000018,4.370007014375999,4.24,4.54,"[0.2402, 0.1601, 0.1761, 0.2401, 0.1761, 0.2242, 0.1921, 0.2241, 0.2242, 0.2721, 0.1441]",66.76
Colleen1_1,5,3,1.1366999999999994,0.3788999999999998,0.24010000000000004,0.5763999999999996,3.805703703703704,2.68,4.2,"[0.2401, 0.5764, 0.3202]",66.76
Colleen1_1,6,54,32.4354,0.6006555555555556,0.09609999999999985,2.065200000000001,4.265528184085855,2.76,4.56,"[0.1921, 0.5283, 0.6244, 0.2722, 0.3362, 0.1762, 0.2561, 0.2241, 0.7204, 0.5123, 0.8966, 0.7845, 0.3842, 0.2081, 0.5123, 0.2081, 0.2722, 0.3522, 0.0961, 0.3842, 0.5603, 0.9766, 0.5603, 0.6724, 1.7931, 1.2967, 0.6404, 0.4323, 0.4963, 0.4002, 0.3842, 2.0652, 0.5603, 0.5603, 1.3608, 0.4002, 0.3682, 0.3202, 0.7044, 1.2007, 0.8325, 0.5924, 0.6404, 0.5603, 0.1921, 0.7685, 0.3042, 0.5764, 0.5924, 0.6564, 0.6884, 0.9606, 0.8165, 0.5604]",66.76
Colleen1_1,8,21,14.92070000000001,0.7105095238095244,0.04800000000000004,3.265900000000002,3.8982631539215893,2.78,4.44,"[0.048, 0.096, 0.1761, 0.2401, 0.0641, 0.064, 0.064, 0.1441, 0.0961, 0.048, 0.08, 0.1601, 0.3683, 0.6243, 2.0332, 1.8411, 1.4088, 1.8251, 3.2659, 0.8806, 1.3928]",66.76
Colleen1_1,10,26,6.516000000000006,0.2506153846153848,0.06410000000000338,1.0086000000000013,4.251050056191966,2.84,4.5,"[0.1441, 0.7044, 0.1121, 0.2241, 0.2241, 0.2401, 0.0801, 0.1441, 0.2401, 0.0801, 0.2402, 0.2241, 0.0961, 0.1601, 0.1121, 0.2402, 0.1281, 0.2081, 0.08, 0.0641, 0.1121, 0.4643, 0.4162, 0.1921, 1.0086, 0.5763]",66.76
Colleen1_1,11,6,0.8326999999999959,0.13878333333333265,0.06409999999999627,0.24019999999999797,3.2977261904761903,2.64,4.06,"[0.0641, 0.1281, 0.2241, 0.1121, 0.2402, 0.0641]",66.76
Colleen1_1,12,9,1.969400000000018,0.21882222222222422,0.09610000000000696,0.5122999999999962,3.39825910609858,2.53,4.14,"[0.1121, 0.4003, 0.1441, 0.5123, 0.1601, 0.3042, 0.1281, 0.0961, 0.1121]",66.76
Colleen1_1,13,10,2.545199999999978,0.2545199999999978,0.0799999999999983,0.5442999999999927,2.67099961802903,1.6,3.24,"[0.112, 0.2241, 0.112, 0.2882, 0.08, 0.1601, 0.5283, 0.2721, 0.2241, 0.5443]",66.76
Colleen1_1,14,17,3.37799999999999,0.1987058823529406,0.015999999999998238,1.488900000000001,2.791399526469735,2.25,3.45,"[0.4163, 0.2241, 0.0641, 0.0641, 0.1121, 0.048, 0.048, 0.1281, 0.016, 0.0641, 0.064, 0.08, 0.064, 0.1761, 1.4889, 0.2081, 0.112]",66.76
Colleen3,4,8,2.721900000000012,0.3402375000000015,0.12810000000000343,0.9925999999999959,3.9980222876098606,3.56,4.37,"[0.9926, 0.1761, 0.2722, 0.3683, 0.1602, 0.1601, 0.1281, 0.4643]",89.80399999999999
Colleen3,5,3,1.0245999999999995,0.3415333333333332,0.14410000000000167,0.6084000000000032,3.9081252149982793,3.78,4.03,"[0.1441, 0.6084, 0.2721]",89.80399999999999
Colleen3,6,32,31.445100000000004,0.9826593750000001,0.19209999999999638,3.554399999999994,3.908647773978264,2.56,4.39,"[0.3843, 1.441, 1.1048, 1.8892, 0.2561, 0.2721, 0.5604, 1.5371, 0.3683, 0.2402, 1.1848, 1.0247, 2.9299, 0.7845, 1.2488, 1.0888, 0.2882, 3.5544, 0.6404, 0.5443, 0.5284, 1.2168, 0.1921, 1.6011, 0.6244, 1.505, 1.6491, 0.5924, 0.2722, 0.8326, 0.5123, 0.5764]",89.80399999999999
Colleen3,8,9,7.252999999999986,0.8058888888888873,0.08009999999999451,3.5863999999999976,3.5705191313185662,2.68,3.99,"[0.0801, 0.1762, 0.0801, 0.4803, 0.1441, 0.3362, 0.4803, 3.5864, 1.8893]",89.80399999999999
Colleen3,10,24,8.709600000000002,0.36290000000000006,0.0639999999999965,1.248899999999999,3.834392232555315,2.75,4.39,"[0.1921, 0.4963, 0.064, 0.128, 0.1601, 0.8486, 0.3522, 0.1281, 0.1121, 0.4003, 0.2722, 0.7525, 0.2561, 0.1441, 0.3362, 1.2489, 0.7685, 0.3202, 0.4163, 0.1441, 0.1281, 0.6084, 0.112, 0.3202]",89.80399999999999
Colleen3,11,12,2.225500000000011,0.18545833333333425,0.06409999999999627,0.49630000000000507,3.758838204756215,2.95,4.39,"[0.4323, 0.1281, 0.1281, 0.096, 0.2401, 0.1441, 0.4963, 0.1281, 0.1121, 0.0641, 0.1601, 0.0961]",89.80399999999999
Colleen3,12,5,1.1206000000000174,0.22412000000000348,0.11200000000000898,0.5283000000000087,3.6391465367965368,3.01,3.82,"[0.2401, 0.5283, 0.112, 0.1121, 0.1281]",89.80399999999999
Colleen3,13,7,3.4262999999999693,0.48947142857142417,0.06399999999999295,1.2967999999999904,3.139649785840262,2.6,3.42,"[0.9286, 0.3523, 1.2968, 0.5604, 0.0801, 0.064, 0.1441]",89.80399999999999
Colleen3,14,18,29.86019999999998,1.658899999999999,0.031999999999996476,17.0034,2.8307191248300447,2.2,3.11,"[17.0034, 8.8059, 0.5604, 0.2402, 0.3202, 0.2081, 0.0641, 0.08, 0.032, 0.0481, 0.1762, 0.1601, 0.064, 0.1922, 0.4643, 0.2402, 0.0481, 1.1527]",89.80399999999999
Colleen3,15,5,1.37680000000001,0.275360000000002,0.06400000000000716,0.8965999999999994,2.9972857142857148,2.32,4.21,"[0.8966, 0.1761, 0.1761, 0.064, 0.064]",89.80399999999999
Colleen3,16,1,0.6404,0.6404,0.6404,0.6404,2.93,2.93,2.93,[0.6404],89.80399999999999
Colleen5,2,2,0.16019999999999968,0.08009999999999984,0.06409999999999982,0.09609999999999985,4.331666666666667,4.01,4.62,"[0.0641, 0.0961]",57.690000000000005
Colleen5,3,4,0.7686000000000064,0.1921500000000016,0.0799999999999983,0.3043000000000049,4.4737293233082704,3.86,4.64,"[0.08, 0.1601, 0.2242, 0.3043]",57.690000000000005
Colleen5,4,6,1.0567000000000029,0.17611666666666714,0.015999999999998238,0.41629999999999967,4.501534391534391,4.33,4.62,"[0.1441, 0.1121, 0.1441, 0.016, 0.2241, 0.4163]",57.690000000000005
Colleen5,5,7,1.3929000000000045,0.19898571428571493,0.01600000000000179,0.35219999999999985,3.6700064419707275,2.75,3.99,"[0.2561, 0.3522, 0.1761, 0.1441, 0.2242, 0.016, 0.2242]",57.690000000000005
Colleen5,6,35,26.947699999999983,0.7699342857142852,0.06410000000000338,2.593899999999998,4.222996701048643,2.81,4.6,"[0.5924, 0.9927, 0.4163, 2.4498, 0.9447, 0.1921, 0.5284, 0.2562, 1.6813, 1.409, 0.4324, 0.5924, 0.1602, 0.1441, 0.2402, 0.2402, 0.7045, 0.4323, 2.5939, 0.0641, 0.7526, 0.4963, 0.1761, 0.4484, 0.8486, 0.128, 0.4644, 1.1208, 0.7045, 0.2722, 1.473, 0.3843, 2.5298, 0.9127, 1.1688]",57.690000000000005
Colleen5,8,21,6.772699999999986,0.32250952380952314,0.01600000000000179,1.7291999999999987,3.646683971620849,2.2,4.39,"[0.064, 0.064, 0.6885, 0.2081, 0.016, 0.048, 0.064, 0.1922, 0.1121, 0.1921, 0.048, 0.064, 0.1762, 1.7292, 0.4803, 0.1922, 0.0801, 0.2561, 0.5925, 1.0888, 0.4163]",57.690000000000005
Colleen5,10,21,3.586900000000014,0.17080476190476257,0.01600000000000179,0.6245000000000047,4.0826461168021595,2.93,4.6,"[0.2242, 0.2242, 0.1121, 0.0321, 0.016, 0.0321, 0.048, 0.0481, 0.048, 0.032, 0.2082, 0.2722, 0.1121, 0.032, 0.4644, 0.1121, 0.032, 0.6245, 0.1441, 0.3202, 0.4483]",57.690000000000005
Colleen5,11,4,0.704500000000003,0.17612500000000075,0.0799999999999983,0.40030000000000143,3.7351,3.31,4.01,"[0.4003, 0.1441, 0.08, 0.0801]",57.690000000000005
Colleen5,13,2,14.794800000000002,7.397400000000001,2.5138000000000034,12.280999999999999,3.3,3.29,3.31,"[12.281, 2.5138]",57.690000000000005
Colleen5,14,8,0.8965999999999994,0.11207499999999992,0.04800000000000182,0.17609999999999815,2.806320346320346,2.26,3.33,"[0.1601, 0.0801, 0.1441, 0.112, 0.048, 0.1121, 0.1761, 0.0641]",57.690000000000005
Colleen5,15,1,0.6083999999999999,0.6083999999999999,0.6083999999999999,0.6083999999999999,2.8186842105263157,2.68,2.83,[0.6084],57.690000000000005
Colleen7,1,1,0.06399999999999961,0.06399999999999961,0.06399999999999961,0.06399999999999961,3.93,3.93,3.93,[0.064],84.86
Colleen7,3,2,1.6485999999999983,0.8242999999999991,0.19209999999999994,1.4564999999999984,4.539890109890109,4.06,5.05,"[0.1921, 1.4565]",84.86
Colleen7,4,5,5.137699999999999,1.0275399999999997,0.06400000000000006,3.264999999999997,3.7617802699261524,2.98,4.26,"[1.2324, 0.1761, 0.064, 3.265, 0.4002]",84.86
Colleen7,5,4,1.280399999999993,0.3200999999999983,0.25609999999999644,0.3680999999999983,4.00125,3.95,4.08,"[0.3521, 0.2561, 0.3041, 0.3681]",84.86
Colleen7,6,28,39.084899999999976,1.3958892857142848,0.2079999999999984,7.794600000000003,3.9419555739042664,2.74,4.38,"[1.9846, 1.3924, 0.6242, 1.2324, 0.4001, 0.3041, 2.3048, 2.7049, 1.0884, 0.3521, 0.4161, 0.224, 1.2644, 4.6255, 0.3361, 0.3362, 0.208, 2.4168, 1.3445, 0.5281, 1.4565, 1.7126, 1.2645, 0.5762, 0.2401, 0.5122, 1.4405, 7.7946]",84.86
Colleen7,8,3,1.4884000000000057,0.49613333333333526,0.1600000000000037,0.752200000000002,3.1800039401103226,2.96,3.51,"[0.16, 0.7522, 0.5762]",84.86
Colleen7,9,1,0.12809999999999633,0.12809999999999633,0.12809999999999633,0.12809999999999633,3.395,3.33,3.43,[0.1281],84.86
Colleen7,10,17,6.194000000000017,0.3643529411764716,0.0799999999999983,1.3764000000000038,3.883702025737832,2.94,4.46,"[0.1121, 0.3681, 0.2561, 0.0961, 0.112, 0.2881, 0.2401, 1.3764, 0.1281, 0.0961, 0.08, 0.2721, 0.4481, 0.4961, 0.6242, 0.8482, 0.3521]",84.86
Colleen7,11,9,1.3604999999999983,0.15116666666666648,0.06399999999999828,0.49620000000000175,3.4247048984468336,2.62,3.85,"[0.064, 0.064, 0.064, 0.0641, 0.096, 0.3201, 0.4962, 0.0961, 0.096]",84.86
Colleen7,12,3,0.3521000000000072,0.11736666666666906,0.0799999999999983,0.19209999999999638,3.4137222222222228,3.14,3.49,"[0.1921, 0.08, 0.08]",84.86
Colleen7,13,37,15.044899999999993,0.4066189189189187,0.047999999999998266,1.4725000000000001,2.8849951521230404,2.49,3.35,"[1.3765, 0.8803, 0.3681, 0.6882, 0.4001, 0.1121, 0.08, 0.3201, 0.4962, 1.0083, 0.9603, 0.2401, 0.3201, 1.4725, 0.1761, 0.2241, 0.16, 0.3201, 0.2081, 0.064, 0.048, 0.2241, 0.144, 0.208, 0.176, 0.1121, 0.08, 0.096, 1.1844, 0.2721, 0.4961, 0.2081, 0.3041, 0.5282, 0.3041, 0.1601, 0.6242]",84.86
Colleen7,14,22,8.48300000000001,0.38559090909090954,0.08010000000000161,1.824600000000002,2.6786617746151014,2.23,2.96,"[0.1921, 0.2081, 0.1281, 0.1601, 0.7202, 1.4405, 0.2561, 0.8483, 0.4642, 0.16, 0.144, 1.8246, 0.128, 0.2561, 0.1121, 0.0801, 0.1281, 0.096, 0.5121, 0.2241, 0.2081, 0.192]",84.86
Colleen7,15,20,2.6888,0.13444,0.06400000000000006,0.20810000000000173,2.3035,2.21,2.58,"[0.144, 0.16, 0.1601, 0.128, 0.176, 0.08, 0.08, 0.0801, 0.096, 0.1921, 0.064, 0.1121, 0.064, 0.2081, 0.176, 0.1601, 0.1441, 0.112, 0.144, 0.2081]",84.86
Colleen7,16,6,1.9046000000000003,0.3174333333333334,0.1120000000000001,1.1044,4.455000000000001,3.37,5.37,"[1.1044, 0.2081, 0.2081, 0.16, 0.112, 0.112]",84.86
ColleenCanyon08,1,1,0.11209999999999809,0.11209999999999809,0.11209999999999809,0.11209999999999809,3.5985714285714288,2.68,3.91,[0.1121],59.330000000000005
ColleenCanyon08,2,2,0.6562000000000001,0.32810000000000006,0.32010000000000005,0.33610000000000007,3.994857142857143,3.75,4.26,"[0.3201, 0.3361]",59.330000000000005
ColleenCanyon08,4,3,1.8085000000000004,0.6028333333333334,0.20809999999999995,1.1523000000000039,3.6919057794057792,3.57,3.83,"[0.2081, 1.1523, 0.4481]",59.330000000000005
ColleenCanyon08,5,1,0.144,0.144,0.144,0.144,4.1,4.08,4.12,[0.144],59.330000000000005
ColleenCanyon08,6,23,34.730700000000006,1.510030434782609,0.1599999999999966,4.017299999999999,3.716768388629655,2.15,4.04,"[2.2567, 1.7446, 1.2483, 0.7362, 0.5922, 0.3041, 1.2804, 0.6722, 0.4961, 3.281, 1.1684, 2.5607, 0.5442, 2.2407, 0.16, 0.7522, 2.6248, 2.6248, 3.4891, 0.1761, 0.4001, 4.0173, 1.3605]",59.330000000000005
ColleenCanyon08,8,15,13.059999999999995,0.8706666666666664,0.11199999999999832,5.521699999999999,3.542962767431247,2.21,4.04,"[0.9923, 1.1524, 0.1761, 5.5217, 0.1441, 0.112, 0.1761, 0.4161, 0.1281, 2.1127, 0.4321, 0.4161, 0.7842, 0.256, 0.24]",59.330000000000005
ColleenCanyon08,9,1,0.1120000000000001,0.1120000000000001,0.1120000000000001,0.1120000000000001,3.235714285714286,2.66,3.39,[0.112],59.330000000000005
ColleenCanyon08,10,14,3.8249999999999975,0.2732142857142855,0.04800000000000004,0.9923000000000002,3.532179702018411,2.09,4.04,"[0.096, 0.16, 0.2881, 0.0961, 0.048, 0.4321, 0.8322, 0.176, 0.144, 0.128, 0.0961, 0.112, 0.2241, 0.9923]",59.330000000000005
ColleenCanyon08,11,7,0.8484000000000035,0.12120000000000049,0.04800000000000004,0.1761000000000017,3.394816738816739,2.58,3.87,"[0.1761, 0.048, 0.1601, 0.0481, 0.096, 0.144, 0.1761]",59.330000000000005
ColleenCanyon08,12,4,0.5122000000000071,0.12805000000000177,0.09600000000000364,0.17609999999999815,3.5097979797979795,3.45,3.57,"[0.1761, 0.1441, 0.096, 0.096]",59.330000000000005
ColleenCanyon08,13,12,1.936599999999997,0.16138333333333307,0.03200000000000003,0.4001000000000019,2.762796160130719,2.13,3.24,"[0.032, 0.0481, 0.128, 0.08, 0.08, 0.0961, 0.1601, 0.16, 0.224, 0.2721, 0.2561, 0.4001]",59.330000000000005
ColleenCanyon08,14,11,0.8641999999999967,0.07856363636363607,0.047999999999994714,0.11210000000000164,2.644484848484849,2.37,3.04,"[0.08, 0.096, 0.064, 0.0801, 0.1121, 0.064, 0.048, 0.112, 0.048, 0.08, 0.08]",59.330000000000005
ColleenCanyon08,15,12,0.7041000000000021,0.05867500000000017,0.016000000000000014,0.1280000000000001,2.1586111111111106,2.09,2.25,"[0.032, 0.048, 0.016, 0.048, 0.08, 0.032, 0.048, 0.0801, 0.128, 0.096, 0.032, 0.064]",59.330000000000005
ColleenCanyon08,18,1,0.015999999999998238,0.015999999999998238,0.015999999999998238,0.015999999999998238,2.86,2.86,2.86,[0.016],59.330000000000005
ColleenCanyon4.5,3,1,0.35270000000000223,0.35270000000000223,0.35270000000000223,0.35270000000000223,5.4363636363636365,5.02,5.5,[0.3527],32.3
ColleenCanyon4.5,4,4,1.2822999999999976,0.3205749999999994,0.09609999999999985,0.5770999999999997,5.302694444444444,5.04,5.42,"[0.5771, 0.0961, 0.3206, 0.2885]",32.3
ColleenCanyon4.5,5,1,0.12819999999999965,0.12819999999999965,0.12819999999999965,0.12819999999999965,5.10625,5.06,5.14,[0.1282],32.3
ColleenCanyon4.5,6,24,20.726699999999994,0.8636124999999998,0.04809999999999803,2.7410999999999994,5.217681997928071,4.79,5.48,"[1.4267, 0.2244, 0.7534, 2.7411, 1.7953, 1.7313, 0.0481, 1.026, 0.4809, 0.2244, 0.4489, 2.3083, 0.1282, 0.3527, 0.2725, 0.1603, 0.6252, 0.9458, 1.106, 0.4167, 0.6091, 1.4587, 0.6412, 0.8015]",32.3
ColleenCanyon4.5,8,8,2.0679,0.2584875,0.04809999999999981,0.5930999999999997,5.00840931028431,4.89,5.15,"[0.0481, 0.0641, 0.5931, 0.4488, 0.0962, 0.1122, 0.529, 0.1764]",32.3
ColleenCanyon4.5,10,16,2.548600000000004,0.15928750000000025,0.015999999999998238,0.41680000000000206,5.2134548420329665,4.89,5.49,"[0.1442, 0.1122, 0.1282, 0.0962, 0.1603, 0.0961, 0.1443, 0.0962, 0.1122, 0.1442, 0.4168, 0.1924, 0.3847, 0.016, 0.1924, 0.1122]",32.3
ColleenCanyon4.5,11,2,0.3365999999999971,0.16829999999999856,0.08010000000000161,0.2564999999999955,4.7850625,4.21,4.97,"[0.0801, 0.2565]",32.3
ColleenCanyon4.5,12,1,0.2886000000000024,0.2886000000000024,0.2886000000000024,0.2886000000000024,4.81,4.07,4.89,[0.2886],32.3
ColleenCanyon4.5,14,5,4.5684000000000005,0.91368,0.12819999999999965,3.7830000000000013,4.066509887005649,3.96,4.41,"[0.1282, 0.1923, 0.1282, 0.3367, 3.783]",32.3
CookyPtSouth,1,1,0.20800000000000018,0.20800000000000018,0.20800000000000018,0.20800000000000018,5.287692307692307,4.72,5.65,[0.208],88.44
CookyPtSouth,5,51,65.2054,1.2785372549019607,0.09599999999999653,6.128599999999999,4.308042087257665,2.7,5.59,"[3.0723, 0.192, 0.128, 0.176, 0.7201, 1.3281, 0.9761, 0.16, 0.832, 0.1441, 3.0562, 4.0163, 0.208, 1.6641, 1.8561, 6.1286, 1.1681, 0.128, 0.096, 1.0721, 0.256, 0.24, 0.448, 3.4884, 2.1282, 0.768, 0.7681, 1.9842, 0.7201, 0.7681, 1.0401, 0.24, 1.5521, 4.4004, 0.16, 1.2481, 0.6401, 3.8083, 0.576, 1.072, 0.192, 1.9202, 2.7362, 2.3203, 0.256, 0.464, 1.4881, 0.384, 0.224, 1.4242, 0.368]",88.44
CookyPtSouth,8,14,5.5209999999999955,0.3943571428571425,0.06410000000000338,1.1680999999999955,3.529901048525236,2.75,4.15,"[0.0961, 0.1761, 0.08, 0.0641, 0.3681, 0.096, 0.144, 0.112, 1.1681, 0.9441, 0.4001, 0.7521, 0.7521, 0.3681]",88.44
CookyPtSouth,10,5,1.2480999999999938,0.24961999999999876,0.14409999999999457,0.5279999999999987,3.7985776334776338,2.58,4.35,"[0.224, 0.528, 0.192, 0.1441, 0.16]",88.44
CookyPtSouth,14,45,15.153400000000014,0.33674222222222255,0.04800000000000182,4.080300000000008,2.8915581072350327,2.68,3.66,"[0.24, 2.7843, 0.192, 0.096, 0.112, 0.2241, 0.112, 0.08, 0.5921, 0.096, 0.096, 0.144, 0.08, 0.096, 0.08, 0.08, 0.272, 0.064, 0.16, 0.08, 0.112, 0.112, 0.496, 0.3521, 0.096, 0.4001, 0.208, 0.176, 0.224, 0.3681, 0.272, 0.176, 0.128, 0.144, 0.3361, 0.144, 0.128, 0.08, 0.048, 0.112, 0.2561, 0.6081, 0.288, 0.128, 4.0803]",88.44
CookyPtSouth,15,1,1.1040999999999999,1.1040999999999999,1.1040999999999999,1.1040999999999999,2.8662318840579712,2.83,3.15,[1.1041],88.44
DanceHall,1,2,0.6243000000000003,0.31215000000000015,0.1280000000000001,0.4963000000000002,4.6167741935483875,2.37,5.07,"[0.4963, 0.128]",57.519999999999996
DanceHall,2,1,0.4161999999999999,0.4161999999999999,0.4161999999999999,0.4161999999999999,4.087692307692308,2.84,4.2,[0.4162],57.519999999999996
DanceHall,4,9,14.55230000000001,1.6169222222222233,0.6723999999999997,3.169800000000002,4.240400447861898,2.58,4.72,"[1.713, 0.6724, 0.8485, 0.8805, 3.1538, 0.8645, 1.825, 1.4248, 3.1698]",57.519999999999996
DanceHall,5,18,16.345199999999977,0.9080666666666654,0.06409999999999993,3.0416999999999987,4.172527422157389,2.76,5.09,"[0.0641, 0.7525, 0.2081, 0.1441, 1.8411, 0.8805, 0.3041, 0.096, 2.2412, 0.3042, 1.0726, 1.1847, 2.6735, 0.6403, 0.2882, 3.0417, 0.1921, 0.4162]",57.519999999999996
DanceHall,6,4,6.771799999999999,1.6929499999999997,1.0086000000000013,2.8656000000000006,4.030886484416117,2.9,4.44,"[1.0086, 2.8656, 1.809, 1.0886]",57.519999999999996
DanceHall,8,1,0.44830000000000325,0.44830000000000325,0.44830000000000325,0.44830000000000325,4.109642857142857,3.95,4.14,[0.4483],57.519999999999996
DanceHall,10,20,6.995800000000008,0.3497900000000004,0.06409999999999982,1.1687000000000012,4.137223107563395,2.88,5.11,"[0.08, 0.1761, 0.2081, 0.0641, 0.2882, 0.144, 0.2561, 0.1761, 0.2241, 0.1121, 0.2401, 0.4483, 0.9765, 0.3842, 0.2561, 0.2241, 1.0406, 0.2081, 1.1687, 0.3202]",57.519999999999996
DanceHall,11,4,0.7525000000000048,0.1881250000000012,0.12809999999999988,0.22420000000000329,3.7320352564102564,2.86,3.87,"[0.1921, 0.1281, 0.2081, 0.2242]",57.519999999999996
DanceHall,12,2,0.19209999999999994,0.09604999999999997,0.09600000000000009,0.09609999999999985,3.1166666666666667,3.02,3.18,"[0.0961, 0.096]",57.519999999999996
DanceHall,14,16,6.7235999999999905,0.4202249999999994,0.03200000000000003,1.8250000000000002,2.8491910116524086,2.68,3.02,"[1.1846, 0.3842, 0.0801, 0.5603, 1.1526, 0.0801, 0.0961, 1.825, 0.048, 0.1441, 0.032, 0.8165, 0.08, 0.096, 0.064, 0.08]",57.519999999999996
DanceHall,15,21,2.721400000000008,0.12959047619047656,0.04800000000000004,0.35219999999999985,2.8455299251013537,2.58,2.92,"[0.1121, 0.048, 0.0641, 0.08, 0.064, 0.08, 0.096, 0.0641, 0.112, 0.3202, 0.1121, 0.1441, 0.2882, 0.096, 0.096, 0.0961, 0.3522, 0.096, 0.064, 0.2882, 0.048]",57.519999999999996
DanceHall,16,1,0.9765,0.9765,0.9765,0.9765,3.347704918032787,2.76,3.39,[0.9765],57.519999999999996
DanceHallEast,3,2,1.2499000000000011,0.6249500000000006,0.2564000000000002,0.9935000000000009,4.131542338709678,3.63,4.34,"[0.2564, 0.9935]",29.34
DanceHallEast,4,4,3.1727999999999996,0.7931999999999999,0.2564000000000002,1.6023999999999994,3.86331403834261,2.68,4.6,"[0.7852, 0.5288, 0.2564, 1.6024]",29.34
DanceHallEast,5,14,17.626500000000004,1.2590357142857145,0.08010000000000161,9.9028,3.864928690997501,2.39,4.36,"[0.3846, 0.3526, 0.6089, 2.7562, 0.8333, 0.2404, 0.8172, 0.8332, 0.1763, 0.0801, 0.1923, 0.1121, 0.3365, 9.9028]",29.34
DanceHallEast,6,2,0.2242999999999995,0.11214999999999975,0.11209999999999987,0.11219999999999963,3.5057142857142862,2.53,3.83,"[0.1122, 0.1121]",29.34
DanceHallEast,10,8,1.9548999999999999,0.24436249999999998,0.03200000000000003,0.4806999999999997,3.6102497576595476,1.6,4.32,"[0.1442, 0.4807, 0.2403, 0.032, 0.3686, 0.2564, 0.1282, 0.3045]",29.34
DanceHallEast,12,1,0.25639999999999996,0.25639999999999996,0.25639999999999996,0.25639999999999996,3.10875,2.9,3.16,[0.2564],29.34
DanceHallEast,14,11,3.701400000000001,0.3364909090909092,0.09609999999999985,0.7050000000000018,2.720408734887382,1.66,3.0,"[0.5608, 0.3846, 0.1922, 0.0961, 0.1282, 0.1282, 0.4006, 0.3045, 0.1121, 0.6891, 0.705]",29.34
DanceHallEast,15,8,1.153799999999996,0.1442249999999995,0.032099999999999795,0.2403999999999975,2.6041428571428566,2.35,2.92,"[0.1923, 0.0801, 0.0961, 0.0961, 0.1923, 0.0321, 0.2244, 0.2404]",29.34
DancingDutchSandwich,1,1,0.19200000000000017,0.19200000000000017,0.19200000000000017,0.19200000000000017,3.3808333333333334,3.06,3.51,[0.192],96.41
DancingDutchSandwich,3,1,0.4959999999999951,0.4959999999999951,0.4959999999999951,0.4959999999999951,4.0764516129032256,4.01,4.1,[0.496],96.41
DancingDutchSandwich,5,27,12.975300000000002,0.48056666666666675,0.047999999999994714,1.8398000000000039,3.939407903721312,2.72,4.7,"[1.216, 0.656, 1.8079, 0.528, 0.32, 0.096, 0.288, 0.384, 0.176, 0.048, 0.9759, 0.512, 0.144, 0.432, 0.112, 0.112, 0.512, 1.8398, 0.256, 0.048, 0.1759, 0.368, 0.048, 0.2719, 0.128, 0.6399, 0.88]",96.41
DancingDutchSandwich,6,22,49.948999999999984,2.2704090909090904,0.14399999999999835,12.94319999999999,3.999406402374943,2.33,4.91,"[2.1278, 0.416, 0.4159, 2.1919, 0.88, 5.7436, 0.4, 0.144, 0.288, 0.5119, 0.352, 0.4, 0.7839, 1.7439, 1.0879, 4.6077, 3.0079, 2.4639, 3.0878, 2.0319, 4.3198, 12.9432]",96.41
DancingDutchSandwich,8,2,2.3518000000000114,1.1759000000000057,0.8959000000000117,1.4558999999999997,3.834251373626374,2.84,3.99,"[1.4559, 0.8959]",96.41
DancingDutchSandwich,10,8,1.408000000000003,0.17600000000000038,0.015999999999998238,0.6400000000000006,3.6830833333333337,2.9,4.12,"[0.08, 0.256, 0.256, 0.08, 0.032, 0.64, 0.016, 0.048]",96.41
DancingDutchSandwich,11,9,0.6077999999999975,0.06753333333333306,0.03190000000000026,0.15990000000000038,3.472574074074074,3.18,4.06,"[0.1599, 0.032, 0.0319, 0.048, 0.048, 0.064, 0.096, 0.064, 0.064]",96.41
DancingDutchSandwich,12,2,0.12800000000000722,0.06400000000000361,0.04800000000000182,0.0800000000000054,3.269,3.12,3.43,"[0.048, 0.08]",96.41
DancingDutchSandwich,13,15,5.647600000000001,0.3765066666666667,0.03200000000000003,2.1918000000000006,3.5495243098485565,3.06,4.3,"[0.064, 0.032, 0.112, 0.064, 0.064, 0.048, 0.048, 0.032, 0.08, 1.0719, 0.448, 0.272, 0.368, 2.1918, 0.7519]",96.41
DancingDutchSandwich,14,50,20.414699999999993,0.4082939999999999,0.031999999999996476,2.3198000000000003,2.8242915600769503,2.45,2.92,"[2.3198, 0.4159, 0.352, 1.0559, 0.512, 0.112, 0.096, 0.288, 0.624, 0.2719, 0.08, 0.064, 0.064, 0.096, 0.224, 0.9919, 0.736, 0.352, 0.7519, 0.176, 0.672, 0.064, 0.064, 0.048, 0.336, 0.112, 0.8319, 0.048, 0.08, 0.064, 0.2239, 2.1599, 0.128, 0.448, 0.08, 0.576, 0.6719, 0.064, 0.048, 0.128, 0.048, 0.752, 0.304, 0.5279, 0.496, 0.032, 0.032, 1.4079, 0.048, 0.336]",96.41
DancingDutchSandwich,15,9,1.8878000000000021,0.2097555555555558,0.03200000000000003,0.4800000000000004,2.8508888888888886,2.76,2.9,"[0.3199, 0.288, 0.1119, 0.032, 0.16, 0.48, 0.16, 0.112, 0.224]",96.41
DancingDutchSandwich,16,2,0.35200000000000015,0.17600000000000005,0.1280000000000001,0.224,3.57125,3.22,3.75,"[0.224, 0.128]",96.41
EagleNest,4,2,1.746,0.873,0.5126,1.2334,4.35044439935065,3.83,4.85,"[1.2334, 0.5126]",15.97
EagleNest,5,8,13.0867,1.6358375,0.09609999999999985,7.768800000000001,4.133539517784621,2.86,4.89,"[0.5606, 0.881, 0.1601, 0.0961, 0.4806, 0.3363, 2.8032, 7.7688]",15.97
EagleNest,10,1,0.06400000000000006,0.06400000000000006,0.06400000000000006,0.06400000000000006,4.1899999999999995,4.18,4.2,[0.064],15.97
EagleNest,11,1,0.1761999999999997,0.1761999999999997,0.1761999999999997,0.1761999999999997,3.3645454545454543,3.31,3.39,[0.1762],15.97
EagleNest,14,4,0.817,0.20425,0.08009999999999984,0.3044000000000002,2.8415789473684208,2.68,2.92,"[0.1282, 0.3044, 0.3043, 0.0801]",15.97
EagleNest,15,1,0.08009999999999984,0.08009999999999984,0.08009999999999984,0.08009999999999984,2.892,2.88,2.9,[0.0801],15.97
FBc2,4,10,3.8442999999999987,0.3844299999999999,0.11169999999999902,0.7497000000000007,4.2508720873226,3.27,4.68,"[0.335, 0.4466, 0.4626, 0.3828, 0.1117, 0.2233, 0.5105, 0.3669, 0.7497, 0.2552]",22.474
FBc2,5,18,6.1566999999999945,0.34203888888888856,0.06380000000000052,0.7018000000000004,4.134474896919341,2.91,4.58,"[0.3349, 0.5902, 0.0638, 0.0957, 0.1276, 0.5104, 0.1755, 0.622, 0.0957, 0.7018, 0.3509, 0.2871, 0.3987, 0.4307, 0.3509, 0.319, 0.1754, 0.5264]",22.474
FBc2,6,11,7.8157,0.7105181818181818,0.12760000000000016,1.914,4.2579293053704115,2.5,4.62,"[1.914, 0.3828, 0.8773, 0.4785, 0.1276, 1.308, 1.3877, 0.303, 0.3509, 0.3509, 0.335]",22.474
FBc2,7,1,0.1595000000000013,0.1595000000000013,0.1595000000000013,0.1595000000000013,3.2439999999999998,2.95,3.36,[0.1595],22.474
FBc2,10,13,3.716300000000006,0.28586923076923126,0.09569999999999901,0.5900999999999996,4.074037956853174,2.46,4.96,"[0.1914, 0.3828, 0.2871, 0.0957, 0.5901, 0.1595, 0.3668, 0.0957, 0.2871, 0.4307, 0.319, 0.2552, 0.2552]",22.474
FBc2,14,5,0.6378999999999984,0.12757999999999967,0.06379999999999963,0.1913999999999998,2.8095757575757574,2.36,3.09,"[0.1276, 0.0638, 0.1914, 0.0797, 0.1754]",22.474
FBc2,15,1,0.14359999999999928,0.14359999999999928,0.14359999999999928,0.14359999999999928,2.4266666666666667,2.36,2.58,[0.1436],22.474
FaultWall2,2,2,0.08000000000000006,0.04000000000000003,0.016,0.06400000000000006,1.6250000000000002,0.02,3.24,"[0.016, 0.064]",63.244
FaultWall2,4,2,0.8158000000000012,0.4079000000000006,0.1919999999999984,0.6238000000000028,3.9782051282051283,2.83,4.0,"[0.192, 0.6238]",63.244
FaultWall2,5,26,33.20550000000001,1.2771346153846157,0.08000000000000185,6.765899999999995,4.175340979914806,1.69,4.91,"[0.1759, 0.6558, 1.3436, 0.4319, 1.2955, 3.231, 0.7677, 0.096, 1.8394, 0.2719, 0.9917, 1.3116, 1.4395, 0.144, 0.6238, 0.5438, 0.3199, 0.3359, 0.08, 1.2796, 1.4235, 2.4633, 1.4715, 3.6149, 0.2879, 6.7659]",63.244
FaultWall2,6,5,6.4938,1.2987600000000001,0.19190000000000396,2.7190999999999974,4.165957778221645,2.85,4.65,"[2.7191, 1.2156, 0.8797, 1.4875, 0.1919]",63.244
FaultWall2,8,4,14.4114,3.60285,1.7434000000000012,5.070399999999999,3.1127116402116406,2.87,3.83,"[3.023, 5.0704, 4.5746, 1.7434]",63.244
FaultWall2,10,5,1.2955000000000005,0.2591000000000001,0.03199999999999992,0.9596999999999998,3.7819547619047627,2.85,4.57,"[0.032, 0.9597, 0.0639, 0.112, 0.1279]",63.244
FaultWall2,13,1,3.134999999999998,3.134999999999998,3.134999999999998,3.134999999999998,2.861785714285714,2.83,2.9,[3.135],63.244
FaultWall2,14,24,2.6073999999999913,0.1086416666666663,0.032,0.5757999999999992,2.9059475044935574,2.49,3.65,"[0.032, 0.032, 0.048, 0.048, 0.064, 0.032, 0.5758, 0.112, 0.064, 0.048, 0.0639, 0.048, 0.064, 0.3039, 0.3519, 0.032, 0.048, 0.08, 0.064, 0.2879, 0.064, 0.08, 0.032, 0.032]",63.244
FaultWall2,15,4,1.1996000000000016,0.2999000000000004,0.09600000000000009,0.7838000000000029,2.846345856524428,2.77,2.92,"[0.1439, 0.096, 0.7838, 0.1759]",63.244
Fbm,4,4,3.9814000000000025,0.9953500000000006,0.31980000000000075,1.5990000000000002,4.25983079710145,3.84,4.37,"[0.3198, 0.9593, 1.1033, 1.599]",21.169999999999998
Fbm,5,18,7.275499999999998,0.4041944444444443,0.1120000000000001,1.1513,3.7448893046164784,2.62,4.35,"[0.2239, 0.1599, 0.1599, 0.7355, 1.0553, 1.1513, 0.3357, 0.1599, 0.2239, 0.112, 0.2079, 0.1599, 1.1193, 0.5757, 0.2079, 0.1439, 0.1439, 0.3997]",21.169999999999998
Fbm,6,4,1.6148999999999991,0.4037249999999998,0.2878000000000007,0.5116999999999998,4.25888317441658,3.99,4.37,"[0.5117, 0.3517, 0.2878, 0.4637]",21.169999999999998
Fbm,10,7,2.8939999999999992,0.4134285714285713,0.15990000000000038,0.8794000000000004,3.748834229877949,2.87,4.33,"[0.3358, 0.2558, 0.1599, 0.2878, 0.5116, 0.8794, 0.4637]",21.169999999999998
Fbm,12,1,0.2239,0.2239,0.2239,0.2239,3.237142857142857,3.07,3.27,[0.2239],21.169999999999998
Fbm,13,7,2.3664,0.3380571428571429,0.1598999999999986,0.6556000000000001,3.178667824380306,2.87,3.74,"[0.6556, 0.5276, 0.3997, 0.1919, 0.1599, 0.1599, 0.2718]",21.169999999999998
Fbm,14,12,2.5101999999999998,0.20918333333333328,0.0638999999999994,0.49570000000000114,2.8009311626668745,2.34,3.05,"[0.1599, 0.0639, 0.064, 0.0639, 0.1919, 0.1279, 0.2398, 0.4957, 0.2878, 0.3677, 0.1279, 0.3198]",21.169999999999998
Fbm,15,3,0.3037,0.10123333333333334,0.03200000000000003,0.1758,2.6667676767676767,2.32,3.07,"[0.1758, 0.0959, 0.032]",21.169999999999998
Fbm_1,4,4,3.9814000000000025,0.9953500000000006,0.31980000000000075,1.5990000000000002,4.25983079710145,3.84,4.37,"[0.3198, 0.9593, 1.1033, 1.599]",21.169999999999998
Fbm_1,5,18,7.275499999999998,0.4041944444444443,0.1120000000000001,1.1513,3.7448893046164784,2.62,4.35,"[0.2239, 0.1599, 0.1599, 0.7355, 1.0553, 1.1513, 0.3357, 0.1599, 0.2239, 0.112, 0.2079, 0.1599, 1.1193, 0.5757, 0.2079, 0.1439, 0.1439, 0.3997]",21.169999999999998
Fbm_1,6,4,1.6148999999999991,0.4037249999999998,0.2878000000000007,0.5116999999999998,4.25888317441658,3.99,4.37,"[0.5117, 0.3517, 0.2878, 0.4637]",21.169999999999998
Fbm_1,10,7,2.8939999999999992,0.4134285714285713,0.15990000000000038,0.8794000000000004,3.748834229877949,2.87,4.33,"[0.3358, 0.2558, 0.1599, 0.2878, 0.5116, 0.8794, 0.4637]",21.169999999999998
Fbm_1,12,1,0.2239,0.2239,0.2239,0.2239,3.237142857142857,3.07,3.27,[0.2239],21.169999999999998
Fbm_1,13,7,2.3664,0.3380571428571429,0.1598999999999986,0.6556000000000001,3.178667824380306,2.87,3.74,"[0.6556, 0.5276, 0.3997, 0.1919, 0.1599, 0.1599, 0.2718]",21.169999999999998
Fbm_1,14,12,2.5101999999999998,0.20918333333333328,0.0638999999999994,0.49570000000000114,2.8009311626668745,2.34,3.05,"[0.1599, 0.0639, 0.064, 0.0639, 0.1919, 0.1279, 0.2398, 0.4957, 0.2878, 0.3677, 0.1279, 0.3198]",21.169999999999998
Fbm_1,15,3,0.3037,0.10123333333333334,0.03200000000000003,0.1758,2.6667676767676767,2.32,3.07,"[0.1758, 0.0959, 0.032]",21.169999999999998
GardnersFolly,4,9,6.449900000000003,0.7166555555555559,0.17600000000000193,1.5524999999999949,4.769118594696976,3.86,4.92,"[0.2561, 0.176, 0.5921, 0.8162, 1.5525, 0.2081, 0.6402, 0.9603, 1.2484]",63.94
GardnersFolly,5,34,48.751099999999994,1.433855882352941,0.015999999999998238,6.930199999999999,4.355270997486166,2.3,4.94,"[0.4162, 0.3521, 6.9302, 0.0961, 0.3521, 1.2964, 0.048, 0.064, 0.0641, 0.128, 2.8329, 0.6402, 0.6882, 0.6081, 0.4161, 0.096, 0.128, 0.1921, 0.192, 0.272, 1.6966, 0.9603, 2.7689, 5.2657, 3.377, 0.016, 2.1127, 1.0403, 1.2164, 0.7042, 0.8963, 6.7861, 4.3693, 1.7285]",63.94
GardnersFolly,6,1,0.09599999999999653,0.09599999999999653,0.09599999999999653,0.09599999999999653,4.9,4.9,4.9,[0.096],63.94
GardnersFolly,8,1,1.3285000000000053,1.3285000000000053,1.3285000000000053,1.3285000000000053,4.13,4.11,4.15,[1.3285],63.94
GardnersFolly,10,6,1.4244999999999965,0.23741666666666608,0.06400000000000006,0.41610000000000014,4.0754180468654155,2.72,4.76,"[0.096, 0.3682, 0.4161, 0.1761, 0.3041, 0.064]",63.94
GardnersFolly,13,6,1.6326999999999998,0.2721166666666666,0.12810000000000343,0.41619999999999635,3.1663639601139604,2.54,4.01,"[0.2561, 0.1601, 0.3841, 0.4162, 0.2881, 0.1281]",63.94
GardnersFolly,14,20,3.7452000000000036,0.1872600000000002,0.03200000000000003,1.1363000000000056,2.6287865943268596,1.75,2.95,"[0.128, 0.08, 0.048, 0.032, 0.096, 0.048, 0.0641, 0.176, 0.048, 0.048, 0.048, 0.048, 0.0481, 0.1121, 0.7843, 0.6882, 0.032, 0.0321, 0.048, 1.1363]",63.94
GardnersFolly,18,1,0.5121000000000038,0.5121000000000038,0.5121000000000038,0.5121000000000038,2.58,2.58,2.58,[0.5121],63.94
GnatGrabenGulley,4,1,0.4801000000000002,0.4801000000000002,0.4801000000000002,0.4801000000000002,3.5233333333333334,3.52,3.54,[0.4801],77.83
GnatGrabenGulley,6,15,29.38439999999997,1.958959999999998,0.22399999999998954,9.1706,3.866160215038105,3.03,4.31,"[9.1706, 1.1523, 6.962, 2.3367, 0.7202, 0.5922, 0.8322, 2.2887, 1.2324, 1.4404, 0.3681, 0.6562, 0.224, 1.0083, 0.4001]",77.83
GnatGrabenGulley,8,6,3.6170000000000115,0.6028333333333352,0.11200000000000188,1.3764000000000038,3.67739784615466,3.31,4.09,"[1.3764, 0.9923, 0.112, 0.4321, 0.3201, 0.3841]",77.83
GnatGrabenGulley,9,3,0.4802000000000035,0.16006666666666783,0.09609999999999985,0.19209999999999638,3.172222222222222,2.77,3.4,"[0.1921, 0.0961, 0.192]",77.83
GnatGrabenGulley,10,13,5.9694999999999965,0.4591923076923074,0.04800000000000182,1.7604000000000042,3.73866608351391,3.01,4.23,"[0.048, 0.6402, 0.288, 0.2561, 1.7604, 0.8642, 0.7202, 0.1121, 0.2561, 0.288, 0.2241, 0.144, 0.3681]",77.83
GnatGrabenGulley,11,2,0.22409999999999286,0.11204999999999643,0.11199999999999477,0.11209999999999809,3.2435714285714283,2.95,3.56,"[0.1121, 0.112]",77.83
GnatGrabenGulley,12,2,0.22400000000000375,0.11200000000000188,0.06400000000000006,0.1600000000000037,3.5172499999999998,3.09,3.64,"[0.064, 0.16]",77.83
GnatGrabenGulley,13,11,36.44230000000001,3.3129363636363647,0.047999999999994714,34.1536,3.1251324714941786,2.66,3.48,"[34.1536, 0.048, 0.048, 0.096, 0.1121, 0.5442, 0.3521, 0.224, 0.2241, 0.2561, 0.3841]",77.83
GnatGrabenGulley,14,4,0.41629999999999967,0.10407499999999992,0.06400000000000006,0.1600999999999999,2.6559166666666667,2.42,2.85,"[0.0961, 0.0961, 0.064, 0.1601]",77.83
GnatGrabenGulley,15,2,0.30400000000000205,0.15200000000000102,0.14399999999999835,0.1600000000000037,2.2094444444444448,2.18,2.24,"[0.16, 0.144]",77.83
GnatGrabenGulley,16,1,0.2881,0.2881,0.2881,0.2881,4.277222222222222,3.38,4.33,[0.2881],77.83
HOTMONDAY,1,2,1.1201999999999952,0.5600999999999976,0.33610000000000007,0.7840999999999951,3.821020408163265,3.19,4.31,"[0.3361, 0.7841]",101.09
HOTMONDAY,2,5,2.0803999999999987,0.41607999999999973,0.11210000000000164,0.8161999999999998,4.012058823529412,2.83,4.07,"[0.8162, 0.1121, 0.5761, 0.192, 0.384]",101.09
HOTMONDAY,3,2,1.4242999999999952,0.7121499999999976,0.4000999999999948,1.0242000000000004,4.19444375,3.9,4.33,"[1.0242, 0.4001]",101.09
HOTMONDAY,4,12,11.873999999999999,0.9894999999999999,0.2400000000000091,3.808600000000002,4.079927010069027,3.21,4.43,"[0.4001, 0.4641, 0.7841, 3.8086, 0.6881, 0.4961, 0.6241, 0.4801, 1.5843, 0.24, 1.6963, 0.6081]",101.09
HOTMONDAY,5,49,35.78290000000002,0.7302632653061228,0.08010000000000161,3.7286999999999964,3.8224720301001587,2.16,4.39,"[0.144, 0.1601, 0.3201, 1.1522, 0.24, 0.1921, 0.3361, 1.5363, 1.8724, 1.7763, 1.0882, 1.5363, 0.288, 0.1761, 0.6561, 0.7841, 0.3201, 3.7287, 2.0324, 0.8641, 2.0484, 0.112, 0.32, 0.176, 0.192, 0.0801, 0.4161, 0.5761, 0.6561, 0.4801, 0.1441, 1.1682, 1.0562, 3.5046, 0.7362, 2.0003, 0.16, 0.1281, 0.2401, 0.128, 0.144, 0.1441, 0.224, 0.1921, 0.2401, 0.1601, 0.272, 0.4641, 0.416]",101.09
HOTMONDAY,6,9,8.721600000000024,0.9690666666666693,0.17600000000000193,2.4003999999999905,4.137450413516137,2.22,4.39,"[0.8482, 1.4562, 0.2881, 2.4004, 0.8322, 1.6643, 0.176, 0.7361, 0.3201]",101.09
HOTMONDAY,7,2,0.5601000000000003,0.28005000000000013,0.20800000000000018,0.3521000000000001,3.2290909090909095,2.95,3.42,"[0.3521, 0.208]",101.09
HOTMONDAY,10,40,8.145000000000007,0.20362500000000017,0.04799999999998761,0.5921000000000021,3.5002106185889277,1.61,4.31,"[0.224, 0.208, 0.32, 0.224, 0.3841, 0.16, 0.1281, 0.176, 0.16, 0.2241, 0.5921, 0.192, 0.176, 0.16, 0.16, 0.112, 0.5441, 0.24, 0.2881, 0.112, 0.112, 0.2401, 0.3521, 0.288, 0.048, 0.176, 0.16, 0.48, 0.064, 0.096, 0.096, 0.096, 0.096, 0.0961, 0.192, 0.0801, 0.096, 0.096, 0.32, 0.176]",101.09
HOTMONDAY,11,3,0.7519999999999953,0.2506666666666651,0.09600000000000009,0.4959999999999951,3.539150537634409,2.7,3.99,"[0.16, 0.096, 0.496]",101.09
HOTMONDAY,12,1,0.0799999999999983,0.0799999999999983,0.0799999999999983,0.0799999999999983,3.812,3.74,3.86,[0.08],101.09
HOTMONDAY,13,25,8.865499999999985,0.3546199999999994,0.015999999999991132,2.992500000000007,2.809648943344237,2.38,3.17,"[0.144, 0.8161, 2.9925, 1.0402, 0.1921, 0.6241, 0.6722, 0.128, 0.048, 0.096, 0.24, 0.224, 0.08, 0.032, 0.016, 0.288, 0.096, 0.3201, 0.064, 0.064, 0.176, 0.0961, 0.08, 0.16, 0.1761]",101.09
HOTMONDAY,14,54,18.17929999999998,0.33665370370370334,0.015999999999991132,2.9444999999999997,2.66277886359245,2.07,3.72,"[0.4321, 1.3602, 0.5441, 0.16, 0.16, 0.2081, 2.9445, 0.128, 0.2401, 0.08, 0.048, 0.064, 0.4, 0.096, 0.4961, 0.1121, 0.7841, 0.112, 0.32, 0.9761, 1.9203, 0.9442, 0.096, 0.096, 0.16, 0.4321, 0.096, 0.112, 0.2561, 0.1921, 0.2561, 0.1441, 0.064, 0.2881, 0.1441, 0.112, 0.144, 0.048, 0.2241, 0.048, 0.112, 0.5921, 0.6881, 0.016, 0.16, 0.3201, 0.176, 0.112, 0.2401, 0.048, 0.048, 0.048, 0.032, 0.1441]",101.09
HOTMONDAY,15,18,2.288500000000008,0.12713888888888933,0.0799999999999983,0.30410000000000537,2.718775132275132,2.32,2.95,"[0.16, 0.096, 0.096, 0.112, 0.128, 0.1281, 0.1921, 0.128, 0.112, 0.16, 0.1121, 0.0801, 0.112, 0.096, 0.096, 0.096, 0.08, 0.3041]",101.09
HOTMONDAY,16,4,1.2162000000000022,0.30405000000000054,0.19199999999999995,0.5921000000000021,3.077788461538461,2.68,3.5,"[0.192, 0.2081, 0.224, 0.5921]",101.09
Hoagie,1,5,0.9917000000000002,0.19834000000000004,0.12790000000000035,0.30400000000000027,3.733881713900135,2.37,5.37,"[0.2079, 0.1919, 0.16, 0.304, 0.1279]",75.36
Hoagie,2,1,0.28800000000000026,0.28800000000000026,0.28800000000000026,0.28800000000000026,5.221111111111111,4.38,5.5,[0.288],75.36
Hoagie,4,2,1.1518000000000015,0.5759000000000007,0.5279000000000025,0.623899999999999,4.472354312354312,4.28,4.56,"[0.6239, 0.5279]",75.36
Hoagie,5,24,45.430099999999975,1.8929208333333323,0.1280000000000001,9.165999999999997,4.289697858896389,2.09,5.07,"[0.1439, 0.5438, 0.3199, 0.6878, 0.1759, 2.4475, 0.5279, 0.4319, 0.6399, 0.9758, 0.6079, 2.9274, 9.166, 1.5037, 0.4959, 2.5434, 0.6559, 3.1033, 4.1271, 3.1673, 0.192, 0.128, 8.0783, 1.8396]",75.36
Hoagie,6,14,7.358499999999999,0.5256071428571428,0.0638999999999994,1.407700000000002,3.742078243793444,2.19,4.93,"[0.192, 0.3839, 1.0878, 0.224, 0.0639, 1.4077, 0.4319, 0.432, 0.128, 0.1919, 0.5759, 0.7678, 0.4799, 0.9918]",75.36
Hoagie,8,7,3.0394000000000077,0.4342000000000011,0.2079000000000022,1.0397999999999996,4.208437981859411,2.05,4.58,"[0.224, 0.24, 0.2079, 0.288, 0.3999, 0.6398, 1.0398]",75.36
Hoagie,10,10,2.4797000000000073,0.24797000000000075,0.1120000000000001,0.9438000000000031,3.6695038751267566,2.15,4.56,"[0.144, 0.192, 0.144, 0.112, 0.208, 0.128, 0.1439, 0.9438, 0.32, 0.144]",75.36
Hoagie,12,1,0.11189999999999989,0.11189999999999989,0.11189999999999989,0.11189999999999989,2.8857142857142857,2.68,2.98,[0.1119],75.36
Hoagie,14,33,13.613000000000003,0.4125151515151516,0.06390000000000029,2.7834000000000003,2.4844382405693572,2.09,2.98,"[1.0878, 0.24, 0.6078, 0.304, 0.2879, 0.064, 0.112, 0.2079, 0.2719, 2.7834, 2.5435, 0.6399, 0.112, 0.064, 0.0639, 0.064, 0.064, 0.1119, 0.08, 0.08, 0.8318, 0.112, 0.0799, 0.096, 0.064, 0.8158, 0.144, 0.2399, 0.08, 0.1119, 0.144, 0.9758, 0.128]",75.36
Hoagie,15,10,0.8959000000000004,0.08959000000000003,0.06400000000000006,0.14400000000000013,2.171027777777778,2.09,2.37,"[0.1279, 0.08, 0.08, 0.08, 0.08, 0.096, 0.144, 0.064, 0.08, 0.064]",75.36
HogueCanyon,1,3,2.7843,0.9281,0.8640999999999996,0.9761,4.284753137874375,2.32,6.24,"[0.9761, 0.9441, 0.8641]",107.58
HogueCanyon,2,2,1.2321000000000026,0.6160500000000013,0.27200000000000557,0.9600999999999971,4.359107843137254,4.27,4.43,"[0.272, 0.9601]",107.58
HogueCanyon,3,3,9.232999999999997,3.0776666666666657,1.5840999999999923,4.160499999999999,4.239714845467138,3.46,4.53,"[4.1605, 3.4884, 1.5841]",107.58
HogueCanyon,4,4,16.64179999999999,4.160449999999997,0.5441000000000003,10.465099999999993,4.312408455394019,2.34,4.55,"[0.5441, 0.8801, 4.7525, 10.4651]",107.58
HogueCanyon,5,28,42.26090000000002,1.5093178571428578,0.14400000000000013,11.441300000000012,3.7293587752310455,2.09,4.35,"[0.144, 0.1761, 0.16, 0.224, 0.8801, 0.368, 2.9764, 0.6401, 0.3681, 0.224, 0.6081, 0.8481, 1.9363, 0.9121, 1.5362, 1.2802, 0.208, 1.9842, 0.432, 0.48, 0.224, 1.9363, 0.48, 2.8323, 0.352, 3.7444, 11.4413, 4.8646]",107.58
HogueCanyon,6,7,8.737099999999993,1.2481571428571419,0.5761000000000003,3.072400000000002,3.8583182286063704,2.38,4.49,"[0.5761, 0.5921, 1.2641, 1.4561, 1.0402, 3.0724, 0.7361]",107.58
HogueCanyon,8,1,4.7845999999999975,4.7845999999999975,4.7845999999999975,4.7845999999999975,3.5157190635451507,3.38,3.66,[4.7846],107.58
HogueCanyon,10,5,1.5202000000000009,0.3040400000000002,0.19200000000000017,0.5599999999999987,3.5666668390433096,2.34,4.33,"[0.208, 0.192, 0.56, 0.2881, 0.2721]",107.58
HogueCanyon,12,2,0.3681000000000001,0.18405000000000005,0.16010000000000035,0.20799999999999974,3.1295,2.36,3.31,"[0.1601, 0.208]",107.58
HogueCanyon,14,32,17.6017,0.550053125,0.04800000000000182,6.64070000000001,2.546244731727295,2.05,3.48,"[0.9601, 0.2721, 0.56, 0.336, 0.32, 0.6721, 0.6401, 0.256, 0.2081, 0.272, 0.176, 1.0401, 0.5761, 1.7922, 0.528, 0.064, 0.096, 0.192, 0.176, 0.16, 0.192, 0.16, 0.144, 0.128, 0.144, 0.4, 0.064, 0.112, 0.0801, 0.048, 0.192, 6.6407]",107.58
HogueCanyon,15,7,2.1762,0.3108857142857143,0.16000000000000014,0.6880999999999999,2.4681830959737936,2.32,2.79,"[0.6881, 0.208, 0.352, 0.16, 0.224, 0.288, 0.2561]",107.58
HogueCanyon,16,1,0.24000000000000002,0.24000000000000002,0.24000000000000002,0.24000000000000002,4.304666666666666,4.19,4.35,[0.24],107.58
HogueWest,2,5,1.0720000000000027,0.21440000000000053,0.1600000000000037,0.2880000000000038,4.303071484071484,2.95,4.82,"[0.16, 0.24, 0.288, 0.176, 0.208]",104.58399999999999
HogueWest,3,3,1.1520999999999972,0.3840333333333324,0.2560000000000002,0.5600999999999985,4.524265873015873,3.94,4.8,"[0.336, 0.5601, 0.256]",104.58399999999999
HogueWest,4,13,7.568400000000015,0.5821846153846165,0.11200000000000188,2.080199999999998,4.1623262765632045,2.97,4.49,"[0.352, 0.592, 0.112, 0.4, 0.192, 0.6561, 2.0802, 0.528, 0.464, 0.576, 0.4481, 0.528, 0.64]",104.58399999999999
HogueWest,5,48,49.203899999999976,1.0250812499999995,0.016000000000005343,5.632399999999997,4.054688425310711,2.42,4.86,"[0.56, 0.7361, 0.8481, 1.4401, 0.368, 0.9601, 0.288, 0.288, 0.4001, 0.7521, 0.3361, 0.496, 0.9121, 0.576, 2.6722, 0.752, 0.7681, 1.7121, 0.416, 0.048, 0.064, 0.8161, 1.0721, 0.9921, 1.1521, 0.432, 0.4801, 1.04, 5.6324, 1.4081, 0.016, 0.2881, 0.9441, 0.112, 0.7841, 1.3761, 3.0082, 0.464, 0.7041, 2.0322, 1.8722, 0.72, 1.9842, 1.6641, 1.8081, 0.8481, 0.4, 1.7601]",104.58399999999999
HogueWest,6,19,14.689099999999994,0.7731105263157891,0.06399999999999295,1.6160999999999959,4.086238603427144,2.58,4.7,"[0.9281, 0.4, 1.5041, 0.24, 0.384, 0.6561, 0.736, 0.752, 1.6161, 1.0721, 0.9921, 0.432, 0.064, 0.8641, 0.6401, 0.624, 1.3921, 0.9601, 0.4321]",104.58399999999999
HogueWest,7,10,4.224399999999994,0.42243999999999937,0.1599999999999966,0.8960999999999899,3.5922622102269934,2.95,4.21,"[0.176, 0.7201, 0.32, 0.176, 0.1601, 0.6081, 0.16, 0.192, 0.8961, 0.816]",104.58399999999999
HogueWest,9,1,0.5601000000000003,0.5601000000000003,0.5601000000000003,0.5601000000000003,3.4817142857142858,2.77,3.54,[0.5601],104.58399999999999
HogueWest,10,10,4.256400000000001,0.42564000000000013,0.240000000000002,0.9600999999999988,4.152248289412169,3.29,4.8,"[0.9601, 0.4961, 0.288, 0.288, 0.24, 0.3041, 0.3681, 0.512, 0.4, 0.4]",104.58399999999999
HogueWest,13,20,7.568499999999991,0.37842499999999957,0.06399999999999295,2.2882000000000033,3.094288264590217,2.68,3.56,"[0.192, 0.176, 0.144, 0.5281, 0.192, 0.496, 0.112, 0.112, 0.16, 0.352, 0.3041, 0.064, 0.064, 0.528, 0.432, 0.144, 0.416, 2.2882, 0.6241, 0.24]",104.58399999999999
HogueWest,14,19,13.36110000000002,0.7032157894736852,0.0799999999999983,5.1524,2.789761450767954,2.07,3.19,"[0.7041, 1.5681, 1.1841, 2.4802, 0.512, 0.16, 5.1524, 0.112, 0.112, 0.0961, 0.096, 0.096, 0.128, 0.08, 0.096, 0.1441, 0.272, 0.272, 0.096]",104.58399999999999
HogueWest,15,3,0.5280000000000005,0.17600000000000016,0.14400000000000013,0.23999999999999844,2.3028888888888885,2.09,2.36,"[0.144, 0.24, 0.144]",104.58399999999999
HogueWest,16,1,0.39999999999999997,0.39999999999999997,0.39999999999999997,0.39999999999999997,2.1448,2.11,2.16,[0.4],104.58399999999999
HotMondayChannelAxis,2,3,1.2671000000000001,0.4223666666666667,0.2405999999999997,0.7218,4.310222222222222,2.56,4.58,"[0.7218, 0.2406, 0.3047]",23.290000000000003
HotMondayChannelAxis,4,8,7.7313,0.9664125,0.16040000000000004,4.1865,4.16344061302682,2.95,4.35,"[0.1604, 0.2888, 0.1924, 0.2406, 1.2832, 0.1604, 4.1865, 1.219]",23.290000000000003
HotMondayChannelAxis,5,13,7.635100000000007,0.5873153846153851,0.048099999999999976,1.4596,4.169237693546544,2.77,4.62,"[0.0481, 0.9624, 0.3208, 0.8181, 0.2887, 1.4596, 0.3048, 0.4651, 0.8662, 0.3529, 0.3208, 1.0426, 0.385]",23.290000000000003
HotMondayChannelAxis,6,9,5.180899999999994,0.5756555555555549,0.08020000000000138,2.4220000000000006,4.324777518945433,2.93,4.58,"[0.1925, 0.4331, 0.7699, 0.1444, 0.1122, 0.1765, 2.422, 0.8501, 0.0802]",23.290000000000003
HotMondayChannelAxis,10,4,1.0746999999999982,0.26867499999999955,0.04809999999999803,0.561399999999999,4.31247619047619,4.01,4.51,"[0.2246, 0.5614, 0.2406, 0.0481]",23.290000000000003
HotMondayChannelAxis,14,3,0.4009000000000014,0.1336333333333338,0.048100000000001586,0.2887,2.670925925925926,2.38,2.93,"[0.2887, 0.0641, 0.0481]",23.290000000000003
JanesWindowA,2,1,0.38400000000000034,0.38400000000000034,0.38400000000000034,0.38400000000000034,3.823333333333333,3.7,3.86,[0.384],37.39
JanesWindowA,5,27,10.911500000000006,0.40412962962962984,0.03200000000000003,2.9598000000000013,3.440683292159463,1.97,4.64,"[0.512, 0.112, 0.992, 0.5279, 0.32, 0.112, 0.32, 1.6639, 0.528, 0.688, 0.064, 0.192, 0.048, 0.064, 0.064, 0.048, 0.032, 0.08, 0.048, 0.032, 0.096, 0.048, 0.064, 0.1119, 1.104, 0.08, 2.9598]",37.39
JanesWindowA,6,1,0.895999999999999,0.895999999999999,0.895999999999999,0.895999999999999,3.792321428571429,2.09,3.86,[0.896],37.39
JanesWindowA,10,13,1.8078000000000047,0.13906153846153882,0.06400000000000006,0.3999999999999999,3.3699719857066013,2.05,4.31,"[0.096, 0.1759, 0.4, 0.08, 0.2079, 0.176, 0.112, 0.064, 0.064, 0.064, 0.112, 0.128, 0.128]",37.39
JanesWindowA,11,1,0.09600000000000009,0.09600000000000009,0.09600000000000009,0.09600000000000009,2.5100000000000002,2.26,2.62,[0.096],37.39
JanesWindowA,12,1,0.11199999999999832,0.11199999999999832,0.11199999999999832,0.11199999999999832,2.861428571428571,2.38,3.05,[0.112],37.39
JanesWindowA,14,26,12.207299999999991,0.46951153846153815,0.06400000000000006,1.3439000000000014,2.428361312813359,2.05,3.38,"[0.096, 0.08, 0.464, 0.5919, 0.192, 0.096, 0.208, 0.9439, 0.352, 1.3439, 1.184, 0.3839, 0.928, 0.096, 0.176, 1.0879, 0.16, 0.064, 0.112, 0.368, 0.16, 0.8159, 0.88, 0.6719, 0.416, 0.336]",37.39
JanesWindowA,15,11,4.2398000000000025,0.38543636363636385,0.047999999999998266,1.7598999999999982,2.1304715369587934,2.07,2.36,"[0.048, 0.096, 0.08, 0.384, 0.048, 0.08, 1.7599, 0.288, 0.9279, 0.16, 0.368]",37.39
JanesWindowA,18,2,6.735600000000001,3.3678000000000003,0.016000000000000014,6.719600000000001,2.015,1.87,2.16,"[0.016, 6.7196]",37.39
JanesWindowB,2,1,0.015999999999998238,0.015999999999998238,0.015999999999998238,0.015999999999998238,7.3,7.3,7.3,[0.016],51.944
JanesWindowB,4,10,4.815300000000004,0.4815300000000004,0.27200000000000557,0.7678999999999974,4.329387234681997,2.77,4.7,"[0.448, 0.7679, 0.4799, 0.4799, 0.4799, 0.6559, 0.4319, 0.352, 0.4479, 0.272]",51.944
JanesWindowB,5,41,26.05999999999999,0.6356097560975608,0.04790000000000205,2.5436000000000005,4.102443652889614,2.38,4.68,"[2.5436, 0.5599, 0.352, 0.3679, 0.3039, 1.2478, 0.4159, 0.256, 0.304, 0.096, 0.24, 0.384, 0.4639, 1.6797, 0.048, 0.112, 0.128, 0.7359, 0.336, 0.9599, 0.5119, 0.5119, 0.208, 0.6719, 0.6719, 1.8397, 1.2318, 0.32, 0.048, 0.0479, 0.9119, 1.4718, 0.192, 0.3359, 1.6798, 1.1198, 0.3999, 0.2719, 0.5439, 1.1198, 0.4159]",51.944
JanesWindowB,6,4,4.671199999999994,1.1677999999999984,0.3520000000000003,3.0714999999999932,4.241746157488344,2.68,4.64,"[0.4159, 0.352, 0.8318, 3.0715]",51.944
JanesWindowB,8,1,1.3758000000000052,1.3758000000000052,1.3758000000000052,1.3758000000000052,2.8413953488372097,2.83,2.89,[1.3758],51.944
JanesWindowB,10,7,1.0079999999999973,0.14399999999999963,0.04800000000000004,0.240000000000002,3.750894771894772,2.79,4.66,"[0.096, 0.176, 0.048, 0.08, 0.208, 0.16, 0.24]",51.944
JanesWindowB,12,2,0.27190000000000936,0.13595000000000468,0.1279000000000039,0.14400000000000546,4.034166666666667,2.68,4.25,"[0.1279, 0.144]",51.944
JanesWindowB,13,7,3.967499999999987,0.5667857142857124,0.047999999999998266,2.623599999999996,2.6732682249101005,1.65,3.07,"[0.048, 0.048, 0.064, 2.6236, 0.368, 0.304, 0.5119]",51.944
JanesWindowB,14,36,8.158600000000016,0.2266277777777782,0.016000000000000014,1.9197,2.8017063460158225,0.12,3.17,"[1.9197, 0.032, 0.08, 0.016, 0.032, 0.08, 1.0558, 0.256, 0.1599, 0.08, 0.5439, 0.3999, 0.16, 0.3039, 0.3679, 0.048, 0.032, 0.08, 0.048, 0.08, 0.0959, 0.6559, 0.3359, 0.24, 0.5439, 0.032, 0.032, 0.048, 0.032, 0.048, 0.032, 0.144, 0.032, 0.032, 0.032, 0.048]",51.944
JanesWindowB,18,3,1.5996999999999986,0.5332333333333329,0.14399999999999835,0.7997999999999976,2.8882135501355015,2.81,3.19,"[0.7998, 0.144, 0.6559]",51.944
LONGWALK,1,2,0.8963999999999999,0.44819999999999993,0.4322000000000017,0.46419999999999817,4.284246487867177,3.86,4.7,"[0.4322, 0.4642]",57.93
LONGWALK,2,1,1.360599999999998,1.360599999999998,1.360599999999998,1.360599999999998,4.594352941176471,4.25,4.62,[1.3606],57.93
LONGWALK,4,3,1.6806999999999945,0.5602333333333315,0.30409999999999826,0.9603999999999999,4.212133603238866,3.78,4.74,"[0.3041, 0.9604, 0.4162]",57.93
LONGWALK,5,21,16.5353,0.787395238095238,0.11200000000000188,2.4971999999999994,4.132915787429568,2.68,4.8,"[0.2081, 2.4972, 1.3766, 0.8483, 0.112, 0.2881, 0.7204, 0.5282, 1.3446, 0.5763, 0.4162, 1.1045, 0.8484, 0.7043, 0.2081, 1.3286, 0.176, 1.4246, 0.7844, 0.2561, 0.7843]",57.93
LONGWALK,6,7,6.803100000000001,0.9718714285714286,0.1280000000000001,2.5771999999999977,4.091170738346675,2.54,4.82,"[0.3202, 0.5923, 1.0565, 0.7043, 0.128, 2.5772, 1.4246]",57.93
LONGWALK,10,12,3.7455,0.312125,0.11209999999999998,0.7683,4.020113364156579,2.97,5.08,"[0.1121, 0.3841, 0.3201, 0.16, 0.2401, 0.128, 0.7683, 0.4322, 0.2401, 0.2721, 0.3842, 0.3042]",57.93
LONGWALK,12,8,1.2005000000000035,0.15006250000000043,0.1280000000000001,0.19209999999999994,3.57104577020202,2.72,4.05,"[0.144, 0.1601, 0.1921, 0.128, 0.176, 0.1281, 0.1281, 0.1441]",57.93
LONGWALK,13,13,4.546299999999998,0.34971538461538443,0.016100000000001558,1.4246000000000003,2.8126361132955116,2.01,2.97,"[0.7364, 1.4246, 1.0244, 0.0481, 0.1761, 0.2721, 0.048, 0.2562, 0.1281, 0.3202, 0.064, 0.032, 0.0161]",57.93
LONGWALK,14,25,16.711499999999997,0.6684599999999999,0.06400000000000006,3.0894000000000013,2.8763875651103876,2.28,3.15,"[0.8003, 1.4886, 0.0801, 1.6327, 0.2241, 1.7127, 0.8164, 0.4482, 0.3521, 0.4642, 0.064, 0.1761, 0.8804, 0.0801, 0.3042, 0.4962, 3.0894, 0.0641, 0.8004, 0.8323, 0.2881, 0.7363, 0.6563, 0.1121, 0.1121]",57.93
LONGWALK,15,27,3.52170000000001,0.1304333333333337,0.06409999999999982,0.30410000000000004,2.8677127133209006,1.99,4.13,"[0.2881, 0.1121, 0.0961, 0.112, 0.112, 0.3041, 0.16, 0.1921, 0.112, 0.1441, 0.1121, 0.1601, 0.112, 0.1121, 0.0641, 0.0641, 0.0961, 0.0641, 0.176, 0.096, 0.1121, 0.0961, 0.0801, 0.16, 0.096, 0.1281, 0.16]",57.93
LONGWALK,16,1,0.9284,0.9284,0.9284,0.9284,3.3024137931034483,3.21,3.33,[0.9284],57.93
LobeWall1,2,8,2.3502000000003136,0.2937750000000392,0.016000000000076398,0.7514000000001033,3.1475066489361705,0.0,4.82,"[0.016, 0.5276, 0.1759, 0.7514, 0.032, 0.2877, 0.4477, 0.1119]",58.5
LobeWall1,4,4,2.430199999999786,0.6075499999999465,0.495600000000195,0.6714999999999236,3.999901196243954,2.22,4.27,"[0.4956, 0.6555, 0.6076, 0.6715]",58.5
LobeWall1,5,41,32.58379999999988,0.7947268292682899,0.09589999999980137,4.268800000000283,3.8843412058344153,0.43,5.04,"[0.1279, 0.1439, 0.1918, 1.2471, 0.8634, 0.7834, 0.5276, 0.1279, 0.0959, 0.128, 0.0959, 0.5436, 0.8954, 0.3038, 0.4797, 0.8954, 0.4477, 0.3677, 0.8793, 0.3197, 0.1119, 0.9753, 0.6555, 0.5116, 0.8953, 0.4797, 0.1759, 0.4796, 0.3997, 0.4157, 1.2151, 4.2369, 2.1424, 0.2238, 0.2877, 0.2238, 3.933, 0.8314, 4.2688, 0.096, 0.5596]",58.5
LobeWall1,6,17,6.986699999999473,0.4109823529411455,0.07999999999992724,0.9911999999999352,4.02838158631162,2.36,5.06,"[0.1759, 0.3517, 0.08, 0.2877, 0.9912, 0.2717, 0.1759, 0.1758, 0.3198, 0.1599, 0.112, 0.9273, 0.5276, 0.9273, 0.3037, 0.6875, 0.5117]",58.5
LobeWall1,7,1,0.1758999999997286,0.1758999999997286,0.1758999999997286,0.1758999999997286,2.828181818181818,2.77,2.87,[0.1759],58.5
LobeWall1,10,3,0.3198000000002139,0.1066000000000713,0.04800000000022919,0.191899999999805,3.1202222222222225,3.03,3.66,"[0.0799, 0.048, 0.1919]",58.5
LobeWall1,13,2,0.23980000000028667,0.11990000000014334,0.09590000000025611,0.14390000000003056,3.0727777777777776,2.97,3.23,"[0.0959, 0.1439]",58.5
LobeWall1,14,32,11.846799999999348,0.3702124999999796,0.015900000000328873,1.9983999999999469,2.4877823162608013,0.55,3.31,"[0.8793, 0.3678, 1.359, 0.3038, 0.0799, 0.0159, 0.016, 0.1439, 0.2239, 0.3197, 0.7194, 0.1759, 0.064, 0.3837, 0.3677, 0.2718, 0.1759, 0.9113, 0.0639, 0.016, 0.1439, 0.1918, 0.2078, 0.2078, 0.0799, 0.1439, 0.032, 0.1119, 0.08, 0.1279, 1.9984, 1.6627]",58.5
LobeWall1,15,16,1.566800000000967,0.09792500000006044,0.03199999999969805,0.25580000000036307,2.2816428571428573,2.09,2.56,"[0.1279, 0.1918, 0.032, 0.0479, 0.032, 0.1919, 0.032, 0.0639, 0.2558, 0.0639, 0.1119, 0.128, 0.048, 0.0799, 0.064, 0.0959]",58.5
LobeWall2_dp,2,8,2.493800000000647,0.31172500000008085,0.14390000000003056,0.6714000000001761,3.9344715007215005,0.0,4.75,"[0.3837, 0.1758, 0.2078, 0.1439, 0.6714, 0.3357, 0.3517, 0.2238]",60.983999999999924
LobeWall2_dp,4,2,1.3426999999996951,0.6713499999998476,0.6554000000000997,0.6872999999995955,4.589378899602949,3.88,4.77,"[0.6873, 0.6554]",60.983999999999924
LobeWall2_dp,5,34,28.261700000000474,0.8312264705882493,0.1277999999997519,3.980399999999918,4.2444014096440945,2.01,4.79,"[0.5115, 0.3357, 1.8063, 0.1918, 1.0551, 0.2557, 0.1438, 0.1438, 0.1759, 0.1758, 0.8473, 0.3677, 0.6235, 0.1279, 0.1918, 3.8525, 0.4635, 0.1918, 0.4955, 0.1758, 0.8152, 0.4635, 1.0231, 3.3889, 2.0941, 0.1278, 0.3836, 0.3197, 0.6075, 1.3588, 0.3037, 0.6873, 3.9804, 0.5754]",60.983999999999924
LobeWall2_dp,6,17,10.869999999999436,0.6394117647058492,0.20779999999967913,1.6464999999998327,4.484081300002855,2.01,4.97,"[0.5116, 0.2877, 1.6465, 0.4955, 0.5914, 0.6873, 0.6075, 0.3676, 0.2078, 0.4955, 0.3198, 0.5755, 0.3198, 0.3996, 1.0391, 1.5505, 0.7673]",60.983999999999924
LobeWall2_dp,10,25,6.666000000000622,0.26664000000002486,0.06400000000030559,0.831199999999626,3.9611932017171716,2.39,4.81,"[0.3517, 0.2718, 0.064, 0.1758, 0.4955, 0.1918, 0.1918, 0.1919, 0.0959, 0.2398, 0.1918, 0.0799, 0.1599, 0.2238, 0.1119, 0.1119, 0.4476, 0.1599, 0.2078, 0.1439, 0.8312, 0.4316, 0.4796, 0.4475, 0.3677]",60.983999999999924
LobeWall2_dp,12,1,0.12789999999995416,0.12789999999995416,0.12789999999995416,0.12789999999995416,3.0075,2.98,3.02,[0.1279],60.983999999999924
LobeWall2_dp,13,4,2.1262000000006083,0.5315500000001521,0.17590000000018335,1.055000000000291,2.407252525252525,1.89,2.96,"[0.1759, 0.7194, 0.1759, 1.055]",60.983999999999924
LobeWall2_dp,14,34,9.095699999998487,0.2675205882352496,0.031899999999950523,1.086999999999989,2.4000583435227623,1.83,4.4,"[0.048, 0.2878, 0.5116, 0.8632, 0.0639, 0.2078, 0.0479, 0.4476, 0.1119, 0.6554, 0.3677, 0.4955, 0.2238, 0.3356, 0.3357, 0.048, 0.2558, 0.048, 0.0639, 0.0319, 0.2558, 0.1279, 0.0639, 0.032, 0.0639, 0.3197, 0.2558, 0.0639, 0.0959, 0.2878, 0.7353, 1.087, 0.0959, 0.1599]",60.983999999999924
LowerChannel,2,2,1.1959000000000017,0.5979500000000009,0.5581000000000031,0.6377999999999986,4.558857142857143,4.36,4.78,"[0.5581, 0.6378]",64.16
LowerChannel,3,1,1.1798999999999964,1.1798999999999964,1.1798999999999964,1.1798999999999964,4.279594594594594,2.8,4.36,[1.1799],64.16
LowerChannel,4,2,2.503299999999996,1.251649999999998,0.430499999999995,2.072800000000001,4.45515527065527,2.56,4.6,"[2.0728, 0.4305]",64.16
LowerChannel,5,36,29.114000000000004,0.8087222222222223,0.12760000000000105,3.2845000000000013,4.204699707926775,2.0,4.98,"[0.1754, 0.1753, 0.2232, 0.3348, 0.3667, 0.3189, 0.3348, 0.4305, 0.3986, 0.5899, 0.3348, 1.2118, 1.706, 0.9088, 0.4464, 0.2072, 0.1754, 0.8769, 0.2392, 0.3348, 3.2207, 2.9338, 0.1276, 0.3189, 0.2073, 0.5421, 0.2073, 0.5102, 3.2845, 1.3872, 0.3667, 0.2392, 0.3189, 1.148, 1.2277, 3.2845]",64.16
LowerChannel,6,2,2.1525999999999996,1.0762999999999998,0.5900000000000034,1.5625999999999962,4.362948152233866,2.92,4.42,"[1.5626, 0.59]",64.16
LowerChannel,7,1,0.1914,0.1914,0.1914,0.1914,2.966666666666667,2.76,3.07,[0.1914],64.16
LowerChannel,10,6,2.200300000000002,0.366716666666667,0.20730000000000004,0.733399999999996,4.320066548990463,2.9,4.86,"[0.2073, 0.3189, 0.2073, 0.7334, 0.287, 0.4464]",64.16
LowerChannel,12,5,0.9408000000000012,0.18816000000000024,0.12759999999999927,0.22330000000000183,3.370347402597403,2.74,3.83,"[0.1276, 0.1754, 0.1913, 0.2232, 0.2233]",64.16
LowerChannel,14,35,21.301799999999997,0.608622857142857,0.03190000000000026,7.4619,2.84593230511052,0.46,3.37,"[7.4619, 0.7972, 0.5262, 0.3507, 1.3712, 1.1321, 0.2711, 3.2208, 0.5102, 1.5626, 0.1435, 0.1754, 0.1435, 0.0319, 0.2711, 0.1276, 0.1754, 0.2232, 0.0638, 0.0479, 0.7654, 0.2073, 0.1275, 0.1275, 0.0797, 0.0956, 0.2073, 0.0956, 0.0638, 0.1275, 0.0638, 0.0319, 0.0797, 0.0957, 0.5262]",64.16
LowerChannel,15,16,3.1567999999999956,0.19729999999999973,0.04779999999999518,0.4941999999999993,2.7436135309023415,1.96,2.96,"[0.3348, 0.1435, 0.1276, 0.0957, 0.1275, 0.1594, 0.1276, 0.1913, 0.3508, 0.0957, 0.2551, 0.1435, 0.4942, 0.3188, 0.1435, 0.0478]",64.16
LowerChannel,18,1,0.2232,0.2232,0.2232,0.2232,2.8214285714285716,1.96,2.94,[0.2232],64.16
LwrCodornizAnnex,5,10,15.020999999999997,1.5021,0.2246999999999999,3.5465999999999998,4.235343554702926,1.65,4.74,"[0.2247, 0.9148, 2.7924, 3.5466, 0.2728, 0.2728, 0.995, 1.701, 0.8505, 3.4504]",17.364
LwrCodornizAnnex,8,2,0.09629999999999939,0.04814999999999969,0.032099999999999795,0.06419999999999959,3.205,3.13,3.29,"[0.0321, 0.0642]",17.364
LwrCodornizAnnex,10,4,0.1766000000000012,0.0441500000000003,0.016000000000000014,0.08030000000000004,3.3493333333333335,2.89,4.49,"[0.0803, 0.0482, 0.016, 0.0321]",17.364
LwrCodornizAnnex,13,3,0.2727999999999984,0.0909333333333328,0.032099999999999795,0.14439999999999742,3.137407407407407,0.59,4.35,"[0.0321, 0.0963, 0.1444]",17.364
LwrCodornizAnnex,14,8,1.797300000000002,0.22466250000000024,0.048199999999999577,0.5938,2.8924881586131588,2.79,2.99,"[0.5938, 0.1604, 0.1765, 0.5777, 0.0963, 0.0482, 0.0482, 0.0962]",17.364
LwrCodornizNorth,4,1,0.6395,0.6395,0.6395,0.6395,4.39,3.65,4.54,[0.6395],69.134
LwrCodornizNorth,5,25,52.82609999999998,2.1130439999999995,0.20779999999999887,9.992799999999999,4.100460208125589,2.86,4.77,"[0.7995, 9.9928, 1.7907, 4.2529, 2.75, 1.391, 0.3517, 1.471, 0.2558, 0.2079, 0.6875, 5.548, 0.7195, 0.8954, 0.5756, 1.2311, 3.0058, 1.1992, 1.4229, 0.2078, 0.4157, 4.7326, 6.8271, 0.3838, 1.7108]",69.134
LwrCodornizNorth,6,4,1.4069000000000031,0.3517250000000008,0.19179999999999997,0.5436000000000014,3.8733789072658245,2.88,4.24,"[0.1918, 0.5436, 0.2078, 0.4637]",69.134
LwrCodornizNorth,8,18,7.674300000000009,0.4263500000000005,0.06400000000000006,1.7746999999999957,3.446911201973702,2.78,4.1,"[0.1758, 0.4157, 0.2078, 0.064, 0.1279, 1.5349, 0.3357, 0.2239, 0.1759, 0.0959, 1.7747, 0.7195, 0.3198, 0.1599, 0.096, 0.6395, 0.4476, 0.1598]",69.134
LwrCodornizNorth,10,7,1.7269000000000032,0.24670000000000045,0.12790000000000035,0.7355000000000018,3.7151329757199325,2.8,4.38,"[0.1759, 0.2079, 0.1599, 0.1279, 0.7355, 0.1439, 0.1759]",69.134
LwrCodornizNorth,13,10,1.5987000000000098,0.15987000000000098,0.03200000000000358,0.5435999999999979,3.433664705882353,2.8,4.34,"[0.1119, 0.0639, 0.0479, 0.2398, 0.0799, 0.2878, 0.1119, 0.5436, 0.032, 0.08]",69.134
LwrCodornizNorth,14,16,3.2615999999999996,0.20384999999999998,0.03190000000000026,1.1351999999999993,2.91603624969514,2.72,3.47,"[0.3198, 1.1352, 0.1599, 0.064, 0.0319, 0.048, 0.0639, 0.0959, 0.128, 0.0799, 0.7034, 0.1119, 0.0959, 0.032, 0.064, 0.1279]",69.134
MolarGully2,2,4,1.632500000000002,0.4081250000000005,0.14400000000000013,0.992300000000002,4.544950245236747,3.05,4.78,"[0.3041, 0.144, 0.9923, 0.1921]",33.050000000000004
MolarGully2,5,9,17.765499999999996,1.973944444444444,0.19200000000000017,5.249600000000001,4.146707933983318,2.97,4.7,"[0.7683, 2.6568, 0.192, 0.7203, 0.5602, 3.217, 0.272, 5.2496, 4.1293]",33.050000000000004
MolarGully2,6,3,6.2418,2.0806,0.7042000000000002,4.145199999999999,4.093706617499721,3.36,4.66,"[0.7042, 1.3924, 4.1452]",33.050000000000004
MolarGully2,10,2,0.3201000000000018,0.1600500000000009,0.1440000000000019,0.17609999999999992,4.1562626262626265,3.01,4.72,"[0.1761, 0.144]",33.050000000000004
MolarGully2,12,2,0.30409999999999826,0.15204999999999913,0.14409999999999812,0.16000000000000014,3.363277777777778,2.91,3.6,"[0.1441, 0.16]",33.050000000000004
MolarGully2,14,8,4.4653000000000045,0.5581625000000006,0.04800000000000182,2.7048000000000023,2.8310642962806423,2.18,2.93,"[0.224, 0.112, 0.3842, 0.4161, 0.128, 0.048, 0.4482, 2.7048]",33.050000000000004
MolarGully2,15,1,1.3124,1.3124,1.3124,1.3124,2.9278048780487804,2.81,3.11,[1.3124],33.050000000000004
MolarGully2,18,1,1.0083,1.0083,1.0083,1.0083,3.4736507936507937,2.81,3.6,[1.0083],33.050000000000004
NorthBrushyMesa,1,8,4.834500000000006,0.6043125000000007,0.12810000000000343,1.7288999999999959,4.6741591351112,2.09,5.66,"[0.1921, 0.2881, 0.9445, 1.7289, 0.3361, 0.1281, 0.4483, 0.7684]",187.70999999999998
NorthBrushyMesa,2,4,5.842999999999957,1.4607499999999893,0.12809999999998922,4.626299999999986,3.8369917820069204,2.13,4.7,"[0.8965, 0.1281, 4.6263, 0.1921]",187.70999999999998
NorthBrushyMesa,5,25,31.91980000000003,1.2767920000000013,0.17600000000000193,3.6177999999999884,4.256372226551105,2.29,5.33,"[1.5368, 0.6724, 3.1856, 0.7363, 0.4162, 3.2016, 0.176, 0.9125, 1.2326, 1.2326, 0.6243, 3.3777, 1.5047, 0.6563, 2.2251, 1.8729, 0.4963, 1.6008, 3.6178, 0.4803, 0.5763, 0.3681, 0.4642, 0.4002, 0.3522]",187.70999999999998
NorthBrushyMesa,7,134,58.12510000000006,0.4337694029850751,0.015999999999991132,10.101099999999988,3.618220034102305,1.95,5.09,"[0.128, 0.1441, 0.144, 0.16, 0.1121, 0.1121, 0.1761, 0.1601, 0.176, 0.128, 0.176, 0.1441, 0.3682, 0.4162, 0.1761, 0.0961, 0.2401, 0.2722, 0.1281, 0.6723, 0.0641, 0.0801, 0.1601, 0.3522, 0.2561, 0.1281, 0.4162, 0.144, 0.112, 0.112, 0.3522, 0.1761, 0.3362, 0.4002, 0.2081, 0.128, 0.2081, 0.2241, 0.2241, 0.3841, 0.6403, 0.4002, 0.4483, 0.1761, 0.2081, 0.1601, 0.16, 0.2081, 0.2081, 0.4322, 0.1921, 0.2881, 0.1121, 0.2561, 0.2081, 0.1761, 0.0961, 0.144, 0.1921, 0.6244, 0.3522, 0.4962, 0.4322, 0.3682, 0.3842, 0.5603, 0.5123, 0.1921, 0.3842, 0.1921, 0.2882, 0.1441, 0.1281, 0.3201, 0.1921, 0.1921, 0.7044, 1.5688, 0.176, 0.1921, 2.1931, 1.3127, 0.3362, 0.2882, 0.3842, 0.9125, 0.8484, 0.5123, 0.5283, 0.2082, 0.4162, 0.2561, 0.3522, 0.2401, 0.4962, 0.2722, 0.3361, 0.1441, 0.1281, 0.112, 10.1011, 1.2486, 0.3362, 0.5443, 0.112, 0.4482, 0.2881, 0.016, 0.2881, 0.8805, 1.0565, 1.0725, 0.3361, 0.9445, 0.4162, 0.5123, 0.3042, 0.1921, 0.0961, 0.1281, 0.08, 0.5763, 0.0801, 0.1921, 0.096, 0.1121, 0.1441, 0.096, 3.5057, 0.096, 0.1761, 0.0961, 0.112, 1.4567]",187.70999999999998
NorthBrushyMesa,10,12,8.884299999999968,0.7403583333333307,0.14410000000000878,3.4416999999999973,3.430729463110391,2.19,3.91,"[0.16, 0.1441, 0.1441, 0.1921, 0.2081, 0.3682, 1.6168, 0.6243, 0.6883, 3.4417, 0.2561, 1.0405]",187.70999999999998
NorthBrushyMesa,11,1,0.36820000000000164,0.36820000000000164,0.36820000000000164,0.36820000000000164,3.680434782608696,3.37,3.81,[0.3682],187.70999999999998
NorthBrushyMesa,12,33,7.939699999999981,0.24059696969696912,0.06399999999999295,0.9285000000000139,3.522462064898555,1.16,5.03,"[0.4322, 0.3202, 0.1921, 0.144, 0.4002, 0.1441, 0.128, 0.2081, 0.128, 0.2241, 0.1121, 0.1281, 0.3041, 0.1281, 0.096, 0.2721, 0.128, 0.096, 0.064, 0.3362, 0.1601, 0.128, 0.0961, 0.08, 0.0801, 0.1121, 0.112, 0.1121, 0.3361, 0.9124, 0.4322, 0.4643, 0.9285]",187.70999999999998
NorthBrushyMesa,13,81,16.023899999999948,0.1978259259259253,0.04799999999998761,1.0245999999999995,2.879426769360565,2.19,3.65,"[0.5763, 0.6404, 0.1921, 0.4962, 0.4322, 0.8004, 0.5443, 1.0246, 0.2722, 0.096, 0.096, 0.1441, 0.128, 0.1441, 0.144, 0.1601, 0.0801, 0.2241, 0.08, 0.2401, 0.0961, 0.1281, 0.1761, 0.2881, 0.2081, 0.096, 0.1441, 0.1761, 0.1601, 0.1121, 0.1601, 0.1281, 0.0961, 0.1281, 0.4482, 0.3361, 0.1601, 0.2562, 0.176, 0.1601, 0.1601, 0.1281, 0.1601, 0.2241, 0.2081, 0.16, 0.112, 0.1281, 0.1441, 0.16, 0.112, 0.1761, 0.2241, 0.1121, 0.1601, 0.128, 0.0801, 0.0801, 0.1441, 0.048, 0.08, 0.064, 0.096, 0.112, 0.1921, 0.08, 0.096, 0.1601, 0.1441, 0.4002, 0.08, 0.112, 0.1121, 0.1441, 0.112, 0.128, 0.1281, 0.1921, 0.2401, 0.2081, 0.1441]",187.70999999999998
NorthBrushyMesa,14,74,43.15830000000003,0.5832202702702707,0.015999999999991132,7.5077,2.521756333868263,1.68,3.06,"[2.6414, 0.08, 0.4002, 0.3362, 6.8514, 0.2401, 0.1121, 0.5923, 1.2326, 0.6243, 0.064, 0.8164, 0.4322, 0.2081, 1.0405, 0.4162, 0.096, 0.0801, 0.1281, 0.1761, 0.128, 0.08, 0.1601, 0.6243, 0.4643, 0.2242, 0.3682, 1.905, 0.4802, 0.1441, 0.08, 0.2561, 0.1761, 0.2081, 0.1121, 0.1281, 0.0961, 0.1281, 0.1441, 0.0641, 0.3842, 1.873, 0.2242, 7.5077, 2.9774, 0.2562, 0.2241, 0.1921, 0.3202, 0.2401, 0.1921, 0.1761, 0.1761, 0.2241, 0.2241, 0.2241, 0.2081, 0.08, 0.1281, 0.016, 0.0961, 0.1601, 0.0801, 0.0801, 0.1601, 0.1441, 0.064, 0.1921, 0.1441, 0.6884, 0.3042, 0.2081, 0.2561, 2.1931]",187.70999999999998
NorthBrushyMesa,15,37,8.596100000000012,0.2323270270270274,0.015999999999998238,1.5528,2.2138796772670735,1.38,2.7,"[1.5528, 0.8004, 0.6243, 0.08, 0.0961, 0.2561, 0.016, 0.112, 0.0321, 0.064, 0.032, 0.0961, 0.2882, 0.112, 0.128, 0.128, 0.1281, 0.2402, 0.0801, 0.032, 0.128, 0.144, 0.064, 0.064, 0.048, 0.6243, 0.3041, 0.1601, 0.3362, 0.08, 0.2241, 0.1921, 0.1921, 0.4642, 0.1601, 0.4803, 0.032]",187.70999999999998
NorthBrushyMesa,17,3,2.0170999999999957,0.6723666666666652,0.28819999999999624,1.3125999999999998,4.15030192481412,2.07,4.6,"[1.3126, 0.4163, 0.2882]",187.70999999999998
NorthStairMaster,5,8,2.4618999999999995,0.30773749999999994,0.12790000000000035,0.5594999999999999,3.93157240541817,2.72,4.58,"[0.3677, 0.4636, 0.1599, 0.1439, 0.1279, 0.2078, 0.5595, 0.4316]",15.074
NorthStairMaster,6,1,0.6074999999999999,0.6074999999999999,0.6074999999999999,0.6074999999999999,4.307894736842105,4.25,4.37,[0.6075],15.074
NorthStairMaster,8,2,0.2558000000000007,0.12790000000000035,0.09590000000000032,0.15990000000000038,3.6039999999999996,3.01,3.92,"[0.1599, 0.0959]",15.074
NorthStairMaster,10,10,1.1348999999999974,0.11348999999999973,0.03189999999999937,0.3835999999999995,3.4621900793650795,2.64,4.6,"[0.0959, 0.1439, 0.0319, 0.0639, 0.0639, 0.0639, 0.08, 0.096, 0.1119, 0.3836]",15.074
NorthStairMaster,14,13,7.368900000000002,0.5668384615384616,0.03190000000000026,2.2858,2.8857054917039835,2.32,3.31,"[0.8632, 0.096, 0.6713, 0.1279, 0.1598, 0.4795, 0.8152, 0.1279, 0.0959, 2.2858, 0.3197, 0.0319, 1.2948]",15.074
NorthStairMaster,15,9,2.2859000000000007,0.253988888888889,0.016000000000000014,0.7194000000000003,2.6724797588285956,2.24,2.91,"[0.2398, 0.0319, 0.0959, 0.1598, 0.1438, 0.016, 0.7194, 0.1919, 0.6874]",15.074
NorthStairMaster,16,1,0.9591,0.9591,0.9591,0.9591,2.0216666666666665,1.93,2.07,[0.9591],15.074
OFR1,1,7,1.4237999999999982,0.20339999999999975,0.0799999999999983,0.480000000000004,4.585283446712018,3.29,5.43,"[0.1439, 0.144, 0.112, 0.48, 0.2399, 0.08, 0.224]",58.65
OFR1,3,1,0.35200000000000387,0.35200000000000387,0.35200000000000387,0.35200000000000387,4.441363636363636,2.64,4.84,[0.352],58.65
OFR1,4,25,11.72720000000001,0.4690880000000004,0.015999999999998238,1.6959000000000002,4.513783406129889,2.87,4.94,"[1.6959, 0.656, 0.72, 0.592, 0.5119, 0.288, 0.032, 0.16, 0.208, 0.16, 0.32, 0.256, 0.9439, 0.7839, 0.496, 0.352, 0.08, 0.016, 0.928, 0.432, 0.1919, 0.016, 0.192, 1.1678, 0.5279]",58.65
OFR1,5,34,15.886599999999994,0.4672529411764704,0.01600000000000179,1.5679000000000016,4.429277252165522,2.83,5.0,"[0.192, 1.1359, 0.432, 0.288, 0.2719, 0.08, 0.304, 0.1759, 0.4, 0.2239, 0.192, 0.272, 0.32, 1.2159, 0.1119, 0.208, 0.368, 0.704, 0.016, 0.4639, 0.176, 0.8799, 0.3999, 0.16, 0.816, 1.4239, 0.336, 0.128, 1.5679, 0.288, 0.096, 1.3278, 0.7839, 0.128]",58.65
OFR1,6,13,7.326999999999999,0.5636153846153845,0.03200000000000003,1.4558,4.293262815088456,2.44,4.9,"[1.4558, 0.8479, 0.208, 0.2559, 0.336, 0.4639, 0.464, 0.2079, 0.176, 0.032, 0.3519, 1.3598, 1.1679]",58.65
OFR1,7,12,3.7755999999999936,0.3146333333333328,0.09600000000000009,1.8558000000000021,3.902985814967749,2.38,4.68,"[0.224, 0.096, 0.2719, 0.144, 0.128, 0.112, 0.1439, 1.8558, 0.224, 0.256, 0.16, 0.16]",58.65
OFR1,9,3,0.5757999999999939,0.1919333333333313,0.1599999999999966,0.22390000000000043,4.118984126984127,3.94,4.31,"[0.2239, 0.16, 0.1919]",58.65
OFR1,10,11,3.343499999999998,0.30395454545454526,0.11189999999999856,0.5119000000000042,4.098441661617866,2.7,4.6,"[0.32, 0.2559, 0.3679, 0.448, 0.464, 0.432, 0.1279, 0.1119, 0.128, 0.176, 0.5119]",58.65
OFR1,11,2,0.4319999999999986,0.2159999999999993,0.2079999999999984,0.2240000000000002,3.571648351648352,3.52,3.6,"[0.208, 0.224]",58.65
OFR1,12,14,1.5999000000000052,0.1142785714285718,0.01600000000000179,0.3999999999999986,3.5762152060824333,2.24,4.78,"[0.096, 0.4, 0.048, 0.1119, 0.08, 0.064, 0.064, 0.016, 0.016, 0.112, 0.272, 0.096, 0.112, 0.112]",58.65
OFR1,13,14,5.519599999999993,0.39425714285714236,0.06400000000000006,1.4878999999999998,3.2337908257896735,2.11,3.97,"[0.064, 0.064, 0.224, 0.3839, 1.4879, 0.208, 0.08, 0.224, 0.128, 0.384, 0.144, 0.6239, 0.624, 0.8799]",58.65
OFR1,14,19,5.647300000000014,0.2972263157894744,0.01600000000000179,0.7839000000000027,2.8376390240992264,2.32,3.46,"[0.2239, 0.4639, 0.3679, 0.112, 0.016, 0.16, 0.16, 0.768, 0.24, 0.1599, 0.7839, 0.08, 0.288, 0.128, 0.7839, 0.208, 0.176, 0.08, 0.4479]",58.65
OFR1,15,11,1.0396999999999998,0.0945181818181818,0.047999999999998266,0.17600000000000193,2.4640000000000004,2.09,2.81,"[0.0639, 0.048, 0.176, 0.08, 0.048, 0.096, 0.1599, 0.1279, 0.08, 0.096, 0.064]",58.65
OFR2,1,2,0.4480000000000075,0.22400000000000375,0.14400000000000546,0.30400000000000205,3.934239766081871,2.7,4.68,"[0.144, 0.304]",67.6
OFR2,2,2,1.039999999999999,0.5199999999999995,0.22399999999999998,0.815999999999999,4.299824929971988,2.45,4.81,"[0.224, 0.816]",67.6
OFR2,3,1,0.16000000000000014,0.16000000000000014,0.16000000000000014,0.16000000000000014,4.808,4.7,4.85,[0.16],67.6
OFR2,4,10,7.344,0.7344,0.09600000000000009,1.6000000000000014,4.294176803327039,3.0,4.77,"[1.504, 1.232, 0.096, 1.6, 1.072, 0.304, 0.608, 0.32, 0.4, 0.208]",67.6
OFR2,5,24,10.688,0.44533333333333336,0.09600000000000009,2.7040000000000006,4.232641683411199,2.82,4.81,"[0.368, 0.192, 0.128, 0.368, 0.096, 0.144, 0.16, 0.224, 0.384, 0.512, 0.576, 0.368, 0.272, 0.24, 0.624, 0.256, 0.128, 0.848, 0.24, 0.336, 0.384, 2.704, 0.784, 0.352]",67.6
OFR2,6,38,15.312000000000006,0.40294736842105283,0.03200000000000003,1.5039999999999978,4.103699034050894,1.99,4.83,"[0.384, 0.128, 0.128, 0.064, 0.096, 0.08, 0.432, 0.272, 0.752, 0.576, 0.16, 0.592, 0.032, 0.128, 0.176, 0.72, 0.528, 0.08, 0.256, 0.48, 0.832, 0.608, 1.168, 0.272, 0.304, 0.336, 0.48, 0.256, 0.16, 1.504, 0.144, 0.336, 0.832, 0.336, 0.352, 0.16, 0.704, 0.464]",67.6
OFR2,7,20,6.128000000000001,0.30640000000000006,0.06400000000000006,0.6880000000000024,4.046443407861738,2.7,4.64,"[0.448, 0.24, 0.48, 0.528, 0.064, 0.304, 0.528, 0.464, 0.208, 0.128, 0.176, 0.544, 0.224, 0.272, 0.224, 0.16, 0.688, 0.128, 0.192, 0.128]",67.6
OFR2,9,6,0.8159999999999963,0.13599999999999937,0.11199999999999477,0.17599999999999927,3.7571601731601736,2.82,4.22,"[0.112, 0.176, 0.112, 0.16, 0.144, 0.112]",67.6
OFR2,10,20,4.464000000000021,0.22320000000000104,0.0800000000000054,0.6560000000000006,3.951671790324086,2.53,4.68,"[0.112, 0.096, 0.112, 0.112, 0.144, 0.368, 0.656, 0.112, 0.352, 0.16, 0.192, 0.176, 0.24, 0.128, 0.336, 0.368, 0.08, 0.08, 0.24, 0.4]",67.6
OFR2,12,24,3.4239999999999924,0.14266666666666636,0.06399999999999295,0.28800000000000026,3.6745539799253035,2.23,4.38,"[0.096, 0.272, 0.08, 0.224, 0.144, 0.16, 0.128, 0.112, 0.288, 0.192, 0.096, 0.128, 0.112, 0.096, 0.128, 0.144, 0.128, 0.144, 0.096, 0.144, 0.272, 0.08, 0.064, 0.096]",67.6
OFR2,13,26,9.904000000000014,0.3809230769230775,0.04800000000000182,1.4080000000000013,3.0259238929371284,2.05,3.91,"[0.176, 0.672, 0.288, 0.352, 0.224, 0.768, 0.048, 0.128, 0.144, 0.272, 0.32, 0.4, 0.4, 0.192, 0.048, 0.08, 0.096, 0.72, 0.272, 0.576, 0.224, 0.336, 0.88, 0.064, 0.816, 1.408]",67.6
OFR2,14,49,6.367999999999962,0.12995918367346862,0.015999999999998238,0.49599999999999866,2.8191911908789273,1.93,3.39,"[0.256, 0.16, 0.064, 0.096, 0.048, 0.048, 0.112, 0.112, 0.256, 0.032, 0.064, 0.048, 0.352, 0.304, 0.064, 0.16, 0.08, 0.496, 0.304, 0.112, 0.064, 0.032, 0.048, 0.032, 0.176, 0.048, 0.112, 0.016, 0.048, 0.128, 0.32, 0.224, 0.08, 0.192, 0.064, 0.24, 0.08, 0.048, 0.08, 0.064, 0.112, 0.112, 0.192, 0.096, 0.352, 0.032, 0.048, 0.064, 0.096]",67.6
OFR2,15,17,1.5039999999999958,0.08847058823529387,0.016000000000000014,0.22400000000000375,2.2857746371275782,1.89,2.78,"[0.032, 0.048, 0.048, 0.016, 0.016, 0.048, 0.096, 0.096, 0.032, 0.128, 0.08, 0.176, 0.096, 0.224, 0.144, 0.16, 0.064]",67.6
PanPoint1,1,1,0.4001000000000019,0.4001000000000019,0.4001000000000019,0.4001000000000019,4.0228,2.89,4.11,[0.4001],100.63
PanPoint1,2,1,0.11210000000000164,0.11210000000000164,0.11210000000000164,0.11210000000000164,3.6542857142857144,3.56,3.68,[0.1121],100.63
PanPoint1,4,14,9.539599999999986,0.681399999999999,0.11209999999999809,1.536600000000007,3.673453125235682,2.44,4.07,"[0.5762, 0.1281, 0.3521, 0.5603, 0.7843, 0.6722, 1.2805, 1.5366, 0.2881, 0.6402, 0.6562, 0.8963, 1.0564, 0.1121]",100.63
PanPoint1,5,2,0.2720999999999947,0.13604999999999734,0.11199999999999477,0.1600999999999999,3.553571428571429,2.5,3.86,"[0.1601, 0.112]",100.63
PanPoint1,6,41,38.68650000000004,0.9435731707317082,0.12810000000000343,5.362000000000002,3.635528366586781,2.56,4.51,"[4.9138, 0.7683, 0.5762, 5.362, 0.4482, 0.4642, 0.2561, 0.3362, 3.4413, 1.1204, 2.1929, 0.7682, 3.4092, 0.1921, 0.9924, 0.208, 0.6402, 1.6326, 0.2881, 1.0404, 0.5282, 1.1684, 0.7843, 1.0084, 0.3201, 0.16, 0.3842, 0.2561, 0.2401, 0.1281, 0.3681, 0.176, 0.2561, 0.2561, 0.7683, 0.5442, 0.2721, 0.4002, 0.2881, 1.1525, 0.1761]",100.63
PanPoint1,8,5,4.5456999999999965,0.9091399999999993,0.3521000000000001,1.7926000000000002,3.4354127489177486,2.6,3.94,"[0.9604, 0.8003, 0.3521, 1.7926, 0.6403]",100.63
PanPoint1,10,35,9.379600000000003,0.2679885714285715,0.06400000000000716,0.9122999999999877,3.4963796880639095,2.16,4.17,"[0.5762, 0.4161, 0.7043, 0.5922, 0.192, 0.3681, 0.2081, 0.4322, 0.1601, 0.1281, 0.064, 0.1601, 0.0801, 0.1121, 0.096, 0.0801, 0.064, 0.1281, 0.112, 0.5762, 0.4321, 0.3042, 0.1121, 0.1281, 0.9123, 0.1441, 0.1441, 0.112, 0.144, 0.192, 0.6882, 0.1761, 0.1921, 0.096, 0.3521]",100.63
PanPoint1,11,28,5.058199999999992,0.18064999999999973,0.031999999999996476,1.1045000000000016,3.253596557403746,2.16,4.03,"[0.0801, 0.4802, 0.0641, 0.0641, 0.064, 0.1761, 0.0801, 0.0641, 0.096, 0.064, 0.0801, 0.08, 0.128, 0.192, 0.064, 0.192, 0.2241, 0.096, 0.1121, 0.2081, 0.2721, 1.1045, 0.3521, 0.4002, 0.128, 0.0801, 0.032, 0.08]",100.63
PanPoint1,12,1,0.17609999999999815,0.17609999999999815,0.17609999999999815,0.17609999999999815,3.5545454545454547,3.5,3.6,[0.1761],100.63
PanPoint1,13,28,5.665999999999983,0.20235714285714224,0.06399999999999295,1.0404000000000018,3.051830484991199,2.4,3.62,"[0.3041, 1.0404, 0.1281, 0.112, 0.192, 0.08, 0.096, 0.128, 0.176, 0.112, 0.1601, 0.2241, 0.176, 0.3041, 0.2241, 0.176, 0.2401, 0.3201, 0.1761, 0.064, 0.0961, 0.0801, 0.1761, 0.1281, 0.2881, 0.1921, 0.112, 0.1601]",100.63
PanPoint1,14,28,22.296899999999994,0.7963178571428571,0.015999999999998238,14.4375,2.849555609127756,2.24,3.09,"[0.6082, 0.2241, 0.2081, 0.1121, 0.3201, 0.2721, 0.128, 14.4375, 0.7843, 0.16, 0.6563, 0.7203, 0.2401, 0.3362, 0.1601, 0.6243, 0.1921, 0.0961, 0.2401, 0.3201, 0.1601, 0.2241, 0.7043, 0.016, 0.08, 0.064, 0.0801, 0.1281]",100.63
PanPoint1,15,36,3.4887000000000095,0.0969083333333336,0.03200000000000003,0.2881,2.667167107583774,2.07,3.13,"[0.064, 0.048, 0.064, 0.032, 0.08, 0.0641, 0.048, 0.096, 0.0641, 0.096, 0.064, 0.048, 0.08, 0.16, 0.128, 0.16, 0.08, 0.048, 0.112, 0.1121, 0.144, 0.08, 0.064, 0.064, 0.064, 0.128, 0.1121, 0.048, 0.16, 0.16, 0.112, 0.1441, 0.1281, 0.096, 0.2881, 0.048]",100.63
PanPoint1,16,1,1.0084,1.0084,1.0084,1.0084,2.0979365079365078,2.09,2.11,[1.0084],100.63
PattersonPotHole2,1,3,4.3839999999999995,1.4613333333333332,0.27199999999999847,3.216,4.304044274426189,3.27,5.21,"[3.216, 0.896, 0.272]",106.19
PattersonPotHole2,2,8,4.383899999999988,0.5479874999999985,0.20800000000000018,0.9440000000000026,4.309733746499958,2.97,4.68,"[0.208, 0.528, 0.88, 0.4479, 0.944, 0.288, 0.72, 0.368]",106.19
PattersonPotHole2,3,3,1.8400000000000034,0.6133333333333345,0.2079999999999984,0.8960000000000008,4.178493390667303,2.81,4.29,"[0.208, 0.736, 0.896]",106.19
PattersonPotHole2,4,15,17.05570000000001,1.1370466666666672,0.3360000000000056,4.175899999999999,4.216599977080376,2.42,4.74,"[0.7199, 1.2, 0.656, 0.736, 1.536, 1.2, 0.336, 4.1759, 0.672, 0.656, 0.496, 2.096, 1.344, 0.496, 0.7359]",106.19
PattersonPotHole2,5,41,44.31920000000001,1.0809560975609758,0.17600000000000193,4.687899999999999,4.094918916683615,0.94,4.82,"[1.36, 0.3359, 1.296, 0.768, 1.1519, 1.216, 0.704, 0.4, 0.624, 0.544, 0.96, 0.992, 0.368, 0.24, 1.328, 0.32, 0.176, 0.8, 0.592, 0.8, 0.384, 0.416, 0.7679, 0.192, 1.456, 3.0559, 0.448, 1.3279, 1.552, 0.752, 0.464, 1.648, 0.9119, 1.712, 0.704, 1.7119, 1.728, 4.6879, 1.424, 1.696, 2.304]",106.19
PattersonPotHole2,6,3,0.46399999999999864,0.1546666666666662,0.1280000000000001,0.17600000000000193,3.826,3.36,3.99,"[0.16, 0.176, 0.128]",106.19
PattersonPotHole2,7,27,7.2478999999999925,0.2684407407407405,0.0799999999999983,0.7680000000000007,3.6718947564728697,2.64,4.64,"[0.112, 0.288, 0.144, 0.288, 0.4, 0.08, 0.096, 0.08, 0.2079, 0.768, 0.096, 0.352, 0.688, 0.624, 0.144, 0.176, 0.32, 0.512, 0.16, 0.304, 0.176, 0.192, 0.112, 0.176, 0.16, 0.336, 0.256]",106.19
PattersonPotHole2,10,22,9.439599999999999,0.4290727272727272,0.09599999999999653,1.2158999999999978,3.7961624873930706,2.58,4.72,"[0.096, 0.144, 0.176, 0.464, 0.672, 0.272, 0.544, 0.208, 1.1999, 0.624, 0.4, 1.2159, 0.096, 0.448, 0.432, 0.3199, 0.688, 0.176, 0.256, 0.32, 0.1759, 0.512]",106.19
PattersonPotHole2,11,1,0.17600000000000193,0.17600000000000193,0.17600000000000193,0.17600000000000193,2.6363636363636362,2.62,2.66,[0.176],106.19
PattersonPotHole2,12,5,1.232000000000017,0.24640000000000342,0.11199999999999832,0.5440000000000111,2.7439763177998473,2.5,2.83,"[0.112, 0.544, 0.128, 0.272, 0.176]",106.19
PattersonPotHole2,14,58,12.7677,0.22013275862068965,0.047999999999998266,1.2159999999999993,2.792332751109025,1.46,4.01,"[0.624, 0.08, 1.216, 0.064, 0.224, 0.064, 0.0959, 0.08, 0.112, 0.672, 0.176, 0.192, 0.144, 0.08, 0.08, 0.128, 0.048, 0.432, 0.384, 0.16, 0.688, 0.224, 0.688, 0.112, 0.064, 0.144, 0.352, 0.272, 0.064, 0.2239, 0.128, 0.784, 0.176, 0.064, 0.72, 0.08, 0.176, 0.08, 0.32, 0.096, 0.4, 0.144, 0.448, 0.112, 0.112, 0.064, 0.048, 0.064, 0.1279, 0.096, 0.08, 0.144, 0.064, 0.08, 0.064, 0.08, 0.08, 0.048]",106.19
PattersonPotHole2,15,20,2.367999999999988,0.1183999999999994,0.06400000000000006,0.2080000000000055,2.6083974331224327,2.34,2.85,"[0.144, 0.08, 0.112, 0.112, 0.08, 0.08, 0.064, 0.096, 0.112, 0.16, 0.112, 0.208, 0.192, 0.128, 0.096, 0.112, 0.096, 0.096, 0.112, 0.176]",106.19
PattersonPotHole2,17,2,0.5119999999999969,0.25599999999999845,0.1599999999999966,0.3520000000000003,3.2884090909090915,2.66,4.05,"[0.352, 0.16]",106.19
Pinchoutgulley,4,8,7.900699999999986,0.9875874999999983,0.2558999999999969,3.6144999999999925,3.8158133706158117,2.92,4.1,"[1.2794, 0.4798, 0.2559, 0.2719, 3.6145, 0.3998, 0.9756, 0.6238]",86.62
Pinchoutgulley,5,4,0.7037000000000013,0.17592500000000033,0.11190000000000033,0.25590000000000046,2.9949900793650794,2.86,3.08,"[0.192, 0.1439, 0.1119, 0.2559]",86.62
Pinchoutgulley,6,28,40.99080000000001,1.4639571428571432,0.15990000000000748,5.117799999999988,3.7150783278285435,2.07,4.08,"[0.5597, 0.3998, 0.5118, 2.7029, 2.1431, 2.1111, 1.6793, 2.6229, 3.2946, 1.3594, 4.6541, 0.2399, 0.6557, 2.1591, 0.2559, 0.4479, 0.7197, 0.5918, 1.8872, 1.2315, 0.9915, 0.5918, 1.9192, 0.4638, 0.1599, 5.1178, 1.2315, 0.2879]",86.62
Pinchoutgulley,8,6,1.4871999999999872,0.24786666666666454,0.14389999999999503,0.47979999999999734,3.3178980278980283,2.82,3.69,"[0.1439, 0.1439, 0.3518, 0.2239, 0.4798, 0.1439]",86.62
Pinchoutgulley,9,3,0.4000000000000057,0.13333333333333522,0.0800000000000054,0.17600000000000193,3.3596632996633,2.98,3.43,"[0.176, 0.08, 0.144]",86.62
Pinchoutgulley,10,22,4.606300000000008,0.2093772727272731,0.06400000000000006,0.7036999999999978,3.414502473760551,2.86,4.06,"[0.2239, 0.0959, 0.112, 0.112, 0.0799, 0.128, 0.1599, 0.176, 0.2079, 0.064, 0.112, 0.3199, 0.08, 0.2079, 0.3679, 0.2239, 0.2559, 0.7037, 0.08, 0.1919, 0.3998, 0.3039]",86.62
Pinchoutgulley,11,4,0.8316000000000052,0.2079000000000013,0.09600000000000364,0.3838000000000008,3.4936011904761908,2.84,3.91,"[0.2239, 0.3838, 0.1279, 0.096]",86.62
Pinchoutgulley,12,4,0.35180000000000433,0.08795000000000108,0.07989999999999498,0.11189999999999856,3.440428571428571,3.39,3.51,"[0.1119, 0.08, 0.0799, 0.08]",86.62
Pinchoutgulley,13,14,2.542899999999989,0.18163571428571348,0.06389999999999674,0.5598000000000027,2.8220653235653232,2.23,3.55,"[0.064, 0.144, 0.0959, 0.096, 0.08, 0.112, 0.1119, 0.5598, 0.0639, 0.1119, 0.4158, 0.2239, 0.2559, 0.2079]",86.62
Pinchoutgulley,14,31,25.7013,0.8290741935483871,0.04800000000000182,5.7096,2.8100450569314006,1.52,3.02,"[5.7096, 0.1439, 0.7357, 0.7516, 0.2079, 0.7997, 0.8317, 4.75, 2.5269, 1.4714, 3.5665, 0.2239, 0.6557, 0.2879, 0.7197, 0.4798, 0.1599, 0.4798, 0.048, 0.096, 0.08, 0.048, 0.1919, 0.144, 0.1439, 0.096, 0.08, 0.0799, 0.08, 0.064, 0.048]",86.62
Pinchoutgulley,15,13,1.103700000000007,0.08490000000000054,0.031999999999996476,0.14400000000000013,1.9129584859584858,1.34,2.6,"[0.128, 0.096, 0.032, 0.1279, 0.112, 0.144, 0.112, 0.0479, 0.048, 0.048, 0.0799, 0.096, 0.032]",86.62
PowerPole2,1,1,0.4485999999999999,0.4485999999999999,0.4485999999999999,0.4485999999999999,4.333571428571429,4.3,4.34,[0.4486],18.024
PowerPole2,2,1,0.33639999999999937,0.33639999999999937,0.33639999999999937,0.33639999999999937,4.279999999999999,4.14,4.32,[0.3364],18.024
PowerPole2,3,2,1.4578999999999995,0.7289499999999998,0.5126999999999997,0.9451999999999998,4.266334745762712,4.14,4.36,"[0.9452, 0.5127]",18.024
PowerPole2,4,1,5.5434,5.5434,5.5434,5.5434,4.000404624277457,3.79,4.68,[5.5434],18.024
PowerPole2,5,11,7.353700000000003,0.668518181818182,0.0801,2.3551,3.70135751294275,2.92,4.64,"[0.0801, 0.1441, 0.2243, 1.4259, 0.1602, 0.0961, 0.1122, 0.4166, 1.1375, 2.3551, 1.2016]",18.024
PowerPole2,8,1,1.2176,1.2176,1.2176,1.2176,3.1571052631578946,3.12,3.22,[1.2176],18.024
PowerPole2,10,1,0.3204999999999991,0.3204999999999991,0.3204999999999991,0.3204999999999991,3.598,3.59,3.65,[0.3205],18.024
PowerPole2,14,7,1.0254999999999992,0.14649999999999988,0.06409999999999982,0.4165000000000001,2.8820634920634918,2.84,3.06,"[0.0962, 0.0802, 0.1442, 0.1442, 0.4165, 0.0641, 0.0801]",18.024
PowerPole2,15,4,0.3203999999999998,0.08009999999999995,0.048100000000000254,0.09609999999999985,2.683,0.39,2.96,"[0.0961, 0.0481, 0.0801, 0.0961]",18.024
PowerPoleGully1,1,4,1.5845000000000056,0.3961250000000014,0.09609999999999985,0.7842000000000056,3.7212353915925345,2.77,4.27,"[0.0961, 0.2881, 0.4161, 0.7842]",66.93
PowerPoleGully1,2,2,1.7445000000000022,0.8722500000000011,0.33610000000000184,1.4084000000000003,3.8662554112554113,2.52,4.51,"[0.3361, 1.4084]",66.93
PowerPoleGully1,4,5,2.176700000000002,0.4353400000000004,0.19209999999999994,0.5602000000000018,3.9490186147186153,2.99,4.39,"[0.5282, 0.1921, 0.4161, 0.5602, 0.4801]",66.93
PowerPoleGully1,5,41,27.62340000000002,0.6737414634146346,0.015999999999998238,4.3691,3.7554081293522708,2.7,4.53,"[0.16, 4.3691, 0.7362, 0.4161, 0.2721, 0.6401, 0.5921, 0.4641, 0.2401, 0.5922, 0.1441, 1.1683, 1.8245, 0.1441, 0.16, 1.0403, 1.0243, 0.096, 0.016, 0.2241, 0.4802, 0.6082, 0.096, 0.096, 0.5281, 0.096, 4.0171, 0.24, 0.4961, 0.16, 0.1121, 1.0883, 0.8642, 0.5121, 0.7362, 0.2081, 0.2721, 0.7042, 0.5762, 0.5121, 0.8963]",66.93
PowerPoleGully1,6,5,11.234900000000007,2.2469800000000015,0.3681000000000054,5.6655000000000015,3.908976093176458,0.16,4.74,"[1.9685, 2.2566, 0.9762, 0.3681, 5.6655]",66.93
PowerPoleGully1,10,8,2.7846999999999937,0.3480874999999992,0.14400000000000013,0.7362000000000002,3.665126292817118,2.83,4.23,"[0.144, 0.5122, 0.224, 0.4161, 0.7362, 0.2401, 0.208, 0.3041]",66.93
PowerPoleGully1,11,2,0.3039999999999985,0.15199999999999925,0.09600000000000009,0.2079999999999984,2.921730769230769,2.05,3.62,"[0.096, 0.208]",66.93
PowerPoleGully1,12,3,0.4482000000000017,0.14940000000000056,0.11210000000000164,0.20809999999999995,3.4147344322344324,2.81,3.68,"[0.2081, 0.1121, 0.128]",66.93
PowerPoleGully1,13,4,2.1445999999999983,0.5361499999999996,0.19200000000000017,1.0082999999999984,2.651362012987013,2.05,2.87,"[0.7042, 0.2401, 0.192, 1.0083]",66.93
PowerPoleGully1,14,50,12.755599999999973,0.25511199999999945,0.03200000000000003,3.136899999999997,2.7548030108934927,1.71,2.97,"[1.2964, 0.2561, 0.3841, 0.3681, 0.6402, 0.1121, 0.1121, 0.1281, 0.048, 0.08, 0.6241, 0.128, 0.4482, 0.128, 0.0961, 0.096, 0.048, 0.08, 0.096, 0.032, 0.08, 0.08, 0.08, 0.0481, 0.096, 0.144, 0.2241, 0.2881, 0.3041, 0.08, 0.1121, 0.096, 0.1761, 0.3201, 0.224, 0.0801, 0.1441, 0.08, 0.3841, 0.112, 0.24, 0.128, 3.1369, 0.048, 0.2561, 0.112, 0.144, 0.128, 0.096, 0.112]",66.93
PowerPoleGully1,15,23,3.248700000000001,0.14124782608695655,0.015999999999998238,0.4160999999999997,2.7410110095928513,1.97,2.87,"[0.112, 0.4161, 0.16, 0.128, 0.096, 0.048, 0.064, 0.048, 0.016, 0.1441, 0.16, 0.192, 0.2721, 0.1761, 0.08, 0.096, 0.336, 0.0801, 0.1441, 0.176, 0.144, 0.064, 0.0961]",66.93
PowerPoleGully1,18,1,0.8802,0.8802,0.8802,0.8802,2.1861818181818182,2.16,2.22,[0.8802],66.93
QueenAnt,2,1,0.3999999999999986,0.3999999999999986,0.3999999999999986,0.3999999999999986,4.2556,2.83,4.33,[0.4],139.06
QueenAnt,3,7,2.6882000000000152,0.3840285714285736,0.1120000000000001,0.8641000000000076,4.114367268274831,2.36,4.37,"[0.112, 0.144, 0.24, 0.6241, 0.272, 0.432, 0.8641]",139.06
QueenAnt,4,15,12.048300000000019,0.8032200000000013,0.1280000000000001,3.9521000000000015,4.246867475925634,2.09,4.49,"[0.512, 0.4, 0.352, 0.128, 0.4, 0.352, 0.48, 3.9521, 0.608, 0.416, 0.624, 0.3361, 1.0081, 1.68, 0.8]",139.06
QueenAnt,5,70,41.58539999999999,0.5940771428571427,0.04800000000000004,3.5840999999999923,4.033772606430176,2.01,4.86,"[0.192, 0.16, 0.048, 1.4721, 0.272, 2.9121, 0.544, 0.208, 0.544, 0.528, 0.56, 0.3681, 0.464, 1.1841, 0.432, 0.6401, 0.496, 0.528, 0.272, 0.256, 0.384, 0.288, 0.368, 1.104, 0.528, 0.432, 0.4, 0.3841, 0.288, 0.304, 0.176, 0.4961, 0.416, 0.16, 0.7041, 0.608, 0.224, 0.4, 1.84, 0.48, 0.2881, 0.112, 0.08, 1.728, 1.6961, 0.96, 0.144, 0.48, 0.272, 0.352, 0.208, 2.9601, 0.848, 0.608, 0.24, 0.448, 0.336, 0.656, 0.336, 0.224, 3.5841, 0.144, 0.128, 0.0961, 1.2161, 0.768, 0.1759, 0.0961, 0.096, 0.24]",139.06
QueenAnt,6,31,26.272600000000025,0.8475032258064524,0.1280000000000001,2.5441000000000003,4.178562604745691,2.2,5.02,"[0.768, 0.128, 0.16, 2.5441, 0.848, 0.96, 0.544, 0.288, 0.416, 0.432, 0.48, 0.304, 0.656, 1.2161, 0.432, 1.04, 0.304, 2.0161, 0.512, 0.816, 1.2, 2.0161, 1.52, 1.008, 1.8561, 0.688, 1.3921, 0.544, 0.336, 0.384, 0.464]",139.06
QueenAnt,7,1,0.11200000000000898,0.11200000000000898,0.11200000000000898,0.11200000000000898,3.858571428571429,3.07,4.15,[0.112],139.06
QueenAnt,8,7,7.8562999999999885,1.1223285714285698,0.27199999999999136,3.3601000000000028,3.9683991850538227,2.77,4.25,"[1.264, 0.816, 0.56, 3.3601, 0.272, 0.9761, 0.6081]",139.06
QueenAnt,10,53,24.27259999999999,0.4579735849056602,0.03200000000000003,2.671999999999997,3.8096776920701565,2.22,4.64,"[0.16, 0.576, 0.112, 0.096, 0.112, 0.096, 0.048, 0.6401, 0.032, 0.0481, 0.352, 0.208, 0.112, 0.608, 0.128, 0.528, 0.224, 0.288, 0.368, 0.768, 0.4961, 0.464, 0.192, 0.336, 0.416, 1.0401, 0.288, 0.4, 0.272, 0.256, 0.224, 0.192, 0.464, 0.768, 0.128, 0.464, 0.096, 0.976, 0.688, 2.672, 0.816, 0.096, 0.864, 0.7841, 1.76, 0.336, 0.272, 0.256, 0.576, 0.448, 0.512, 0.256, 0.9601]",139.06
QueenAnt,11,1,0.11199999999999477,0.11199999999999477,0.11199999999999477,0.11199999999999477,3.174285714285714,2.77,3.6,[0.112],139.06
QueenAnt,13,23,9.008400000000004,0.3916695652173914,0.03200000000000003,1.4241,2.8198718091031365,2.03,3.38,"[1.4241, 0.608, 0.272, 0.2561, 0.176, 0.112, 0.8, 0.256, 0.672, 0.144, 0.624, 1.0401, 0.768, 0.656, 0.464, 0.096, 0.112, 0.032, 0.048, 0.032, 0.144, 0.112, 0.1601]",139.06
QueenAnt,14,39,12.512199999999963,0.3208256410256401,0.031999999999996476,2.4480999999999966,2.366128788087103,1.93,3.23,"[0.368, 0.112, 0.192, 0.064, 0.064, 0.048, 0.32, 0.1921, 0.064, 0.032, 0.112, 0.928, 0.144, 0.096, 0.272, 0.112, 0.8, 0.208, 0.144, 0.08, 0.208, 0.176, 0.064, 0.064, 0.272, 0.224, 2.4481, 0.656, 0.336, 0.32, 0.256, 0.336, 0.624, 0.08, 0.176, 0.32, 0.16, 0.624, 0.816]",139.06
QueenAnt,15,4,0.36799999999999844,0.09199999999999961,0.03200000000000003,0.16,2.5189166666666667,2.11,2.83,"[0.16, 0.032, 0.096, 0.08]",139.06
QueenAnt,16,5,1.8240000000000003,0.36480000000000007,0.14399999999999968,1.056,3.754630108780109,2.14,4.49,"[1.056, 0.144, 0.16, 0.256, 0.208]",139.06
QueenAntSouth,2,1,0.22390000000000043,0.22390000000000043,0.22390000000000043,0.22390000000000043,4.470714285714286,4.23,4.7,[0.2239],26.85
QueenAntSouth,3,1,0.20779999999999976,0.20779999999999976,0.20779999999999976,0.20779999999999976,4.046923076923077,3.84,4.11,[0.2078],26.85
QueenAntSouth,4,1,0.6076000000000015,0.6076000000000015,0.6076000000000015,0.6076000000000015,4.252894736842106,3.92,4.29,[0.6076],26.85
QueenAntSouth,5,29,13.288899999999993,0.45823793103448257,0.03200000000000003,3.6781000000000006,3.730155869086862,2.89,4.39,"[0.032, 0.1279, 0.7036, 0.2718, 0.128, 0.1119, 0.096, 0.08, 0.4317, 0.7356, 0.4797, 0.5277, 3.6781, 0.144, 0.064, 0.1759, 0.3358, 0.1759, 0.1759, 0.0959, 0.6077, 0.1439, 1.1354, 0.1759, 0.032, 0.5118, 0.4157, 1.5352, 0.1599]",26.85
QueenAntSouth,6,1,0.2558999999999969,0.2558999999999969,0.2558999999999969,0.2558999999999969,3.7237500000000003,3.72,3.76,[0.2559],26.85
QueenAntSouth,8,1,0.2879000000000005,0.2879000000000005,0.2879000000000005,0.2879000000000005,3.8911111111111105,3.86,3.94,[0.2879],26.85
QueenAntSouth,10,13,3.1824999999999997,0.24480769230769228,0.047999999999998266,0.8794999999999997,3.354234267868883,2.7,4.27,"[0.8795, 0.5757, 0.4157, 0.3838, 0.112, 0.064, 0.064, 0.064, 0.08, 0.048, 0.048, 0.1919, 0.2559]",26.85
QueenAntSouth,14,27,7.500100000000009,0.2777814814814818,0.047999999999998266,2.2388000000000012,2.8771704548970627,2.2,3.5,"[0.2878, 0.064, 0.1279, 0.2399, 0.2079, 0.2879, 0.3039, 0.1119, 0.7197, 0.0799, 0.2239, 0.2559, 0.08, 0.1919, 0.128, 0.1759, 0.0799, 0.9115, 2.2388, 0.1279, 0.1119, 0.048, 0.1759, 0.048, 0.1599, 0.0639, 0.048]",26.85
QueenAntSouth,15,1,0.04799999999999982,0.04799999999999982,0.04799999999999982,0.04799999999999982,2.8833333333333333,2.85,2.93,[0.048],26.85
QueenAntSouth,16,3,1.2474,0.4158,0.08000000000000007,1.0395,2.7303910256410258,2.11,4.17,"[1.0395, 0.1279, 0.08]",26.85
Roadcut2_new2004_jb,3,1,0.5757999999999974,0.5757999999999974,0.5757999999999974,0.5757999999999974,4.278333333333333,4.23,4.29,[0.5758],67.41000000000001
Roadcut2_new2004_jb,4,6,2.271500000000003,0.3785833333333339,0.17600000000000193,0.7678000000000011,4.113803661616162,2.93,4.37,"[0.176, 0.256, 0.2399, 0.6399, 0.1919, 0.7678]",67.41000000000001
Roadcut2_new2004_jb,5,6,1.823600000000006,0.30393333333333433,0.1600000000000037,0.5118999999999971,3.672940972222222,2.87,4.05,"[0.3519, 0.1759, 0.3839, 0.5119, 0.24, 0.16]",67.41000000000001
Roadcut2_new2004_jb,6,42,28.186200000000014,0.6711000000000004,0.047999999999998266,2.4795000000000016,4.039296899662434,2.38,4.62,"[1.4557, 0.3999, 0.8158, 0.048, 0.2879, 0.8478, 0.6239, 1.3917, 0.5439, 0.8319, 0.6719, 0.2399, 0.1759, 0.08, 0.5439, 0.2879, 1.2317, 0.16, 0.6239, 0.3839, 0.5119, 0.3679, 0.6399, 0.208, 0.4159, 0.112, 0.2079, 0.5919, 0.048, 1.0878, 0.144, 1.3757, 0.9278, 1.3917, 1.1998, 0.144, 2.4795, 0.5599, 1.2957, 1.0398, 0.7358, 1.0558]",67.41000000000001
Roadcut2_new2004_jb,8,11,1.3596999999999966,0.1236090909090906,0.01600000000000179,0.3359999999999985,3.4234426406926413,2.38,4.23,"[0.128, 0.176, 0.1599, 0.2239, 0.032, 0.016, 0.048, 0.048, 0.096, 0.0959, 0.336]",67.41000000000001
Roadcut2_new2004_jb,9,7,0.30400000000000205,0.04342857142857172,0.015999999999998238,0.1440000000000019,2.8184126984126983,2.66,2.97,"[0.032, 0.144, 0.048, 0.032, 0.016, 0.016, 0.016]",67.41000000000001
Roadcut2_new2004_jb,10,24,4.831199999999985,0.20129999999999937,0.015999999999998238,0.6557999999999993,3.906826612158167,2.66,4.51,"[0.144, 0.192, 0.2879, 0.24, 0.1439, 0.2559, 0.256, 0.128, 0.032, 0.128, 0.6558, 0.24, 0.016, 0.176, 0.192, 0.064, 0.1759, 0.096, 0.3199, 0.144, 0.24, 0.0799, 0.24, 0.384]",67.41000000000001
Roadcut2_new2004_jb,11,8,0.895700000000005,0.11196250000000063,0.03200000000000358,0.27189999999999515,3.593081447963801,2.64,4.11,"[0.048, 0.032, 0.2079, 0.064, 0.0799, 0.096, 0.096, 0.2719]",67.41000000000001
Roadcut2_new2004_jb,13,1,0.14399999999999835,0.14399999999999835,0.14399999999999835,0.14399999999999835,3.2744444444444443,3.19,3.31,[0.144],67.41000000000001
Roadcut2_new2004_jb,14,71,23.963199999999997,0.33750985915492954,0.015899999999994918,2.4314999999999998,2.685361279016357,1.28,2.97,"[0.8638, 0.3679, 0.4319, 0.128, 0.112, 0.7998, 0.048, 0.144, 0.9279, 0.192, 0.8159, 0.5918, 0.8478, 1.3597, 1.0078, 0.9118, 0.3199, 1.1038, 0.9438, 0.8318, 0.8478, 0.304, 0.4, 0.6879, 2.4315, 0.224, 0.048, 0.032, 0.032, 0.032, 0.08, 0.064, 0.064, 0.032, 0.1759, 0.08, 0.0159, 0.096, 0.016, 0.048, 0.048, 0.064, 0.032, 0.1119, 0.032, 0.048, 0.016, 0.032, 0.032, 0.096, 0.08, 0.032, 0.016, 0.208, 0.1599, 0.048, 0.032, 0.5599, 0.08, 2.0635, 0.08, 0.208, 0.3679, 0.2559, 0.2559, 0.16, 0.048, 0.1759, 0.064, 0.048, 0.048]",67.41000000000001
Roadcut2_new2004_jb,15,26,2.5592000000000015,0.0984307692307693,0.06389999999999985,0.1758999999999995,2.601241314241314,2.07,2.87,"[0.064, 0.112, 0.096, 0.064, 0.0959, 0.08, 0.064, 0.08, 0.0639, 0.1599, 0.1759, 0.112, 0.08, 0.096, 0.08, 0.08, 0.144, 0.096, 0.1279, 0.128, 0.08, 0.128, 0.1119, 0.0959, 0.0799, 0.064]",67.41000000000001
Roadcut2_new2004_jb,16,1,0.4959,0.4959,0.4959,0.4959,1.93,1.93,1.93,[0.4959],67.41000000000001
RockArtSpringCanyon,1,3,2.4502999999999755,0.8167666666666585,0.6086000000000009,0.9448999999999899,4.166082526230832,0.75,4.58,"[0.6086, 0.9449, 0.8968]",222.6
RockArtSpringCanyon,2,3,0.09610000000000696,0.032033333333335655,0.015999999999991132,0.04810000000000514,2.7000000000000006,2.7,2.7,"[0.032, 0.016, 0.0481]",222.6
RockArtSpringCanyon,4,19,32.81339999999993,1.7270210526315752,0.4163999999999959,6.24560000000001,4.050813970880135,2.75,4.72,"[1.105, 0.4164, 1.5213, 4.9805, 1.6494, 1.2812, 0.4965, 2.9146, 6.2456, 0.6726, 0.5605, 0.9288, 0.9448, 1.7135, 0.6246, 1.169, 1.9858, 2.9147, 0.6886]",222.6
RockArtSpringCanyon,5,44,39.668000000000085,0.9015454545454564,0.11209999999999809,4.1477000000000075,3.8857418737313014,2.03,4.6,"[0.5285, 3.2669, 0.6246, 1.2492, 1.5213, 4.1477, 3.2829, 1.8897, 2.6264, 0.2403, 0.6246, 0.3203, 0.1921, 0.1762, 0.3043, 0.1121, 0.7206, 0.7527, 0.9288, 0.8328, 0.5285, 0.2563, 0.2082, 0.2082, 0.3683, 0.3363, 0.1442, 0.4805, 0.6886, 0.5605, 0.7847, 0.7367, 0.2723, 0.3683, 0.2722, 3.5391, 0.3523, 2.162, 0.2402, 0.2563, 0.6406, 0.2722, 0.5285, 1.121]",222.6
RockArtSpringCanyon,6,34,53.68019999999998,1.5788294117647055,0.28820000000000334,9.208300000000001,3.992952786238185,2.26,4.72,"[1.7936, 0.7366, 9.2083, 1.4093, 1.9857, 1.5854, 0.4804, 0.7847, 0.6086, 0.4324, 0.4003, 1.4413, 0.2882, 0.4805, 1.5694, 0.8968, 0.7847, 0.9609, 3.0908, 2.6905, 1.8897, 1.121, 4.2438, 1.1211, 4.4841, 0.5926, 1.3772, 0.8328, 1.2972, 0.7847, 0.7526, 0.4804, 2.6583, 0.4163]",222.6
RockArtSpringCanyon,7,4,1.1209999999999951,0.2802499999999988,0.11209999999999809,0.6886000000000081,3.422172619047619,3.09,3.66,"[0.1281, 0.1121, 0.1922, 0.6886]",222.6
RockArtSpringCanyon,10,9,4.964700000000047,0.5516333333333385,0.20820000000000505,1.1691000000000145,3.468218648377276,2.64,4.03,"[0.7848, 0.2723, 0.4164, 0.2082, 0.8167, 0.4484, 0.4805, 1.1691, 0.3683]",222.6
RockArtSpringCanyon,11,20,7.22270000000003,0.3611350000000015,0.1600999999999999,0.640500000000003,3.5920198854402576,2.79,4.51,"[0.2402, 0.4004, 0.3043, 0.1601, 0.3523, 0.2723, 0.2723, 0.4484, 0.4804, 0.1922, 0.2883, 0.4965, 0.3684, 0.3523, 0.2883, 0.2403, 0.5285, 0.6405, 0.4003, 0.4964]",222.6
RockArtSpringCanyon,12,45,14.861199999999943,0.33024888888888765,0.09600000000000364,2.2580000000000098,3.2866031820904356,1.36,4.05,"[0.1601, 0.3684, 0.1922, 0.1922, 0.1601, 0.2242, 0.2723, 0.1121, 0.1281, 0.1602, 0.1922, 0.2082, 0.2722, 0.2402, 0.7047, 0.3843, 0.4484, 0.3363, 0.3363, 0.2722, 0.1762, 0.096, 0.1121, 0.1121, 0.1921, 0.3683, 0.3043, 0.3683, 2.258, 0.1441, 0.1602, 0.3683, 0.2563, 0.2082, 0.4644, 0.2723, 0.8968, 0.4804, 1.201, 0.2402, 0.1121, 0.2082, 0.1761, 0.2082, 0.1121]",222.6
RockArtSpringCanyon,13,6,0.9769000000000148,0.16281666666666914,0.09609999999999275,0.272199999999998,2.8716666666666666,2.75,3.48,"[0.0961, 0.1442, 0.1121, 0.2242, 0.1281, 0.2722]",222.6
RockArtSpringCanyon,14,93,43.014399999999966,0.4625204301075265,0.031999999999996476,4.4039,2.7419318494635765,2.48,3.21,"[0.3684, 4.4039, 1.3932, 0.8007, 1.2491, 1.4894, 2.0338, 1.169, 0.4004, 1.3613, 0.6565, 1.8256, 0.3683, 0.4644, 0.4164, 0.2883, 1.6015, 0.2402, 0.1442, 0.1761, 0.2242, 0.2563, 0.3043, 0.1602, 0.2402, 0.1922, 0.1922, 0.1922, 1.2491, 0.2082, 0.1121, 0.2883, 0.4644, 0.3363, 0.3042, 0.4804, 0.3202, 0.2562, 0.1762, 0.0641, 0.1441, 0.032, 0.1442, 0.2082, 0.1281, 0.3203, 0.5925, 0.5925, 0.5765, 0.2082, 0.7207, 0.6726, 0.3523, 0.3042, 0.3202, 0.2402, 0.4484, 0.6085, 0.1441, 0.4324, 0.1601, 0.1601, 0.0801, 0.1441, 0.1121, 0.2402, 0.1761, 0.6886, 0.1441, 0.1441, 0.3683, 0.2081, 0.3684, 0.2402, 0.3523, 0.1442, 0.1922, 0.2402, 0.3043, 0.1922, 0.1602, 0.1602, 0.3844, 0.3524, 0.5125, 0.4644, 0.9929, 0.1761, 0.1121, 0.1441, 0.5284, 0.1922, 0.1121]",222.6
RockArtSpringCanyon,15,58,18.99260000000002,0.32745862068965553,0.031999999999996476,3.9875,2.6561494252873565,2.42,3.03,"[0.1922, 3.9875, 0.6245, 0.4484, 0.2722, 0.4484, 0.6886, 0.8648, 0.4164, 0.1761, 0.3043, 0.2402, 0.1602, 0.2563, 0.1922, 0.2882, 0.1441, 1.0249, 0.4163, 0.2562, 0.7046, 0.2242, 0.1441, 0.1442, 0.0961, 0.1441, 0.1761, 0.1922, 0.1602, 0.1601, 0.1441, 0.032, 0.1921, 0.2562, 0.0961, 0.2242, 0.1602, 0.032, 0.1602, 0.1602, 0.1922, 0.3683, 0.2562, 0.2242, 0.3683, 0.1762, 0.1441, 0.1761, 0.2402, 0.1281, 0.1762, 0.0961, 0.1441, 0.1281, 0.2081, 0.2082, 0.1282, 0.6245]",222.6
RockArtSpringCanyon,16,3,2.7384999999999993,0.912833333333333,0.3202999999999996,1.7616,3.106910569105691,2.72,3.15,"[1.7616, 0.6566, 0.3203]",222.6
RogersHoleB,1,6,3.9494000000000025,0.6582333333333338,0.1758000000000024,1.2312000000000012,4.723782410532797,2.22,5.16,"[1.0713, 0.1758, 0.4637, 0.5277, 1.2312, 0.4797]",51.660000000000004
RogersHoleB,2,4,2.1266,0.53165,0.1758999999999986,0.991299999999999,4.751778947410649,4.43,4.94,"[0.1759, 0.2718, 0.9913, 0.6876]",51.660000000000004
RogersHoleB,3,2,0.46359999999999957,0.23179999999999978,0.20779999999999887,0.2558000000000007,4.747524038461538,2.11,4.88,"[0.2558, 0.2078]",51.660000000000004
RogersHoleB,4,26,20.897500000000004,0.8037500000000003,0.0799000000000003,2.9258999999999986,4.32506835645015,2.11,5.16,"[1.8387, 0.6876, 0.0799, 0.1599, 0.4637, 0.7835, 0.6715, 0.4477, 0.2399, 0.1119, 1.1032, 0.1279, 0.6076, 2.0785, 0.3677, 0.8634, 0.4477, 0.3038, 1.1832, 2.9259, 0.9114, 1.6948, 1.0073, 0.7994, 0.5437, 0.4477]",51.660000000000004
RogersHoleB,5,42,9.577399999999992,0.22803333333333314,0.04800000000000182,0.7035,3.918108877667046,2.07,4.96,"[0.2558, 0.0799, 0.1119, 0.4157, 0.1119, 0.112, 0.1439, 0.2398, 0.1599, 0.7035, 0.1279, 0.2878, 0.3038, 0.048, 0.048, 0.1439, 0.1279, 0.2718, 0.5117, 0.3837, 0.0959, 0.0799, 0.4477, 0.096, 0.0799, 0.2239, 0.2238, 0.4477, 0.4157, 0.1918, 0.2239, 0.2399, 0.1439, 0.1919, 0.1279, 0.1919, 0.2718, 0.3677, 0.08, 0.3038, 0.2878, 0.2558]",51.660000000000004
RogersHoleB,6,10,4.0613000000000055,0.40613000000000055,0.09590000000000032,0.6396,4.19674720627106,2.11,4.66,"[0.6396, 0.4317, 0.4957, 0.5276, 0.1919, 0.1599, 0.2878, 0.0959, 0.6236, 0.6076]",51.660000000000004
RogersHoleB,9,1,0.06390000000000029,0.06390000000000029,0.06390000000000029,0.06390000000000029,3.895,3.88,3.9,[0.0639],51.660000000000004
RogersHoleB,10,15,2.893899999999994,0.19292666666666627,0.04790000000000205,0.7353999999999985,3.6414451011146665,1.73,4.8,"[0.4477, 0.1439, 0.112, 0.0799, 0.1599, 0.1599, 0.064, 0.0479, 0.1279, 0.2398, 0.1119, 0.7354, 0.1439, 0.1759, 0.1439]",51.660000000000004
RogersHoleB,11,3,0.5756000000000006,0.19186666666666685,0.08000000000000007,0.36770000000000014,3.2209782608695647,2.56,3.84,"[0.08, 0.3677, 0.1279]",51.660000000000004
RogersHoleB,12,1,0.2557999999999989,0.2557999999999989,0.2557999999999989,0.2557999999999989,3.4625,2.83,3.76,[0.2558],51.660000000000004
RogersHoleB,14,40,5.468100000000004,0.13670250000000012,0.016000000000000014,1.0392999999999972,2.613677037217169,1.73,3.54,"[0.048, 0.1919, 0.016, 0.0479, 0.0799, 0.064, 0.5277, 0.1439, 0.1599, 0.9114, 0.0959, 0.0479, 0.0959, 0.064, 0.0639, 0.016, 0.032, 0.064, 0.032, 0.048, 0.048, 0.0319, 0.128, 0.1119, 0.3517, 0.0959, 0.08, 0.0799, 0.0959, 0.0639, 0.048, 0.0959, 0.032, 0.0479, 0.064, 0.0479, 0.0799, 0.1119, 0.064, 1.0393]",51.660000000000004
RogersHoleB,15,13,1.3268999999999989,0.10206923076923068,0.031999999999999584,0.38370000000000015,2.1873141025641027,2.07,2.6,"[0.0639, 0.032, 0.032, 0.032, 0.0959, 0.032, 0.0639, 0.048, 0.3837, 0.2558, 0.0799, 0.0799, 0.1279]",51.660000000000004
SEColleen,2,2,0.6081000000000003,0.30405000000000015,0.27199999999999847,0.33610000000000184,4.605112044817927,3.33,4.78,"[0.3361, 0.272]",106.37
SEColleen,4,12,12.12979999999998,1.010816666666665,0.16000000000000014,3.072499999999998,4.043399856383647,2.89,4.35,"[1.2002, 0.7041, 0.4481, 0.16, 0.7041, 3.0725, 0.6241, 0.9441, 1.2642, 2.5284, 0.288, 0.192]",106.37
SEColleen,5,34,19.779500000000024,0.5817500000000007,0.048,2.7524999999999977,3.8767707350108047,2.42,4.66,"[0.048, 0.128, 0.2721, 0.9762, 0.304, 1.9203, 0.8802, 1.0561, 0.8642, 0.432, 0.4641, 0.1761, 0.3201, 0.144, 0.192, 0.1921, 0.6081, 0.096, 0.7202, 0.432, 0.8161, 0.8801, 0.8481, 2.7525, 0.3521, 0.32, 0.4641, 0.112, 0.1601, 1.0722, 0.288, 0.4161, 0.8642, 0.2081]",106.37
SEColleen,6,17,32.06939999999997,1.8864352941176454,0.23999999999999488,14.290399999999998,4.0021658163107325,2.79,4.78,"[0.6881, 1.3762, 0.3841, 0.4001, 2.3844, 1.8884, 1.0882, 1.8563, 1.5203, 1.5683, 0.448, 0.4161, 14.2904, 0.6401, 0.24, 0.9761, 1.9043]",106.37
SEColleen,7,9,3.9045000000000005,0.4338333333333334,0.14399999999999835,1.184199999999997,3.2060844056206133,0.1,4.39,"[0.176, 0.144, 0.144, 0.1921, 0.288, 0.6081, 0.416, 1.1842, 0.7521]",106.37
SEColleen,8,3,2.1123000000000047,0.7041000000000016,0.43200000000000216,1.120199999999997,3.908689594356261,3.11,3.97,"[0.432, 1.1202, 0.5601]",106.37
SEColleen,9,10,2.0966000000000093,0.20966000000000093,0.0799999999999983,0.5761000000000003,3.5868429738562084,2.16,4.03,"[0.128, 0.096, 0.16, 0.5761, 0.1281, 0.2721, 0.3841, 0.1441, 0.08, 0.1281]",106.37
SEColleen,10,18,4.5124999999999975,0.25069444444444433,0.047999999999998266,0.7841,3.8040429714873176,2.83,4.37,"[0.7841, 0.112, 0.096, 0.304, 0.128, 0.3521, 0.352, 0.224, 0.048, 0.144, 0.208, 0.24, 0.08, 0.2721, 0.6561, 0.2401, 0.112, 0.16]",106.37
SEColleen,11,2,0.8802000000000092,0.4401000000000046,0.4001000000000019,0.4801000000000073,3.5828666666666664,2.83,3.92,"[0.4001, 0.4801]",106.37
SEColleen,12,17,2.3684000000000083,0.13931764705882402,0.0799999999999983,0.27199999999999136,3.342110835243188,2.79,4.09,"[0.128, 0.1761, 0.128, 0.112, 0.1281, 0.144, 0.144, 0.112, 0.08, 0.176, 0.272, 0.1601, 0.08, 0.112, 0.112, 0.16, 0.1441]",106.37
SEColleen,13,10,4.864799999999992,0.4864799999999992,0.03200000000000003,3.5685999999999893,2.8945454394467847,2.56,3.38,"[0.4321, 0.064, 0.032, 0.1121, 0.096, 0.064, 0.144, 0.176, 0.176, 3.5686]",106.37
SEColleen,14,61,19.907599999999984,0.3263540983606555,0.031999999999996476,1.9202999999999975,2.811214827243904,1.44,3.72,"[0.2401, 0.128, 0.08, 1.1042, 0.1441, 0.08, 0.096, 0.1601, 0.288, 0.2081, 0.0801, 0.128, 0.112, 0.144, 0.192, 0.4161, 0.1761, 0.096, 0.144, 0.096, 0.3361, 0.08, 0.128, 0.032, 0.176, 0.048, 0.096, 0.032, 0.048, 0.0801, 0.048, 0.2561, 0.0641, 0.064, 0.1121, 1.1042, 1.1522, 1.9203, 0.4001, 1.2642, 0.5121, 0.064, 0.4801, 0.08, 0.048, 0.5441, 0.3681, 0.064, 0.224, 0.1921, 1.0081, 0.8321, 0.512, 0.8001, 0.3041, 0.128, 0.6081, 0.112, 0.5281, 0.112, 0.8321]",106.37
SEColleen,15,8,1.1363000000000216,0.1420375000000027,0.04800000000000182,0.30400000000000205,2.702331372939925,2.28,2.87,"[0.064, 0.1761, 0.096, 0.176, 0.048, 0.304, 0.1281, 0.1441]",106.37
SSM,4,2,1.4555000000000007,0.7277500000000003,0.5597999999999992,0.8957000000000015,3.6135714285714284,3.54,3.68,"[0.5598, 0.8957]",30.964000000000002
SSM,5,9,4.702300000000002,0.522477777777778,0.047999999999998266,3.0708,3.5486779891304345,2.48,4.62,"[0.5438, 3.0708, 0.048, 0.048, 0.048, 0.128, 0.16, 0.3678, 0.2879]",30.964000000000002
SSM,6,1,0.7036999999999978,0.7036999999999978,0.7036999999999978,0.7036999999999978,3.9606818181818184,3.64,4.03,[0.7037],30.964000000000002
SSM,8,6,7.133099999999999,1.1888499999999997,0.3199000000000005,3.134800000000002,3.0688735128327562,2.46,3.21,"[1.5354, 1.3274, 0.3199, 0.3678, 0.4478, 3.1348]",30.964000000000002
SSM,10,14,2.5588999999999986,0.18277857142857132,0.04800000000000004,0.46380000000000265,3.3335981282318023,2.32,3.88,"[0.112, 0.048, 0.3679, 0.1119, 0.1599, 0.2079, 0.1279, 0.096, 0.2079, 0.128, 0.1759, 0.4638, 0.1119, 0.2399]",30.964000000000002
SSM,12,1,0.22390000000000043,0.22390000000000043,0.22390000000000043,0.22390000000000043,2.9957142857142856,2.4,3.19,[0.2239],30.964000000000002
SSM,14,25,10.860000000000003,0.4344000000000001,0.016000000000000014,2.8789000000000016,2.664139257749121,2.28,3.25,"[1.7433, 0.4638, 0.1279, 0.016, 0.032, 0.048, 0.08, 0.064, 1.1676, 0.2239, 0.8797, 0.2239, 1.0236, 0.5598, 0.3679, 2.8789, 0.048, 0.048, 0.064, 0.032, 0.048, 0.048, 0.0479, 0.08, 0.5438]",30.964000000000002
SSM,15,6,0.9754999999999994,0.16258333333333322,0.047900000000000276,0.4798,2.6460694444444446,2.11,3.44,"[0.4798, 0.048, 0.128, 0.0479, 0.1439, 0.1279]",30.964000000000002
SSM,16,2,2.3511,1.17555,0.1120000000000001,2.2391,2.5621428571428573,2.01,3.09,"[2.2391, 0.112]",30.964000000000002
SStarsGully,3,2,1.3918000000000035,0.6959000000000017,0.6719000000000008,0.7199000000000026,4.590611111111111,4.43,4.78,"[0.6719, 0.7199]",83.16
SStarsGully,4,6,15.294400000000017,2.5490666666666697,0.2879999999999967,9.679000000000002,4.474952930422851,3.07,4.66,"[9.679, 0.288, 0.6719, 1.8718, 2.0318, 0.7519]",83.16
SStarsGully,5,25,20.718299999999985,0.8287319999999994,0.0800000000000054,4.079599999999999,3.9162017631420194,2.14,4.84,"[0.5439, 0.672, 0.128, 0.16, 1.7279, 1.1999, 0.6719, 0.288, 0.7519, 2.3198, 0.096, 0.112, 0.08, 0.592, 0.16, 0.112, 0.0959, 0.96, 1.6159, 0.8319, 0.944, 4.0796, 0.096, 1.7118, 0.7679]",83.16
SStarsGully,6,16,10.687199999999997,0.6679499999999998,0.04800000000000182,2.1118000000000023,4.300205432925846,1.1,4.68,"[0.7679, 2.1118, 1.008, 0.16, 0.256, 0.5119, 0.528, 1.3599, 0.9279, 0.176, 0.192, 0.688, 0.304, 0.6239, 0.048, 1.0239]",83.16
SStarsGully,10,9,3.4875999999999934,0.38751111111111036,0.1278999999999968,0.7680000000000007,3.9169493222826564,2.34,4.64,"[0.128, 0.528, 0.5759, 0.32, 0.3359, 0.4159, 0.768, 0.1279, 0.288]",83.16
SStarsGully,13,37,25.069300000000013,0.6775486486486489,0.03190000000000026,6.095399999999998,2.5995233197424517,1.16,2.97,"[1.1519, 3.3277, 0.4959, 3.1357, 4.9115, 0.288, 0.6079, 0.352, 0.24, 0.0319, 0.08, 0.048, 0.7839, 0.16, 0.112, 0.048, 0.24, 0.3039, 0.0639, 0.16, 0.112, 0.048, 0.08, 0.048, 0.3359, 0.3679, 0.208, 0.096, 0.192, 0.144, 0.1119, 0.096, 0.112, 0.176, 0.08, 0.224, 6.0954]",83.16
SStarsGully,14,2,0.23999999999999488,0.11999999999999744,0.09599999999999653,0.14399999999999835,2.9533333333333336,2.95,2.97,"[0.096, 0.144]",83.16
SStarsGully,15,16,0.8799999999999901,0.05499999999999938,0.015999999999998238,0.1280000000000001,2.056232142857143,1.16,2.97,"[0.064, 0.096, 0.08, 0.032, 0.128, 0.032, 0.064, 0.08, 0.016, 0.112, 0.032, 0.064, 0.016, 0.032, 0.016, 0.016]",83.16
SStarsGully,16,1,5.055499999999999,5.055499999999999,5.055499999999999,5.055499999999999,2.1133544303797467,2.05,2.18,[5.0555],83.16
SStarsGully,17,1,0.3359000000000023,0.3359000000000023,0.3359000000000023,0.3359000000000023,4.028095238095238,2.44,4.25,[0.3359],83.16
SognefjordBend,4,8,3.1822000000000017,0.3977750000000002,0.09590000000000032,1.0554000000000006,4.094073317946673,1.61,4.64,"[0.3039, 0.3998, 0.2079, 0.1759, 0.0959, 0.5117, 1.0554, 0.4317]",14.984
SognefjordBend,5,13,8.875399999999999,0.6827230769230768,0.14400000000000013,1.5512,4.160549602221184,2.44,4.35,"[1.5512, 0.4477, 0.9755, 0.5117, 0.7516, 0.2079, 0.144, 1.2473, 0.5757, 0.5597, 0.8476, 0.8316, 0.2239]",14.984
SognefjordBend,6,1,0.8315999999999999,0.8315999999999999,0.8315999999999999,0.8315999999999999,4.279615384615385,4.21,4.29,[0.8316],14.984
SognefjordBend,13,3,0.46369999999999845,0.15456666666666616,0.11189999999999856,0.20789999999999953,2.868087098087098,2.79,2.97,"[0.2079, 0.1439, 0.1119]",14.984
SognefjordBend,14,12,1.6311000000000015,0.13592500000000013,0.016000000000000014,1.0554000000000006,2.6964343434343436,2.07,2.89,"[0.0479, 0.016, 0.016, 0.032, 0.048, 0.2399, 0.032, 0.032, 0.048, 0.0319, 0.032, 1.0554]",14.984
SouthRockArt2,1,2,1.9493999999999971,0.9746999999999986,0.6972999999999985,1.2520999999999987,5.4939485040276175,4.41,5.67,"[1.2521, 0.6973]",104.32
SouthRockArt2,2,6,2.1715000000000018,0.36191666666666694,0.015799999999998704,1.442300000000003,4.903158442864325,4.6,5.41,"[0.1902, 0.0159, 0.0158, 0.2695, 1.4423, 0.2378]",104.32
SouthRockArt2,3,6,1.5374999999999996,0.2562499999999999,0.01580000000000048,0.776600000000002,4.360395313681028,2.48,4.66,"[0.0158, 0.0317, 0.3329, 0.2378, 0.1427, 0.7766]",104.32
SouthRockArt2,4,6,4.057099999999988,0.6761833333333312,0.15849999999999653,1.7591999999999928,4.310298213285056,3.9,4.76,"[0.5705, 0.6973, 0.1585, 1.7592, 0.6022, 0.2694]",104.32
SouthRockArt2,5,56,34.266299999999994,0.6118982142857142,0.06339999999998724,2.5200999999999993,3.9330704719456118,1.38,5.27,"[0.1268, 1.474, 0.9352, 0.9985, 0.5072, 0.6815, 0.9034, 0.2218, 0.1268, 0.6657, 0.3645, 0.1902, 0.2853, 1.0144, 0.7766, 0.3804, 0.2695, 0.3804, 0.2377, 0.1268, 0.9985, 0.7132, 1.2838, 1.5849, 0.0634, 0.5072, 0.3962, 0.5547, 0.1426, 0.6023, 0.1902, 0.3328, 0.7291, 0.317, 0.1584, 0.0793, 0.1109, 0.0792, 2.0287, 0.5072, 0.3487, 2.1713, 0.1585, 0.0792, 0.5548, 0.1426, 0.3012, 0.0793, 0.0634, 0.2853, 0.1585, 2.5201, 0.3011, 0.7608, 2.4567, 1.8385]",104.32
SouthRockArt2,6,35,17.767400000000002,0.5076400000000001,0.07929999999999637,1.426400000000001,3.959009217521102,2.4,5.02,"[0.9193, 0.5864, 0.5072, 0.0951, 0.3169, 0.3012, 0.5865, 0.206, 0.8875, 0.7291, 0.317, 1.2204, 0.1426, 0.2219, 0.4121, 0.0793, 0.6815, 0.2378, 0.3804, 0.1268, 0.2853, 0.6498, 0.2694, 0.4597, 0.2061, 0.3487, 1.4264, 1.0937, 0.4755, 0.5548, 0.2536, 0.7766, 0.7607, 0.9193, 0.3328]",104.32
SouthRockArt2,7,4,1.283600000000002,0.3209000000000005,0.2377000000000038,0.42790000000000017,3.7490014619883043,3.13,4.03,"[0.3169, 0.4279, 0.3011, 0.2377]",104.32
SouthRockArt2,8,2,0.6974,0.3487,0.3011999999999997,0.39620000000000033,3.888389473684211,2.77,4.17,"[0.3012, 0.3962]",104.32
SouthRockArt2,10,22,7.369600000000004,0.3349818181818183,0.04749999999999943,0.982600000000005,3.8432141693284945,2.38,4.84,"[0.2536, 0.1109, 0.206, 0.2536, 0.2219, 0.5864, 0.2853, 0.0475, 0.2219, 0.2378, 0.2377, 0.5072, 0.2536, 0.5864, 0.1426, 0.317, 0.1426, 0.3962, 0.1743, 0.3645, 0.9826, 0.84]",104.32
SouthRockArt2,11,2,0.6814,0.3407,0.23770000000000024,0.44369999999999976,3.6791190476190474,2.89,4.01,"[0.2377, 0.4437]",104.32
SouthRockArt2,12,33,8.273700000000002,0.25071818181818184,0.015799999999998704,0.9034000000000013,3.3761221580142435,2.28,4.19,"[0.3012, 0.5706, 0.9034, 0.2378, 0.1585, 0.0158, 0.1109, 0.2061, 0.4914, 0.0792, 0.3963, 0.1427, 0.2378, 0.0634, 0.2378, 0.1426, 0.3803, 0.1902, 0.1585, 0.1426, 0.0951, 0.1585, 0.317, 0.2219, 0.1427, 0.1427, 0.4121, 0.1585, 0.2694, 0.6181, 0.2219, 0.2378, 0.1109]",104.32
SouthRockArt2,13,8,1.09360000000002,0.1367000000000025,0.03169999999999895,0.2536000000000058,2.938284722222222,2.36,3.36,"[0.0317, 0.1426, 0.0476, 0.2377, 0.1585, 0.0634, 0.1585, 0.2536]",104.32
SouthRockArt2,14,101,21.68149999999999,0.21466831683168305,0.015799999999998704,1.7117000000000004,2.609967165447848,2.24,3.03,"[0.0634, 0.4596, 0.3012, 0.2536, 0.2377, 0.3646, 0.1426, 0.3011, 0.0634, 0.0317, 0.0475, 0.5548, 0.7449, 0.9351, 1.7117, 0.2694, 0.0951, 0.0792, 0.1268, 0.0317, 0.1427, 0.1426, 0.1744, 0.4121, 0.317, 0.3804, 0.111, 0.0634, 0.0317, 0.1901, 0.0634, 0.0792, 1.0461, 0.0634, 0.6023, 0.0634, 0.0793, 0.0951, 0.1268, 0.0475, 0.1743, 0.0634, 0.0792, 0.0792, 0.1427, 0.1585, 0.1744, 0.3487, 0.0792, 0.111, 0.4121, 0.1743, 0.1268, 0.0634, 0.1268, 0.317, 0.3486, 0.2061, 0.1109, 0.0951, 0.1109, 0.0951, 0.0792, 0.0634, 0.0317, 0.1268, 0.0317, 0.0793, 0.1268, 0.0951, 0.1427, 0.0476, 0.0317, 0.0317, 0.1426, 0.0317, 0.4121, 0.9351, 0.6815, 0.1902, 0.1109, 0.0792, 0.0634, 0.206, 0.3646, 0.0951, 0.1743, 0.3011, 0.6181, 0.0158, 0.1902, 0.1585, 0.1109, 0.0158, 0.0634, 0.0476, 0.3962, 0.0792, 0.5547, 0.0634, 0.0475]",104.32
SouthRockArt2,15,17,1.4899999999999984,0.08764705882352931,0.015900000000002024,0.26949999999999363,2.444443325993499,2.2,2.72,"[0.0792, 0.0317, 0.0159, 0.0475, 0.1426, 0.0793, 0.1744, 0.0634, 0.0475, 0.0793, 0.0951, 0.0793, 0.0634, 0.0951, 0.0634, 0.2695, 0.0634]",104.32
Stairmaster,2,1,0.2560000000000002,0.2560000000000002,0.2560000000000002,0.2560000000000002,5.963125,3.64,6.97,[0.256],96.33399999999999
Stairmaster,4,3,9.727799999999995,3.242599999999998,0.2079999999999984,8.319799999999994,4.551017094017094,4.13,5.02,"[1.2, 0.208, 8.3198]",96.33399999999999
Stairmaster,5,47,49.61490000000001,1.0556361702127661,0.0800000000000054,8.879800000000003,4.087806892337101,2.54,4.86,"[0.8479, 0.912, 2.8319, 0.816, 0.352, 0.176, 0.24, 2.6559, 0.96, 2.1279, 0.16, 0.112, 0.736, 0.72, 0.144, 0.816, 0.32, 0.288, 0.272, 0.736, 1.8239, 0.176, 0.096, 0.128, 1.568, 0.8479, 0.528, 0.096, 0.272, 0.352, 0.208, 0.784, 0.08, 0.752, 1.344, 0.176, 8.8798, 0.224, 0.336, 0.496, 5.6479, 0.288, 0.4, 1.9519, 2.8959, 1.312, 1.728]",96.33399999999999
Stairmaster,6,1,0.4800000000000004,0.4800000000000004,0.4800000000000004,0.4800000000000004,3.683,2.14,4.29,[0.48],96.33399999999999
Stairmaster,8,7,2.1440000000000126,0.3062857142857161,0.0799999999999983,0.960000000000008,3.4822696351267775,2.79,3.9,"[0.128, 0.192, 0.112, 0.08, 0.528, 0.96, 0.144]",96.33399999999999
Stairmaster,9,4,0.512000000000004,0.128000000000001,0.06400000000000006,0.240000000000002,3.664452380952381,2.87,4.45,"[0.24, 0.112, 0.064, 0.096]",96.33399999999999
Stairmaster,10,21,7.391799999999989,0.3519904761904757,0.03200000000001069,1.7759999999999962,3.8890876611134177,2.77,5.04,"[0.112, 0.112, 0.144, 0.656, 0.096, 0.208, 0.24, 0.08, 0.128, 0.128, 1.04, 0.1759, 0.432, 0.256, 0.272, 0.256, 1.776, 0.6239, 0.448, 0.176, 0.032]",96.33399999999999
Stairmaster,12,4,0.847999999999999,0.21199999999999974,0.09600000000000009,0.38400000000000034,3.2320089285714286,2.79,3.64,"[0.256, 0.384, 0.112, 0.096]",96.33399999999999
Stairmaster,14,54,22.239499999999982,0.4118425925925922,0.015999999999998238,2.9438999999999993,2.7965572249902078,1.67,3.13,"[0.528, 0.32, 0.832, 0.272, 0.4, 0.432, 1.3279, 1.088, 1.104, 0.064, 0.9759, 0.528, 0.128, 0.256, 0.432, 1.056, 0.176, 0.064, 0.112, 0.08, 0.08, 0.048, 0.096, 0.016, 0.032, 0.112, 0.4, 0.128, 0.08, 0.064, 0.144, 0.08, 0.0799, 0.032, 0.08, 0.24, 0.144, 0.08, 0.08, 0.144, 0.048, 0.08, 0.112, 0.048, 0.096, 0.096, 0.048, 0.544, 1.376, 2.9439, 0.336, 0.64, 2.624, 0.9119]",96.33399999999999
Stairmaster,15,12,2.655999999999999,0.22133333333333324,0.047999999999998266,1.552,2.7488126943217153,2.44,2.89,"[1.552, 0.128, 0.096, 0.064, 0.144, 0.112, 0.128, 0.048, 0.128, 0.112, 0.096, 0.048]",96.33399999999999
Stairmaster,16,1,0.46399999999999997,0.46399999999999997,0.46399999999999997,0.46399999999999997,2.643448275862069,2.62,2.68,[0.464],96.33399999999999
UppCollCyn,1,1,1.6914999999999907,1.6914999999999907,1.6914999999999907,1.6914999999999907,4.574150943396226,3.78,4.74,[1.6915],114.53
UppCollCyn,2,5,3.351099999999988,0.6702199999999976,0.38299999999999557,1.0212999999999965,4.550525448179272,2.48,5.02,"[0.383, 1.0213, 0.3989, 1.0054, 0.5425]",114.53
UppCollCyn,3,2,0.8299000000000092,0.4149500000000046,0.15960000000001173,0.6702999999999975,4.589285714285714,4.31,5.02,"[0.1596, 0.6703]",114.53
UppCollCyn,4,17,16.819699999999983,0.9893941176470579,0.14359999999999218,7.085400000000021,4.208614131282511,1.93,4.88,"[0.3989, 0.5425, 0.5745, 0.4947, 0.6224, 0.8777, 1.165, 1.0851, 0.2553, 0.9416, 0.7181, 0.2234, 0.1436, 0.2234, 7.0854, 0.5585, 0.9096]",114.53
UppCollCyn,5,41,32.42629999999983,0.7908853658536543,0.016000000000005343,4.117199999999997,4.014990477831725,1.93,4.9,"[0.5106, 0.1915, 0.1277, 0.2553, 0.5585, 0.1117, 0.016, 0.3191, 1.2767, 0.383, 0.3351, 0.5905, 0.351, 1.5638, 0.2234, 0.1436, 1.2288, 0.3989, 0.2553, 1.1011, 0.1755, 0.4149, 0.7819, 4.1172, 0.5267, 0.2553, 0.2873, 0.2234, 1.0532, 1.3564, 0.4309, 2.8724, 0.7022, 0.367, 0.5266, 0.2873, 3.032, 1.4681, 2.649, 0.2553, 0.7021]",114.53
UppCollCyn,6,11,9.558900000000008,0.8689909090909098,0.41490000000000293,1.9787999999999784,4.29213968424884,1.46,4.8,"[1.1809, 0.6543, 1.0213, 0.7181, 0.4149, 0.6224, 0.9575, 0.5426, 1.9788, 0.8457, 0.6224]",114.53
UppCollCyn,7,12,6.606700000000046,0.5505583333333371,0.2073999999999927,1.595799999999997,3.9451739151079734,2.91,4.49,"[0.6224, 0.4309, 0.3989, 0.7341, 0.2074, 0.3671, 1.1489, 0.2074, 1.5958, 0.3671, 0.2394, 0.2873]",114.53
UppCollCyn,8,4,0.9895000000000067,0.24737500000000168,0.17560000000000286,0.38299999999999557,3.848214962121212,2.52,4.07,"[0.1756, 0.383, 0.1756, 0.2553]",114.53
UppCollCyn,10,9,5.090600000000009,0.5656222222222232,0.11169999999998481,0.9893999999999892,4.176375497668434,2.5,5.06,"[0.4149, 0.8458, 0.75, 0.2713, 0.399, 0.9894, 0.1117, 0.5106, 0.7979]",114.53
UppCollCyn,11,3,1.930899999999994,0.6436333333333314,0.22340000000001226,1.069199999999995,4.0705764036958065,2.42,4.55,"[0.2234, 1.0692, 0.6383]",114.53
UppCollCyn,12,19,6.399100000000018,0.33679473684210626,0.095799999999997,1.4521999999999906,3.432526607850565,2.62,4.43,"[0.3032, 0.1436, 0.1117, 0.0958, 0.5106, 0.1277, 0.3032, 0.1915, 1.4522, 0.2394, 0.4149, 0.4149, 0.2713, 0.2872, 0.4308, 0.3032, 0.3032, 0.2394, 0.2553]",114.53
UppCollCyn,13,17,6.654600000000016,0.39144705882353037,0.06390000000000384,0.7978999999999985,2.9281392535716066,2.44,3.4,"[0.1277, 0.3191, 0.0639, 0.1596, 0.6703, 0.4308, 0.3191, 0.1915, 0.5106, 0.7979, 0.5905, 0.2553, 0.4788, 0.5267, 0.5745, 0.4149, 0.2234]",114.53
UppCollCyn,14,52,20.425800000000095,0.392803846153848,0.07980000000000587,1.4043000000000063,2.751917581503785,2.11,3.36,"[0.2713, 0.0957, 0.5585, 0.4468, 0.4787, 0.3032, 0.4628, 0.2393, 0.1117, 0.2553, 0.1117, 0.1755, 0.1596, 0.1436, 0.2553, 0.3511, 0.0798, 0.367, 0.4149, 0.6064, 0.1595, 0.2872, 0.2075, 0.4149, 1.3724, 0.2234, 0.3511, 0.2713, 0.1436, 0.0958, 0.1276, 1.1649, 0.5266, 0.1915, 0.2075, 0.5425, 0.2713, 0.7341, 1.0692, 1.4043, 0.2713, 0.2234, 0.2235, 0.1596, 0.4468, 0.6702, 0.2713, 1.133, 0.1436, 0.3031, 0.6702, 0.2554]",114.53
UppCollCyn,15,7,1.7554000000000087,0.2507714285714298,0.15959999999999752,0.4946999999999946,2.450150757077025,1.95,2.89,"[0.4947, 0.3192, 0.1596, 0.1915, 0.1596, 0.2074, 0.2234]",114.53
UpperChinamanHat1_F5,1,3,2.444999999999993,0.8149999999999977,0.6611999999999938,0.953400000000002,5.319527428153335,1.83,5.9,"[0.9534, 0.6612, 0.8304]",83.87
UpperChinamanHat1_F5,2,2,0.4152999999999736,0.2076499999999868,0.16919999999998936,0.24609999999998422,4.695284090909091,4.09,5.45,"[0.1692, 0.2461]",83.87
UpperChinamanHat1_F5,4,4,5.24369999999999,1.3109249999999975,0.3689999999999998,3.229299999999995,4.917608889887193,2.48,5.43,"[0.8304, 3.2293, 0.369, 0.815]",83.87
UpperChinamanHat1_F5,5,42,24.927400000000063,0.5935095238095253,0.015299999999996317,3.521500000000003,4.718690991222008,1.99,5.96,"[1.1687, 0.3383, 0.0153, 0.1692, 0.0923, 0.1076, 0.892, 0.123, 0.4306, 2.4912, 0.6459, 0.569, 1.1841, 2.645, 3.5215, 0.5998, 1.1072, 0.5228, 0.2153, 0.5997, 0.1076, 0.1845, 0.123, 0.1384, 0.1845, 0.1384, 0.9073, 0.1692, 0.1845, 0.1845, 1.3686, 0.4613, 0.1845, 0.1384, 0.1846, 1.6762, 0.1999, 0.1538, 0.1999, 0.1692, 0.2307, 0.1999]",83.87
UpperChinamanHat1_F5,6,9,5.9662999999999755,0.6629222222222195,0.015399999999999636,2.014399999999995,5.238766509220442,3.58,5.88,"[0.6151, 0.0154, 2.0144, 0.0154, 0.0615, 0.0922, 1.9837, 0.1691, 0.9995]",83.87
UpperChinamanHat1_F5,7,23,9.39609999999999,0.4085260869565213,0.1384999999999934,3.6137999999999977,4.29867499757071,2.54,4.84,"[0.1692, 0.1385, 0.1846, 0.1845, 0.2615, 0.6766, 0.5536, 0.323, 0.1999, 0.2307, 0.1999, 0.1537, 0.1846, 0.1999, 0.2768, 0.2922, 0.2768, 0.2922, 0.246, 0.246, 0.246, 0.2461, 3.6138]",83.87
UpperChinamanHat1_F5,10,9,1.6454000000000306,0.18282222222222563,0.12300000000001887,0.24600000000000932,4.0381538800705465,2.4,5.47,"[0.1538, 0.2153, 0.2153, 0.1538, 0.246, 0.1845, 0.1384, 0.2153, 0.123]",83.87
UpperChinamanHat1_F5,12,7,1.507300000000015,0.21532857142857356,0.15380000000000393,0.30760000000000787,4.553658240568955,2.72,4.84,"[0.3076, 0.1538, 0.2153, 0.2461, 0.1846, 0.1692, 0.2307]",83.87
UpperChinamanHat1_F5,13,8,5.7664999999999935,0.7208124999999992,0.07679999999999154,2.9217999999999975,2.545,2.52,2.62,"[0.9073, 2.9218, 0.815, 0.0922, 0.0769, 0.1538, 0.0768, 0.7227]",83.87
UpperChinamanHat1_F5,14,62,25.88039999999998,0.4174258064516126,0.061499999999995225,6.350999999999999,2.404646408648348,2.32,2.7,"[0.6612, 0.4152, 0.815, 0.6766, 1.1533, 1.138, 1.0303, 1.0303, 0.2307, 0.1384, 0.1845, 0.1538, 0.2152, 0.1691, 0.1076, 0.1076, 0.0769, 0.1537, 0.1537, 0.1691, 0.1384, 0.1537, 0.2306, 0.1076, 0.1538, 0.1538, 0.0615, 0.0769, 0.1845, 0.0615, 0.1384, 0.1077, 0.1076, 0.123, 0.0923, 0.2153, 0.323, 0.1999, 0.2768, 6.351, 1.4609, 2.2605, 0.1077, 0.1231, 0.1384, 0.1077, 0.123, 0.123, 0.1384, 0.1999, 0.0769, 0.0923, 0.0923, 0.2307, 0.1845, 0.1846, 0.1384, 0.123, 0.1076, 0.0923, 0.3537, 1.384]",83.87
UpperChinamanHat1_F5,15,5,0.6765999999999934,0.1353199999999987,0.061500000000009436,0.2459999999999951,2.0260000000000002,1.75,2.18,"[0.246, 0.0769, 0.0769, 0.0615, 0.2153]",83.87
UpperVertigo2,2,1,0.4480000000000004,0.4480000000000004,0.4480000000000004,0.4480000000000004,5.482142857142857,2.61,5.64,[0.448],40.22
UpperVertigo2,4,8,3.0397999999999956,0.37997499999999945,0.17599999999999483,0.7839999999999989,5.349526091939788,4.05,5.53,"[0.1919, 0.176, 0.784, 0.5119, 0.496, 0.336, 0.368, 0.176]",40.22
UpperVertigo2,5,40,16.318399999999997,0.40795999999999993,0.06400000000000006,3.1357,5.19729770566205,4.0,5.64,"[3.1357, 0.064, 0.352, 0.208, 0.224, 0.7359, 0.112, 0.256, 0.3519, 0.288, 0.3839, 0.416, 0.064, 0.544, 0.592, 0.272, 0.416, 0.4959, 0.304, 0.096, 0.08, 0.5759, 0.5759, 0.064, 0.6559, 0.336, 0.6559, 0.4959, 0.176, 0.16, 0.368, 0.112, 0.1279, 0.7199, 0.32, 0.256, 0.2079, 0.624, 0.16, 0.3359]",40.22
UpperVertigo2,6,9,5.311400000000005,0.5901555555555561,0.19200000000000017,1.1839000000000013,5.407859041401908,4.99,5.73,"[0.8159, 0.208, 0.192, 0.2399, 0.6399, 1.1839, 0.384, 0.8959, 0.7519]",40.22
UpperVertigo2,7,1,0.3199000000000005,0.3199000000000005,0.3199000000000005,0.3199000000000005,5.0,4.85,5.14,[0.3199],40.22
UpperVertigo2,9,1,0.2240000000000002,0.2240000000000002,0.2240000000000002,0.2240000000000002,5.236428571428571,4.72,5.43,[0.224],40.22
UpperVertigo2,10,11,1.791899999999996,0.16289999999999963,0.03200000000000003,0.4159999999999968,5.24463702963703,4.02,5.57,"[0.256, 0.112, 0.2239, 0.208, 0.048, 0.224, 0.048, 0.032, 0.16, 0.064, 0.416]",40.22
UpperVertigo2,11,5,0.6559000000000008,0.13118000000000016,0.04800000000000182,0.2400000000000002,4.9154333333333335,4.23,5.2,"[0.24, 0.064, 0.096, 0.2079, 0.048]",40.22
UpperVertigo2,12,16,2.3515000000000117,0.14696875000000073,0.04800000000000182,0.41600000000000037,4.544093891708782,3.95,4.9,"[0.112, 0.112, 0.192, 0.224, 0.2719, 0.128, 0.064, 0.0799, 0.416, 0.0639, 0.08, 0.048, 0.0959, 0.16, 0.1759, 0.128]",40.22
UpperVertigo2,13,1,0.0799999999999983,0.0799999999999983,0.0799999999999983,0.0799999999999983,4.904000000000001,4.9,4.92,[0.08],40.22
UpperVertigo2,14,45,9.535199999999993,0.21189333333333316,0.03200000000000003,1.0879000000000048,4.090648567911435,3.87,4.48,"[0.08, 0.064, 0.048, 0.3039, 0.176, 0.192, 0.304, 0.4959, 0.56, 0.2879, 0.064, 0.048, 0.048, 0.064, 0.144, 0.112, 0.144, 0.24, 0.48, 0.3199, 0.08, 0.064, 0.7839, 0.032, 0.08, 0.256, 0.144, 0.064, 0.064, 0.16, 0.032, 0.064, 0.0799, 0.08, 0.08, 0.032, 0.096, 1.0879, 0.112, 0.496, 0.16, 0.192, 0.7519, 0.32, 0.048]",40.22
UpperVertigo2,15,1,0.14400000000000013,0.14400000000000013,0.14400000000000013,0.14400000000000013,3.9099999999999997,3.9,3.93,[0.144],40.22
Vertigo1,3,2,4.673199999999994,2.336599999999997,1.5043999999999897,3.1688000000000045,3.852177627337202,3.38,4.11,"[3.1688, 1.5044]",77.86
Vertigo1,4,4,1.3922999999999988,0.3480749999999997,0.08010000000000161,0.6721000000000004,3.7520558115719407,3.56,3.94,"[0.144, 0.4961, 0.0801, 0.6721]",77.86
Vertigo1,5,1,0.1599999999999966,0.1599999999999966,0.1599999999999966,0.1599999999999966,3.675,2.93,3.82,[0.16],77.86
Vertigo1,6,18,28.63140000000001,1.5906333333333338,0.1921000000000035,3.9529999999999994,3.7282700690424724,2.14,4.15,"[3.953, 1.1683, 0.7042, 0.5281, 3.0088, 0.5122, 2.5446, 0.6081, 0.1921, 2.3206, 0.2881, 0.6082, 1.4403, 2.0325, 3.4409, 1.5044, 1.8565, 1.9205]",77.86
Vertigo1,8,1,2.800700000000006,2.800700000000006,2.800700000000006,2.800700000000006,3.5118285714285715,2.89,3.64,[2.8007],77.86
Vertigo1,9,1,0.0799999999999983,0.0799999999999983,0.0799999999999983,0.0799999999999983,3.628,3.58,3.68,[0.08],77.86
Vertigo1,10,7,3.66490000000001,0.5235571428571443,0.06400000000000006,0.7361999999999966,3.6968094673779204,2.07,4.25,"[0.4001, 0.6882, 0.6242, 0.6241, 0.064, 0.7362, 0.5281]",77.86
Vertigo1,11,3,0.17599999999999483,0.058666666666664945,0.031999999999996476,0.11199999999999477,3.073571428571429,2.6,3.82,"[0.032, 0.032, 0.112]",77.86
Vertigo1,12,10,1.2003000000000128,0.12003000000000127,0.0799999999999983,0.14400000000000546,3.4146865079365076,2.34,3.9,"[0.1281, 0.144, 0.1121, 0.112, 0.08, 0.128, 0.144, 0.1121, 0.112, 0.128]",77.86
Vertigo1,13,14,5.5534999999999926,0.3966785714285709,0.06399999999999295,1.856499999999997,2.8646969126111985,2.05,3.7,"[0.064, 0.5281, 1.2163, 0.064, 0.0801, 0.208, 1.8565, 0.1441, 0.2721, 0.064, 0.4001, 0.16, 0.1601, 0.3361]",77.86
Vertigo1,14,50,23.093799999999987,0.46187599999999973,0.031999999999996476,2.256599999999999,2.801562041953908,2.32,2.99,"[0.3361, 0.272, 0.5601, 0.1921, 0.3041, 0.272, 1.0402, 0.2561, 0.2241, 0.7522, 1.1363, 0.4321, 0.9923, 1.1043, 0.8642, 0.2561, 1.7444, 0.08, 0.08, 0.8002, 1.4084, 0.8802, 0.208, 0.5122, 0.176, 2.2566, 0.7201, 1.1043, 0.8802, 0.3201, 0.1761, 0.6241, 0.032, 0.048, 0.4481, 0.4001, 0.1121, 0.08, 0.208, 0.1441, 0.064, 0.048, 0.064, 0.064, 0.032, 0.032, 0.032, 0.1921, 0.08, 0.0481]",77.86
Vertigo1,15,36,5.601699999999994,0.15560277777777762,0.015999999999998238,1.4564,2.8046367012617015,2.01,2.99,"[0.112, 0.1121, 0.3041, 0.3841, 0.08, 1.4564, 0.0801, 0.112, 0.128, 0.112, 0.048, 0.2081, 0.144, 0.128, 0.064, 0.1601, 0.112, 0.1121, 0.144, 0.2081, 0.112, 0.064, 0.1121, 0.064, 0.08, 0.08, 0.1281, 0.0801, 0.096, 0.064, 0.08, 0.08, 0.1281, 0.1441, 0.064, 0.016]",77.86
Vertigo1,16,1,0.8161999999999999,0.8161999999999999,0.8161999999999999,0.8161999999999999,2.110588235294118,2.11,2.14,[0.8162],77.86
Vertigo1,18,1,0.016000000000005343,0.016000000000005343,0.016000000000005343,0.016000000000005343,3.03,3.03,3.03,[0.016],77.86
W1a,1,1,0.20809999999999818,0.20809999999999818,0.20809999999999818,0.20809999999999818,4.29,4.29,4.29,[0.2081],32.07
W1a,2,3,0.19199999999999662,0.06399999999999888,0.031999999999996476,0.09600000000000009,2.6444444444444444,0.28,4.6,"[0.064, 0.096, 0.032]",32.07
W1a,4,6,6.897300000000001,1.1495500000000003,0.30410000000000004,2.9765999999999977,4.479517681499818,2.93,4.96,"[0.3041, 0.5921, 1.4722, 2.9766, 0.6722, 0.8801]",32.07
W1a,5,17,10.4822,0.6165999999999999,0.09609999999999985,1.2803000000000004,4.112670904677582,0.61,4.86,"[0.6561, 0.0961, 1.1042, 1.0882, 0.4641, 1.2162, 0.5121, 0.6081, 0.1601, 0.2561, 0.112, 1.1202, 1.2803, 0.4001, 0.1281, 0.32, 0.9602]",32.07
W1a,6,5,2.7203999999999997,0.5440799999999999,0.3200000000000003,1.0081999999999987,4.522439105339105,3.44,5.12,"[0.3361, 0.352, 1.0082, 0.7041, 0.32]",32.07
W1a,7,5,2.240400000000001,0.4480800000000002,0.19200000000000017,0.9121000000000006,3.8096377192982454,2.64,4.15,"[0.3201, 0.3041, 0.192, 0.5121, 0.9121]",32.07
W1a,10,10,5.457000000000001,0.5457000000000001,0.08000000000000007,1.2642000000000024,4.247206916258309,2.85,5.1,"[0.08, 0.5601, 0.2881, 0.144, 0.176, 0.9122, 1.2642, 0.5281, 0.4001, 1.1042]",32.07
W1a,11,1,0.09600000000000009,0.09600000000000009,0.09600000000000009,0.09600000000000009,4.27,4.23,4.29,[0.096],32.07
W1a,13,8,1.8884000000000005,0.23605000000000007,0.01609999999999978,0.5281000000000002,3.062048295454545,2.72,3.54,"[0.24, 0.3201, 0.08, 0.128, 0.0161, 0.192, 0.5281, 0.3841]",32.07
W1a,14,4,0.4159999999999986,0.10399999999999965,0.08000000000000007,0.1280000000000001,2.879267857142857,2.64,3.05,"[0.096, 0.08, 0.128, 0.112]",32.07
W1a,15,11,1.472200000000002,0.1338363636363638,0.016000000000000014,0.2881,2.8028988527812055,2.44,3.36,"[0.24, 0.24, 0.208, 0.2881, 0.064, 0.016, 0.2721, 0.064, 0.032, 0.016, 0.032]",32.07
W2a,1,1,1.7595,1.7595,1.7595,1.7595,4.100272727272727,3.99,4.12,[1.7595],35.27
W2a,4,6,12.524500000000003,2.0874166666666674,0.3999000000000006,9.037400000000002,4.449355640596349,3.16,4.83,"[0.6559, 0.3999, 0.3999, 9.0374, 1.1837, 0.8477]",35.27
W2a,5,17,14.779700000000002,0.869394117647059,0.14390000000000214,1.9193999999999996,4.121912713337227,2.64,4.79,"[0.2239, 0.2079, 0.5438, 1.9194, 0.208, 1.1996, 1.8075, 1.7435, 1.4396, 0.5119, 1.4236, 1.2957, 0.5599, 0.2719, 0.1919, 0.1439, 1.0877]",35.27
W2a,6,3,3.1351000000000013,1.0450333333333337,0.6557999999999993,1.775500000000001,4.315150116857434,4.22,4.48,"[0.7038, 0.6558, 1.7755]",35.27
W2a,10,3,1.3116000000000003,0.4372000000000001,0.17600000000000016,0.8316999999999997,4.661854680407312,3.63,5.11,"[0.3039, 0.176, 0.8317]",35.27
W2a,11,1,0.03190000000000026,0.03190000000000026,0.03190000000000026,0.03190000000000026,2.6,2.6,2.6,[0.0319],35.27
W2a,13,6,1.1038999999999968,0.1839833333333328,0.06400000000000006,0.4959,2.8425767409114187,2.68,3.16,"[0.256, 0.4959, 0.112, 0.064, 0.08, 0.096]",35.27
W2a,14,2,0.5598000000000001,0.27990000000000004,0.11190000000000033,0.44789999999999974,2.8525,2.7,2.98,"[0.4479, 0.1119]",35.27
W2a,15,1,0.06400000000000006,0.06400000000000006,0.06400000000000006,0.06400000000000006,2.6950000000000003,2.68,2.7,[0.064],35.27
W2b,1,2,1.3601000000000063,0.6800500000000032,0.14400000000000546,1.2161000000000008,4.182368421052632,3.76,4.49,"[1.2161, 0.144]",67.99000000000001
W2b,2,6,1.7124000000000024,0.2854000000000004,0.0800000000000054,0.6880999999999986,4.08339589652848,2.81,4.74,"[0.368, 0.08, 0.1601, 0.2881, 0.1281, 0.6881]",67.99000000000001
W2b,3,2,4.1764000000000046,2.0882000000000023,0.9601000000000006,3.216300000000004,4.432412935323383,4.31,4.49,"[0.9601, 3.2163]",67.99000000000001
W2b,4,17,9.312599999999996,0.5477999999999997,0.2079999999999984,1.2961000000000027,4.038151053241743,2.85,4.51,"[0.304, 0.432, 0.64, 0.528, 0.7041, 0.3681, 0.208, 1.2801, 0.5441, 0.288, 0.272, 0.6081, 0.288, 0.4, 1.2961, 0.432, 0.72]",67.99000000000001
W2b,5,25,27.634399999999996,1.105376,0.08010000000000161,3.3603000000000023,4.042957063232355,2.81,4.74,"[1.2481, 2.7523, 0.9761, 0.0801, 0.4641, 0.336, 1.5681, 1.6641, 0.8641, 0.208, 0.9921, 0.896, 0.272, 1.9842, 1.4721, 3.3603, 0.576, 0.7041, 0.464, 1.4721, 1.3121, 0.4, 0.4961, 0.5761, 2.4962]",67.99000000000001
W2b,6,17,10.912999999999995,0.6419411764705879,0.14409999999999812,2.400199999999998,4.127418089969812,3.01,4.64,"[0.8801, 0.368, 0.416, 1.3761, 0.1441, 0.9281, 0.2721, 0.768, 0.384, 2.4002, 0.256, 0.24, 0.3841, 0.432, 0.288, 0.4961, 0.8801]",67.99000000000001
W2b,10,16,5.56849999999999,0.34803124999999935,0.06400000000000006,1.0240999999999971,3.968713230214561,2.87,4.58,"[0.16, 0.432, 0.08, 0.112, 0.8961, 0.2081, 0.288, 0.176, 0.064, 0.16, 0.224, 0.544, 0.176, 1.0241, 0.3361, 0.6881]",67.99000000000001
W2b,11,2,0.7679999999999971,0.38399999999999856,0.2240000000000002,0.5439999999999969,4.329054621848739,3.23,5.43,"[0.224, 0.544]",67.99000000000001
W2b,12,5,0.9282000000000039,0.18564000000000078,0.11200000000000188,0.3841000000000001,3.4344238095238095,2.79,3.94,"[0.3841, 0.16, 0.112, 0.144, 0.1281]",67.99000000000001
W2b,13,1,0.015999999999998238,0.015999999999998238,0.015999999999998238,0.015999999999998238,2.79,2.79,2.79,[0.016],67.99000000000001
W2b,14,16,5.008400000000009,0.31302500000000055,0.03200000000000358,1.200099999999999,2.683098810372587,2.24,2.97,"[0.5441, 0.048, 0.048, 0.08, 0.128, 0.608, 0.4801, 0.032, 0.112, 0.08, 1.2001, 0.144, 0.9441, 0.256, 0.176, 0.128]",67.99000000000001
W2b,15,3,0.5920000000000059,0.19733333333333528,0.0799999999999983,0.3680000000000021,2.147777777777778,2.03,2.24,"[0.08, 0.368, 0.144]",67.99000000000001
W3a,1,2,0.8320999999999987,0.41604999999999936,0.27200000000000024,0.5600999999999985,4.861109243697479,2.77,5.25,"[0.5601, 0.272]",51.620000000000005
W3a,2,6,0.8800000000000043,0.1466666666666674,0.03200000000000358,0.27200000000000024,3.802304855275444,0.57,4.72,"[0.272, 0.24, 0.112, 0.16, 0.064, 0.032]",51.620000000000005
W3a,4,13,9.792400000000006,0.7532615384615389,0.1280000000000001,3.0082,4.297453095638887,2.6,4.8,"[1.1521, 0.288, 3.0082, 0.608, 0.352, 0.416, 0.288, 0.128, 0.176, 0.4, 0.368, 0.624, 1.9841]",51.620000000000005
W3a,5,42,25.746000000000016,0.6130000000000004,0.08010000000000161,4.128299999999999,3.8748578100477404,2.2,4.88,"[0.24, 0.432, 0.2721, 0.272, 0.3361, 0.2881, 0.608, 0.144, 0.4641, 0.688, 0.72, 0.192, 2.3362, 0.8801, 0.128, 0.7361, 0.128, 1.0401, 4.1283, 0.528, 0.096, 0.0801, 0.144, 0.16, 0.384, 0.384, 0.16, 0.144, 0.16, 0.096, 0.7841, 1.4881, 0.5281, 0.7521, 0.368, 0.208, 0.336, 0.24, 1.3921, 0.9921, 0.72, 1.5681]",51.620000000000005
W3a,6,8,3.2323999999999877,0.40404999999999847,0.16000000000000014,0.9920999999999935,3.9746951948730387,2.64,4.33,"[0.3201, 0.16, 0.1921, 0.5601, 0.192, 0.208, 0.9921, 0.608]",51.620000000000005
W3a,7,2,0.8001000000000005,0.40005000000000024,0.28800000000000026,0.5121000000000002,2.930902777777778,2.6,3.05,"[0.5121, 0.288]",51.620000000000005
W3a,10,12,4.352400000000008,0.3627000000000007,0.11200000000000188,0.9921000000000006,3.5456145394724174,2.16,4.55,"[0.304, 0.512, 0.176, 0.5121, 0.24, 0.288, 0.4641, 0.9921, 0.128, 0.112, 0.176, 0.4481]",51.620000000000005
W3a,13,18,3.3761999999999914,0.18756666666666622,0.03200000000000003,1.4240999999999957,2.6154189307017024,0.79,2.95,"[0.4801, 0.112, 0.048, 0.144, 0.048, 0.368, 0.08, 0.064, 0.128, 0.16, 0.048, 0.048, 0.048, 0.032, 0.032, 0.048, 0.064, 1.4241]",51.620000000000005
W3a,14,2,1.0240999999999971,0.5120499999999986,0.367999999999995,0.6561000000000021,3.404188759278897,3.36,3.46,"[0.368, 0.6561]",51.620000000000005
W3a,15,8,1.5842999999999918,0.19803749999999898,0.04800000000000182,0.4159999999999968,2.192771294677545,2.11,2.46,"[0.0961, 0.048, 0.384, 0.08, 0.416, 0.3521, 0.144, 0.0641]",51.620000000000005
W3b,1,1,0.6722999999999999,0.6722999999999999,0.6722999999999999,0.6722999999999999,4.719761904761905,4.55,4.8,[0.6723],54.834
W3b,2,6,3.841099999999992,0.640183333333332,0.17599999999999993,2.1286999999999985,4.481608666045123,2.93,4.88,"[0.176, 0.6562, 2.1287, 0.2081, 0.4801, 0.192]",54.834
W3b,3,1,0.1121000000000052,0.1121000000000052,0.1121000000000052,0.1121000000000052,4.651428571428572,4.62,4.68,[0.1121],54.834
W3b,4,14,10.659499999999989,0.7613928571428563,0.22409999999999997,2.1126999999999967,4.159316898531876,2.97,4.66,"[0.6722, 0.5922, 0.7042, 0.2241, 0.2721, 0.6722, 0.8163, 2.1127, 0.7522, 0.6562, 0.6242, 1.6485, 0.4962, 0.4162]",54.834
W3b,5,30,17.958000000000002,0.5986,0.09599999999999999,2.0487,3.915399804411749,0.43,4.53,"[0.096, 0.176, 0.1921, 1.1684, 0.2881, 0.1921, 0.8163, 1.3604, 1.2804, 0.5442, 0.8323, 0.096, 0.1921, 0.1761, 0.3201, 0.8803, 0.6082, 2.0487, 0.2241, 0.4321, 0.7683, 0.4801, 0.6403, 0.2241, 0.4161, 0.6562, 1.2804, 0.208, 0.8643, 0.4962]",54.834
W3b,6,12,13.444400000000012,1.1203666666666676,0.11200000000000188,4.097300000000001,4.1185236898857855,3.36,4.33,"[0.1281, 0.2721, 0.3361, 0.5282, 4.0973, 0.6082, 3.6972, 0.6722, 2.2248, 0.4161, 0.112, 0.3521]",54.834
W3b,7,1,0.032,0.032,0.032,0.032,4.38,4.37,4.39,[0.032],54.834
W3b,10,12,3.1209000000000016,0.2600750000000001,0.1120000000000001,0.5762,3.859467631497043,2.36,4.62,"[0.16, 0.2721, 0.192, 0.3521, 0.1121, 0.144, 0.1761, 0.5762, 0.112, 0.4001, 0.2241, 0.4001]",54.834
W3b,11,1,0.4321999999999999,0.4321999999999999,0.4321999999999999,0.4321999999999999,3.484814814814815,3.01,3.66,[0.4322],54.834
W3b,13,9,1.7284999999999986,0.1920555555555554,0.03200000000000358,0.6082000000000001,2.8442979671400725,2.36,3.33,"[0.3041, 0.6082, 0.16, 0.2241, 0.096, 0.096, 0.08, 0.1281, 0.032]",54.834
W3b,14,11,2.496900000000002,0.22699090909090927,0.08000000000000007,0.3841000000000001,2.6296671167448897,2.24,3.03,"[0.0961, 0.1441, 0.272, 0.2241, 0.08, 0.1761, 0.2721, 0.3681, 0.3841, 0.1121, 0.3681]",54.834
W3b,15,5,0.3361000000000003,0.06722000000000006,0.03200000000000003,0.1120000000000001,2.4407142857142854,2.28,2.68,"[0.0641, 0.064, 0.064, 0.112, 0.032]",54.834
W3c,1,1,0.5439000000000007,0.5439000000000007,0.5439000000000007,0.5439000000000007,4.996470588235294,3.83,5.31,[0.5439],52.03
W3c,2,6,2.7999999999999936,0.4666666666666656,0.27199999999999847,0.7039999999999971,4.3273482793722735,3.28,4.85,"[0.272, 0.304, 0.288, 0.624, 0.608, 0.704]",52.03
W3c,3,3,3.631800000000002,1.2106000000000006,0.7198999999999991,1.7600000000000016,4.596076599326599,4.32,5.09,"[1.1519, 1.76, 0.7199]",52.03
W3c,4,6,3.9518999999999913,0.6586499999999985,0.2079999999999984,1.6159,4.325922984239817,3.33,4.68,"[1.6159, 0.336, 0.72, 0.448, 0.624, 0.208]",52.03
W3c,5,31,26.239099999999993,0.8464225806451611,0.031999999999996476,3.2158000000000015,3.982716164866566,2.23,4.74,"[0.208, 1.392, 0.704, 0.8, 0.816, 0.768, 1.8879, 0.352, 0.8319, 0.288, 0.7359, 1.8239, 0.272, 0.384, 1.456, 1.8879, 0.4, 3.2158, 0.208, 1.696, 0.176, 0.032, 0.08, 0.992, 0.3999, 0.144, 0.192, 0.224, 0.32, 2.176, 1.3759]",52.03
W3c,6,3,1.0880000000000045,0.3626666666666682,0.09600000000000364,0.7519999999999989,4.197371158392436,3.89,4.4,"[0.752, 0.24, 0.096]",52.03
W3c,7,1,5.6318,5.6318,5.6318,5.6318,3.83,3.83,3.83,[5.6318],52.03
W3c,10,8,2.8478999999999957,0.35598749999999946,0.06400000000000006,1.024000000000001,3.8468716346876297,2.29,4.68,"[0.496, 0.208, 0.4799, 0.368, 0.064, 0.096, 1.024, 0.112]",52.03
W3c,12,2,0.959999999999999,0.4799999999999995,0.2400000000000001,0.7199999999999989,3.813888888888888,2.9,4.68,"[0.24, 0.72]",52.03
W3c,13,18,3.935600000000013,0.21864444444444514,0.031999999999996476,0.9279,2.6939817036411866,2.23,3.04,"[0.528, 0.9279, 0.208, 0.8319, 0.256, 0.3519, 0.048, 0.048, 0.032, 0.096, 0.032, 0.032, 0.032, 0.032, 0.08, 0.064, 0.2079, 0.128]",52.03
W3c,15,3,0.4000000000000071,0.13333333333333572,0.03200000000000358,0.33599999999999997,2.458888888888889,2.39,2.55,"[0.336, 0.032, 0.032]",52.03
WegerlandCreek,4,7,4.287100000000001,0.6124428571428572,0.11189999999999856,1.3597000000000001,5.072091861845953,3.94,5.57,"[0.7359, 0.4159, 0.8159, 0.304, 0.5438, 1.3597, 0.1119]",34.984
WegerlandCreek,5,12,17.0201,1.4183416666666666,0.2239,8.878,4.776438399411656,2.72,5.55,"[0.4639, 0.2239, 0.3519, 1.5516, 0.272, 0.4319, 8.878, 0.9758, 0.5759, 0.7038, 1.0718, 1.5196]",34.984
WegerlandCreek,6,9,5.7107000000000046,0.6345222222222228,0.1120000000000001,1.2796999999999983,4.7900804227448965,2.7,5.55,"[0.304, 0.112, 1.0397, 0.1439, 0.7199, 0.9597, 1.2797, 0.288, 0.8638]",34.984
WegerlandCreek,8,1,3.0713,3.0713,3.0713,3.0713,3.2807291666666667,3.27,3.29,[3.0713],34.984
WegerlandCreek,10,2,0.9757999999999996,0.4878999999999998,0.09600000000000009,0.8797999999999995,4.489787878787879,4.03,4.96,"[0.096, 0.8798]",34.984
WegerlandCreek,11,1,1.1196999999999995,1.1196999999999995,1.1196999999999995,1.1196999999999995,4.7137142857142855,3.23,4.98,[1.1197],34.984
WegerlandCreek,13,1,1.1997,1.1997,1.1997,1.1997,3.126,3.11,3.21,[1.1997],34.984
WegerlandCreek,14,9,1.5995999999999957,0.17773333333333285,0.031999999999996476,0.4639,2.9397500456121146,1.97,3.52,"[0.4639, 0.4479, 0.0959, 0.048, 0.3359, 0.064, 0.048, 0.032, 0.064]",34.984
WestBrushyMesa,1,3,0.3360999999999965,0.11203333333333217,0.031999999999996476,0.2721,3.546666666666667,3.31,3.71,"[0.2721, 0.032, 0.032]",103.12
WestBrushyMesa,2,4,3.681700000000003,0.9204250000000007,0.20809999999999818,1.6007000000000033,4.127835714285714,3.51,4.72,"[0.2081, 0.5283, 1.3446, 1.6007]",103.12
WestBrushyMesa,3,1,1.2165999999999997,1.2165999999999997,1.2165999999999997,1.2165999999999997,4.26,4.24,4.28,[1.2166],103.12
WestBrushyMesa,4,11,12.357899999999999,1.1234454545454544,0.22409999999999997,1.9208999999999996,3.840528052752386,3.39,4.38,"[0.2241, 1.4407, 0.6563, 1.9209, 1.3767, 0.9444, 0.3842, 1.7768, 1.0245, 0.8805, 1.7288]",103.12
WestBrushyMesa,5,52,32.04750000000002,0.6162980769230774,0.09609999999999275,2.209000000000003,3.7692057174996547,2.96,4.38,"[0.1921, 0.1441, 0.3201, 0.2722, 0.2401, 1.4567, 1.1526, 0.3041, 0.5283, 0.1921, 0.2881, 0.3522, 0.1441, 0.3522, 0.6563, 2.129, 0.1121, 0.2242, 0.1441, 0.3522, 0.2561, 0.7203, 0.3201, 0.5123, 1.0085, 1.5687, 1.1205, 1.4727, 0.2721, 0.9764, 0.6403, 0.3202, 2.209, 0.5763, 0.0961, 0.1121, 0.2722, 0.4002, 0.1441, 1.6328, 1.0885, 0.3522, 0.4162, 0.5442, 0.5442, 0.2881, 0.9605, 0.9765, 0.9925, 1.0725, 0.3361, 0.2881]",103.12
WestBrushyMesa,6,9,7.059100000000001,0.7843444444444445,0.22409999999999997,1.7608000000000033,3.9928093039131003,2.86,4.5,"[0.2241, 0.2561, 0.2881, 0.6883, 0.5123, 0.6082, 1.3926, 1.3286, 1.7608]",103.12
WestBrushyMesa,7,3,0.28820000000000046,0.09606666666666681,0.06400000000000006,0.12810000000000032,3.223333333333333,2.96,3.65,"[0.0961, 0.1281, 0.064]",103.12
WestBrushyMesa,8,2,0.41620000000000346,0.20810000000000173,0.20810000000000173,0.20810000000000173,3.5,3.47,3.53,"[0.2081, 0.2081]",103.12
WestBrushyMesa,10,25,8.14789999999999,0.3259159999999996,0.0799999999999983,1.0885000000000034,3.8618218346043363,2.86,4.5,"[0.3041, 0.4002, 0.4002, 0.5443, 0.1281, 0.2721, 0.2401, 1.0885, 0.1761, 0.5283, 0.0801, 0.1921, 0.1921, 0.128, 0.2401, 0.5282, 0.7203, 0.08, 0.0801, 0.0801, 0.1601, 0.4482, 0.176, 0.5603, 0.4002]",103.12
WestBrushyMesa,12,3,0.5601999999999911,0.1867333333333304,0.11199999999999832,0.2720999999999947,3.633333333333333,3.28,4.01,"[0.112, 0.2721, 0.1761]",103.12
WestBrushyMesa,14,50,36.031899999999986,0.7206379999999997,0.0479999999999996,5.1384,2.8334,2.8,2.86,"[5.1384, 0.064, 0.2561, 0.2401, 0.2561, 0.128, 0.048, 0.128, 0.9925, 0.192, 0.3362, 0.2081, 0.064, 0.08, 0.9764, 0.1441, 0.8964, 0.112, 1.8409, 0.1921, 1.8728, 0.4322, 3.6977, 1.4246, 0.7203, 0.096, 0.2081, 1.2966, 0.4962, 0.1921, 1.8889, 0.5923, 0.7524, 2.8653, 1.0885, 0.4162, 0.144, 0.1601, 0.096, 0.2401, 0.6883, 0.3682, 0.5442, 0.08, 0.9924, 0.176, 1.3286, 0.7043, 0.08, 0.0961]",103.12
WestBrushyMesa,15,7,0.7206000000000065,0.10294285714285807,0.016000000000000014,0.12810000000000343,2.9699999999999998,2.8,3.67,"[0.1281, 0.1121, 0.016, 0.1121, 0.1121, 0.1121, 0.1281]",103.12
WestBrushyMesa,16,1,0.2561,0.2561,0.2561,0.2561,3.04,3.04,3.04,[0.2561],103.12
